{
  "calculation_time": 39.020288884,
  "qmmbe": {
    "b_formation_time": 2.633713327,
    "b_tflops": 5.59130753108271,
    "diag_time": 7.054387204999999,
    "expanded_elec_energy": -5924.168132006674,
    "expanded_hf_energy": -1691.5924288232522,
    "expanded_nuc_repulsion_energy": 4481.009732698704,
    "expanded_xc_energy": -248.43402951528293,
    "homo": -0.16898358546351838,
    "lumo": -0.10681686091590985,
    "method": "RestrictedKSDFT",
    "mp2_tflops": 0.0,
    "mp2_time": 6.9533558049781e-310,
    "n_atoms": 68,
    "nmers": [
      [
        {
          "fragments": [
            0
          ],
          "hf_energy": -1691.5924288232522,
          "num_basis_fns": 1508,
          "num_iters": 18,
          "schema_version": "0.2.0"
        }
      ]
    ],
    "num_iters": 18,
    "ri_fock_time": 4.880202112,
    "ri_tflops": 0.12427058677359959,
    "scf_tflops": 0.04321732753627821,
    "scf_time": 38.787652436,
    "schema_version": "0.2.0",
    "tflops": 0.41696894104064636,
    "total_time": 39.015833,
    "transforms_time": 0.14315120400000003,
    "xc_tflops": 0.0,
    "xc_time": 25.344694118000003
  },
  "schema_version": "0.2.0"
}
