{
  "calculation_time": 42.081974304,
  "qmmbe": {
    "b_formation_time": 2.406610109,
    "b_tflops": 4.503291779265107,
    "diag_time": 7.007830684999999,
    "expanded_elec_energy": -5212.704882147826,
    "expanded_hf_energy": -1537.9165852147476,
    "expanded_nuc_repulsion_energy": 3900.6922399281125,
    "expanded_xc_energy": -225.90394299503447,
    "homo": -0.16276663428702823,
    "lumo": -0.11430953774107008,
    "method": "RestrictedKSDFT",
    "mp2_tflops": 0.0,
    "mp2_time": 6.95335580498286e-310,
    "n_atoms": 62,
    "nmers": [
      [
        {
          "fragments": [
            0
          ],
          "hf_energy": -1537.9165852147476,
          "num_basis_fns": 1372,
          "num_iters": 18,
          "schema_version": "0.2.0"
        }
      ]
    ],
    "num_iters": 18,
    "ri_fock_time": 5.346232883,
    "ri_tflops": 0.08543242760942032,
    "scf_tflops": 0.02994334034855259,
    "scf_time": 41.87811927,
    "schema_version": "0.2.0",
    "tflops": 0.2852084202776999,
    "total_time": 42.077735,
    "transforms_time": 0.22363875299999988,
    "xc_tflops": 0.0,
    "xc_time": 28.544090294999997
  },
  "schema_version": "0.2.0"
}
