{
  "calculation_time": 43.716669264,
  "qmmbe": {
    "b_formation_time": 2.875376501,
    "b_tflops": 5.460505482357353,
    "diag_time": 7.977929072000001,
    "expanded_elec_energy": -6081.353740247987,
    "expanded_hf_energy": -1691.562647862317,
    "expanded_nuc_repulsion_energy": 4638.237941895692,
    "expanded_xc_energy": -248.44684951002165,
    "homo": -0.17775028727404052,
    "lumo": -0.09564235764337979,
    "method": "RestrictedKSDFT",
    "mp2_tflops": 0.0,
    "mp2_time": 6.9533558049781e-310,
    "n_atoms": 68,
    "nmers": [
      [
        {
          "fragments": [
            0
          ],
          "hf_energy": -1691.562647862317,
          "num_basis_fns": 1508,
          "num_iters": 17,
          "schema_version": "0.2.0"
        }
      ]
    ],
    "num_iters": 17,
    "ri_fock_time": 5.154897617,
    "ri_tflops": 0.11111240035477896,
    "scf_tflops": 0.03653826881794732,
    "scf_time": 43.461576052,
    "schema_version": "0.2.0",
    "tflops": 0.39251432189203705,
    "total_time": 43.712211,
    "transforms_time": 0.09938121199999997,
    "xc_tflops": 0.0,
    "xc_time": 27.992418707
  },
  "schema_version": "0.2.0"
}
