{
  "calculation_time": 20.734537725,
  "qmmbe": {
    "b_formation_time": 1.764776135,
    "b_tflops": 2.856496408940843,
    "diag_time": 3.71059159,
    "expanded_elec_energy": -3790.3464387253516,
    "expanded_hf_energy": -1230.5929593001408,
    "expanded_nuc_repulsion_energy": 2740.624281609484,
    "expanded_xc_energy": -180.87080218427337,
    "homo": -0.17937745989179082,
    "lumo": -0.09653345682821655,
    "method": "RestrictedKSDFT",
    "mp2_tflops": 0.0,
    "mp2_time": 6.95335580497496e-310,
    "n_atoms": 50,
    "nmers": [
      [
        {
          "fragments": [
            0
          ],
          "hf_energy": -1230.5929593001408,
          "num_basis_fns": 1100,
          "num_iters": 17,
          "schema_version": "0.2.0"
        }
      ]
    ],
    "num_iters": 17,
    "ri_fock_time": 1.7085342170000002,
    "ri_tflops": 0.13012356310333115,
    "scf_tflops": 0.030664484463866364,
    "scf_time": 20.587704244,
    "schema_version": "0.2.0",
    "tflops": 0.27057480312556637,
    "total_time": 20.731223,
    "transforms_time": 0.077825411,
    "xc_tflops": 0.0,
    "xc_time": 13.560112238000004
  },
  "schema_version": "0.2.0"
}
