{
  "calculation_time": 23.903039685,
  "qmmbe": {
    "b_formation_time": 1.994787361,
    "b_tflops": 3.3574376780623685,
    "diag_time": 3.6456505339999996,
    "expanded_elec_energy": -4280.961829465355,
    "expanded_hf_energy": -1305.668480025445,
    "expanded_nuc_repulsion_energy": 3166.373400723163,
    "expanded_xc_energy": -191.08005128325317,
    "homo": -0.1677675707447053,
    "lumo": -0.10578962248475454,
    "method": "RestrictedKSDFT",
    "mp2_tflops": 0.0,
    "mp2_time": 6.95335580497496e-310,
    "n_atoms": 50,
    "nmers": [
      [
        {
          "fragments": [
            0
          ],
          "hf_energy": -1305.668480025445,
          "num_basis_fns": 1150,
          "num_iters": 18,
          "schema_version": "0.2.0"
        }
      ]
    ],
    "num_iters": 18,
    "ri_fock_time": 2.309545377,
    "ri_tflops": 0.1164303947772142,
    "scf_tflops": 0.03230627548224974,
    "scf_time": 23.726959014,
    "schema_version": "0.2.0",
    "tflops": 0.3089802148894529,
    "total_time": 23.899539,
    "transforms_time": 0.24833376,
    "xc_tflops": 0.0,
    "xc_time": 15.640771889000002
  },
  "schema_version": "0.2.0"
}
