{
  "calculation_time": 37.669096728,
  "qmmbe": {
    "b_formation_time": 3.063994884,
    "b_tflops": 4.916692542592379,
    "diag_time": 7.5845916209999995,
    "expanded_elec_energy": -5982.72310847902,
    "expanded_hf_energy": -1691.6057941874149,
    "expanded_nuc_repulsion_energy": 4539.562028052079,
    "expanded_xc_energy": -248.44471376047366,
    "homo": -0.173123790913356,
    "lumo": -0.10231775704001814,
    "method": "RestrictedKSDFT",
    "mp2_tflops": 0.0,
    "mp2_time": 6.95335580497654e-310,
    "n_atoms": 68,
    "nmers": [
      [
        {
          "fragments": [
            0
          ],
          "hf_energy": -1691.6057941874149,
          "num_basis_fns": 1508,
          "num_iters": 17,
          "schema_version": "0.2.0"
        }
      ]
    ],
    "num_iters": 17,
    "ri_fock_time": 4.651560708,
    "ri_tflops": 0.12313567074872626,
    "scf_tflops": 0.04309611461389664,
    "scf_time": 37.430871824,
    "schema_version": "0.2.0",
    "tflops": 0.43864706213954857,
    "total_time": 37.664407,
    "transforms_time": 0.22312518500000006,
    "xc_tflops": 0.0,
    "xc_time": 23.207613982
  },
  "schema_version": "0.2.0"
}
