{
  "calculation_time": 30.447591653,
  "qmmbe": {
    "b_formation_time": 2.592686822,
    "b_tflops": 6.54545718234842,
    "diag_time": 5.859114488999999,
    "expanded_elec_energy": -6253.417627779716,
    "expanded_hf_energy": -1691.577920299186,
    "expanded_nuc_repulsion_energy": 4810.28976407979,
    "expanded_xc_energy": -248.45005659926,
    "homo": -0.17011284203089141,
    "lumo": -0.10265901535660292,
    "method": "RestrictedKSDFT",
    "mp2_tflops": 0.0,
    "mp2_time": 6.95335580497654e-310,
    "n_atoms": 68,
    "nmers": [
      [
        {
          "fragments": [
            0
          ],
          "hf_energy": -1691.577920299186,
          "num_basis_fns": 1508,
          "num_iters": 17,
          "schema_version": "0.2.0"
        }
      ]
    ],
    "num_iters": 17,
    "ri_fock_time": 3.2243248740000006,
    "ri_tflops": 0.17764123349562944,
    "scf_tflops": 0.05348019659073541,
    "scf_time": 30.19247661,
    "schema_version": "0.2.0",
    "tflops": 0.605293673270672,
    "total_time": 30.443044,
    "transforms_time": 0.183305834,
    "xc_tflops": 0.0,
    "xc_time": 18.65363681
  },
  "schema_version": "0.2.0"
}
