{
  "calculation_time": 33.269740326,
  "qmmbe": {
    "b_formation_time": 2.582245376,
    "b_tflops": 4.262842592539122,
    "diag_time": 5.294049769000001,
    "expanded_elec_energy": -5261.0299953994345,
    "expanded_hf_energy": -1536.7642132884823,
    "expanded_nuc_repulsion_energy": 3949.4771660280753,
    "expanded_xc_energy": -225.21138391712316,
    "homo": -0.16895803435224913,
    "lumo": -0.10655156038847172,
    "method": "RestrictedKSDFT",
    "mp2_tflops": 0.0,
    "mp2_time": 6.95335580497496e-310,
    "n_atoms": 60,
    "nmers": [
      [
        {
          "fragments": [
            0
          ],
          "hf_energy": -1536.7642132884823,
          "num_basis_fns": 1360,
          "num_iters": 17,
          "schema_version": "0.2.0"
        }
      ]
    ],
    "num_iters": 17,
    "ri_fock_time": 3.9782190680000005,
    "ri_tflops": 0.10559527889729575,
    "scf_tflops": 0.03564971131054228,
    "scf_time": 33.072592015,
    "schema_version": "0.2.0",
    "tflops": 0.3630724911124219,
    "total_time": 33.265703,
    "transforms_time": 0.21172001899999993,
    "xc_tflops": 0.0,
    "xc_time": 22.160354919
  },
  "schema_version": "0.2.0"
}
