{
  "calculation_time": 30.203731796,
  "qmmbe": {
    "b_formation_time": 2.319840045,
    "b_tflops": 5.168986811504066,
    "diag_time": 5.762098373000001,
    "expanded_elec_energy": -5457.01755669313,
    "expanded_hf_energy": -1614.1978125245298,
    "expanded_nuc_repulsion_energy": 4079.643415880946,
    "expanded_xc_energy": -236.82367171234574,
    "homo": -0.16798093195476965,
    "lumo": -0.10884277514799316,
    "method": "RestrictedKSDFT",
    "mp2_tflops": 0.0,
    "mp2_time": 6.9533558049781e-310,
    "n_atoms": 64,
    "nmers": [
      [
        {
          "fragments": [
            0
          ],
          "hf_energy": -1614.1978125245298,
          "num_basis_fns": 1434,
          "num_iters": 17,
          "schema_version": "0.2.0"
        }
      ]
    ],
    "num_iters": 17,
    "ri_fock_time": 2.770759408999999,
    "ri_tflops": 0.17774514632208552,
    "scf_tflops": 0.04598137514223049,
    "scf_time": 29.985860016,
    "schema_version": "0.2.0",
    "tflops": 0.4385739963787475,
    "total_time": 30.199499,
    "transforms_time": 0.09853556299999999,
    "xc_tflops": 0.0,
    "xc_time": 19.095762104
  },
  "schema_version": "0.2.0"
}
