{
  "calculation_time": 27.015430025,
  "qmmbe": {
    "b_formation_time": 1.925649097,
    "b_tflops": 4.8402479419229305,
    "diag_time": 4.533856083999999,
    "expanded_elec_energy": -4918.5857700304305,
    "expanded_hf_energy": -1459.3570335061875,
    "expanded_nuc_repulsion_energy": 3672.836140928551,
    "expanded_xc_energy": -213.6074044043077,
    "homo": -0.1789334568871813,
    "lumo": -0.09750054607127864,
    "method": "RestrictedKSDFT",
    "mp2_tflops": 0.0,
    "mp2_time": 6.95335580497496e-310,
    "n_atoms": 56,
    "nmers": [
      [
        {
          "fragments": [
            0
          ],
          "hf_energy": -1459.3570335061875,
          "num_basis_fns": 1286,
          "num_iters": 17,
          "schema_version": "0.2.0"
        }
      ]
    ],
    "num_iters": 17,
    "ri_fock_time": 2.669439707,
    "ri_tflops": 0.1330401909032516,
    "scf_tflops": 0.03703304423763342,
    "scf_time": 26.810387579,
    "schema_version": "0.2.0",
    "tflops": 0.3785892157836522,
    "total_time": 27.011471,
    "transforms_time": 0.1689363489999999,
    "xc_tflops": 0.0,
    "xc_time": 17.770419884
  },
  "schema_version": "0.2.0"
}
