{
  "calculation_time": 41.840030972,
  "qmmbe": {
    "b_formation_time": 2.756548444,
    "b_tflops": 4.990569824982187,
    "diag_time": 8.547449868000001,
    "expanded_elec_energy": -5751.167176110262,
    "expanded_hf_energy": -1691.603211144275,
    "expanded_nuc_repulsion_energy": 4307.994819198298,
    "expanded_xc_energy": -248.430854232311,
    "homo": -0.1620053211190429,
    "lumo": -0.11479381330541458,
    "method": "RestrictedKSDFT",
    "mp2_tflops": 0.0,
    "mp2_time": 6.95335580497654e-310,
    "n_atoms": 68,
    "nmers": [
      [
        {
          "fragments": [
            0
          ],
          "hf_energy": -1691.603211144275,
          "num_basis_fns": 1508,
          "num_iters": 18,
          "schema_version": "0.2.0"
        }
      ]
    ],
    "num_iters": 18,
    "ri_fock_time": 4.0723393770000005,
    "ri_tflops": 0.1489231431587535,
    "scf_tflops": 0.0402595320470185,
    "scf_time": 41.626636236,
    "schema_version": "0.2.0",
    "tflops": 0.3656983250189534,
    "total_time": 41.835675,
    "transforms_time": 0.34610903800000004,
    "xc_tflops": 0.0,
    "xc_time": 26.428065838999995
  },
  "schema_version": "0.2.0"
}
