{
  "calculation_time": 28.614054488,
  "qmmbe": {
    "b_formation_time": 2.413254565,
    "b_tflops": 4.603492803420845,
    "diag_time": 4.9356409900000004,
    "expanded_elec_energy": -5280.141420485955,
    "expanded_hf_energy": -1536.768145065597,
    "expanded_nuc_repulsion_energy": 3968.594148305492,
    "expanded_xc_energy": -225.2208728851345,
    "homo": -0.1741930847260274,
    "lumo": -0.10061061081476394,
    "method": "RestrictedKSDFT",
    "mp2_tflops": 0.0,
    "mp2_time": 6.95335580497496e-310,
    "n_atoms": 60,
    "nmers": [
      [
        {
          "fragments": [
            0
          ],
          "hf_energy": -1536.768145065597,
          "num_basis_fns": 1360,
          "num_iters": 17,
          "schema_version": "0.2.0"
        }
      ]
    ],
    "num_iters": 17,
    "ri_fock_time": 3.3573456979999996,
    "ri_tflops": 0.12512299589829134,
    "scf_tflops": 0.04190210405763966,
    "scf_time": 28.402118945,
    "schema_version": "0.2.0",
    "tflops": 0.4257101065466227,
    "total_time": 28.609979,
    "transforms_time": 0.13677564199999998,
    "xc_tflops": 0.0,
    "xc_time": 18.170612072
  },
  "schema_version": "0.2.0"
}
