{
  "calculation_time": 46.125139006,
  "qmmbe": {
    "b_formation_time": 2.956880929,
    "b_tflops": 6.73763023731146,
    "diag_time": 8.039985246,
    "expanded_elec_energy": -6663.26503215002,
    "expanded_hf_energy": -1691.554356118757,
    "expanded_nuc_repulsion_energy": 5220.17869787838,
    "expanded_xc_energy": -248.46802184711754,
    "homo": -0.16238011222644105,
    "lumo": -0.10745208479762729,
    "method": "RestrictedKSDFT",
    "mp2_tflops": 0.0,
    "mp2_time": 6.95335580497654e-310,
    "n_atoms": 68,
    "nmers": [
      [
        {
          "fragments": [
            0
          ],
          "hf_energy": -1691.554356118757,
          "num_basis_fns": 1508,
          "num_iters": 19,
          "schema_version": "0.2.0"
        }
      ]
    ],
    "num_iters": 19,
    "ri_fock_time": 5.083325675,
    "ri_tflops": 0.12593293311981235,
    "scf_tflops": 0.03855998673023725,
    "scf_time": 45.834439794,
    "schema_version": "0.2.0",
    "tflops": 0.46726849537604304,
    "total_time": 46.120566,
    "transforms_time": 0.9359678929999998,
    "xc_tflops": 0.0,
    "xc_time": 30.300155225
  },
  "schema_version": "0.2.0"
}
