{
  "calculation_time": 42.473882327,
  "qmmbe": {
    "b_formation_time": 4.792056892,
    "b_tflops": 3.3059657737502506,
    "diag_time": 7.752407639,
    "expanded_elec_energy": -6104.585480449929,
    "expanded_hf_energy": -1691.597417857619,
    "expanded_nuc_repulsion_energy": 4661.433687733829,
    "expanded_xc_energy": -248.4456251415196,
    "homo": -0.17938826098349037,
    "lumo": -0.09507184896507574,
    "method": "RestrictedKSDFT",
    "mp2_tflops": 0.0,
    "mp2_time": 6.95335580497654e-310,
    "n_atoms": 68,
    "nmers": [
      [
        {
          "fragments": [
            0
          ],
          "hf_energy": -1691.597417857619,
          "num_basis_fns": 1508,
          "num_iters": 17,
          "schema_version": "0.2.0"
        }
      ]
    ],
    "num_iters": 17,
    "ri_fock_time": 4.477129608000001,
    "ri_tflops": 0.127933095076036,
    "scf_tflops": 0.04172011423243472,
    "scf_time": 40.546413405,
    "schema_version": "0.2.0",
    "tflops": 0.41851979863434446,
    "total_time": 40.793234,
    "transforms_time": 0.4623935370000001,
    "xc_tflops": 0.0,
    "xc_time": 24.139559636
  },
  "schema_version": "0.2.0"
}
