{
  "calculation_time": 29.110968377,
  "qmmbe": {
    "b_formation_time": 2.400233855,
    "b_tflops": 5.441071526355918,
    "diag_time": 5.282775242,
    "expanded_elec_energy": -5635.325895431997,
    "expanded_hf_energy": -1614.1727988122627,
    "expanded_nuc_repulsion_energy": 4257.982725151233,
    "expanded_xc_energy": -236.82962853149883,
    "homo": -0.17185743895228206,
    "lumo": -0.10412553457107195,
    "method": "RestrictedKSDFT",
    "mp2_tflops": 0.0,
    "mp2_time": 6.9533558049781e-310,
    "n_atoms": 64,
    "nmers": [
      [
        {
          "fragments": [
            0
          ],
          "hf_energy": -1614.1727988122627,
          "num_basis_fns": 1434,
          "num_iters": 17,
          "schema_version": "0.2.0"
        }
      ]
    ],
    "num_iters": 17,
    "ri_fock_time": 2.958148047,
    "ri_tflops": 0.16648559461905796,
    "scf_tflops": 0.04833311823077356,
    "scf_time": 28.887314516,
    "schema_version": "0.2.0",
    "tflops": 0.49175425234733894,
    "total_time": 29.106687,
    "transforms_time": 0.135826958,
    "xc_tflops": 0.0,
    "xc_time": 17.912057417
  },
  "schema_version": "0.2.0"
}
