{
  "calculation_time": 40.408824366,
  "qmmbe": {
    "b_formation_time": 2.888916595,
    "b_tflops": 4.591459798880071,
    "diag_time": 7.63521053,
    "expanded_elec_energy": -5666.7258842715655,
    "expanded_hf_energy": -1614.1609351408438,
    "expanded_nuc_repulsion_energy": 4289.387353653442,
    "expanded_xc_energy": -236.8224045227202,
    "homo": -0.16803316490009693,
    "lumo": -0.1080407109704126,
    "method": "RestrictedKSDFT",
    "mp2_tflops": 0.0,
    "mp2_time": 6.9533558049781e-310,
    "n_atoms": 64,
    "nmers": [
      [
        {
          "fragments": [
            0
          ],
          "hf_energy": -1614.1609351408438,
          "num_basis_fns": 1434,
          "num_iters": 18,
          "schema_version": "0.2.0"
        }
      ]
    ],
    "num_iters": 18,
    "ri_fock_time": 4.028113413,
    "ri_tflops": 0.1294548902771919,
    "scf_tflops": 0.036173471098664305,
    "scf_time": 40.164649251,
    "schema_version": "0.2.0",
    "tflops": 0.36113959608213686,
    "total_time": 40.40458,
    "transforms_time": 0.224938177,
    "xc_tflops": 0.0,
    "xc_time": 25.608747814
  },
  "schema_version": "0.2.0"
}
