{
  "calculation_time": 34.70506212,
  "qmmbe": {
    "b_formation_time": 2.560429197,
    "b_tflops": 5.025204944258414,
    "diag_time": 6.7232946679999985,
    "expanded_elec_energy": -5616.080291290584,
    "expanded_hf_energy": -1614.1734505773134,
    "expanded_nuc_repulsion_energy": 4238.729601695702,
    "expanded_xc_energy": -236.82276098243116,
    "homo": -0.16801730062667122,
    "lumo": -0.1072614503443292,
    "method": "RestrictedKSDFT",
    "mp2_tflops": 0.0,
    "mp2_time": 6.9533558049781e-310,
    "n_atoms": 64,
    "nmers": [
      [
        {
          "fragments": [
            0
          ],
          "hf_energy": -1614.1734505773134,
          "num_basis_fns": 1434,
          "num_iters": 18,
          "schema_version": "0.2.0"
        }
      ]
    ],
    "num_iters": 18,
    "ri_fock_time": 3.2618679369999994,
    "ri_tflops": 0.15986514168430607,
    "scf_tflops": 0.04222288998005159,
    "scf_time": 34.469233998,
    "schema_version": "0.2.0",
    "tflops": 0.40904252743720426,
    "total_time": 34.700623,
    "transforms_time": 0.14047829599999992,
    "xc_tflops": 0.0,
    "xc_time": 21.692569799
  },
  "schema_version": "0.2.0"
}
