{
  "calculation_time": 31.209419413,
  "qmmbe": {
    "b_formation_time": 2.229108556,
    "b_tflops": 5.126712717061592,
    "diag_time": 5.575771693000001,
    "expanded_elec_energy": -5303.057932993124,
    "expanded_hf_energy": -1537.912705269447,
    "expanded_nuc_repulsion_energy": 3991.0598693700967,
    "expanded_xc_energy": -225.91464164641945,
    "homo": -0.1684284153300951,
    "lumo": -0.10682281590813043,
    "method": "RestrictedKSDFT",
    "mp2_tflops": 0.0,
    "mp2_time": 6.95335580498286e-310,
    "n_atoms": 62,
    "nmers": [
      [
        {
          "fragments": [
            0
          ],
          "hf_energy": -1537.912705269447,
          "num_basis_fns": 1372,
          "num_iters": 17,
          "schema_version": "0.2.0"
        }
      ]
    ],
    "num_iters": 17,
    "ri_fock_time": 3.1744743639999995,
    "ri_tflops": 0.1358861556205656,
    "scf_tflops": 0.03874516259953181,
    "scf_time": 30.991623796,
    "schema_version": "0.2.0",
    "tflops": 0.40142249074048175,
    "total_time": 31.205352,
    "transforms_time": 0.13914527499999998,
    "xc_tflops": 0.0,
    "xc_time": 19.828161323000003
  },
  "schema_version": "0.2.0"
}
