{
  "calculation_time": 35.073695176,
  "qmmbe": {
    "b_formation_time": 2.496083433,
    "b_tflops": 5.253314782064018,
    "diag_time": 5.752524103,
    "expanded_elec_energy": -5653.790800918692,
    "expanded_hf_energy": -1614.1762201729518,
    "expanded_nuc_repulsion_energy": 4276.439563244553,
    "expanded_xc_energy": -236.82498249881274,
    "homo": -0.16403705342325686,
    "lumo": -0.11387153795480451,
    "method": "RestrictedKSDFT",
    "mp2_tflops": 0.0,
    "mp2_time": 6.95335580497654e-310,
    "n_atoms": 64,
    "nmers": [
      [
        {
          "fragments": [
            0
          ],
          "hf_energy": -1614.1762201729518,
          "num_basis_fns": 1434,
          "num_iters": 18,
          "schema_version": "0.2.0"
        }
      ]
    ],
    "num_iters": 18,
    "ri_fock_time": 4.018137051,
    "ri_tflops": 0.1297763051099075,
    "scf_tflops": 0.04196253046531055,
    "scf_time": 34.838754371,
    "schema_version": "0.2.0",
    "tflops": 0.4117576230190378,
    "total_time": 35.069323,
    "transforms_time": 0.18759817300000003,
    "xc_tflops": 0.0,
    "xc_time": 22.947291381000003
  },
  "schema_version": "0.2.0"
}
