{
  "calculation_time": 41.247222851,
  "qmmbe": {
    "b_formation_time": 2.942778228,
    "b_tflops": 4.744531057477975,
    "diag_time": 8.47596928,
    "expanded_elec_energy": -5789.64135853808,
    "expanded_hf_energy": -1691.6039842527714,
    "expanded_nuc_repulsion_energy": 4346.4731737675875,
    "expanded_xc_energy": -248.43579948227926,
    "homo": -0.16782523087962237,
    "lumo": -0.10944042295906359,
    "method": "RestrictedKSDFT",
    "mp2_tflops": 0.0,
    "mp2_time": 6.95335580497654e-310,
    "n_atoms": 68,
    "nmers": [
      [
        {
          "fragments": [
            0
          ],
          "hf_energy": -1691.6039842527714,
          "num_basis_fns": 1508,
          "num_iters": 18,
          "schema_version": "0.2.0"
        }
      ]
    ],
    "num_iters": 18,
    "ri_fock_time": 4.193150936,
    "ri_tflops": 0.14463242303663165,
    "scf_tflops": 0.04114001712998094,
    "scf_time": 41.028336593,
    "schema_version": "0.2.0",
    "tflops": 0.37593557874762645,
    "total_time": 41.242681,
    "transforms_time": 0.6334985799999999,
    "xc_tflops": 0.0,
    "xc_time": 25.840574818
  },
  "schema_version": "0.2.0"
}
