{
  "calculation_time": 43.635609198,
  "qmmbe": {
    "b_formation_time": 5.16337768,
    "b_tflops": 2.8969321386135753,
    "diag_time": 8.720438641000001,
    "expanded_elec_energy": -5979.48442267248,
    "expanded_hf_energy": -1691.5880571752252,
    "expanded_nuc_repulsion_energy": 4536.328225528552,
    "expanded_xc_energy": -248.43186003129736,
    "homo": -0.16946721584368285,
    "lumo": -0.10686009644891438,
    "method": "RestrictedKSDFT",
    "mp2_tflops": 0.0,
    "mp2_time": 6.95335580497654e-310,
    "n_atoms": 68,
    "nmers": [
      [
        {
          "fragments": [
            0
          ],
          "hf_energy": -1691.5880571752252,
          "num_basis_fns": 1508,
          "num_iters": 18,
          "schema_version": "0.2.0"
        }
      ]
    ],
    "num_iters": 18,
    "ri_fock_time": 4.623788037,
    "ri_tflops": 0.1311620634810687,
    "scf_tflops": 0.04305560141323973,
    "scf_time": 41.727349046,
    "schema_version": "0.2.0",
    "tflops": 0.3881147412851288,
    "total_time": 41.960659,
    "transforms_time": 0.6779892739999999,
    "xc_tflops": 0.0,
    "xc_time": 23.608901975000002
  },
  "schema_version": "0.2.0"
}
