{
  "calculation_time": 41.578171317,
  "qmmbe": {
    "b_formation_time": 2.82001986,
    "b_tflops": 5.04105228781332,
    "diag_time": 6.8758700930000005,
    "expanded_elec_energy": -5822.689312791817,
    "expanded_hf_energy": -1614.1671790291207,
    "expanded_nuc_repulsion_energy": 4445.3568507785885,
    "expanded_xc_energy": -236.8347170158917,
    "homo": -0.17000231246205788,
    "lumo": -0.10664860115481804,
    "method": "RestrictedKSDFT",
    "mp2_tflops": 0.0,
    "mp2_time": 6.9533558049781e-310,
    "n_atoms": 64,
    "nmers": [
      [
        {
          "fragments": [
            0
          ],
          "hf_energy": -1614.1671790291207,
          "num_basis_fns": 1434,
          "num_iters": 18,
          "schema_version": "0.2.0"
        }
      ]
    ],
    "num_iters": 18,
    "ri_fock_time": 4.5542282599999995,
    "ri_tflops": 0.11449996577554065,
    "scf_tflops": 0.03492512269435971,
    "scf_time": 41.344513996,
    "schema_version": "0.2.0",
    "tflops": 0.37386923838655156,
    "total_time": 41.573939,
    "transforms_time": 0.33745818799999994,
    "xc_tflops": 0.0,
    "xc_time": 26.941384368999998
  },
  "schema_version": "0.2.0"
}
