{
  "calculation_time": 22.610237942,
  "qmmbe": {
    "b_formation_time": 1.901731251,
    "b_tflops": 4.079798993444632,
    "diag_time": 3.7118300439999996,
    "expanded_elec_energy": -4523.736185976819,
    "expanded_hf_energy": -1384.2506327738074,
    "expanded_nuc_repulsion_energy": 3342.883232069423,
    "expanded_xc_energy": -203.39767886641124,
    "homo": -0.1750796622591518,
    "lumo": -0.09970499043229458,
    "method": "RestrictedKSDFT",
    "mp2_tflops": 0.0,
    "mp2_time": 6.95335580497496e-310,
    "n_atoms": 56,
    "nmers": [
      [
        {
          "fragments": [
            0
          ],
          "hf_energy": -1384.2506327738074,
          "num_basis_fns": 1236,
          "num_iters": 15,
          "schema_version": "0.2.0"
        }
      ]
    ],
    "num_iters": 15,
    "ri_fock_time": 1.851828247,
    "ri_tflops": 0.15027587132382694,
    "scf_tflops": 0.03553499329301626,
    "scf_time": 22.421793801,
    "schema_version": "0.2.0",
    "tflops": 0.3746000055238154,
    "total_time": 22.606479,
    "transforms_time": 0.275133879,
    "xc_tflops": 0.0,
    "xc_time": 14.404725665999997
  },
  "schema_version": "0.2.0"
}
