{
  "calculation_time": 33.797074699,
  "qmmbe": {
    "b_formation_time": 2.381412311,
    "b_tflops": 4.4517265074304895,
    "diag_time": 5.741896349000001,
    "expanded_elec_energy": -5181.519250482008,
    "expanded_hf_energy": -1536.7786640924564,
    "expanded_nuc_repulsion_energy": 3869.9546433826904,
    "expanded_xc_energy": -225.21405699313897,
    "homo": -0.17222410613861083,
    "lumo": -0.1041605818559651,
    "method": "RestrictedKSDFT",
    "mp2_tflops": 0.0,
    "mp2_time": 6.95335580497496e-310,
    "n_atoms": 60,
    "nmers": [
      [
        {
          "fragments": [
            0
          ],
          "hf_energy": -1536.7786640924564,
          "num_basis_fns": 1360,
          "num_iters": 18,
          "schema_version": "0.2.0"
        }
      ]
    ],
    "num_iters": 18,
    "ri_fock_time": 2.8228730349999998,
    "ri_tflops": 0.157567061105885,
    "scf_tflops": 0.03695485000903131,
    "scf_time": 33.592238896,
    "schema_version": "0.2.0",
    "tflops": 0.3472505574958577,
    "total_time": 33.792908,
    "transforms_time": 0.34101672699999985,
    "xc_tflops": 0.0,
    "xc_time": 22.361328173000008
  },
  "schema_version": "0.2.0"
}
