{
  "calculation_time": 36.333377578,
  "qmmbe": {
    "b_formation_time": 2.812615231,
    "b_tflops": 5.803730286382709,
    "diag_time": 6.487195817000001,
    "expanded_elec_energy": -6162.855088217421,
    "expanded_hf_energy": -1691.5936771883069,
    "expanded_nuc_repulsion_energy": 4719.7122604120605,
    "expanded_xc_energy": -248.45084938294605,
    "homo": -0.1748308564793797,
    "lumo": -0.09614170239554674,
    "method": "RestrictedKSDFT",
    "mp2_tflops": 0.0,
    "mp2_time": 6.95335580497654e-310,
    "n_atoms": 68,
    "nmers": [
      [
        {
          "fragments": [
            0
          ],
          "hf_energy": -1691.5936771883069,
          "num_basis_fns": 1508,
          "num_iters": 17,
          "schema_version": "0.2.0"
        }
      ]
    ],
    "num_iters": 17,
    "ri_fock_time": 4.160878841,
    "ri_tflops": 0.13765674745538692,
    "scf_tflops": 0.04442910708751302,
    "scf_time": 36.081725916,
    "schema_version": "0.2.0",
    "tflops": 0.4894273647521344,
    "total_time": 36.328824,
    "transforms_time": 0.22795134600000003,
    "xc_tflops": 0.0,
    "xc_time": 23.30736581
  },
  "schema_version": "0.2.0"
}
