{
  "calculation_time": 36.404197716,
  "qmmbe": {
    "b_formation_time": 2.631132902,
    "b_tflops": 5.561917589581342,
    "diag_time": 6.510279252,
    "expanded_elec_energy": -5937.661682036327,
    "expanded_hf_energy": -1691.5915299315843,
    "expanded_nuc_repulsion_energy": 4494.502204337361,
    "expanded_xc_energy": -248.43205223261833,
    "homo": -0.16101712719930242,
    "lumo": -0.11501929167902544,
    "method": "RestrictedKSDFT",
    "mp2_tflops": 0.0,
    "mp2_time": 6.95335580497654e-310,
    "n_atoms": 68,
    "nmers": [
      [
        {
          "fragments": [
            0
          ],
          "hf_energy": -1691.5915299315843,
          "num_basis_fns": 1508,
          "num_iters": 18,
          "schema_version": "0.2.0"
        }
      ]
    ],
    "num_iters": 18,
    "ri_fock_time": 4.323570193,
    "ri_tflops": 0.14026962740512167,
    "scf_tflops": 0.04673596864936222,
    "scf_time": 36.157106671,
    "schema_version": "0.2.0",
    "tflops": 0.4444175737093094,
    "total_time": 36.399625,
    "transforms_time": 0.681322205,
    "xc_tflops": 0.0,
    "xc_time": 22.890508838
  },
  "schema_version": "0.2.0"
}
