{
  "calculation_time": 42.527592817,
  "qmmbe": {
    "b_formation_time": 2.617034422,
    "b_tflops": 4.9957657689364545,
    "diag_time": 6.949539325,
    "expanded_elec_energy": -5589.50385556268,
    "expanded_hf_energy": -1537.9077177832164,
    "expanded_nuc_repulsion_energy": 4277.532624474663,
    "expanded_xc_energy": -225.9364866951995,
    "homo": -0.1791202942307214,
    "lumo": -0.09546939104464466,
    "method": "RestrictedKSDFT",
    "mp2_tflops": 0.0,
    "mp2_time": 6.95335580498286e-310,
    "n_atoms": 62,
    "nmers": [
      [
        {
          "fragments": [
            0
          ],
          "hf_energy": -1537.9077177832164,
          "num_basis_fns": 1372,
          "num_iters": 18,
          "schema_version": "0.2.0"
        }
      ]
    ],
    "num_iters": 18,
    "ri_fock_time": 5.019543135999999,
    "ri_tflops": 0.09099267431019047,
    "scf_tflops": 0.029825298253800883,
    "scf_time": 42.282337447,
    "schema_version": "0.2.0",
    "tflops": 0.334812079665039,
    "total_time": 42.523399,
    "transforms_time": 0.21968537599999993,
    "xc_tflops": 0.0,
    "xc_time": 28.479823915
  },
  "schema_version": "0.2.0"
}
