{
  "calculation_time": 39.504364746,
  "qmmbe": {
    "b_formation_time": 2.966491842,
    "b_tflops": 4.934656066037481,
    "diag_time": 8.824527148999998,
    "expanded_elec_energy": -5926.297128853081,
    "expanded_hf_energy": -1691.61107133421,
    "expanded_nuc_repulsion_energy": 4483.122536619927,
    "expanded_xc_energy": -248.43647910105625,
    "homo": -0.1742734310689278,
    "lumo": -0.10176770567313832,
    "method": "RestrictedKSDFT",
    "mp2_tflops": 0.0,
    "mp2_time": 6.95335580497654e-310,
    "n_atoms": 68,
    "nmers": [
      [
        {
          "fragments": [
            0
          ],
          "hf_energy": -1691.61107133421,
          "num_basis_fns": 1508,
          "num_iters": 17,
          "schema_version": "0.2.0"
        }
      ]
    ],
    "num_iters": 17,
    "ri_fock_time": 4.432049161000001,
    "ri_tflops": 0.12923436248138673,
    "scf_tflops": 0.04054049747410159,
    "scf_time": 39.282353533,
    "schema_version": "0.2.0",
    "tflops": 0.4074675300390319,
    "total_time": 39.499705,
    "transforms_time": 0.339880212,
    "xc_tflops": 0.0,
    "xc_time": 23.912794195999997
  },
  "schema_version": "0.2.0"
}
