{
  "calculation_time": 28.733807763,
  "qmmbe": {
    "b_formation_time": 2.014031271,
    "b_tflops": 5.3178073736075575,
    "diag_time": 5.3222899329999995,
    "expanded_elec_energy": -5207.48887829546,
    "expanded_hf_energy": -1536.7676564924607,
    "expanded_nuc_repulsion_energy": 3895.937820591164,
    "expanded_xc_energy": -225.21659878816428,
    "homo": -0.16648886962081383,
    "lumo": -0.10873943688496662,
    "method": "RestrictedKSDFT",
    "mp2_tflops": 0.0,
    "mp2_time": 6.95335580497496e-310,
    "n_atoms": 60,
    "nmers": [
      [
        {
          "fragments": [
            0
          ],
          "hf_energy": -1536.7676564924607,
          "num_basis_fns": 1360,
          "num_iters": 17,
          "schema_version": "0.2.0"
        }
      ]
    ],
    "num_iters": 17,
    "ri_fock_time": 2.4934127549999996,
    "ri_tflops": 0.1684763788737417,
    "scf_tflops": 0.041137081086260824,
    "scf_time": 28.538604269,
    "schema_version": "0.2.0",
    "tflops": 0.4100418035766241,
    "total_time": 28.729721,
    "transforms_time": 0.131682519,
    "xc_tflops": 0.0,
    "xc_time": 18.050133557000002
  },
  "schema_version": "0.2.0"
}
