{
  "calculation_time": 26.850352496,
  "qmmbe": {
    "b_formation_time": 1.886127406,
    "b_tflops": 3.8088534290837828,
    "diag_time": 4.117309877,
    "expanded_elec_energy": -4392.767268569314,
    "expanded_hf_energy": -1384.2744395436662,
    "expanded_nuc_repulsion_energy": 3211.8868973557805,
    "expanded_xc_energy": -203.39406833013243,
    "homo": -0.1786768762800908,
    "lumo": -0.09944460567784841,
    "method": "RestrictedKSDFT",
    "mp2_tflops": 0.0,
    "mp2_time": 6.95335580497496e-310,
    "n_atoms": 56,
    "nmers": [
      [
        {
          "fragments": [
            0
          ],
          "hf_energy": -1384.2744395436662,
          "num_basis_fns": 1236,
          "num_iters": 17,
          "schema_version": "0.2.0"
        }
      ]
    ],
    "num_iters": 17,
    "ri_fock_time": 2.920591561,
    "ri_tflops": 0.10798832264652976,
    "scf_tflops": 0.033124548161225044,
    "scf_time": 26.686337477,
    "schema_version": "0.2.0",
    "tflops": 0.29755971244643376,
    "total_time": 26.846682,
    "transforms_time": 0.085380071,
    "xc_tflops": 0.0,
    "xc_time": 18.424469328999994
  },
  "schema_version": "0.2.0"
}
