{
  "calculation_time": 55.676970595,
  "qmmbe": {
    "b_formation_time": 3.400958804,
    "b_tflops": 5.938614182994967,
    "diag_time": 8.899167175999999,
    "expanded_elec_energy": -6691.941117367598,
    "expanded_hf_energy": -1691.5617320330614,
    "expanded_nuc_repulsion_energy": 5248.845301765586,
    "expanded_xc_energy": -248.465916431049,
    "homo": -0.17312451894006628,
    "lumo": -0.09891271911854861,
    "method": "RestrictedKSDFT",
    "mp2_tflops": 0.0,
    "mp2_time": 6.95335580497654e-310,
    "n_atoms": 68,
    "nmers": [
      [
        {
          "fragments": [
            0
          ],
          "hf_energy": -1691.5617320330614,
          "num_basis_fns": 1508,
          "num_iters": 19,
          "schema_version": "0.2.0"
        }
      ]
    ],
    "num_iters": 19,
    "ri_fock_time": 6.446830987,
    "ri_tflops": 0.09929810686007984,
    "scf_tflops": 0.03178648778897373,
    "scf_time": 55.388469471,
    "schema_version": "0.2.0",
    "tflops": 0.3920307868264294,
    "total_time": 55.672411,
    "transforms_time": 0.267537545,
    "xc_tflops": 0.0,
    "xc_time": 37.703689903
  },
  "schema_version": "0.2.0"
}
