{
  "calculation_time": 38.077459025,
  "qmmbe": {
    "b_formation_time": 3.040320932,
    "b_tflops": 4.7445476928328425,
    "diag_time": 7.840624138,
    "expanded_elec_energy": -5877.4872052147275,
    "expanded_hf_energy": -1691.605195692284,
    "expanded_nuc_repulsion_energy": 4434.317535744593,
    "expanded_xc_energy": -248.43552622214992,
    "homo": -0.17297631580211367,
    "lumo": -0.1035205577096878,
    "method": "RestrictedKSDFT",
    "mp2_tflops": 0.0,
    "mp2_time": 6.95335580497654e-310,
    "n_atoms": 68,
    "nmers": [
      [
        {
          "fragments": [
            0
          ],
          "hf_energy": -1691.605195692284,
          "num_basis_fns": 1508,
          "num_iters": 17,
          "schema_version": "0.2.0"
        }
      ]
    ],
    "num_iters": 17,
    "ri_fock_time": 3.8220818299999997,
    "ri_tflops": 0.14985891806717286,
    "scf_tflops": 0.042565804884543104,
    "scf_time": 37.851994935,
    "schema_version": "0.2.0",
    "tflops": 0.41713598270915125,
    "total_time": 38.072975,
    "transforms_time": 0.6748196339999999,
    "xc_tflops": 0.0,
    "xc_time": 23.354437627000006
  },
  "schema_version": "0.2.0"
}
