{
  "calculation_time": 40.286617602,
  "qmmbe": {
    "b_formation_time": 2.940952148,
    "b_tflops": 4.667219911648831,
    "diag_time": 7.858983295,
    "expanded_elec_energy": -5762.331587470728,
    "expanded_hf_energy": -1691.603616136857,
    "expanded_nuc_repulsion_energy": 4319.155686009585,
    "expanded_xc_energy": -248.42771467571447,
    "homo": -0.17042682156373443,
    "lumo": -0.10613305422004736,
    "method": "RestrictedKSDFT",
    "mp2_tflops": 0.0,
    "mp2_time": 6.95335580497654e-310,
    "n_atoms": 68,
    "nmers": [
      [
        {
          "fragments": [
            0
          ],
          "hf_energy": -1691.603616136857,
          "num_basis_fns": 1508,
          "num_iters": 17,
          "schema_version": "0.2.0"
        }
      ]
    ],
    "num_iters": 17,
    "ri_fock_time": 4.368812086,
    "ri_tflops": 0.13110498609987592,
    "scf_tflops": 0.040141686764643636,
    "scf_time": 40.079597604,
    "schema_version": "0.2.0",
    "tflops": 0.3769088871585476,
    "total_time": 40.28223,
    "transforms_time": 0.7542687229999999,
    "xc_tflops": 0.0,
    "xc_time": 25.395022280999996
  },
  "schema_version": "0.2.0"
}
