{
  "calculation_time": 33.701719691,
  "qmmbe": {
    "b_formation_time": 2.337936344,
    "b_tflops": 5.36681250085738,
    "diag_time": 6.657315047999999,
    "expanded_elec_energy": -5549.534765452969,
    "expanded_hf_energy": -1614.1807236969594,
    "expanded_nuc_repulsion_energy": 4172.177324440656,
    "expanded_xc_energy": -236.82328268464653,
    "homo": -0.1634716445878128,
    "lumo": -0.11051841335117091,
    "method": "RestrictedKSDFT",
    "mp2_tflops": 0.0,
    "mp2_time": 6.9533558049781e-310,
    "n_atoms": 64,
    "nmers": [
      [
        {
          "fragments": [
            0
          ],
          "hf_energy": -1614.1807236969594,
          "num_basis_fns": 1434,
          "num_iters": 18,
          "schema_version": "0.2.0"
        }
      ]
    ],
    "num_iters": 18,
    "ri_fock_time": 3.2860478799999995,
    "ri_tflops": 0.15868879546088663,
    "scf_tflops": 0.0433666653611202,
    "scf_time": 33.469900617,
    "schema_version": "0.2.0",
    "tflops": 0.41174273234377995,
    "total_time": 33.697293,
    "transforms_time": 0.104952496,
    "xc_tflops": 0.0,
    "xc_time": 20.987420622000002
  },
  "schema_version": "0.2.0"
}
