{
  "calculation_time": 29.730376938,
  "qmmbe": {
    "b_formation_time": 1.947939021,
    "b_tflops": 4.750878173404587,
    "diag_time": 5.11003138,
    "expanded_elec_energy": -4885.106239720332,
    "expanded_hf_energy": -1460.5114269680166,
    "expanded_nuc_repulsion_energy": 3638.8971989250263,
    "expanded_xc_energy": -214.30238617271058,
    "homo": -0.1664288883349482,
    "lumo": -0.10857864372130199,
    "method": "RestrictedKSDFT",
    "mp2_tflops": 0.0,
    "mp2_time": 6.95335580497496e-310,
    "n_atoms": 58,
    "nmers": [
      [
        {
          "fragments": [
            0
          ],
          "hf_energy": -1460.5114269680166,
          "num_basis_fns": 1298,
          "num_iters": 18,
          "schema_version": "0.2.0"
        }
      ]
    ],
    "num_iters": 18,
    "ri_fock_time": 3.1687611440000003,
    "ri_tflops": 0.12204238608399193,
    "scf_tflops": 0.0364325275621988,
    "scf_time": 29.538062627,
    "schema_version": "0.2.0",
    "tflops": 0.34448392903888064,
    "total_time": 29.726507,
    "transforms_time": 0.17213410999999998,
    "xc_tflops": 0.0,
    "xc_time": 19.332561694000002
  },
  "schema_version": "0.2.0"
}
