{
  "calculation_time": 39.776400678,
  "qmmbe": {
    "b_formation_time": 2.735121796,
    "b_tflops": 5.206560570679611,
    "diag_time": 7.0130433210000005,
    "expanded_elec_energy": -5820.282349035994,
    "expanded_hf_energy": -1614.177619647644,
    "expanded_nuc_repulsion_energy": 4442.944060692198,
    "expanded_xc_energy": -236.83933130384776,
    "homo": -0.17631856194825846,
    "lumo": -0.09846106441462704,
    "method": "RestrictedKSDFT",
    "mp2_tflops": 0.0,
    "mp2_time": 6.95335580497654e-310,
    "n_atoms": 64,
    "nmers": [
      [
        {
          "fragments": [
            0
          ],
          "hf_energy": -1614.177619647644,
          "num_basis_fns": 1434,
          "num_iters": 18,
          "schema_version": "0.2.0"
        }
      ]
    ],
    "num_iters": 18,
    "ri_fock_time": 3.9021061929999994,
    "ri_tflops": 0.13363526109039445,
    "scf_tflops": 0.036766117958632154,
    "scf_time": 39.543337006,
    "schema_version": "0.2.0",
    "tflops": 0.39142919681877764,
    "total_time": 39.772012,
    "transforms_time": 0.176377813,
    "xc_tflops": 0.0,
    "xc_time": 25.513285143999997
  },
  "schema_version": "0.2.0"
}
