{
  "calculation_time": 35.758556186,
  "qmmbe": {
    "b_formation_time": 2.517282915,
    "b_tflops": 5.190870582756091,
    "diag_time": 6.346667738,
    "expanded_elec_energy": -5636.801413293004,
    "expanded_hf_energy": -1614.1712718705298,
    "expanded_nuc_repulsion_energy": 4259.457458579804,
    "expanded_xc_energy": -236.82731715732956,
    "homo": -0.1655881170759265,
    "lumo": -0.10926564405631656,
    "method": "RestrictedKSDFT",
    "mp2_tflops": 0.0,
    "mp2_time": 6.95335580497654e-310,
    "n_atoms": 64,
    "nmers": [
      [
        {
          "fragments": [
            0
          ],
          "hf_energy": -1614.1712718705298,
          "num_basis_fns": 1434,
          "num_iters": 18,
          "schema_version": "0.2.0"
        }
      ]
    ],
    "num_iters": 18,
    "ri_fock_time": 3.578973857,
    "ri_tflops": 0.1457006954337191,
    "scf_tflops": 0.04083873934386378,
    "scf_time": 35.545746684,
    "schema_version": "0.2.0",
    "tflops": 0.40258666133877913,
    "total_time": 35.754249,
    "transforms_time": 0.21944032400000005,
    "xc_tflops": 0.0,
    "xc_time": 23.175822000999997
  },
  "schema_version": "0.2.0"
}
