{
  "calculation_time": 27.98580054,
  "qmmbe": {
    "b_formation_time": 2.060936553,
    "b_tflops": 4.212747050104846,
    "diag_time": 5.002437121,
    "expanded_elec_energy": -4757.321374157481,
    "expanded_hf_energy": -1460.5257691084855,
    "expanded_nuc_repulsion_energy": 3511.0998615072194,
    "expanded_xc_energy": -214.30425645822396,
    "homo": -0.16776071858016234,
    "lumo": -0.10676706504547488,
    "method": "RestrictedKSDFT",
    "mp2_tflops": 0.0,
    "mp2_time": 6.95335580497496e-310,
    "n_atoms": 58,
    "nmers": [
      [
        {
          "fragments": [
            0
          ],
          "hf_energy": -1460.5257691084855,
          "num_basis_fns": 1298,
          "num_iters": 18,
          "schema_version": "0.2.0"
        }
      ]
    ],
    "num_iters": 18,
    "ri_fock_time": 2.813152165,
    "ri_tflops": 0.13746969529605949,
    "scf_tflops": 0.039016438818741866,
    "scf_time": 27.811697137,
    "schema_version": "0.2.0",
    "tflops": 0.3455138987558251,
    "total_time": 27.981762,
    "transforms_time": 0.27685607399999995,
    "xc_tflops": 0.0,
    "xc_time": 18.13211925
  },
  "schema_version": "0.2.0"
}
