{
  "calculation_time": 38.977509376,
  "qmmbe": {
    "b_formation_time": 2.551466633,
    "b_tflops": 4.580788353974135,
    "diag_time": 5.915242966000001,
    "expanded_elec_energy": -5380.267522503358,
    "expanded_hf_energy": -1536.7553384560629,
    "expanded_nuc_repulsion_energy": 4068.7269753200408,
    "expanded_xc_energy": -225.2147912727456,
    "homo": -0.16512654030541327,
    "lumo": -0.10998363293363178,
    "method": "RestrictedKSDFT",
    "mp2_tflops": 0.0,
    "mp2_time": 6.95335580497496e-310,
    "n_atoms": 60,
    "nmers": [
      [
        {
          "fragments": [
            0
          ],
          "hf_energy": -1536.7553384560629,
          "num_basis_fns": 1360,
          "num_iters": 18,
          "schema_version": "0.2.0"
        }
      ]
    ],
    "num_iters": 18,
    "ri_fock_time": 4.724293269,
    "ri_tflops": 0.09414991463774007,
    "scf_tflops": 0.031798160702140706,
    "scf_time": 38.751293857,
    "schema_version": "0.2.0",
    "tflops": 0.3289671333614056,
    "total_time": 38.973311,
    "transforms_time": 0.301497038,
    "xc_tflops": 0.0,
    "xc_time": 26.452326393999996
  },
  "schema_version": "0.2.0"
}
