{
  "calculation_time": 28.577835948,
  "qmmbe": {
    "b_formation_time": 2.173718051,
    "b_tflops": 4.974485809245369,
    "diag_time": 5.355170632000001,
    "expanded_elec_energy": -5225.27749294418,
    "expanded_hf_energy": -1536.7721905842707,
    "expanded_nuc_repulsion_energy": 3913.722324076455,
    "expanded_xc_energy": -225.2170217165456,
    "homo": -0.1727410681065421,
    "lumo": -0.1023952589358555,
    "method": "RestrictedKSDFT",
    "mp2_tflops": 0.0,
    "mp2_time": 6.95335580497496e-310,
    "n_atoms": 60,
    "nmers": [
      [
        {
          "fragments": [
            0
          ],
          "hf_energy": -1536.7721905842707,
          "num_basis_fns": 1360,
          "num_iters": 17,
          "schema_version": "0.2.0"
        }
      ]
    ],
    "num_iters": 17,
    "ri_fock_time": 2.7545786390000004,
    "ri_tflops": 0.1525028714201105,
    "scf_tflops": 0.04143161671209597,
    "scf_time": 28.380439974,
    "schema_version": "0.2.0",
    "tflops": 0.4158820164089407,
    "total_time": 28.573695,
    "transforms_time": 0.13262718099999998,
    "xc_tflops": 0.0,
    "xc_time": 17.924183508
  },
  "schema_version": "0.2.0"
}
