{
  "calculation_time": 34.313863261,
  "qmmbe": {
    "b_formation_time": 2.706419542,
    "b_tflops": 5.308265078402246,
    "diag_time": 6.281074260000002,
    "expanded_elec_energy": -5865.775757293321,
    "expanded_hf_energy": -1691.598194362613,
    "expanded_nuc_repulsion_energy": 4422.622178651414,
    "expanded_xc_energy": -248.44461572070662,
    "homo": -0.17145025716088758,
    "lumo": -0.1035639008469101,
    "method": "RestrictedKSDFT",
    "mp2_tflops": 0.0,
    "mp2_time": 6.9533558049623e-310,
    "n_atoms": 68,
    "nmers": [
      [
        {
          "fragments": [
            0
          ],
          "hf_energy": -1691.598194362613,
          "num_basis_fns": 1508,
          "num_iters": 17,
          "schema_version": "0.2.0"
        }
      ]
    ],
    "num_iters": 17,
    "ri_fock_time": 4.198161176,
    "ri_tflops": 0.13643426819399465,
    "scf_tflops": 0.047372245934852064,
    "scf_time": 34.085300605,
    "schema_version": "0.2.0",
    "tflops": 0.4611911853452378,
    "total_time": 34.309097,
    "transforms_time": 0.18394469199999997,
    "xc_tflops": 0.0,
    "xc_time": 21.816978324
  },
  "schema_version": "0.2.0"
}
