{
  "calculation_time": 26.734546315,
  "qmmbe": {
    "b_formation_time": 2.003445637,
    "b_tflops": 4.846074403970463,
    "diag_time": 4.611644208,
    "expanded_elec_energy": -4993.636631887171,
    "expanded_hf_energy": -1459.3481112905451,
    "expanded_nuc_repulsion_energy": 3747.898327943652,
    "expanded_xc_energy": -213.6098073470265,
    "homo": -0.17257479360761097,
    "lumo": -0.10109755574308517,
    "method": "RestrictedKSDFT",
    "mp2_tflops": 0.0,
    "mp2_time": 6.95335580497496e-310,
    "n_atoms": 56,
    "nmers": [
      [
        {
          "fragments": [
            0
          ],
          "hf_energy": -1459.3481112905451,
          "num_basis_fns": 1286,
          "num_iters": 17,
          "schema_version": "0.2.0"
        }
      ]
    ],
    "num_iters": 17,
    "ri_fock_time": 2.852182555,
    "ri_tflops": 0.12451614206861313,
    "scf_tflops": 0.03768258860641922,
    "scf_time": 26.53949823,
    "schema_version": "0.2.0",
    "tflops": 0.39709211951598244,
    "total_time": 26.730521,
    "transforms_time": 0.08620406999999998,
    "xc_tflops": 0.0,
    "xc_time": 17.154095361999996
  },
  "schema_version": "0.2.0"
}
