{
  "calculation_time": 28.313110896,
  "qmmbe": {
    "b_formation_time": 2.197503364,
    "b_tflops": 4.803518287037306,
    "diag_time": 5.2277726719999995,
    "expanded_elec_energy": -5175.385189332916,
    "expanded_hf_energy": -1536.7699477597553,
    "expanded_nuc_repulsion_energy": 3863.827074500932,
    "expanded_xc_energy": -225.21183292777175,
    "homo": -0.16460459578497716,
    "lumo": -0.1120696931863537,
    "method": "RestrictedKSDFT",
    "mp2_tflops": 0.0,
    "mp2_time": 6.95335580497496e-310,
    "n_atoms": 60,
    "nmers": [
      [
        {
          "fragments": [
            0
          ],
          "hf_energy": -1536.7699477597553,
          "num_basis_fns": 1360,
          "num_iters": 17,
          "schema_version": "0.2.0"
        }
      ]
    ],
    "num_iters": 17,
    "ri_fock_time": 2.355919062,
    "ri_tflops": 0.1783088217145212,
    "scf_tflops": 0.04210998069458904,
    "scf_time": 28.107472956,
    "schema_version": "0.2.0",
    "tflops": 0.41067754438359116,
    "total_time": 28.309081,
    "transforms_time": 0.22543028599999998,
    "xc_tflops": 0.0,
    "xc_time": 17.759077919
  },
  "schema_version": "0.2.0"
}
