{
  "calculation_time": 36.300577321,
  "qmmbe": {
    "b_formation_time": 2.768014879,
    "b_tflops": 5.626709681998064,
    "diag_time": 6.304959782,
    "expanded_elec_energy": -6066.768465983416,
    "expanded_hf_energy": -1691.5965123528424,
    "expanded_nuc_repulsion_energy": 4623.62180430406,
    "expanded_xc_energy": -248.44985067348654,
    "homo": -0.1801521952038998,
    "lumo": -0.09330813969244137,
    "method": "RestrictedKSDFT",
    "mp2_tflops": 0.0,
    "mp2_time": 6.9533558049781e-310,
    "n_atoms": 68,
    "nmers": [
      [
        {
          "fragments": [
            0
          ],
          "hf_energy": -1691.5965123528424,
          "num_basis_fns": 1508,
          "num_iters": 17,
          "schema_version": "0.2.0"
        }
      ]
    ],
    "num_iters": 17,
    "ri_fock_time": 3.9541560149999997,
    "ri_tflops": 0.144853426530263,
    "scf_tflops": 0.04462286859183955,
    "scf_time": 36.046113298,
    "schema_version": "0.2.0",
    "tflops": 0.4692393037739277,
    "total_time": 36.29593,
    "transforms_time": 0.265807854,
    "xc_tflops": 0.0,
    "xc_time": 23.243792655000004
  },
  "schema_version": "0.2.0"
}
