{
  "calculation_time": 42.024494367,
  "qmmbe": {
    "b_formation_time": 2.894003563,
    "b_tflops": 4.694911536386384,
    "diag_time": 8.693437088000001,
    "expanded_elec_energy": -5716.933424440018,
    "expanded_hf_energy": -1691.6161001798953,
    "expanded_nuc_repulsion_energy": 4273.752894555188,
    "expanded_xc_energy": -248.43557029506488,
    "homo": -0.16969277713599915,
    "lumo": -0.10964385832672868,
    "method": "RestrictedKSDFT",
    "mp2_tflops": 0.0,
    "mp2_time": 6.95335580497654e-310,
    "n_atoms": 68,
    "nmers": [
      [
        {
          "fragments": [
            0
          ],
          "hf_energy": -1691.6161001798953,
          "num_basis_fns": 1508,
          "num_iters": 18,
          "schema_version": "0.2.0"
        }
      ]
    ],
    "num_iters": 18,
    "ri_fock_time": 4.0879999819999995,
    "ri_tflops": 0.1483526376473453,
    "scf_tflops": 0.04025035501863876,
    "scf_time": 41.810760883,
    "schema_version": "0.2.0",
    "tflops": 0.360057458474329,
    "total_time": 42.019905,
    "transforms_time": 0.596324527,
    "xc_tflops": 0.0,
    "xc_time": 26.379179707000002
  },
  "schema_version": "0.2.0"
}
