{
  "calculation_time": 35.355580165,
  "qmmbe": {
    "b_formation_time": 2.91267251,
    "b_tflops": 5.015031423451036,
    "diag_time": 6.442848573999999,
    "expanded_elec_energy": -5906.456868548161,
    "expanded_hf_energy": -1691.589650350129,
    "expanded_nuc_repulsion_energy": 4463.298196892436,
    "expanded_xc_energy": -248.43097869440408,
    "homo": -0.1698207333512258,
    "lumo": -0.10676778468578103,
    "method": "RestrictedKSDFT",
    "mp2_tflops": 0.0,
    "mp2_time": 6.95335580497654e-310,
    "n_atoms": 68,
    "nmers": [
      [
        {
          "fragments": [
            0
          ],
          "hf_energy": -1691.589650350129,
          "num_basis_fns": 1508,
          "num_iters": 17,
          "schema_version": "0.2.0"
        }
      ]
    ],
    "num_iters": 17,
    "ri_fock_time": 4.158804634,
    "ri_tflops": 0.13772540386372956,
    "scf_tflops": 0.04612331869871811,
    "scf_time": 35.114402788,
    "schema_version": "0.2.0",
    "tflops": 0.4544091691966211,
    "total_time": 35.350969,
    "transforms_time": 0.8769001919999999,
    "xc_tflops": 0.0,
    "xc_time": 21.932114829
  },
  "schema_version": "0.2.0"
}
