{
  "calculation_time": 41.618573923,
  "qmmbe": {
    "b_formation_time": 2.716593734,
    "b_tflops": 5.078120322926432,
    "diag_time": 7.808449207000001,
    "expanded_elec_energy": -5757.992482379173,
    "expanded_hf_energy": -1691.6024136863941,
    "expanded_nuc_repulsion_energy": 4314.822161233105,
    "expanded_xc_energy": -248.43209254032598,
    "homo": -0.167542795515487,
    "lumo": -0.11026709634100179,
    "method": "RestrictedKSDFT",
    "mp2_tflops": 0.0,
    "mp2_time": 6.95335580496073e-310,
    "n_atoms": 68,
    "nmers": [
      [
        {
          "fragments": [
            0
          ],
          "hf_energy": -1691.6024136863941,
          "num_basis_fns": 1508,
          "num_iters": 18,
          "schema_version": "0.2.0"
        }
      ]
    ],
    "num_iters": 18,
    "ri_fock_time": 4.348706418,
    "ri_tflops": 0.1394588463184686,
    "scf_tflops": 0.04049084459278734,
    "scf_time": 41.404572605,
    "schema_version": "0.2.0",
    "tflops": 0.36857368533179946,
    "total_time": 41.613602,
    "transforms_time": 0.3142935420000001,
    "xc_tflops": 0.0,
    "xc_time": 26.974200962999994
  },
  "schema_version": "0.2.0"
}
