{
  "calculation_time": 28.054455698,
  "qmmbe": {
    "b_formation_time": 1.822393567,
    "b_tflops": 4.176831734700697,
    "diag_time": 4.738072146,
    "expanded_elec_energy": -4491.058150704013,
    "expanded_hf_energy": -1384.2564848635523,
    "expanded_nuc_repulsion_energy": 3310.196877367498,
    "expanded_xc_energy": -203.3952115270369,
    "homo": -0.17548259870687896,
    "lumo": -0.10381359930326911,
    "method": "RestrictedKSDFT",
    "mp2_tflops": 0.0,
    "mp2_time": 6.95335580497496e-310,
    "n_atoms": 56,
    "nmers": [
      [
        {
          "fragments": [
            0
          ],
          "hf_energy": -1384.2564848635523,
          "num_basis_fns": 1236,
          "num_iters": 17,
          "schema_version": "0.2.0"
        }
      ]
    ],
    "num_iters": 17,
    "ri_fock_time": 2.407737099,
    "ri_tflops": 0.1309901251008634,
    "scf_tflops": 0.031332904540192344,
    "scf_time": 27.89071788,
    "schema_version": "0.2.0",
    "tflops": 0.30003498003293266,
    "total_time": 28.050763,
    "transforms_time": 0.40704765900000006,
    "xc_tflops": 0.0,
    "xc_time": 18.981424338
  },
  "schema_version": "0.2.0"
}
