{
  "calculation_time": 35.933950857,
  "qmmbe": {
    "b_formation_time": 2.225393449,
    "b_tflops": 4.741100925005914,
    "diag_time": 5.72487561,
    "expanded_elec_energy": -5153.492767832166,
    "expanded_hf_energy": -1537.9497009300785,
    "expanded_nuc_repulsion_energy": 3841.463982560151,
    "expanded_xc_energy": -225.92091565806413,
    "homo": -0.177028057222955,
    "lumo": -0.09824836280710715,
    "method": "RestrictedKSDFT",
    "mp2_tflops": 0.0,
    "mp2_time": 6.95335580498286e-310,
    "n_atoms": 62,
    "nmers": [
      [
        {
          "fragments": [
            0
          ],
          "hf_energy": -1537.9497009300785,
          "num_basis_fns": 1372,
          "num_iters": 17,
          "schema_version": "0.2.0"
        }
      ]
    ],
    "num_iters": 17,
    "ri_fock_time": 4.60658439,
    "ri_tflops": 0.0936414229980057,
    "scf_tflops": 0.03336437705841359,
    "scf_time": 35.735953801,
    "schema_version": "0.2.0",
    "tflops": 0.32422586866265585,
    "total_time": 35.929725,
    "transforms_time": 0.09328234800000001,
    "xc_tflops": 0.0,
    "xc_time": 23.925459917
  },
  "schema_version": "0.2.0"
}
