{
  "calculation_time": 36.568022668,
  "qmmbe": {
    "b_formation_time": 2.840178348,
    "b_tflops": 5.247203568673921,
    "diag_time": 7.2093927760000005,
    "expanded_elec_energy": -5966.282691972427,
    "expanded_hf_energy": -1691.5934630909917,
    "expanded_nuc_repulsion_energy": 4523.128204750294,
    "expanded_xc_energy": -248.43897586885873,
    "homo": -0.17635013905137312,
    "lumo": -0.09937309824057058,
    "method": "RestrictedKSDFT",
    "mp2_tflops": 0.0,
    "mp2_time": 6.95335580497654e-310,
    "n_atoms": 68,
    "nmers": [
      [
        {
          "fragments": [
            0
          ],
          "hf_energy": -1691.5934630909917,
          "num_basis_fns": 1508,
          "num_iters": 17,
          "schema_version": "0.2.0"
        }
      ]
    ],
    "num_iters": 17,
    "ri_fock_time": 4.026769186999999,
    "ri_tflops": 0.1422413406899848,
    "scf_tflops": 0.04437821592262387,
    "scf_time": 36.358500468,
    "schema_version": "0.2.0",
    "tflops": 0.4474322638485822,
    "total_time": 36.563422,
    "transforms_time": 0.21977167899999997,
    "xc_tflops": 0.0,
    "xc_time": 22.621053757000002
  },
  "schema_version": "0.2.0"
}
