{
  "calculation_time": 41.244499635,
  "qmmbe": {
    "b_formation_time": 3.034277151,
    "b_tflops": 5.205202873055547,
    "diag_time": 7.4139214970000005,
    "expanded_elec_energy": -6089.488677544936,
    "expanded_hf_energy": -1691.5814979460488,
    "expanded_nuc_repulsion_energy": 4646.349831758096,
    "expanded_xc_energy": -248.442652159209,
    "homo": -0.1742330233444991,
    "lumo": -0.09819278435336297,
    "method": "RestrictedKSDFT",
    "mp2_tflops": 0.0,
    "mp2_time": 6.9533558049781e-310,
    "n_atoms": 68,
    "nmers": [
      [
        {
          "fragments": [
            0
          ],
          "hf_energy": -1691.5814979460488,
          "num_basis_fns": 1508,
          "num_iters": 17,
          "schema_version": "0.2.0"
        }
      ]
    ],
    "num_iters": 17,
    "ri_fock_time": 5.093922291,
    "ri_tflops": 0.11244243926138842,
    "scf_tflops": 0.03893876301658209,
    "scf_time": 40.987874012,
    "schema_version": "0.2.0",
    "tflops": 0.4183007629166919,
    "total_time": 41.239917,
    "transforms_time": 0.10371039900000001,
    "xc_tflops": 0.0,
    "xc_time": 26.892249659
  },
  "schema_version": "0.2.0"
}
