{
  "calculation_time": 37.057949067,
  "qmmbe": {
    "b_formation_time": 2.734448878,
    "b_tflops": 5.405376148891381,
    "diag_time": 8.039386777,
    "expanded_elec_energy": -5940.989233012684,
    "expanded_hf_energy": -1691.5933393248408,
    "expanded_nuc_repulsion_energy": 4497.831094380853,
    "expanded_xc_energy": -248.43520069300965,
    "homo": -0.1664915192633607,
    "lumo": -0.10999429916887506,
    "method": "RestrictedKSDFT",
    "mp2_tflops": 0.0,
    "mp2_time": 6.9533558049623e-310,
    "n_atoms": 68,
    "nmers": [
      [
        {
          "fragments": [
            0
          ],
          "hf_energy": -1691.5933393248408,
          "num_basis_fns": 1508,
          "num_iters": 18,
          "schema_version": "0.2.0"
        }
      ]
    ],
    "num_iters": 18,
    "ri_fock_time": 3.6543877569999994,
    "ri_tflops": 0.16595545419894533,
    "scf_tflops": 0.04597521710458975,
    "scf_time": 36.838622821,
    "schema_version": "0.2.0",
    "tflops": 0.4405332758482166,
    "total_time": 37.053305,
    "transforms_time": 0.10245920800000002,
    "xc_tflops": 0.0,
    "xc_time": 22.588952788
  },
  "schema_version": "0.2.0"
}
