{
  "calculation_time": 47.574226232,
  "qmmbe": {
    "b_formation_time": 3.133849795,
    "b_tflops": 5.485545974438127,
    "diag_time": 8.331008976,
    "expanded_elec_energy": -6275.813046398537,
    "expanded_hf_energy": -1691.5822511965644,
    "expanded_nuc_repulsion_energy": 4832.6765643822455,
    "expanded_xc_energy": -248.4457691802727,
    "homo": -0.1665306387093946,
    "lumo": -0.10660869403445286,
    "method": "RestrictedKSDFT",
    "mp2_tflops": 0.0,
    "mp2_time": 6.9533558049623e-310,
    "n_atoms": 68,
    "nmers": [
      [
        {
          "fragments": [
            0
          ],
          "hf_energy": -1691.5822511965644,
          "num_basis_fns": 1508,
          "num_iters": 19,
          "schema_version": "0.2.0"
        }
      ]
    ],
    "num_iters": 19,
    "ri_fock_time": 5.623993686,
    "ri_tflops": 0.11382625016979793,
    "scf_tflops": 0.03739546242563263,
    "scf_time": 47.312663082,
    "schema_version": "0.2.0",
    "tflops": 0.39561506951502956,
    "total_time": 47.569459,
    "transforms_time": 0.11346466499999999,
    "xc_tflops": 0.0,
    "xc_time": 31.005636073999998
  },
  "schema_version": "0.2.0"
}
