{
  "calculation_time": 37.339605536,
  "qmmbe": {
    "b_formation_time": 2.744990943,
    "b_tflops": 5.592526041304319,
    "diag_time": 6.438796745,
    "expanded_elec_energy": -6027.26653025677,
    "expanded_hf_energy": -1691.587599963828,
    "expanded_nuc_repulsion_energy": 4584.118018156693,
    "expanded_xc_energy": -248.43908786375118,
    "homo": -0.16978492769347478,
    "lumo": -0.10623129521453487,
    "method": "RestrictedKSDFT",
    "mp2_tflops": 0.0,
    "mp2_time": 6.95335580497654e-310,
    "n_atoms": 68,
    "nmers": [
      [
        {
          "fragments": [
            0
          ],
          "hf_energy": -1691.587599963828,
          "num_basis_fns": 1508,
          "num_iters": 18,
          "schema_version": "0.2.0"
        }
      ]
    ],
    "num_iters": 18,
    "ri_fock_time": 4.1819275000000005,
    "ri_tflops": 0.14502058680644273,
    "scf_tflops": 0.045660481726789375,
    "scf_time": 37.10393619,
    "schema_version": "0.2.0",
    "tflops": 0.45249416164584794,
    "total_time": 37.335119,
    "transforms_time": 0.10383514299999999,
    "xc_tflops": 0.0,
    "xc_time": 23.553522612000002
  },
  "schema_version": "0.2.0"
}
