{
  "calculation_time": 38.631832207,
  "qmmbe": {
    "b_formation_time": 4.363872745,
    "b_tflops": 2.5802162458236393,
    "diag_time": 6.320269049999999,
    "expanded_elec_energy": -5281.761437536653,
    "expanded_hf_energy": -1537.913010482977,
    "expanded_nuc_repulsion_energy": 3969.763661419818,
    "expanded_xc_energy": -225.91523436614204,
    "homo": -0.1716308271126159,
    "lumo": -0.10433541276497107,
    "method": "RestrictedKSDFT",
    "mp2_tflops": 0.0,
    "mp2_time": 6.95335580498444e-310,
    "n_atoms": 62,
    "nmers": [
      [
        {
          "fragments": [
            0
          ],
          "hf_energy": -1537.913010482977,
          "num_basis_fns": 1372,
          "num_iters": 17,
          "schema_version": "0.2.0"
        }
      ]
    ],
    "num_iters": 17,
    "ri_fock_time": 3.915168653,
    "ri_tflops": 0.11017842541967247,
    "scf_tflops": 0.03535027957661216,
    "scf_time": 36.588331686,
    "schema_version": "0.2.0",
    "tflops": 0.3320642209284589,
    "total_time": 36.841612,
    "transforms_time": 0.5242158809999997,
    "xc_tflops": 0.0,
    "xc_time": 21.708603345000004
  },
  "schema_version": "0.2.0"
}
