{
  "calculation_time": 35.426024187,
  "qmmbe": {
    "b_formation_time": 2.745587215,
    "b_tflops": 5.338035082340664,
    "diag_time": 7.329626521999999,
    "expanded_elec_energy": -5936.633077412618,
    "expanded_hf_energy": -1691.607085376422,
    "expanded_nuc_repulsion_energy": 4493.464133475911,
    "expanded_xc_energy": -248.43814143971454,
    "homo": -0.1686695210892347,
    "lumo": -0.10678260200720262,
    "method": "RestrictedKSDFT",
    "mp2_tflops": 0.0,
    "mp2_time": 6.9533558049623e-310,
    "n_atoms": 68,
    "nmers": [
      [
        {
          "fragments": [
            0
          ],
          "hf_energy": -1691.607085376422,
          "num_basis_fns": 1508,
          "num_iters": 17,
          "schema_version": "0.2.0"
        }
      ]
    ],
    "num_iters": 17,
    "ri_fock_time": 3.756929201,
    "ri_tflops": 0.15245776994028587,
    "scf_tflops": 0.045498459258549416,
    "scf_time": 35.203643791,
    "schema_version": "0.2.0",
    "tflops": 0.45488395618086963,
    "total_time": 35.42139,
    "transforms_time": 0.3022742550000001,
    "xc_tflops": 0.0,
    "xc_time": 21.815589103999997
  },
  "schema_version": "0.2.0"
}
