{
  "calculation_time": 31.778755457,
  "qmmbe": {
    "b_formation_time": 2.337347778,
    "b_tflops": 5.021282765212871,
    "diag_time": 6.376727936999999,
    "expanded_elec_energy": -5395.744528272584,
    "expanded_hf_energy": -1614.192784911352,
    "expanded_nuc_repulsion_energy": 4018.366484707382,
    "expanded_xc_energy": -236.81474134614996,
    "homo": -0.16440242441984704,
    "lumo": -0.11321809626969631,
    "method": "RestrictedKSDFT",
    "mp2_tflops": 0.0,
    "mp2_time": 6.9533558049781e-310,
    "n_atoms": 64,
    "nmers": [
      [
        {
          "fragments": [
            0
          ],
          "hf_energy": -1614.192784911352,
          "num_basis_fns": 1434,
          "num_iters": 18,
          "schema_version": "0.2.0"
        }
      ]
    ],
    "num_iters": 18,
    "ri_fock_time": 3.2859177830000004,
    "ri_tflops": 0.15869507831322388,
    "scf_tflops": 0.046376287317035365,
    "scf_time": 31.572902196,
    "schema_version": "0.2.0",
    "tflops": 0.41114426667083354,
    "total_time": 31.774329,
    "transforms_time": 0.09960056199999999,
    "xc_tflops": 0.0,
    "xc_time": 19.601662127000004
  },
  "schema_version": "0.2.0"
}
