{
  "calculation_time": 31.565409768,
  "qmmbe": {
    "b_formation_time": 2.072713767,
    "b_tflops": 4.263577149008245,
    "diag_time": 5.270801881000001,
    "expanded_elec_energy": -4797.99570483164,
    "expanded_hf_energy": -1460.5143511225672,
    "expanded_nuc_repulsion_energy": 3551.7798754837618,
    "expanded_xc_energy": -214.29852177468888,
    "homo": -0.1716528400483827,
    "lumo": -0.10284313683736444,
    "method": "RestrictedKSDFT",
    "mp2_tflops": 0.0,
    "mp2_time": 6.95335580497496e-310,
    "n_atoms": 58,
    "nmers": [
      [
        {
          "fragments": [
            0
          ],
          "hf_energy": -1460.5143511225672,
          "num_basis_fns": 1298,
          "num_iters": 18,
          "schema_version": "0.2.0"
        }
      ]
    ],
    "num_iters": 18,
    "ri_fock_time": 3.318031417,
    "ri_tflops": 0.11655199193190763,
    "scf_tflops": 0.034223388289045024,
    "scf_time": 31.377682638,
    "schema_version": "0.2.0",
    "tflops": 0.3112369074812706,
    "total_time": 31.561353,
    "transforms_time": 0.094050423,
    "xc_tflops": 0.0,
    "xc_time": 21.148264877999996
  },
  "schema_version": "0.2.0"
}
