{
  "calculation_time": 40.009237257,
  "qmmbe": {
    "b_formation_time": 2.892109837,
    "b_tflops": 4.754504959392384,
    "diag_time": 6.559366863,
    "expanded_elec_energy": -5749.26066647181,
    "expanded_hf_energy": -1614.1644232466438,
    "expanded_nuc_repulsion_energy": 4371.926351035201,
    "expanded_xc_energy": -236.83010781003526,
    "homo": -0.17192642150087228,
    "lumo": -0.10251124354758524,
    "method": "RestrictedKSDFT",
    "mp2_tflops": 0.0,
    "mp2_time": 6.9533558049781e-310,
    "n_atoms": 64,
    "nmers": [
      [
        {
          "fragments": [
            0
          ],
          "hf_energy": -1614.1644232466438,
          "num_basis_fns": 1434,
          "num_iters": 17,
          "schema_version": "0.2.0"
        }
      ]
    ],
    "num_iters": 17,
    "ri_fock_time": 3.954737214000001,
    "ri_tflops": 0.12453141888481489,
    "scf_tflops": 0.03454298278320382,
    "scf_time": 39.780967894,
    "schema_version": "0.2.0",
    "tflops": 0.37505561176562485,
    "total_time": 40.004848,
    "transforms_time": 0.421846244,
    "xc_tflops": 0.0,
    "xc_time": 26.084318557000003
  },
  "schema_version": "0.2.0"
}
