{
  "calculation_time": 40.088070824,
  "qmmbe": {
    "b_formation_time": 2.720102592,
    "b_tflops": 5.596012491211214,
    "diag_time": 7.936867318000001,
    "expanded_elec_energy": -6009.226185650428,
    "expanded_hf_energy": -1691.6056188819148,
    "expanded_nuc_repulsion_energy": 4566.067488585798,
    "expanded_xc_energy": -248.44692181728433,
    "homo": -0.17960553308350283,
    "lumo": -0.09521294017294213,
    "method": "RestrictedKSDFT",
    "mp2_tflops": 0.0,
    "mp2_time": 6.95335580497654e-310,
    "n_atoms": 68,
    "nmers": [
      [
        {
          "fragments": [
            0
          ],
          "hf_energy": -1691.6056188819148,
          "num_basis_fns": 1508,
          "num_iters": 17,
          "schema_version": "0.2.0"
        }
      ]
    ],
    "num_iters": 17,
    "ri_fock_time": 5.0510851720000005,
    "ri_tflops": 0.11339603833708625,
    "scf_tflops": 0.04003487400630741,
    "scf_time": 39.860213778,
    "schema_version": "0.2.0",
    "tflops": 0.41609112659968583,
    "total_time": 40.083501,
    "transforms_time": 0.257328525,
    "xc_tflops": 0.0,
    "xc_time": 25.179534843000003
  },
  "schema_version": "0.2.0"
}
