{
  "calculation_time": 36.978390472,
  "qmmbe": {
    "b_formation_time": 2.790024253,
    "b_tflops": 5.2405057613640755,
    "diag_time": 7.7251246039999995,
    "expanded_elec_energy": -5927.064931556973,
    "expanded_hf_energy": -1691.6159257308382,
    "expanded_nuc_repulsion_energy": 4483.892667235138,
    "expanded_xc_energy": -248.44366140900357,
    "homo": -0.18148278532999887,
    "lumo": -0.09477542304362681,
    "method": "RestrictedKSDFT",
    "mp2_tflops": 0.0,
    "mp2_time": 6.95335580497654e-310,
    "n_atoms": 68,
    "nmers": [
      [
        {
          "fragments": [
            0
          ],
          "hf_energy": -1691.6159257308382,
          "num_basis_fns": 1508,
          "num_iters": 17,
          "schema_version": "0.2.0"
        }
      ]
    ],
    "num_iters": 17,
    "ri_fock_time": 3.899925086,
    "ri_tflops": 0.14686770519365816,
    "scf_tflops": 0.04358875086923178,
    "scf_time": 36.750630111,
    "schema_version": "0.2.0",
    "tflops": 0.43484229042795586,
    "total_time": 36.973862,
    "transforms_time": 0.099972865,
    "xc_tflops": 0.0,
    "xc_time": 22.624015752
  },
  "schema_version": "0.2.0"
}
