{
  "calculation_time": 37.15371682,
  "qmmbe": {
    "b_formation_time": 2.586348361,
    "b_tflops": 4.791066288334389,
    "diag_time": 7.144656323000001,
    "expanded_elec_energy": -5533.774820273851,
    "expanded_hf_energy": -1614.173157814289,
    "expanded_nuc_repulsion_energy": 4156.421009870634,
    "expanded_xc_energy": -236.81934741107204,
    "homo": -0.16098795705484972,
    "lumo": -0.1155704300737474,
    "method": "RestrictedKSDFT",
    "mp2_tflops": 0.0,
    "mp2_time": 6.9533558049781e-310,
    "n_atoms": 64,
    "nmers": [
      [
        {
          "fragments": [
            0
          ],
          "hf_energy": -1614.173157814289,
          "num_basis_fns": 1434,
          "num_iters": 18,
          "schema_version": "0.2.0"
        }
      ]
    ],
    "num_iters": 18,
    "ri_fock_time": 3.8621865189999998,
    "ri_tflops": 0.13501651909836207,
    "scf_tflops": 0.039318770516017,
    "scf_time": 36.938545365,
    "schema_version": "0.2.0",
    "tflops": 0.36928646013308264,
    "total_time": 37.149252,
    "transforms_time": 0.10171956799999998,
    "xc_tflops": 0.0,
    "xc_time": 23.608726342999997
  },
  "schema_version": "0.2.0"
}
