{
  "calculation_time": 30.99331256,
  "qmmbe": {
    "b_formation_time": 2.007065045,
    "b_tflops": 4.702445135477908,
    "diag_time": 5.224622079,
    "expanded_elec_energy": -4923.120161033106,
    "expanded_hf_energy": -1460.5033102211708,
    "expanded_nuc_repulsion_energy": 3676.915731622632,
    "expanded_xc_energy": -214.29888081069643,
    "homo": -0.1640842050485725,
    "lumo": -0.10953699790561333,
    "method": "RestrictedKSDFT",
    "mp2_tflops": 0.0,
    "mp2_time": 6.95335580497496e-310,
    "n_atoms": 58,
    "nmers": [
      [
        {
          "fragments": [
            0
          ],
          "hf_energy": -1460.5033102211708,
          "num_basis_fns": 1298,
          "num_iters": 18,
          "schema_version": "0.2.0"
        }
      ]
    ],
    "num_iters": 18,
    "ri_fock_time": 3.3824650919999995,
    "ri_tflops": 0.11433175522155545,
    "scf_tflops": 0.03487306345542589,
    "scf_time": 30.801598779,
    "schema_version": "0.2.0",
    "tflops": 0.33637181952669,
    "total_time": 30.989505,
    "transforms_time": 0.12944905799999998,
    "xc_tflops": 0.0,
    "xc_time": 20.595156137
  },
  "schema_version": "0.2.0"
}
