{
  "calculation_time": 41.467729268,
  "qmmbe": {
    "b_formation_time": 3.045252029,
    "b_tflops": 4.667339981691874,
    "diag_time": 8.054741412,
    "expanded_elec_energy": -5845.01126744548,
    "expanded_hf_energy": -1691.6066504296568,
    "expanded_nuc_repulsion_energy": 4401.848613594734,
    "expanded_xc_energy": -248.44399657891069,
    "homo": -0.1762793760804629,
    "lumo": -0.09770957253269448,
    "method": "RestrictedKSDFT",
    "mp2_tflops": 0.0,
    "mp2_time": 6.9533558049781e-310,
    "n_atoms": 68,
    "nmers": [
      [
        {
          "fragments": [
            0
          ],
          "hf_energy": -1691.6066504296568,
          "num_basis_fns": 1508,
          "num_iters": 17,
          "schema_version": "0.2.0"
        }
      ]
    ],
    "num_iters": 17,
    "ri_fock_time": 4.5888943730000005,
    "ri_tflops": 0.12481722202586858,
    "scf_tflops": 0.03885293462221701,
    "scf_time": 41.222431717,
    "schema_version": "0.2.0",
    "tflops": 0.37792317028114913,
    "total_time": 41.463154,
    "transforms_time": 0.466579529,
    "xc_tflops": 0.0,
    "xc_time": 26.065089208999996
  },
  "schema_version": "0.2.0"
}
