{
  "calculation_time": 39.974482516,
  "qmmbe": {
    "b_formation_time": 2.611972578,
    "b_tflops": 5.321961876393022,
    "diag_time": 7.217813979999999,
    "expanded_elec_energy": -5776.253022898971,
    "expanded_hf_energy": -1614.1670708020083,
    "expanded_nuc_repulsion_energy": 4398.926691417566,
    "expanded_xc_energy": -236.84073932060346,
    "homo": -0.17652525063170704,
    "lumo": -0.09642504508991644,
    "method": "RestrictedKSDFT",
    "mp2_tflops": 0.0,
    "mp2_time": 6.95335580497654e-310,
    "n_atoms": 64,
    "nmers": [
      [
        {
          "fragments": [
            0
          ],
          "hf_energy": -1614.1670708020083,
          "num_basis_fns": 1434,
          "num_iters": 17,
          "schema_version": "0.2.0"
        }
      ]
    ],
    "num_iters": 17,
    "ri_fock_time": 3.667146368,
    "ri_tflops": 0.13429762195300518,
    "scf_tflops": 0.03435338112557662,
    "scf_time": 39.743092951,
    "schema_version": "0.2.0",
    "tflops": 0.37913990375086903,
    "total_time": 39.970237,
    "transforms_time": 0.299764503,
    "xc_tflops": 0.0,
    "xc_time": 26.307833908
  },
  "schema_version": "0.2.0"
}
