{
  "calculation_time": 38.352735189,
  "qmmbe": {
    "b_formation_time": 3.144194402,
    "b_tflops": 4.737383951322231,
    "diag_time": 7.481045348,
    "expanded_elec_energy": -5951.147083594318,
    "expanded_hf_energy": -1691.5962582812529,
    "expanded_nuc_repulsion_energy": 4507.990653428646,
    "expanded_xc_energy": -248.4398281155802,
    "homo": -0.16822410883212324,
    "lumo": -0.10620484998337174,
    "method": "RestrictedKSDFT",
    "mp2_tflops": 0.0,
    "mp2_time": 6.95335580497654e-310,
    "n_atoms": 68,
    "nmers": [
      [
        {
          "fragments": [
            0
          ],
          "hf_energy": -1691.5962582812529,
          "num_basis_fns": 1508,
          "num_iters": 17,
          "schema_version": "0.2.0"
        }
      ]
    ],
    "num_iters": 17,
    "ri_fock_time": 4.455119611,
    "ri_tflops": 0.12856513355865543,
    "scf_tflops": 0.04246827821869838,
    "scf_time": 38.108759149,
    "schema_version": "0.2.0",
    "tflops": 0.42640835969061974,
    "total_time": 38.34802,
    "transforms_time": 0.4684514540000001,
    "xc_tflops": 0.0,
    "xc_time": 23.651220639
  },
  "schema_version": "0.2.0"
}
