{
  "calculation_time": 38.892838686,
  "qmmbe": {
    "b_formation_time": 2.941693806,
    "b_tflops": 5.2835368354961965,
    "diag_time": 7.06099531,
    "expanded_elec_energy": -6059.331677361695,
    "expanded_hf_energy": -1691.5911501317428,
    "expanded_nuc_repulsion_energy": 4616.178730708025,
    "expanded_xc_energy": -248.4382034780724,
    "homo": -0.16543889055966776,
    "lumo": -0.1109133361809777,
    "method": "RestrictedKSDFT",
    "mp2_tflops": 0.0,
    "mp2_time": 6.95335580497654e-310,
    "n_atoms": 68,
    "nmers": [
      [
        {
          "fragments": [
            0
          ],
          "hf_energy": -1691.5911501317428,
          "num_basis_fns": 1508,
          "num_iters": 17,
          "schema_version": "0.2.0"
        }
      ]
    ],
    "num_iters": 17,
    "ri_fock_time": 4.420755915000001,
    "ri_tflops": 0.129564504085044,
    "scf_tflops": 0.04150049749318699,
    "scf_time": 38.675279503,
    "schema_version": "0.2.0",
    "tflops": 0.4371280833044044,
    "total_time": 38.888391,
    "transforms_time": 0.098722782,
    "xc_tflops": 0.0,
    "xc_time": 24.257184900000002
  },
  "schema_version": "0.2.0"
}
