{
  "calculation_time": 36.503987271,
  "qmmbe": {
    "b_formation_time": 2.61794139,
    "b_tflops": 5.515589658159612,
    "diag_time": 7.693313966000001,
    "expanded_elec_energy": -5879.364065085272,
    "expanded_hf_energy": -1691.5962883715017,
    "expanded_nuc_repulsion_energy": 4436.201480098186,
    "expanded_xc_energy": -248.43370338441565,
    "homo": -0.16647628144431678,
    "lumo": -0.11054064708218232,
    "method": "RestrictedKSDFT",
    "mp2_tflops": 0.0,
    "mp2_time": 6.95335580496073e-310,
    "n_atoms": 68,
    "nmers": [
      [
        {
          "fragments": [
            0
          ],
          "hf_energy": -1691.5962883715017,
          "num_basis_fns": 1508,
          "num_iters": 17,
          "schema_version": "0.2.0"
        }
      ]
    ],
    "num_iters": 17,
    "ri_fock_time": 3.991460274000001,
    "ri_tflops": 0.1434996238191296,
    "scf_tflops": 0.04398973447280812,
    "scf_time": 36.258691081,
    "schema_version": "0.2.0",
    "tflops": 0.43552386452556935,
    "total_time": 36.498922,
    "transforms_time": 0.22432081499999995,
    "xc_tflops": 0.0,
    "xc_time": 22.437506405999997
  },
  "schema_version": "0.2.0"
}
