{
  "calculation_time": 40.039818669,
  "qmmbe": {
    "b_formation_time": 2.739213425,
    "b_tflops": 4.716853088149566,
    "diag_time": 7.145847234,
    "expanded_elec_energy": -5619.339084670186,
    "expanded_hf_energy": -1614.168154375022,
    "expanded_nuc_repulsion_energy": 4242.000864865964,
    "expanded_xc_energy": -236.82993457080016,
    "homo": -0.16457055779277613,
    "lumo": -0.1112535366702207,
    "method": "RestrictedKSDFT",
    "mp2_tflops": 0.0,
    "mp2_time": 6.9533558049781e-310,
    "n_atoms": 64,
    "nmers": [
      [
        {
          "fragments": [
            0
          ],
          "hf_energy": -1614.168154375022,
          "num_basis_fns": 1434,
          "num_iters": 18,
          "schema_version": "0.2.0"
        }
      ]
    ],
    "num_iters": 18,
    "ri_fock_time": 3.9313149890000005,
    "ri_tflops": 0.13264238082246427,
    "scf_tflops": 0.036294108196301744,
    "scf_time": 39.830257935,
    "schema_version": "0.2.0",
    "tflops": 0.35587758009752296,
    "total_time": 40.035462,
    "transforms_time": 0.171795199,
    "xc_tflops": 0.0,
    "xc_time": 26.281667308
  },
  "schema_version": "0.2.0"
}
