{
  "calculation_time": 36.580226308,
  "qmmbe": {
    "b_formation_time": 2.784200311,
    "b_tflops": 4.892069690192632,
    "diag_time": 6.419128116,
    "expanded_elec_energy": -5730.774539380991,
    "expanded_hf_energy": -1614.1737476966423,
    "expanded_nuc_repulsion_energy": 4353.437704355836,
    "expanded_xc_energy": -236.83691267148745,
    "homo": -0.1780181678191847,
    "lumo": -0.09643278233044407,
    "method": "RestrictedKSDFT",
    "mp2_tflops": 0.0,
    "mp2_time": 6.9533558049781e-310,
    "n_atoms": 64,
    "nmers": [
      [
        {
          "fragments": [
            0
          ],
          "hf_energy": -1614.1737476966423,
          "num_basis_fns": 1434,
          "num_iters": 17,
          "schema_version": "0.2.0"
        }
      ]
    ],
    "num_iters": 17,
    "ri_fock_time": 3.479038640000001,
    "ri_tflops": 0.1415589441616549,
    "scf_tflops": 0.038062265967444824,
    "scf_time": 36.359258615,
    "schema_version": "0.2.0",
    "tflops": 0.40666025840102826,
    "total_time": 36.575972,
    "transforms_time": 0.29680101799999997,
    "xc_tflops": 0.0,
    "xc_time": 23.679024346000002
  },
  "schema_version": "0.2.0"
}
