{
  "calculation_time": 37.578101778,
  "qmmbe": {
    "b_formation_time": 2.812923593,
    "b_tflops": 5.723446918672135,
    "diag_time": 6.275527768,
    "expanded_elec_energy": -6134.180102575239,
    "expanded_hf_energy": -1691.5761319741193,
    "expanded_nuc_repulsion_energy": 4691.0486524262715,
    "expanded_xc_energy": -248.4446818251516,
    "homo": -0.17413835670416355,
    "lumo": -0.0973923354452677,
    "method": "RestrictedKSDFT",
    "mp2_tflops": 0.0,
    "mp2_time": 6.95335580497654e-310,
    "n_atoms": 68,
    "nmers": [
      [
        {
          "fragments": [
            0
          ],
          "hf_energy": -1691.5761319741193,
          "num_basis_fns": 1508,
          "num_iters": 18,
          "schema_version": "0.2.0"
        }
      ]
    ],
    "num_iters": 18,
    "ri_fock_time": 4.235859591,
    "ri_tflops": 0.1431741461215021,
    "scf_tflops": 0.04528688627733055,
    "scf_time": 37.336497497,
    "schema_version": "0.2.0",
    "tflops": 0.4695336505473859,
    "total_time": 37.573682,
    "transforms_time": 0.13798358399999996,
    "xc_tflops": 0.0,
    "xc_time": 25.111522813999997
  },
  "schema_version": "0.2.0"
}
