{
  "calculation_time": 44.341500046,
  "qmmbe": {
    "b_formation_time": 2.939468993,
    "b_tflops": 5.473922931799403,
    "diag_time": 9.085372954999999,
    "expanded_elec_energy": -6133.99827053618,
    "expanded_hf_energy": -1691.5856569302282,
    "expanded_nuc_repulsion_energy": 4690.858033901894,
    "expanded_xc_energy": -248.44542029594186,
    "homo": -0.1647559970470368,
    "lumo": -0.11244302148504512,
    "method": "RestrictedKSDFT",
    "mp2_tflops": 0.0,
    "mp2_time": 6.9533558049623e-310,
    "n_atoms": 68,
    "nmers": [
      [
        {
          "fragments": [
            0
          ],
          "hf_energy": -1691.5856569302282,
          "num_basis_fns": 1508,
          "num_iters": 18,
          "schema_version": "0.2.0"
        }
      ]
    ],
    "num_iters": 18,
    "ri_fock_time": 4.64900319,
    "ri_tflops": 0.13045066979874453,
    "scf_tflops": 0.03811837235555784,
    "scf_time": 44.090717952,
    "schema_version": "0.2.0",
    "tflops": 0.3977059755769043,
    "total_time": 44.336563,
    "transforms_time": 0.107577283,
    "xc_tflops": 0.0,
    "xc_time": 27.871553835999997
  },
  "schema_version": "0.2.0"
}
