{
  "calculation_time": 39.641492907,
  "qmmbe": {
    "b_formation_time": 3.073096374,
    "b_tflops": 5.0834134770939015,
    "diag_time": 7.908301959000001,
    "expanded_elec_energy": -6065.76899660008,
    "expanded_hf_energy": -1691.5723217922432,
    "expanded_nuc_repulsion_energy": 4622.638220291337,
    "expanded_xc_energy": -248.44154548350073,
    "homo": -0.1691133639852991,
    "lumo": -0.10544981883431434,
    "method": "RestrictedKSDFT",
    "mp2_tflops": 0.0,
    "mp2_time": 6.95335580497654e-310,
    "n_atoms": 68,
    "nmers": [
      [
        {
          "fragments": [
            0
          ],
          "hf_energy": -1691.5723217922432,
          "num_basis_fns": 1508,
          "num_iters": 17,
          "schema_version": "0.2.0"
        }
      ]
    ],
    "num_iters": 17,
    "ri_fock_time": 4.581909194,
    "ri_tflops": 0.125007507472659,
    "scf_tflops": 0.040735212321375884,
    "scf_time": 39.395735277,
    "schema_version": "0.2.0",
    "tflops": 0.4308722453788304,
    "total_time": 39.636995,
    "transforms_time": 0.18301967699999996,
    "xc_tflops": 0.0,
    "xc_time": 24.900902179
  },
  "schema_version": "0.2.0"
}
