{
  "calculation_time": 26.136217935,
  "qmmbe": {
    "b_formation_time": 2.174192967,
    "b_tflops": 5.51307278905203,
    "diag_time": 5.340978285,
    "expanded_elec_energy": -5437.133959581254,
    "expanded_hf_energy": -1614.1895717556015,
    "expanded_nuc_repulsion_energy": 4059.7597610310436,
    "expanded_xc_energy": -236.81537320539093,
    "homo": -0.16443890190660135,
    "lumo": -0.11223069910641979,
    "method": "RestrictedKSDFT",
    "mp2_tflops": 0.0,
    "mp2_time": 6.95335580497654e-310,
    "n_atoms": 64,
    "nmers": [
      [
        {
          "fragments": [
            0
          ],
          "hf_energy": -1614.1895717556015,
          "num_basis_fns": 1434,
          "num_iters": 18,
          "schema_version": "0.2.0"
        }
      ]
    ],
    "num_iters": 18,
    "ri_fock_time": 2.4966299560000005,
    "ri_tflops": 0.20886514585423804,
    "scf_tflops": 0.05670982956127288,
    "scf_time": 25.938548917,
    "schema_version": "0.2.0",
    "tflops": 0.5094882354055934,
    "total_time": 26.131779,
    "transforms_time": 0.17494590699999996,
    "xc_tflops": 0.0,
    "xc_time": 15.546371301999997
  },
  "schema_version": "0.2.0"
}
