{
  "calculation_time": 41.052732248,
  "qmmbe": {
    "b_formation_time": 2.975255375,
    "b_tflops": 5.789330651908829,
    "diag_time": 7.367856797999999,
    "expanded_elec_energy": -6274.243961748045,
    "expanded_hf_energy": -1691.5970574129265,
    "expanded_nuc_repulsion_energy": 4831.091847750228,
    "expanded_xc_energy": -248.44494341510978,
    "homo": -0.17151374996050714,
    "lumo": -0.10108939010106376,
    "method": "RestrictedKSDFT",
    "mp2_tflops": 0.0,
    "mp2_time": 6.9533558049781e-310,
    "n_atoms": 68,
    "nmers": [
      [
        {
          "fragments": [
            0
          ],
          "hf_energy": -1691.5970574129265,
          "num_basis_fns": 1508,
          "num_iters": 18,
          "schema_version": "0.2.0"
        }
      ]
    ],
    "num_iters": 18,
    "ri_fock_time": 4.593402641,
    "ri_tflops": 0.13202970160263816,
    "scf_tflops": 0.04151758011002316,
    "scf_time": 40.800263715,
    "schema_version": "0.2.0",
    "tflops": 0.4572009522577751,
    "total_time": 41.048091,
    "transforms_time": 0.09944370900000002,
    "xc_tflops": 0.0,
    "xc_time": 26.246926443000003
  },
  "schema_version": "0.2.0"
}
