{
  "calculation_time": 31.976741353,
  "qmmbe": {
    "b_formation_time": 2.586396173,
    "b_tflops": 5.032075127864025,
    "diag_time": 5.331702764,
    "expanded_elec_energy": -5629.892225283729,
    "expanded_hf_energy": -1614.1790411312409,
    "expanded_nuc_repulsion_energy": 4252.54407191158,
    "expanded_xc_energy": -236.83088775909204,
    "homo": -0.17068312977754668,
    "lumo": -0.10350362186711608,
    "method": "RestrictedKSDFT",
    "mp2_tflops": 0.0,
    "mp2_time": 6.95335580497654e-310,
    "n_atoms": 64,
    "nmers": [
      [
        {
          "fragments": [
            0
          ],
          "hf_energy": -1614.1790411312409,
          "num_basis_fns": 1434,
          "num_iters": 17,
          "schema_version": "0.2.0"
        }
      ]
    ],
    "num_iters": 17,
    "ri_fock_time": 3.2638153690000005,
    "ri_tflops": 0.15089365693099654,
    "scf_tflops": 0.043564946985009,
    "scf_time": 31.763592044,
    "schema_version": "0.2.0",
    "tflops": 0.4462734463557078,
    "total_time": 31.972397,
    "transforms_time": 0.09408185100000002,
    "xc_tflops": 0.0,
    "xc_time": 20.779307485
  },
  "schema_version": "0.2.0"
}
