{
  "calculation_time": 35.697548109,
  "qmmbe": {
    "b_formation_time": 2.817998834,
    "b_tflops": 5.549730358544215,
    "diag_time": 6.435861396000001,
    "expanded_elec_energy": -6067.765136349843,
    "expanded_hf_energy": -1691.5854616106378,
    "expanded_nuc_repulsion_energy": 4624.618841336153,
    "expanded_xc_energy": -248.43916659694852,
    "homo": -0.17340021200155661,
    "lumo": -0.10111339074710572,
    "method": "RestrictedKSDFT",
    "mp2_tflops": 0.0,
    "mp2_time": 6.95335580497654e-310,
    "n_atoms": 68,
    "nmers": [
      [
        {
          "fragments": [
            0
          ],
          "hf_energy": -1691.5854616106378,
          "num_basis_fns": 1508,
          "num_iters": 17,
          "schema_version": "0.2.0"
        }
      ]
    ],
    "num_iters": 17,
    "ri_fock_time": 4.2253013909999995,
    "ri_tflops": 0.1355579152360637,
    "scf_tflops": 0.045316146090904695,
    "scf_time": 35.455583085,
    "schema_version": "0.2.0",
    "tflops": 0.4789660339839153,
    "total_time": 35.693124,
    "transforms_time": 0.14233742700000004,
    "xc_tflops": 0.0,
    "xc_time": 23.011358078
  },
  "schema_version": "0.2.0"
}
