{
  "calculation_time": 38.599757338,
  "qmmbe": {
    "b_formation_time": 2.60912431,
    "b_tflops": 4.160712390877229,
    "diag_time": 6.28858989,
    "expanded_elec_energy": -5221.031370323063,
    "expanded_hf_energy": -1537.9228934145915,
    "expanded_nuc_repulsion_energy": 3909.019471131052,
    "expanded_xc_energy": -225.91099422258026,
    "homo": -0.15952405442802406,
    "lumo": -0.11542151669247676,
    "method": "RestrictedKSDFT",
    "mp2_tflops": 0.0,
    "mp2_time": 6.95335580498286e-310,
    "n_atoms": 62,
    "nmers": [
      [
        {
          "fragments": [
            0
          ],
          "hf_energy": -1537.9228934145915,
          "num_basis_fns": 1372,
          "num_iters": 18,
          "schema_version": "0.2.0"
        }
      ]
    ],
    "num_iters": 18,
    "ri_fock_time": 4.223009576,
    "ri_tflops": 0.10815548616222224,
    "scf_tflops": 0.03316597255633682,
    "scf_time": 38.380331256,
    "schema_version": "0.2.0",
    "tflops": 0.31140933412457794,
    "total_time": 38.595736,
    "transforms_time": 0.43121375200000006,
    "xc_tflops": 0.0,
    "xc_time": 26.015535705999998
  },
  "schema_version": "0.2.0"
}
