{
  "calculation_time": 37.526854001,
  "qmmbe": {
    "b_formation_time": 2.903192914,
    "b_tflops": 4.831736424057695,
    "diag_time": 7.9686428209999995,
    "expanded_elec_energy": -5822.726887905857,
    "expanded_hf_energy": -1691.6141457844071,
    "expanded_nuc_repulsion_energy": 4379.55019112419,
    "expanded_xc_energy": -248.43744900273973,
    "homo": -0.17831544090645507,
    "lumo": -0.09754656373450628,
    "method": "RestrictedKSDFT",
    "mp2_tflops": 0.0,
    "mp2_time": 6.95335580497654e-310,
    "n_atoms": 68,
    "nmers": [
      [
        {
          "fragments": [
            0
          ],
          "hf_energy": -1691.6141457844071,
          "num_basis_fns": 1508,
          "num_iters": 17,
          "schema_version": "0.2.0"
        }
      ]
    ],
    "num_iters": 17,
    "ri_fock_time": 3.7886661260000003,
    "ri_tflops": 0.15118066062282523,
    "scf_tflops": 0.04292962936650417,
    "scf_time": 37.313436976,
    "schema_version": "0.2.0",
    "tflops": 0.4126643758641958,
    "total_time": 37.522315999999996,
    "transforms_time": 0.829568892,
    "xc_tflops": 0.0,
    "xc_time": 22.85510909
  },
  "schema_version": "0.2.0"
}
