{
  "calculation_time": 50.410509415,
  "qmmbe": {
    "b_formation_time": 2.88518716,
    "b_tflops": 5.912473487502973,
    "diag_time": 9.043092431000002,
    "expanded_elec_energy": -6267.109210930379,
    "expanded_hf_energy": -1691.5804989746111,
    "expanded_nuc_repulsion_energy": 4823.97006657962,
    "expanded_xc_energy": -248.4413546238521,
    "homo": -0.17247468856730408,
    "lumo": -0.09967407635836811,
    "method": "RestrictedKSDFT",
    "mp2_tflops": 0.0,
    "mp2_time": 6.95335580497654e-310,
    "n_atoms": 68,
    "nmers": [
      [
        {
          "fragments": [
            0
          ],
          "hf_energy": -1691.5804989746111,
          "num_basis_fns": 1508,
          "num_iters": 17,
          "schema_version": "0.2.0"
        }
      ]
    ],
    "num_iters": 17,
    "ri_fock_time": 6.544145299,
    "ri_tflops": 0.08752450039511264,
    "scf_tflops": 0.03147658794303203,
    "scf_time": 50.138705824,
    "schema_version": "0.2.0",
    "tflops": 0.3673235386310396,
    "total_time": 50.405844,
    "transforms_time": 0.10247997500000001,
    "xc_tflops": 0.0,
    "xc_time": 33.815471612
  },
  "schema_version": "0.2.0"
}
