{
  "calculation_time": 37.541011007,
  "qmmbe": {
    "b_formation_time": 2.765656754,
    "b_tflops": 5.731336561936926,
    "diag_time": 6.76703262,
    "expanded_elec_energy": -6099.071756726664,
    "expanded_hf_energy": -1691.5733832626856,
    "expanded_nuc_repulsion_energy": 4655.938132982645,
    "expanded_xc_energy": -248.4397595186664,
    "homo": -0.162389356658439,
    "lumo": -0.11571118282463722,
    "method": "RestrictedKSDFT",
    "mp2_tflops": 0.0,
    "mp2_time": 6.95335580497654e-310,
    "n_atoms": 68,
    "nmers": [
      [
        {
          "fragments": [
            0
          ],
          "hf_energy": -1691.5733832626856,
          "num_basis_fns": 1508,
          "num_iters": 18,
          "schema_version": "0.2.0"
        }
      ]
    ],
    "num_iters": 18,
    "ri_fock_time": 4.555087326000001,
    "ri_tflops": 0.13314027517548407,
    "scf_tflops": 0.04526428412563822,
    "scf_time": 37.281824374,
    "schema_version": "0.2.0",
    "tflops": 0.4633749651833065,
    "total_time": 37.536337,
    "transforms_time": 0.14993671700000002,
    "xc_tflops": 0.0,
    "xc_time": 24.119299418
  },
  "schema_version": "0.2.0"
}
