{
  "calculation_time": 32.461589298,
  "qmmbe": {
    "b_formation_time": 2.58048653,
    "b_tflops": 5.004787236436379,
    "diag_time": 5.949967087000002,
    "expanded_elec_energy": -5622.617555305727,
    "expanded_hf_energy": -1614.1922558166984,
    "expanded_nuc_repulsion_energy": 4245.260736948277,
    "expanded_xc_energy": -236.83543745924766,
    "homo": -0.1806417570675801,
    "lumo": -0.09598811385331647,
    "method": "RestrictedKSDFT",
    "mp2_tflops": 0.0,
    "mp2_time": 6.95335580497654e-310,
    "n_atoms": 64,
    "nmers": [
      [
        {
          "fragments": [
            0
          ],
          "hf_energy": -1614.1922558166984,
          "num_basis_fns": 1434,
          "num_iters": 17,
          "schema_version": "0.2.0"
        }
      ]
    ],
    "num_iters": 17,
    "ri_fock_time": 3.3680511829999995,
    "ri_tflops": 0.14622373883799739,
    "scf_tflops": 0.04285942248324509,
    "scf_time": 32.241388468,
    "schema_version": "0.2.0",
    "tflops": 0.4365205488639427,
    "total_time": 32.4573,
    "transforms_time": 0.13400120900000004,
    "xc_tflops": 0.0,
    "xc_time": 20.420719049
  },
  "schema_version": "0.2.0"
}
