{
  "calculation_time": 33.598879633,
  "qmmbe": {
    "b_formation_time": 2.183116512,
    "b_tflops": 6.8759601868102225,
    "diag_time": 4.537707684,
    "expanded_elec_energy": -5980.09427231414,
    "expanded_hf_energy": -1691.498746562164,
    "expanded_nuc_repulsion_energy": 4536.839332108107,
    "expanded_xc_energy": -248.24380635613082,
    "homo": -0.17122236400034394,
    "lumo": -0.11216151662364941,
    "method": "RestrictedKSDFT",
    "mp2_tflops": 0.0,
    "mp2_time": 6.95335580496863e-310,
    "n_atoms": 68,
    "nmers": [
      [
        {
          "fragments": [
            0
          ],
          "hf_energy": -1691.498746562164,
          "num_basis_fns": 1508,
          "num_iters": 17,
          "schema_version": "0.2.0"
        }
      ]
    ],
    "num_iters": 17,
    "ri_fock_time": 0.27237258500000006,
    "ri_tflops": 2.1029027125031687,
    "scf_tflops": 35.56059473025844,
    "scf_time": 33.405126233,
    "schema_version": "0.2.0",
    "tflops": 33.2340135351859,
    "total_time": 33.594337,
    "transforms_time": 0.09028250399999997,
    "xc_tflops": 44.26056344522093,
    "xc_time": 24.852767404999994
  },
  "schema_version": "0.2.0"
}
