{
  "calculation_time": 32.385698602,
  "qmmbe": {
    "b_formation_time": 2.183886018,
    "b_tflops": 6.700764243112618,
    "diag_time": 4.818610381,
    "expanded_elec_energy": -5919.4390537833115,
    "expanded_hf_energy": -1691.5013744041744,
    "expanded_nuc_repulsion_energy": 4476.18897641858,
    "expanded_xc_energy": -248.2512970394427,
    "homo": -0.1793553726868966,
    "lumo": -0.10624896643231546,
    "method": "RestrictedKSDFT",
    "mp2_tflops": 0.0,
    "mp2_time": 6.953355804956e-310,
    "n_atoms": 68,
    "nmers": [
      [
        {
          "fragments": [
            0
          ],
          "hf_energy": -1691.5013744041744,
          "num_basis_fns": 1508,
          "num_iters": 16,
          "schema_version": "0.2.0"
        }
      ]
    ],
    "num_iters": 16,
    "ri_fock_time": 0.25965923,
    "ri_tflops": 2.0761076568855263,
    "scf_tflops": 34.96137980035383,
    "scf_time": 32.196468002,
    "schema_version": "0.2.0",
    "tflops": 32.573662843017814,
    "total_time": 32.380952,
    "transforms_time": 0.085467699,
    "xc_tflops": 44.3877836592978,
    "xc_time": 23.401992750000005
  },
  "schema_version": "0.2.0"
}
