{
  "calculation_time": 37.824690675,
  "qmmbe": {
    "b_formation_time": 4.251434516,
    "b_tflops": 3.650575952719673,
    "diag_time": 5.0426707650000004,
    "expanded_elec_energy": -6045.981516587617,
    "expanded_hf_energy": -1691.498203070813,
    "expanded_nuc_repulsion_energy": 4602.737570586563,
    "expanded_xc_energy": -248.25425706975915,
    "homo": -0.17852133816793078,
    "lumo": -0.10393604631377304,
    "method": "RestrictedKSDFT",
    "mp2_tflops": 0.0,
    "mp2_time": 6.953355804956e-310,
    "n_atoms": 68,
    "nmers": [
      [
        {
          "fragments": [
            0
          ],
          "hf_energy": -1691.498203070813,
          "num_basis_fns": 1508,
          "num_iters": 17,
          "schema_version": "0.2.0"
        }
      ]
    ],
    "num_iters": 17,
    "ri_fock_time": 0.308665572,
    "ri_tflops": 1.8556428049189755,
    "scf_tflops": 35.149704364847075,
    "scf_time": 35.795159882,
    "schema_version": "0.2.0",
    "tflops": 30.318518154701646,
    "total_time": 36.228667,
    "transforms_time": 0.2753368470000001,
    "xc_tflops": 44.898716722533955,
    "xc_time": 24.429440107999994
  },
  "schema_version": "0.2.0"
}
