{
  "calculation_time": 27.783569813,
  "qmmbe": {
    "b_formation_time": 1.998729305,
    "b_tflops": 6.715294054207106,
    "diag_time": 3.6438257210000002,
    "expanded_elec_energy": -5704.454120190393,
    "expanded_hf_energy": -1614.0776359859233,
    "expanded_nuc_repulsion_energy": 4327.031998863019,
    "expanded_xc_energy": -236.65551465854915,
    "homo": -0.17838888250921323,
    "lumo": -0.1035661875100723,
    "method": "RestrictedKSDFT",
    "mp2_tflops": 0.0,
    "mp2_time": 6.9533558049623e-310,
    "n_atoms": 64,
    "nmers": [
      [
        {
          "fragments": [
            0
          ],
          "hf_energy": -1614.0776359859233,
          "num_basis_fns": 1434,
          "num_iters": 16,
          "schema_version": "0.2.0"
        }
      ]
    ],
    "num_iters": 16,
    "ri_fock_time": 0.22203486199999997,
    "ri_tflops": 2.0875960156563163,
    "scf_tflops": 34.85138660665455,
    "scf_time": 27.594331288,
    "schema_version": "0.2.0",
    "tflops": 32.264336097480616,
    "total_time": 27.779227,
    "transforms_time": 0.083353953,
    "xc_tflops": 43.28729748739298,
    "xc_time": 20.367864221999998
  },
  "schema_version": "0.2.0"
}
