{
  "calculation_time": 28.935734808,
  "qmmbe": {
    "b_formation_time": 2.047032928,
    "b_tflops": 7.368438959420588,
    "diag_time": 3.869003008,
    "expanded_elec_energy": -5947.518928525873,
    "expanded_hf_energy": -1614.0826101434745,
    "expanded_nuc_repulsion_energy": 4570.0961918755165,
    "expanded_xc_energy": -236.65987349311808,
    "homo": -0.18089320328454075,
    "lumo": -0.09789734262378573,
    "method": "RestrictedKSDFT",
    "mp2_tflops": 0.0,
    "mp2_time": 6.95335580498286e-310,
    "n_atoms": 64,
    "nmers": [
      [
        {
          "fragments": [
            0
          ],
          "hf_energy": -1614.0826101434745,
          "num_basis_fns": 1434,
          "num_iters": 17,
          "schema_version": "0.2.0"
        }
      ]
    ],
    "num_iters": 17,
    "ri_fock_time": 0.236748422,
    "ri_tflops": 2.08022098908013,
    "scf_tflops": 35.151046382267594,
    "scf_time": 28.723887148,
    "schema_version": "0.2.0",
    "tflops": 32.59040259023252,
    "total_time": 28.931631,
    "transforms_time": 0.09102184000000002,
    "xc_tflops": 43.96795612656957,
    "xc_time": 21.073537355000003
  },
  "schema_version": "0.2.0"
}
