{
  "calculation_time": 31.941700188,
  "qmmbe": {
    "b_formation_time": 2.225864252,
    "b_tflops": 6.726648887696858,
    "diag_time": 4.22799188,
    "expanded_elec_energy": -5971.213067716022,
    "expanded_hf_energy": -1691.4961917279825,
    "expanded_nuc_repulsion_energy": 4527.964519958945,
    "expanded_xc_energy": -248.24764397090536,
    "homo": -0.17720803059495555,
    "lumo": -0.10391083940980299,
    "method": "RestrictedKSDFT",
    "mp2_tflops": 0.0,
    "mp2_time": 6.95335580498286e-310,
    "n_atoms": 68,
    "nmers": [
      [
        {
          "fragments": [
            0
          ],
          "hf_energy": -1691.4961917279825,
          "num_basis_fns": 1508,
          "num_iters": 16,
          "schema_version": "0.2.0"
        }
      ]
    ],
    "num_iters": 16,
    "ri_fock_time": 0.258240978,
    "ri_tflops": 2.087509580234009,
    "scf_tflops": 35.441094599832674,
    "scf_time": 31.734579998,
    "schema_version": "0.2.0",
    "tflops": 32.94173006088097,
    "total_time": 31.937133,
    "transforms_time": 0.08818933299999998,
    "xc_tflops": 43.99510710021038,
    "xc_time": 23.541366465
  },
  "schema_version": "0.2.0"
}
