{
  "calculation_time": 33.454109258,
  "qmmbe": {
    "b_formation_time": 2.170163734,
    "b_tflops": 6.956259013330282,
    "diag_time": 4.500391444,
    "expanded_elec_energy": -5982.961737514664,
    "expanded_hf_energy": -1691.4824910042366,
    "expanded_nuc_repulsion_energy": 4539.715801975653,
    "expanded_xc_energy": -248.2365554652265,
    "homo": -0.17191249394317448,
    "lumo": -0.11374163041516146,
    "method": "RestrictedKSDFT",
    "mp2_tflops": 0.0,
    "mp2_time": 6.953355804956e-310,
    "n_atoms": 68,
    "nmers": [
      [
        {
          "fragments": [
            0
          ],
          "hf_energy": -1691.4824910042366,
          "num_basis_fns": 1508,
          "num_iters": 17,
          "schema_version": "0.2.0"
        }
      ]
    ],
    "num_iters": 17,
    "ri_fock_time": 0.273375292,
    "ri_tflops": 2.0951895235945464,
    "scf_tflops": 35.62235120209028,
    "scf_time": 33.244706383,
    "schema_version": "0.2.0",
    "tflops": 33.27137686681326,
    "total_time": 33.449428,
    "transforms_time": 0.093730043,
    "xc_tflops": 44.337775583223454,
    "xc_time": 24.726978992000003
  },
  "schema_version": "0.2.0"
}
