{
  "calculation_time": 32.458953544,
  "qmmbe": {
    "b_formation_time": 2.152702808,
    "b_tflops": 6.401045902068615,
    "diag_time": 4.797004004,
    "expanded_elec_energy": -5756.929819520143,
    "expanded_hf_energy": -1691.5102428872092,
    "expanded_nuc_repulsion_energy": 4313.665950338037,
    "expanded_xc_energy": -248.24637370510334,
    "homo": -0.17648222128484703,
    "lumo": -0.10863276286697318,
    "method": "RestrictedKSDFT",
    "mp2_tflops": 0.0,
    "mp2_time": 6.95335580496705e-310,
    "n_atoms": 68,
    "nmers": [
      [
        {
          "fragments": [
            0
          ],
          "hf_energy": -1691.5102428872092,
          "num_basis_fns": 1508,
          "num_iters": 16,
          "schema_version": "0.2.0"
        }
      ]
    ],
    "num_iters": 16,
    "ri_fock_time": 0.25844920299999996,
    "ri_tflops": 2.085827734527779,
    "scf_tflops": 34.84430378044833,
    "scf_time": 32.279518728,
    "schema_version": "0.2.0",
    "tflops": 32.51256431743642,
    "total_time": 32.454482,
    "transforms_time": 0.08071911400000002,
    "xc_tflops": 44.05987847304922,
    "xc_time": 23.604851152000002
  },
  "schema_version": "0.2.0"
}
