{
  "calculation_time": 19.158310373,
  "qmmbe": {
    "b_formation_time": 1.455080501,
    "b_tflops": 5.361308947269027,
    "diag_time": 2.5501369019999998,
    "expanded_elec_energy": -4534.6124676726085,
    "expanded_hf_energy": -1384.1724839559567,
    "expanded_nuc_repulsion_energy": 3353.6805689217485,
    "expanded_xc_energy": -203.2405852050968,
    "homo": -0.17482298039763405,
    "lumo": -0.10793392436117194,
    "method": "RestrictedKSDFT",
    "mp2_tflops": 0.0,
    "mp2_time": 6.95335580498286e-310,
    "n_atoms": 56,
    "nmers": [
      [
        {
          "fragments": [
            0
          ],
          "hf_energy": -1384.1724839559567,
          "num_basis_fns": 1236,
          "num_iters": 16,
          "schema_version": "0.2.0"
        }
      ]
    ],
    "num_iters": 16,
    "ri_fock_time": 0.146996673,
    "ri_tflops": 2.0193480405097333,
    "scf_tflops": 33.17901938204161,
    "scf_time": 19.013378279,
    "schema_version": "0.2.0",
    "tflops": 30.46870546106546,
    "total_time": 19.154456,
    "transforms_time": 0.07110553600000002,
    "xc_tflops": 41.5708512391809,
    "xc_time": 13.833058304
  },
  "schema_version": "0.2.0"
}
