{
  "calculation_time": 23.170326531,
  "qmmbe": {
    "b_formation_time": 1.81863555,
    "b_tflops": 6.429235533859437,
    "diag_time": 3.249252879,
    "expanded_elec_energy": -5377.814979360756,
    "expanded_hf_energy": -1536.6662956101263,
    "expanded_nuc_repulsion_energy": 4066.1931215582777,
    "expanded_xc_energy": -225.04443780764765,
    "homo": -0.17071446230050472,
    "lumo": -0.11336239669200765,
    "method": "RestrictedKSDFT",
    "mp2_tflops": 0.0,
    "mp2_time": 6.95335580498286e-310,
    "n_atoms": 60,
    "nmers": [
      [
        {
          "fragments": [
            0
          ],
          "hf_energy": -1536.6662956101263,
          "num_basis_fns": 1360,
          "num_iters": 16,
          "schema_version": "0.2.0"
        }
      ]
    ],
    "num_iters": 16,
    "ri_fock_time": 0.181615583,
    "ri_tflops": 2.1769635042825595,
    "scf_tflops": 35.559331129457334,
    "scf_time": 22.992435659,
    "schema_version": "0.2.0",
    "tflops": 32.66501682313559,
    "total_time": 23.166241,
    "transforms_time": 0.079428279,
    "xc_tflops": 45.06116378476443,
    "xc_time": 16.511763480000003
  },
  "schema_version": "0.2.0"
}
