{
  "calculation_time": 32.053508906,
  "qmmbe": {
    "b_formation_time": 2.221421256,
    "b_tflops": 6.834200997784996,
    "diag_time": 4.329155991,
    "expanded_elec_energy": -6006.781776052105,
    "expanded_hf_energy": -1691.5180543005101,
    "expanded_nuc_repulsion_energy": 4563.516552925663,
    "expanded_xc_energy": -248.25283117406815,
    "homo": -0.1843891231015926,
    "lumo": -0.09790971437041418,
    "method": "RestrictedKSDFT",
    "mp2_tflops": 0.0,
    "mp2_time": 6.95335580496705e-310,
    "n_atoms": 68,
    "nmers": [
      [
        {
          "fragments": [
            0
          ],
          "hf_energy": -1691.5180543005101,
          "num_basis_fns": 1508,
          "num_iters": 16,
          "schema_version": "0.2.0"
        }
      ]
    ],
    "num_iters": 16,
    "ri_fock_time": 0.257737241,
    "ri_tflops": 2.0915895331711103,
    "scf_tflops": 35.361632012287046,
    "scf_time": 31.85817104,
    "schema_version": "0.2.0",
    "tflops": 32.88547550406824,
    "total_time": 32.048923,
    "transforms_time": 0.08365855499999998,
    "xc_tflops": 44.0370249792135,
    "xc_time": 23.557321731
  },
  "schema_version": "0.2.0"
}
