{
  "calculation_time": 29.957193399,
  "qmmbe": {
    "b_formation_time": 2.103945037,
    "b_tflops": 6.638736003231439,
    "diag_time": 4.030879388000001,
    "expanded_elec_energy": -5797.521379170417,
    "expanded_hf_energy": -1691.5169642218482,
    "expanded_nuc_repulsion_energy": 4354.2535427050425,
    "expanded_xc_energy": -248.24912775647334,
    "homo": -0.18958006282642312,
    "lumo": -0.0967471469802888,
    "method": "RestrictedKSDFT",
    "mp2_tflops": 0.0,
    "mp2_time": 6.95335580496705e-310,
    "n_atoms": 68,
    "nmers": [
      [
        {
          "fragments": [
            0
          ],
          "hf_energy": -1691.5169642218482,
          "num_basis_fns": 1508,
          "num_iters": 15,
          "schema_version": "0.2.0"
        }
      ]
    ],
    "num_iters": 15,
    "ri_fock_time": 0.24009981600000002,
    "ri_tflops": 2.1049078328323247,
    "scf_tflops": 35.688451050120534,
    "scf_time": 29.776522411,
    "schema_version": "0.2.0",
    "tflops": 33.17731259709839,
    "total_time": 29.952647,
    "transforms_time": 0.079003106,
    "xc_tflops": 44.43745139205756,
    "xc_time": 22.019855501000006
  },
  "schema_version": "0.2.0"
}
