{
  "calculation_time": 36.374278964,
  "qmmbe": {
    "b_formation_time": 4.378739737,
    "b_tflops": 3.8417723589421,
    "diag_time": 4.807618366,
    "expanded_elec_energy": -6236.781440490259,
    "expanded_hf_energy": -1691.4738181291182,
    "expanded_nuc_repulsion_energy": 4793.571735250384,
    "expanded_xc_energy": -248.26411288924317,
    "homo": -0.18033433192438345,
    "lumo": -0.09866715458636904,
    "method": "RestrictedKSDFT",
    "mp2_tflops": 0.0,
    "mp2_time": 6.953355804956e-310,
    "n_atoms": 68,
    "nmers": [
      [
        {
          "fragments": [
            0
          ],
          "hf_energy": -1691.4738181291182,
          "num_basis_fns": 1508,
          "num_iters": 16,
          "schema_version": "0.2.0"
        }
      ]
    ],
    "num_iters": 16,
    "ri_fock_time": 0.296188487,
    "ri_tflops": 1.820058980158807,
    "scf_tflops": 34.74680565434062,
    "scf_time": 34.387176795,
    "schema_version": "0.2.0",
    "tflops": 29.660386844374905,
    "total_time": 34.822792,
    "transforms_time": 0.270490767,
    "xc_tflops": 44.40936533694584,
    "xc_time": 23.194020524000003
  },
  "schema_version": "0.2.0"
}
