{
  "calculation_time": 33.498746711,
  "qmmbe": {
    "b_formation_time": 2.164474028,
    "b_tflops": 6.772446612372104,
    "diag_time": 4.536644723,
    "expanded_elec_energy": -5921.346519623139,
    "expanded_hf_energy": -1691.4983928574998,
    "expanded_nuc_repulsion_energy": 4478.089204875681,
    "expanded_xc_energy": -248.2410781100421,
    "homo": -0.1754334521753198,
    "lumo": -0.1094453908373046,
    "method": "RestrictedKSDFT",
    "mp2_tflops": 0.0,
    "mp2_time": 6.9533558049639e-310,
    "n_atoms": 68,
    "nmers": [
      [
        {
          "fragments": [
            0
          ],
          "hf_energy": -1691.4983928574998,
          "num_basis_fns": 1508,
          "num_iters": 17,
          "schema_version": "0.2.0"
        }
      ]
    ],
    "num_iters": 17,
    "ri_fock_time": 0.274599826,
    "ri_tflops": 2.0858463610534117,
    "scf_tflops": 35.629030049265495,
    "scf_time": 33.310489596,
    "schema_version": "0.2.0",
    "tflops": 33.291370704776504,
    "total_time": 33.494288,
    "transforms_time": 0.09139624699999996,
    "xc_tflops": 44.426811506615415,
    "xc_time": 24.736410271999993
  },
  "schema_version": "0.2.0"
}
