{
  "calculation_time": 31.887376185,
  "qmmbe": {
    "b_formation_time": 2.233730601,
    "b_tflops": 7.116305791455646,
    "diag_time": 4.230827134,
    "expanded_elec_energy": -6112.758064155438,
    "expanded_hf_energy": -1691.4757352012757,
    "expanded_nuc_repulsion_energy": 4669.533046937711,
    "expanded_xc_energy": -248.2507179835494,
    "homo": -0.1759245130318229,
    "lumo": -0.10648667405447718,
    "method": "RestrictedKSDFT",
    "mp2_tflops": 0.0,
    "mp2_time": 6.95335580498286e-310,
    "n_atoms": 68,
    "nmers": [
      [
        {
          "fragments": [
            0
          ],
          "hf_energy": -1691.4757352012757,
          "num_basis_fns": 1508,
          "num_iters": 16,
          "schema_version": "0.2.0"
        }
      ]
    ],
    "num_iters": 16,
    "ri_fock_time": 0.25858863,
    "ri_tflops": 2.084703088391783,
    "scf_tflops": 35.4884844441991,
    "scf_time": 31.68372703,
    "schema_version": "0.2.0",
    "tflops": 32.977481393015985,
    "total_time": 31.883029,
    "transforms_time": 0.08946945499999998,
    "xc_tflops": 44.10137988236764,
    "xc_time": 23.449071467999996
  },
  "schema_version": "0.2.0"
}
