{
  "calculation_time": 28.701307006,
  "qmmbe": {
    "b_formation_time": 1.997283841,
    "b_tflops": 6.736686833408372,
    "diag_time": 3.913481501,
    "expanded_elec_energy": -5703.31484082915,
    "expanded_hf_energy": -1614.0659715014438,
    "expanded_nuc_repulsion_energy": 4325.893652156601,
    "expanded_xc_energy": -236.64478282889496,
    "homo": -0.170808604663175,
    "lumo": -0.11299041244608073,
    "method": "RestrictedKSDFT",
    "mp2_tflops": 0.0,
    "mp2_time": 6.9533558049623e-310,
    "n_atoms": 64,
    "nmers": [
      [
        {
          "fragments": [
            0
          ],
          "hf_energy": -1614.0659715014438,
          "num_basis_fns": 1434,
          "num_iters": 17,
          "schema_version": "0.2.0"
        }
      ]
    ],
    "num_iters": 17,
    "ri_fock_time": 0.236978806,
    "ri_tflops": 2.0781986578833553,
    "scf_tflops": 35.60123402784104,
    "scf_time": 28.491713573,
    "schema_version": "0.2.0",
    "tflops": 33.04322447308353,
    "total_time": 28.696824,
    "transforms_time": 0.08335017700000001,
    "xc_tflops": 44.58767695218035,
    "xc_time": 20.937140645
  },
  "schema_version": "0.2.0"
}
