{
  "calculation_time": 33.285983567,
  "qmmbe": {
    "b_formation_time": 2.164790899,
    "b_tflops": 6.448414273264182,
    "diag_time": 4.517107789,
    "expanded_elec_energy": -5825.14310006959,
    "expanded_hf_energy": -1691.5141031284527,
    "expanded_nuc_repulsion_energy": 4381.8689466980795,
    "expanded_xc_energy": -248.23994975694205,
    "homo": -0.17832383486835535,
    "lumo": -0.10954000313101282,
    "method": "RestrictedKSDFT",
    "mp2_tflops": 0.0,
    "mp2_time": 6.95335580496705e-310,
    "n_atoms": 68,
    "nmers": [
      [
        {
          "fragments": [
            0
          ],
          "hf_energy": -1691.5141031284527,
          "num_basis_fns": 1508,
          "num_iters": 17,
          "schema_version": "0.2.0"
        }
      ]
    ],
    "num_iters": 17,
    "ri_fock_time": 0.273882863,
    "ri_tflops": 2.091306632091107,
    "scf_tflops": 35.9171448920994,
    "scf_time": 33.103673548,
    "schema_version": "0.2.0",
    "tflops": 33.531273729346594,
    "total_time": 33.281305,
    "transforms_time": 0.09039892900000002,
    "xc_tflops": 44.820207949331746,
    "xc_time": 24.554600557
  },
  "schema_version": "0.2.0"
}
