{
  "calculation_time": 31.953887492,
  "qmmbe": {
    "b_formation_time": 2.22731241,
    "b_tflops": 6.86435539482133,
    "diag_time": 4.329458067,
    "expanded_elec_energy": -6018.50382190374,
    "expanded_hf_energy": -1691.4945876803858,
    "expanded_nuc_repulsion_energy": 4575.265200178461,
    "expanded_xc_energy": -248.255965955107,
    "homo": -0.17950691363306032,
    "lumo": -0.10100274389012323,
    "method": "RestrictedKSDFT",
    "mp2_tflops": 0.0,
    "mp2_time": 6.953355804956e-310,
    "n_atoms": 68,
    "nmers": [
      [
        {
          "fragments": [
            0
          ],
          "hf_energy": -1691.4945876803858,
          "num_basis_fns": 1508,
          "num_iters": 16,
          "schema_version": "0.2.0"
        }
      ]
    ],
    "num_iters": 16,
    "ri_fock_time": 0.258857487,
    "ri_tflops": 2.0825378544449826,
    "scf_tflops": 35.4888876619274,
    "scf_time": 31.755689103999998,
    "schema_version": "0.2.0",
    "tflops": 32.98631901242053,
    "total_time": 31.949227,
    "transforms_time": 0.08511855400000001,
    "xc_tflops": 44.260176093259695,
    "xc_time": 23.434669806999995
  },
  "schema_version": "0.2.0"
}
