{
  "calculation_time": 33.422546201,
  "qmmbe": {
    "b_formation_time": 2.146617659,
    "b_tflops": 6.826903323910465,
    "diag_time": 4.4884974170000005,
    "expanded_elec_energy": -5939.175639978532,
    "expanded_hf_energy": -1691.4946634557184,
    "expanded_nuc_repulsion_energy": 4495.924879959645,
    "expanded_xc_energy": -248.24390343683194,
    "homo": -0.17984082525388442,
    "lumo": -0.1028505540419422,
    "method": "RestrictedKSDFT",
    "mp2_tflops": 0.0,
    "mp2_time": 6.95335580496705e-310,
    "n_atoms": 68,
    "nmers": [
      [
        {
          "fragments": [
            0
          ],
          "hf_energy": -1691.4946634557184,
          "num_basis_fns": 1508,
          "num_iters": 17,
          "schema_version": "0.2.0"
        }
      ]
    ],
    "num_iters": 17,
    "ri_fock_time": 0.271991453,
    "ri_tflops": 2.10584943567326,
    "scf_tflops": 35.74200947084765,
    "scf_time": 33.233184345,
    "schema_version": "0.2.0",
    "tflops": 33.400987537583,
    "total_time": 33.418043,
    "transforms_time": 0.094445199,
    "xc_tflops": 44.49009673532986,
    "xc_time": 24.726118891
  },
  "schema_version": "0.2.0"
}
