{
  "calculation_time": 27.340581764,
  "qmmbe": {
    "b_formation_time": 1.92002757,
    "b_tflops": 6.3894483648003035,
    "diag_time": 3.67387703,
    "expanded_elec_energy": -5518.311748115276,
    "expanded_hf_energy": -1614.1014221437517,
    "expanded_nuc_repulsion_energy": 4140.851454358064,
    "expanded_xc_energy": -236.64112838654012,
    "homo": -0.17216973014343104,
    "lumo": -0.11269570380573453,
    "method": "RestrictedKSDFT",
    "mp2_tflops": 0.0,
    "mp2_time": 6.9533558049623e-310,
    "n_atoms": 64,
    "nmers": [
      [
        {
          "fragments": [
            0
          ],
          "hf_energy": -1614.1014221437517,
          "num_basis_fns": 1434,
          "num_iters": 16,
          "schema_version": "0.2.0"
        }
      ]
    ],
    "num_iters": 16,
    "ri_fock_time": 0.22169506500000002,
    "ri_tflops": 2.090795720906101,
    "scf_tflops": 35.45080498155684,
    "scf_time": 27.167208509,
    "schema_version": "0.2.0",
    "tflops": 32.87771213033203,
    "total_time": 27.335983,
    "transforms_time": 0.08249441299999997,
    "xc_tflops": 44.341155197321875,
    "xc_time": 19.965186406999997
  },
  "schema_version": "0.2.0"
}
