{
  "calculation_time": 27.435904937,
  "qmmbe": {
    "b_formation_time": 2.020783605,
    "b_tflops": 6.431714000848696,
    "diag_time": 3.6349862779999995,
    "expanded_elec_energy": -5629.212843255342,
    "expanded_hf_energy": -1614.0886229598218,
    "expanded_nuc_repulsion_energy": 4251.770620685666,
    "expanded_xc_energy": -236.64640039014546,
    "homo": -0.178990546939066,
    "lumo": -0.10413229927431893,
    "method": "RestrictedKSDFT",
    "mp2_tflops": 0.0,
    "mp2_time": 6.95335580498286e-310,
    "n_atoms": 64,
    "nmers": [
      [
        {
          "fragments": [
            0
          ],
          "hf_energy": -1614.0886229598218,
          "num_basis_fns": 1434,
          "num_iters": 16,
          "schema_version": "0.2.0"
        }
      ]
    ],
    "num_iters": 16,
    "ri_fock_time": 0.22223804900000002,
    "ri_tflops": 2.0856873759182433,
    "scf_tflops": 35.42423118290913,
    "scf_time": 27.253452641,
    "schema_version": "0.2.0",
    "tflops": 32.730239128022006,
    "total_time": 27.43164,
    "transforms_time": 0.08364340800000002,
    "xc_tflops": 44.18539055972192,
    "xc_time": 19.998921623999998
  },
  "schema_version": "0.2.0"
}
