{
  "calculation_time": 31.877298349,
  "qmmbe": {
    "b_formation_time": 2.251147165,
    "b_tflops": 6.929936615721878,
    "diag_time": 4.3148262509999995,
    "expanded_elec_energy": -6059.568522730638,
    "expanded_hf_energy": -1691.4872374356298,
    "expanded_nuc_repulsion_energy": 4616.33891670493,
    "expanded_xc_energy": -248.2576314099221,
    "homo": -0.17840819587576598,
    "lumo": -0.10028560644109276,
    "method": "RestrictedKSDFT",
    "mp2_tflops": 0.0,
    "mp2_time": 6.95335580498286e-310,
    "n_atoms": 68,
    "nmers": [
      [
        {
          "fragments": [
            0
          ],
          "hf_energy": -1691.4872374356298,
          "num_basis_fns": 1508,
          "num_iters": 16,
          "schema_version": "0.2.0"
        }
      ]
    ],
    "num_iters": 16,
    "ri_fock_time": 0.2580537910000001,
    "ri_tflops": 2.089023817456725,
    "scf_tflops": 35.549286792822016,
    "scf_time": 31.679066287,
    "schema_version": "0.2.0",
    "tflops": 33.046273542171726,
    "total_time": 31.872794,
    "transforms_time": 0.08485346400000002,
    "xc_tflops": 44.36644109495157,
    "xc_time": 23.357745785000002
  },
  "schema_version": "0.2.0"
}
