{
  "calculation_time": 31.821452647,
  "qmmbe": {
    "b_formation_time": 2.156392014,
    "b_tflops": 6.632905714584046,
    "diag_time": 4.231967187,
    "expanded_elec_energy": -5868.7767626992145,
    "expanded_hf_energy": -1691.5033175629967,
    "expanded_nuc_repulsion_energy": 4425.519624109757,
    "expanded_xc_energy": -248.24617897353954,
    "homo": -0.1741614196341324,
    "lumo": -0.11199561639412045,
    "method": "RestrictedKSDFT",
    "mp2_tflops": 0.0,
    "mp2_time": 6.953355804956e-310,
    "n_atoms": 68,
    "nmers": [
      [
        {
          "fragments": [
            0
          ],
          "hf_energy": -1691.5033175629967,
          "num_basis_fns": 1508,
          "num_iters": 16,
          "schema_version": "0.2.0"
        }
      ]
    ],
    "num_iters": 16,
    "ri_fock_time": 0.25889761,
    "ri_tflops": 2.0822151103828266,
    "scf_tflops": 35.60973638635124,
    "scf_time": 31.6343491,
    "schema_version": "0.2.0",
    "tflops": 33.13915158339105,
    "total_time": 31.816439,
    "transforms_time": 0.088058162,
    "xc_tflops": 44.201756357691,
    "xc_time": 23.500300597999995
  },
  "schema_version": "0.2.0"
}
