{
  "calculation_time": 29.763565307,
  "qmmbe": {
    "b_formation_time": 2.077359051,
    "b_tflops": 6.738175115893338,
    "diag_time": 3.9972469940000006,
    "expanded_elec_energy": -5805.798176771841,
    "expanded_hf_energy": -1691.511318775153,
    "expanded_nuc_repulsion_energy": 4362.529586625792,
    "expanded_xc_energy": -248.242728629104,
    "homo": -0.1783974120364476,
    "lumo": -0.10737777643798828,
    "method": "RestrictedKSDFT",
    "mp2_tflops": 0.0,
    "mp2_time": 6.95335580496547e-310,
    "n_atoms": 68,
    "nmers": [
      [
        {
          "fragments": [
            0
          ],
          "hf_energy": -1691.511318775153,
          "num_basis_fns": 1508,
          "num_iters": 15,
          "schema_version": "0.2.0"
        }
      ]
    ],
    "num_iters": 15,
    "ri_fock_time": 0.24361004300000003,
    "ri_tflops": 2.074577784791902,
    "scf_tflops": 35.9326660706627,
    "scf_time": 29.57957477,
    "schema_version": "0.2.0",
    "tflops": 33.41266359947922,
    "total_time": 29.759151,
    "transforms_time": 0.07789581200000002,
    "xc_tflops": 44.868263706827356,
    "xc_time": 21.820250771
  },
  "schema_version": "0.2.0"
}
