{
  "calculation_time": 25.209551123,
  "qmmbe": {
    "b_formation_time": 1.816130473,
    "b_tflops": 6.478598702393999,
    "diag_time": 3.4430695840000003,
    "expanded_elec_energy": -5371.124927021771,
    "expanded_hf_energy": -1537.8205054499292,
    "expanded_nuc_repulsion_energy": 4059.0568681748014,
    "expanded_xc_energy": -225.75244660295922,
    "homo": -0.182818217674997,
    "lumo": -0.1007779874137609,
    "method": "RestrictedKSDFT",
    "mp2_tflops": 0.0,
    "mp2_time": 6.95335580498286e-310,
    "n_atoms": 62,
    "nmers": [
      [
        {
          "fragments": [
            0
          ],
          "hf_energy": -1537.8205054499292,
          "num_basis_fns": 1372,
          "num_iters": 17,
          "schema_version": "0.2.0"
        }
      ]
    ],
    "num_iters": 17,
    "ri_fock_time": 0.21559473900000004,
    "ri_tflops": 2.0008239507180177,
    "scf_tflops": 36.04444155312134,
    "scf_time": 25.03240249,
    "schema_version": "0.2.0",
    "tflops": 33.291088290110146,
    "total_time": 25.20534,
    "transforms_time": 0.088646432,
    "xc_tflops": 45.31755017616021,
    "xc_time": 18.232495136
  },
  "schema_version": "0.2.0"
}
