{
  "calculation_time": 27.558885959,
  "qmmbe": {
    "b_formation_time": 2.04489666,
    "b_tflops": 6.973555911988237,
    "diag_time": 3.6689575889999997,
    "expanded_elec_energy": -5824.102668660995,
    "expanded_hf_energy": -1614.0702005862076,
    "expanded_nuc_repulsion_energy": 4446.689195768001,
    "expanded_xc_energy": -236.65672769321367,
    "homo": -0.1784089024898613,
    "lumo": -0.10519604863410922,
    "method": "RestrictedKSDFT",
    "mp2_tflops": 0.0,
    "mp2_time": 6.9533558049623e-310,
    "n_atoms": 64,
    "nmers": [
      [
        {
          "fragments": [
            0
          ],
          "hf_energy": -1614.0702005862076,
          "num_basis_fns": 1434,
          "num_iters": 16,
          "schema_version": "0.2.0"
        }
      ]
    ],
    "num_iters": 16,
    "ri_fock_time": 0.222967272,
    "ri_tflops": 2.0788660554989433,
    "scf_tflops": 35.08472349009018,
    "scf_time": 27.361877782,
    "schema_version": "0.2.0",
    "tflops": 32.420278792123405,
    "total_time": 27.554175,
    "transforms_time": 0.081422016,
    "xc_tflops": 43.757591248000516,
    "xc_time": 20.062542829
  },
  "schema_version": "0.2.0"
}
