{
  "calculation_time": 25.087934746,
  "qmmbe": {
    "b_formation_time": 1.91183468,
    "b_tflops": 7.017189652379358,
    "diag_time": 3.4807037029999996,
    "expanded_elec_energy": -5645.859173538949,
    "expanded_hf_energy": -1537.825813476992,
    "expanded_nuc_repulsion_energy": 4333.807554864619,
    "expanded_xc_energy": -225.77419480266215,
    "homo": -0.1824732895847603,
    "lumo": -0.10067522875664688,
    "method": "RestrictedKSDFT",
    "mp2_tflops": 0.0,
    "mp2_time": 6.95335580497496e-310,
    "n_atoms": 62,
    "nmers": [
      [
        {
          "fragments": [
            0
          ],
          "hf_energy": -1537.825813476992,
          "num_basis_fns": 1372,
          "num_iters": 17,
          "schema_version": "0.2.0"
        }
      ]
    ],
    "num_iters": 17,
    "ri_fock_time": 0.21721241800000002,
    "ri_tflops": 1.985922910908344,
    "scf_tflops": 36.122811428165924,
    "scf_time": 24.890538955,
    "schema_version": "0.2.0",
    "tflops": 33.237498505754516,
    "total_time": 25.083857,
    "transforms_time": 0.087082423,
    "xc_tflops": 45.716048816458446,
    "xc_time": 17.919737828
  },
  "schema_version": "0.2.0"
}
