{
  "calculation_time": 34.287090987,
  "qmmbe": {
    "b_formation_time": 2.329089347,
    "b_tflops": 7.630938526849052,
    "diag_time": 5.081507228,
    "expanded_elec_energy": -6355.403623271959,
    "expanded_hf_energy": -1691.4838405113856,
    "expanded_nuc_repulsion_energy": 4912.184505371425,
    "expanded_xc_energy": -248.26472261085155,
    "homo": -0.17107017601531568,
    "lumo": -0.11213817897983158,
    "method": "RestrictedKSDFT",
    "mp2_tflops": 0.0,
    "mp2_time": 6.95335580496863e-310,
    "n_atoms": 68,
    "nmers": [
      [
        {
          "fragments": [
            0
          ],
          "hf_energy": -1691.4838405113856,
          "num_basis_fns": 1508,
          "num_iters": 17,
          "schema_version": "0.2.0"
        }
      ]
    ],
    "num_iters": 17,
    "ri_fock_time": 0.27522445700000003,
    "ri_tflops": 2.081112463809857,
    "scf_tflops": 34.68076260231942,
    "scf_time": 34.064363417,
    "schema_version": "0.2.0",
    "tflops": 32.35203386831993,
    "total_time": 34.282518,
    "transforms_time": 0.08903997699999999,
    "xc_tflops": 43.95527844740547,
    "xc_time": 24.795328742999995
  },
  "schema_version": "0.2.0"
}
