{
  "calculation_time": 33.227770371,
  "qmmbe": {
    "b_formation_time": 2.168735631,
    "b_tflops": 6.85734485324182,
    "diag_time": 4.509643851,
    "expanded_elec_energy": -5952.284131649337,
    "expanded_hf_energy": -1691.4882852381545,
    "expanded_nuc_repulsion_energy": 4509.037478430563,
    "expanded_xc_energy": -248.24163201938094,
    "homo": -0.16996664817840185,
    "lumo": -0.11291715066997252,
    "method": "RestrictedKSDFT",
    "mp2_tflops": 0.0,
    "mp2_time": 6.9533558049639e-310,
    "n_atoms": 68,
    "nmers": [
      [
        {
          "fragments": [
            0
          ],
          "hf_energy": -1691.4882852381545,
          "num_basis_fns": 1508,
          "num_iters": 17,
          "schema_version": "0.2.0"
        }
      ]
    ],
    "num_iters": 17,
    "ri_fock_time": 0.27218832899999995,
    "ri_tflops": 2.1043262578977076,
    "scf_tflops": 35.93850117632005,
    "scf_time": 33.036049835,
    "schema_version": "0.2.0",
    "tflops": 33.54644892583175,
    "total_time": 33.22334,
    "transforms_time": 0.09680064299999999,
    "xc_tflops": 44.87362877617446,
    "xc_time": 24.472866417000006
  },
  "schema_version": "0.2.0"
}
