{
  "calculation_time": 31.883350079,
  "qmmbe": {
    "b_formation_time": 2.182037702,
    "b_tflops": 6.7540870522025465,
    "diag_time": 4.291013747,
    "expanded_elec_energy": -5926.279025165359,
    "expanded_hf_energy": -1691.497101941229,
    "expanded_nuc_repulsion_energy": 4483.031693009086,
    "expanded_xc_energy": -248.24976978495602,
    "homo": -0.17821747879523955,
    "lumo": -0.10622615716690835,
    "method": "RestrictedKSDFT",
    "mp2_tflops": 0.0,
    "mp2_time": 6.95335580496705e-310,
    "n_atoms": 68,
    "nmers": [
      [
        {
          "fragments": [
            0
          ],
          "hf_energy": -1691.497101941229,
          "num_basis_fns": 1508,
          "num_iters": 16,
          "schema_version": "0.2.0"
        }
      ]
    ],
    "num_iters": 16,
    "ri_fock_time": 0.25895286599999995,
    "ri_tflops": 2.081770802196876,
    "scf_tflops": 35.51320543887512,
    "scf_time": 31.674028564,
    "schema_version": "0.2.0",
    "tflops": 33.050569803982256,
    "total_time": 31.878688,
    "transforms_time": 0.08493073099999995,
    "xc_tflops": 44.254978051170085,
    "xc_time": 23.443742836000002
  },
  "schema_version": "0.2.0"
}
