{
  "calculation_time": 33.68293486,
  "qmmbe": {
    "b_formation_time": 2.178757887,
    "b_tflops": 6.5920694980791135,
    "diag_time": 4.621624198,
    "expanded_elec_energy": -5859.364781484177,
    "expanded_hf_energy": -1691.496576297112,
    "expanded_nuc_repulsion_energy": 4416.112440205118,
    "expanded_xc_energy": -248.2442350180532,
    "homo": -0.173396246310939,
    "lumo": -0.11253622161130315,
    "method": "RestrictedKSDFT",
    "mp2_tflops": 0.0,
    "mp2_time": 6.95335580496705e-310,
    "n_atoms": 68,
    "nmers": [
      [
        {
          "fragments": [
            0
          ],
          "hf_energy": -1691.496576297112,
          "num_basis_fns": 1508,
          "num_iters": 17,
          "schema_version": "0.2.0"
        }
      ]
    ],
    "num_iters": 17,
    "ri_fock_time": 0.272156613,
    "ri_tflops": 2.1045714873296135,
    "scf_tflops": 35.44597979576427,
    "scf_time": 33.50048408,
    "schema_version": "0.2.0",
    "tflops": 33.14738261532408,
    "total_time": 33.678449,
    "transforms_time": 0.08878937899999999,
    "xc_tflops": 44.18783853768502,
    "xc_time": 24.905978533
  },
  "schema_version": "0.2.0"
}
