{
  "calculation_time": 33.819759547,
  "qmmbe": {
    "b_formation_time": 2.160789862,
    "b_tflops": 6.5120890329834396,
    "diag_time": 4.552763826,
    "expanded_elec_energy": -5824.716029790249,
    "expanded_hf_energy": -1691.5007314331776,
    "expanded_nuc_repulsion_energy": 4381.448805820827,
    "expanded_xc_energy": -248.2335074637556,
    "homo": -0.17333081897378716,
    "lumo": -0.11211854379284694,
    "method": "RestrictedKSDFT",
    "mp2_tflops": 0.0,
    "mp2_time": 6.95335580496705e-310,
    "n_atoms": 68,
    "nmers": [
      [
        {
          "fragments": [
            0
          ],
          "hf_energy": -1691.5007314331776,
          "num_basis_fns": 1508,
          "num_iters": 17,
          "schema_version": "0.2.0"
        }
      ]
    ],
    "num_iters": 17,
    "ri_fock_time": 0.27503789799999995,
    "ri_tflops": 2.0825240884003557,
    "scf_tflops": 35.285008516845835,
    "scf_time": 33.623004501,
    "schema_version": "0.2.0",
    "tflops": 33.024297507590575,
    "total_time": 33.815104,
    "transforms_time": 0.08674065300000001,
    "xc_tflops": 43.81771731054962,
    "xc_time": 25.131053583
  },
  "schema_version": "0.2.0"
}
