{
  "calculation_time": 33.164489633,
  "qmmbe": {
    "b_formation_time": 2.199769043,
    "b_tflops": 7.038306038792638,
    "diag_time": 4.501812656,
    "expanded_elec_energy": -6048.137939121873,
    "expanded_hf_energy": -1691.4926757220737,
    "expanded_nuc_repulsion_energy": 4604.889053407599,
    "expanded_xc_energy": -248.24379000779945,
    "homo": -0.17268940614328562,
    "lumo": -0.11093702534537274,
    "method": "RestrictedKSDFT",
    "mp2_tflops": 0.0,
    "mp2_time": 6.95335580496705e-310,
    "n_atoms": 68,
    "nmers": [
      [
        {
          "fragments": [
            0
          ],
          "hf_energy": -1691.4926757220737,
          "num_basis_fns": 1508,
          "num_iters": 17,
          "schema_version": "0.2.0"
        }
      ]
    ],
    "num_iters": 17,
    "ri_fock_time": 0.272147014,
    "ri_tflops": 2.1046457184645058,
    "scf_tflops": 36.02460784248503,
    "scf_time": 32.965106141,
    "schema_version": "0.2.0",
    "tflops": 33.5985790713906,
    "total_time": 33.160036,
    "transforms_time": 0.09403123799999998,
    "xc_tflops": 45.08033812815087,
    "xc_time": 24.33819781
  },
  "schema_version": "0.2.0"
}
