{
  "calculation_time": 31.548444516,
  "qmmbe": {
    "b_formation_time": 2.1320832,
    "b_tflops": 6.721245622009498,
    "diag_time": 4.257955333,
    "expanded_elec_energy": -5858.988055541496,
    "expanded_hf_energy": -1691.508503633212,
    "expanded_nuc_repulsion_energy": 4415.726448162419,
    "expanded_xc_energy": -248.24689625413512,
    "homo": -0.18091973361202615,
    "lumo": -0.10413068763541741,
    "method": "RestrictedKSDFT",
    "mp2_tflops": 0.0,
    "mp2_time": 6.95335580496863e-310,
    "n_atoms": 68,
    "nmers": [
      [
        {
          "fragments": [
            0
          ],
          "hf_energy": -1691.508503633212,
          "num_basis_fns": 1508,
          "num_iters": 16,
          "schema_version": "0.2.0"
        }
      ]
    ],
    "num_iters": 16,
    "ri_fock_time": 0.258556665,
    "ri_tflops": 2.0849608173279925,
    "scf_tflops": 35.94967266656029,
    "scf_time": 31.347169724,
    "schema_version": "0.2.0",
    "tflops": 33.46451656227291,
    "total_time": 31.544077,
    "transforms_time": 0.08796593599999997,
    "xc_tflops": 44.830482441040594,
    "xc_time": 23.196294416
  },
  "schema_version": "0.2.0"
}
