{
  "calculation_time": 28.244680926,
  "qmmbe": {
    "b_formation_time": 3.879877978,
    "b_tflops": 2.897313695971085,
    "diag_time": 3.7211663300000004,
    "expanded_elec_energy": -5277.339331616767,
    "expanded_hf_energy": -1537.840669240114,
    "expanded_nuc_repulsion_energy": 3965.2476910629107,
    "expanded_xc_energy": -225.74902868625813,
    "homo": -0.180753660869085,
    "lumo": -0.10305341704089445,
    "method": "RestrictedKSDFT",
    "mp2_tflops": 0.0,
    "mp2_time": 6.95335580497496e-310,
    "n_atoms": 62,
    "nmers": [
      [
        {
          "fragments": [
            0
          ],
          "hf_energy": -1537.840669240114,
          "num_basis_fns": 1372,
          "num_iters": 16,
          "schema_version": "0.2.0"
        }
      ]
    ],
    "num_iters": 16,
    "ri_fock_time": 0.23381444499999998,
    "ri_tflops": 1.7363879341158757,
    "scf_tflops": 35.24858951500734,
    "scf_time": 26.387961073,
    "schema_version": "0.2.0",
    "tflops": 29.15230189115531,
    "total_time": 26.698753,
    "transforms_time": 0.262106624,
    "xc_tflops": 45.77009804985901,
    "xc_time": 17.089620208000003
  },
  "schema_version": "0.2.0"
}
