{
  "calculation_time": 31.760830214,
  "qmmbe": {
    "b_formation_time": 2.213661057,
    "b_tflops": 6.777663158596189,
    "diag_time": 4.2835331860000005,
    "expanded_elec_energy": -5977.109615515343,
    "expanded_hf_energy": -1691.4950598211262,
    "expanded_nuc_repulsion_energy": 4533.862235505829,
    "expanded_xc_energy": -248.2476798116121,
    "homo": -0.1725519853670518,
    "lumo": -0.11371026731069313,
    "method": "RestrictedKSDFT",
    "mp2_tflops": 0.0,
    "mp2_time": 6.95335580496705e-310,
    "n_atoms": 68,
    "nmers": [
      [
        {
          "fragments": [
            0
          ],
          "hf_energy": -1691.4950598211262,
          "num_basis_fns": 1508,
          "num_iters": 16,
          "schema_version": "0.2.0"
        }
      ]
    ],
    "num_iters": 16,
    "ri_fock_time": 0.258045522,
    "ri_tflops": 2.0890907596683657,
    "scf_tflops": 35.70764314583875,
    "scf_time": 31.551484968,
    "schema_version": "0.2.0",
    "tflops": 33.190890099208374,
    "total_time": 31.756284,
    "transforms_time": 0.08555755800000002,
    "xc_tflops": 44.52637733902466,
    "xc_time": 23.304023462000004
  },
  "schema_version": "0.2.0"
}
