{
  "calculation_time": 37.931708857,
  "qmmbe": {
    "b_formation_time": 4.415759291,
    "b_tflops": 4.043283273837311,
    "diag_time": 5.001250282,
    "expanded_elec_energy": -6364.311712360799,
    "expanded_hf_energy": -1691.4868513153579,
    "expanded_nuc_repulsion_energy": 4921.086492251075,
    "expanded_xc_energy": -248.26163120563353,
    "homo": -0.167998572122062,
    "lumo": -0.11719981557128258,
    "method": "RestrictedKSDFT",
    "mp2_tflops": 0.0,
    "mp2_time": 6.953355804956e-310,
    "n_atoms": 68,
    "nmers": [
      [
        {
          "fragments": [
            0
          ],
          "hf_energy": -1691.4868513153579,
          "num_basis_fns": 1508,
          "num_iters": 17,
          "schema_version": "0.2.0"
        }
      ]
    ],
    "num_iters": 17,
    "ri_fock_time": 0.30894631800000005,
    "ri_tflops": 1.853956543375927,
    "scf_tflops": 34.95053250212283,
    "scf_time": 35.985578743,
    "schema_version": "0.2.0",
    "tflops": 30.073070488321047,
    "total_time": 36.316041,
    "transforms_time": 0.2778009119999999,
    "xc_tflops": 44.50112896532644,
    "xc_time": 24.485614902000002
  },
  "schema_version": "0.2.0"
}
