{
  "calculation_time": 24.222204926,
  "qmmbe": {
    "b_formation_time": 1.77098617,
    "b_tflops": 6.419144684882548,
    "diag_time": 3.7595207009999996,
    "expanded_elec_energy": -5301.880202229472,
    "expanded_hf_energy": -1537.8389171491797,
    "expanded_nuc_repulsion_energy": 3989.794259624562,
    "expanded_xc_energy": -225.75297454426965,
    "homo": -0.18455888515791663,
    "lumo": -0.09650248392092303,
    "method": "RestrictedKSDFT",
    "mp2_tflops": 0.0,
    "mp2_time": 6.95335580497496e-310,
    "n_atoms": 62,
    "nmers": [
      [
        {
          "fragments": [
            0
          ],
          "hf_energy": -1537.8389171491797,
          "num_basis_fns": 1372,
          "num_iters": 16,
          "schema_version": "0.2.0"
        }
      ]
    ],
    "num_iters": 16,
    "ri_fock_time": 0.20443357599999995,
    "ri_tflops": 1.9859388514536385,
    "scf_tflops": 35.50961352449527,
    "scf_time": 24.037637836,
    "schema_version": "0.2.0",
    "tflops": 32.79570290188954,
    "total_time": 24.218019,
    "transforms_time": 0.07933830700000001,
    "xc_tflops": 45.866307631837955,
    "xc_time": 17.046535498
  },
  "schema_version": "0.2.0"
}
