{
  "calculation_time": 31.864801914,
  "qmmbe": {
    "b_formation_time": 2.214611728,
    "b_tflops": 6.715504300907414,
    "diag_time": 4.309717713,
    "expanded_elec_energy": -5950.953110616223,
    "expanded_hf_energy": -1691.5001583690207,
    "expanded_nuc_repulsion_energy": 4507.703476460337,
    "expanded_xc_energy": -248.25052421313444,
    "homo": -0.18589855706350009,
    "lumo": -0.1015382965941452,
    "method": "RestrictedKSDFT",
    "mp2_tflops": 0.0,
    "mp2_time": 6.95335580496705e-310,
    "n_atoms": 68,
    "nmers": [
      [
        {
          "fragments": [
            0
          ],
          "hf_energy": -1691.5001583690207,
          "num_basis_fns": 1508,
          "num_iters": 16,
          "schema_version": "0.2.0"
        }
      ]
    ],
    "num_iters": 16,
    "ri_fock_time": 0.25753797700000003,
    "ri_tflops": 2.0932078517647126,
    "scf_tflops": 35.548158085526815,
    "scf_time": 31.675794946,
    "schema_version": "0.2.0",
    "tflops": 33.05199324041938,
    "total_time": 31.860418,
    "transforms_time": 0.084337912,
    "xc_tflops": 44.38204898652372,
    "xc_time": 23.36093009
  },
  "schema_version": "0.2.0"
}
