{
  "calculation_time": 33.329417975,
  "qmmbe": {
    "b_formation_time": 2.148638132,
    "b_tflops": 6.884566124589285,
    "diag_time": 4.501258601,
    "expanded_elec_energy": -5948.0056271424455,
    "expanded_hf_energy": -1691.4934964584786,
    "expanded_nuc_repulsion_energy": 4504.757645901081,
    "expanded_xc_energy": -248.2455152171138,
    "homo": -0.18207579605727706,
    "lumo": -0.10267317566506207,
    "method": "RestrictedKSDFT",
    "mp2_tflops": 0.0,
    "mp2_time": 6.953355804956e-310,
    "n_atoms": 68,
    "nmers": [
      [
        {
          "fragments": [
            0
          ],
          "hf_energy": -1691.4934964584786,
          "num_basis_fns": 1508,
          "num_iters": 17,
          "schema_version": "0.2.0"
        }
      ]
    ],
    "num_iters": 17,
    "ri_fock_time": 0.27179351599999996,
    "ri_tflops": 2.1073830466507526,
    "scf_tflops": 35.79557875601396,
    "scf_time": 33.125563645,
    "schema_version": "0.2.0",
    "tflops": 33.451326135076336,
    "total_time": 33.324563,
    "transforms_time": 0.09156522400000001,
    "xc_tflops": 44.59034670905511,
    "xc_time": 24.634954775999997
  },
  "schema_version": "0.2.0"
}
