{
  "calculation_time": 23.590646021,
  "qmmbe": {
    "b_formation_time": 1.788021463,
    "b_tflops": 6.134395527866211,
    "diag_time": 3.242126118,
    "expanded_elec_energy": -5229.147358455845,
    "expanded_hf_energy": -1537.833241241154,
    "expanded_nuc_repulsion_energy": 3917.055723952837,
    "expanded_xc_energy": -225.74160673814563,
    "homo": -0.17432471494783588,
    "lumo": -0.11030847836627296,
    "method": "RestrictedKSDFT",
    "mp2_tflops": 0.0,
    "mp2_time": 6.95335580497496e-310,
    "n_atoms": 62,
    "nmers": [
      [
        {
          "fragments": [
            0
          ],
          "hf_energy": -1537.833241241154,
          "num_basis_fns": 1372,
          "num_iters": 16,
          "schema_version": "0.2.0"
        }
      ]
    ],
    "num_iters": 16,
    "ri_fock_time": 0.19647078099999998,
    "ri_tflops": 2.0664272776520396,
    "scf_tflops": 36.60679279609132,
    "scf_time": 23.423876917,
    "schema_version": "0.2.0",
    "tflops": 33.693907983670236,
    "total_time": 23.586631,
    "transforms_time": 0.08262789299999998,
    "xc_tflops": 46.15748528757507,
    "xc_time": 16.957711206000003
  },
  "schema_version": "0.2.0"
}
