{
  "calculation_time": 31.496416211,
  "qmmbe": {
    "b_formation_time": 2.246793928,
    "b_tflops": 6.8629313049131575,
    "diag_time": 4.260590226,
    "expanded_elec_energy": -6028.426105270106,
    "expanded_hf_energy": -1691.4782545771855,
    "expanded_nuc_repulsion_energy": 4585.201704152379,
    "expanded_xc_energy": -248.25385345945816,
    "homo": -0.18344656499234796,
    "lumo": -0.10021247165136588,
    "method": "RestrictedKSDFT",
    "mp2_tflops": 0.0,
    "mp2_time": 6.95335580498286e-310,
    "n_atoms": 68,
    "nmers": [
      [
        {
          "fragments": [
            0
          ],
          "hf_energy": -1691.4782545771855,
          "num_basis_fns": 1508,
          "num_iters": 16,
          "schema_version": "0.2.0"
        }
      ]
    ],
    "num_iters": 16,
    "ri_fock_time": 0.257318192,
    "ri_tflops": 2.094995738132654,
    "scf_tflops": 36.00735025620036,
    "scf_time": 31.300077142,
    "schema_version": "0.2.0",
    "tflops": 33.42268948309442,
    "total_time": 31.491869,
    "transforms_time": 0.084657638,
    "xc_tflops": 44.980772508012826,
    "xc_time": 23.026564800000003
  },
  "schema_version": "0.2.0"
}
