{
  "calculation_time": 23.686768791,
  "qmmbe": {
    "b_formation_time": 1.747790654,
    "b_tflops": 5.953134789423127,
    "diag_time": 3.282286722,
    "expanded_elec_energy": -5122.980798329061,
    "expanded_hf_energy": -1537.8421097417252,
    "expanded_nuc_repulsion_energy": 3810.8788040299646,
    "expanded_xc_energy": -225.74011544262856,
    "homo": -0.17525184960286894,
    "lumo": -0.11076081393635677,
    "method": "RestrictedKSDFT",
    "mp2_tflops": 0.0,
    "mp2_time": 6.95335580497496e-310,
    "n_atoms": 62,
    "nmers": [
      [
        {
          "fragments": [
            0
          ],
          "hf_energy": -1537.8421097417252,
          "num_basis_fns": 1372,
          "num_iters": 16,
          "schema_version": "0.2.0"
        }
      ]
    ],
    "num_iters": 16,
    "ri_fock_time": 0.196573544,
    "ri_tflops": 2.065347008852829,
    "scf_tflops": 36.45281576130228,
    "scf_time": 23.514670464,
    "schema_version": "0.2.0",
    "tflops": 33.598290863088216,
    "total_time": 23.682802,
    "transforms_time": 0.084633844,
    "xc_tflops": 46.00174834114269,
    "xc_time": 17.048158964000002
  },
  "schema_version": "0.2.0"
}
