{
  "calculation_time": 22.58388859,
  "qmmbe": {
    "b_formation_time": 1.636061365,
    "b_tflops": 6.399948823342577,
    "diag_time": 3.4074577280000002,
    "expanded_elec_energy": -5108.4946311971535,
    "expanded_hf_energy": -1460.4044401068613,
    "expanded_nuc_repulsion_energy": 3862.237512648833,
    "expanded_xc_energy": -214.14732155854117,
    "homo": -0.1712776751251627,
    "lumo": -0.1129229354616167,
    "method": "RestrictedKSDFT",
    "mp2_tflops": 0.0,
    "mp2_time": 6.95335580498286e-310,
    "n_atoms": 58,
    "nmers": [
      [
        {
          "fragments": [
            0
          ],
          "hf_energy": -1460.4044401068613,
          "num_basis_fns": 1298,
          "num_iters": 17,
          "schema_version": "0.2.0"
        }
      ]
    ],
    "num_iters": 17,
    "ri_fock_time": 0.180451674,
    "ri_tflops": 2.0240241735634994,
    "scf_tflops": 33.67213857030964,
    "scf_time": 22.439961746,
    "schema_version": "0.2.0",
    "tflops": 31.097114796215802,
    "total_time": 22.580057,
    "transforms_time": 0.08517078100000001,
    "xc_tflops": 43.05654420349355,
    "xc_time": 16.043321354
  },
  "schema_version": "0.2.0"
}
