{
  "calculation_time": 22.249505478,
  "qmmbe": {
    "b_formation_time": 1.706823638,
    "b_tflops": 5.867808581847166,
    "diag_time": 3.0705980529999994,
    "expanded_elec_energy": -5047.369684862477,
    "expanded_hf_energy": -1537.86254889184,
    "expanded_nuc_repulsion_energy": 3735.2489456334133,
    "expanded_xc_energy": -225.74180966277663,
    "homo": -0.1887615105278846,
    "lumo": -0.09647413002425666,
    "method": "RestrictedKSDFT",
    "mp2_tflops": 0.0,
    "mp2_time": 6.95335580497496e-310,
    "n_atoms": 62,
    "nmers": [
      [
        {
          "fragments": [
            0
          ],
          "hf_energy": -1537.86254889184,
          "num_basis_fns": 1372,
          "num_iters": 15,
          "schema_version": "0.2.0"
        }
      ]
    ],
    "num_iters": 15,
    "ri_fock_time": 0.184400852,
    "ri_tflops": 2.0640796431895008,
    "scf_tflops": 36.646244637026484,
    "scf_time": 22.094708968,
    "schema_version": "0.2.0",
    "tflops": 33.68389650141825,
    "total_time": 22.245454,
    "transforms_time": 0.07744648500000001,
    "xc_tflops": 46.235418503653875,
    "xc_time": 15.968706739000002
  },
  "schema_version": "0.2.0"
}
