{
  "calculation_time": 33.275007984,
  "qmmbe": {
    "b_formation_time": 2.151975849,
    "b_tflops": 6.830803486698424,
    "diag_time": 4.477617703999999,
    "expanded_elec_energy": -5920.887397711931,
    "expanded_hf_energy": -1691.50841983491,
    "expanded_nuc_repulsion_energy": 4477.625306175993,
    "expanded_xc_energy": -248.2463282989715,
    "homo": -0.17416928368769963,
    "lumo": -0.11040978262318069,
    "method": "RestrictedKSDFT",
    "mp2_tflops": 0.0,
    "mp2_time": 6.95335580496705e-310,
    "n_atoms": 68,
    "nmers": [
      [
        {
          "fragments": [
            0
          ],
          "hf_energy": -1691.50841983491,
          "num_basis_fns": 1508,
          "num_iters": 17,
          "schema_version": "0.2.0"
        }
      ]
    ],
    "num_iters": 17,
    "ri_fock_time": 0.27376284599999995,
    "ri_tflops": 2.0922234560930892,
    "scf_tflops": 35.942235763487865,
    "scf_time": 33.085758609,
    "schema_version": "0.2.0",
    "tflops": 33.57843618382798,
    "total_time": 33.270413,
    "transforms_time": 0.09387505699999998,
    "xc_tflops": 44.737451995540965,
    "xc_time": 24.610129874999995
  },
  "schema_version": "0.2.0"
}
