{
  "calculation_time": 21.419050113,
  "qmmbe": {
    "b_formation_time": 1.647631421,
    "b_tflops": 6.235869291443914,
    "diag_time": 3.3309994100000004,
    "expanded_elec_energy": -5071.282306305628,
    "expanded_hf_energy": -1460.4109444507565,
    "expanded_nuc_repulsion_energy": 3825.0200561062984,
    "expanded_xc_energy": -214.14869425142726,
    "homo": -0.17195593288175565,
    "lumo": -0.11176251896063422,
    "method": "RestrictedKSDFT",
    "mp2_tflops": 0.0,
    "mp2_time": 6.95335580498286e-310,
    "n_atoms": 58,
    "nmers": [
      [
        {
          "fragments": [
            0
          ],
          "hf_energy": -1460.4109444507565,
          "num_basis_fns": 1298,
          "num_iters": 16,
          "schema_version": "0.2.0"
        }
      ]
    ],
    "num_iters": 16,
    "ri_fock_time": 0.16963676599999997,
    "ri_tflops": 2.0264117138851847,
    "scf_tflops": 33.72241541303122,
    "scf_time": 21.237796375,
    "schema_version": "0.2.0",
    "tflops": 31.024250851426938,
    "total_time": 21.415276,
    "transforms_time": 0.072964679,
    "xc_tflops": 43.60077310661008,
    "xc_time": 14.982506713999998
  },
  "schema_version": "0.2.0"
}
