{
  "calculation_time": 32.532024286,
  "qmmbe": {
    "b_formation_time": 2.244258148,
    "b_tflops": 6.90370925626333,
    "diag_time": 4.844828640999999,
    "expanded_elec_energy": -6053.068955705193,
    "expanded_hf_energy": -1691.5088820692627,
    "expanded_nuc_repulsion_energy": 4609.81602897379,
    "expanded_xc_energy": -248.25595533785958,
    "homo": -0.18412994580029268,
    "lumo": -0.10070662097017252,
    "method": "RestrictedKSDFT",
    "mp2_tflops": 0.0,
    "mp2_time": 6.95335580496705e-310,
    "n_atoms": 68,
    "nmers": [
      [
        {
          "fragments": [
            0
          ],
          "hf_energy": -1691.5088820692627,
          "num_basis_fns": 1508,
          "num_iters": 16,
          "schema_version": "0.2.0"
        }
      ]
    ],
    "num_iters": 16,
    "ri_fock_time": 0.25577370099999996,
    "ri_tflops": 2.1076463822369296,
    "scf_tflops": 34.762614912677435,
    "scf_time": 32.331921933,
    "schema_version": "0.2.0",
    "tflops": 32.379159451395836,
    "total_time": 32.527637,
    "transforms_time": 0.084889204,
    "xc_tflops": 44.06698123663779,
    "xc_time": 23.517750332
  },
  "schema_version": "0.2.0"
}
