{
  "calculation_time": 29.140658763,
  "qmmbe": {
    "b_formation_time": 1.994714356,
    "b_tflops": 6.657457459247364,
    "diag_time": 3.8913148590000004,
    "expanded_elec_energy": -5674.323440454568,
    "expanded_hf_energy": -1614.0806108166537,
    "expanded_nuc_repulsion_energy": 4296.890687488636,
    "expanded_xc_energy": -236.64785785072155,
    "homo": -0.16985503730992665,
    "lumo": -0.11410059426446718,
    "method": "RestrictedKSDFT",
    "mp2_tflops": 0.0,
    "mp2_time": 6.9533558049623e-310,
    "n_atoms": 64,
    "nmers": [
      [
        {
          "fragments": [
            0
          ],
          "hf_energy": -1614.0806108166537,
          "num_basis_fns": 1434,
          "num_iters": 17,
          "schema_version": "0.2.0"
        }
      ]
    ],
    "num_iters": 17,
    "ri_fock_time": 0.236236046,
    "ri_tflops": 2.0847328124345594,
    "scf_tflops": 35.02930084363416,
    "scf_time": 28.953149085,
    "schema_version": "0.2.0",
    "tflops": 32.5841639714971,
    "total_time": 29.136287,
    "transforms_time": 0.084794224,
    "xc_tflops": 43.670040262838306,
    "xc_time": 21.407081547
  },
  "schema_version": "0.2.0"
}
