{
  "calculation_time": 20.447142714,
  "qmmbe": {
    "b_formation_time": 1.503813676,
    "b_tflops": 5.480449814097847,
    "diag_time": 2.760334898,
    "expanded_elec_energy": -4622.4764200776435,
    "expanded_hf_energy": -1384.1438782943412,
    "expanded_nuc_repulsion_energy": 3441.5674706488753,
    "expanded_xc_energy": -203.23492886557307,
    "homo": -0.16401560455187789,
    "lumo": -0.11791546540463721,
    "method": "RestrictedKSDFT",
    "mp2_tflops": 0.0,
    "mp2_time": 6.95335580498286e-310,
    "n_atoms": 56,
    "nmers": [
      [
        {
          "fragments": [
            0
          ],
          "hf_energy": -1384.1438782943412,
          "num_basis_fns": 1236,
          "num_iters": 17,
          "schema_version": "0.2.0"
        }
      ]
    ],
    "num_iters": 17,
    "ri_fock_time": 0.15052386099999998,
    "ri_tflops": 2.095280985437917,
    "scf_tflops": 32.70184432324049,
    "scf_time": 20.295852842,
    "schema_version": "0.2.0",
    "tflops": 30.11752283696632,
    "total_time": 20.443401,
    "transforms_time": 0.07546719599999999,
    "xc_tflops": 41.001190914582814,
    "xc_time": 14.796391807999997
  },
  "schema_version": "0.2.0"
}
