{
  "calculation_time": 27.652226535,
  "qmmbe": {
    "b_formation_time": 1.935064617,
    "b_tflops": 6.300206627324218,
    "diag_time": 3.648177536,
    "expanded_elec_energy": -5488.6944028388225,
    "expanded_hf_energy": -1614.0902199934271,
    "expanded_nuc_repulsion_energy": 4111.247231816617,
    "expanded_xc_energy": -236.64304897122196,
    "homo": -0.17867590885126977,
    "lumo": -0.10529346941329985,
    "method": "RestrictedKSDFT",
    "mp2_tflops": 0.0,
    "mp2_time": 6.95335580498286e-310,
    "n_atoms": 64,
    "nmers": [
      [
        {
          "fragments": [
            0
          ],
          "hf_energy": -1614.0902199934271,
          "num_basis_fns": 1434,
          "num_iters": 16,
          "schema_version": "0.2.0"
        }
      ]
    ],
    "num_iters": 16,
    "ri_fock_time": 0.22231260300000003,
    "ri_tflops": 2.084987926878801,
    "scf_tflops": 34.9763348203885,
    "scf_time": 27.480639102,
    "schema_version": "0.2.0",
    "tflops": 32.4664043265397,
    "total_time": 27.648016,
    "transforms_time": 0.08274102299999998,
    "xc_tflops": 43.46214378152883,
    "xc_time": 20.34520182
  },
  "schema_version": "0.2.0"
}
