{
  "calculation_time": 36.884640905,
  "qmmbe": {
    "b_formation_time": 2.362107166,
    "b_tflops": 8.192181722884627,
    "diag_time": 5.073002484,
    "expanded_elec_energy": -6566.484822555452,
    "expanded_hf_energy": -1691.487310929139,
    "expanded_nuc_repulsion_energy": 5123.277161248437,
    "expanded_xc_energy": -248.2796496221233,
    "homo": -0.17144327576266738,
    "lumo": -0.1118310065448231,
    "method": "RestrictedKSDFT",
    "mp2_tflops": 0.0,
    "mp2_time": 6.953355804956e-310,
    "n_atoms": 68,
    "nmers": [
      [
        {
          "fragments": [
            0
          ],
          "hf_energy": -1691.487310929139,
          "num_basis_fns": 1508,
          "num_iters": 19,
          "schema_version": "0.2.0"
        }
      ]
    ],
    "num_iters": 19,
    "ri_fock_time": 0.30431243199999997,
    "ri_tflops": 2.103621294893401,
    "scf_tflops": 35.46307757936783,
    "scf_time": 36.627863361,
    "schema_version": "0.2.0",
    "tflops": 33.19419112394471,
    "total_time": 36.879903,
    "transforms_time": 0.09965792899999999,
    "xc_tflops": 44.29383492409442,
    "xc_time": 27.164723119999998
  },
  "schema_version": "0.2.0"
}
