{
  "calculation_time": 31.740651178,
  "qmmbe": {
    "b_formation_time": 2.203726832,
    "b_tflops": 7.091831705820062,
    "diag_time": 4.238257885,
    "expanded_elec_energy": -6061.703664394685,
    "expanded_hf_energy": -1691.4957834213149,
    "expanded_nuc_repulsion_energy": 4618.467371878082,
    "expanded_xc_energy": -248.2594909047122,
    "homo": -0.18126032400702502,
    "lumo": -0.10371843739841075,
    "method": "RestrictedKSDFT",
    "mp2_tflops": 0.0,
    "mp2_time": 6.953355804956e-310,
    "n_atoms": 68,
    "nmers": [
      [
        {
          "fragments": [
            0
          ],
          "hf_energy": -1691.4957834213149,
          "num_basis_fns": 1508,
          "num_iters": 16,
          "schema_version": "0.2.0"
        }
      ]
    ],
    "num_iters": 16,
    "ri_fock_time": 0.258221715,
    "ri_tflops": 2.0876653057005683,
    "scf_tflops": 35.69483126254048,
    "scf_time": 31.526918426,
    "schema_version": "0.2.0",
    "tflops": 33.18026360021276,
    "total_time": 31.735868,
    "transforms_time": 0.08772451599999999,
    "xc_tflops": 44.408516923787026,
    "xc_time": 23.328844210000003
  },
  "schema_version": "0.2.0"
}
