{
  "calculation_time": 22.362389929,
  "qmmbe": {
    "b_formation_time": 1.604614737,
    "b_tflops": 5.4661548730622185,
    "diag_time": 3.1153111200000003,
    "expanded_elec_energy": -4785.132028838549,
    "expanded_hf_energy": -1460.4287443494952,
    "expanded_nuc_repulsion_energy": 3538.8318013256408,
    "expanded_xc_energy": -214.12851683658732,
    "homo": -0.1745487898971301,
    "lumo": -0.10910847122427776,
    "method": "RestrictedKSDFT",
    "mp2_tflops": 0.0,
    "mp2_time": 6.95335580498286e-310,
    "n_atoms": 58,
    "nmers": [
      [
        {
          "fragments": [
            0
          ],
          "hf_energy": -1460.4287443494952,
          "num_basis_fns": 1298,
          "num_iters": 17,
          "schema_version": "0.2.0"
        }
      ]
    ],
    "num_iters": 17,
    "ri_fock_time": 0.180197302,
    "ri_tflops": 2.026881347735162,
    "scf_tflops": 34.18157540685862,
    "scf_time": 22.212430218,
    "schema_version": "0.2.0",
    "tflops": 31.59668587897372,
    "total_time": 22.358617,
    "transforms_time": 0.08078948700000001,
    "xc_tflops": 43.13538694515617,
    "xc_time": 16.15296849
  },
  "schema_version": "0.2.0"
}
