{
  "calculation_time": 21.041625759,
  "qmmbe": {
    "b_formation_time": 1.635522981,
    "b_tflops": 5.934442673445993,
    "diag_time": 2.9559885579999996,
    "expanded_elec_energy": -4972.272201275892,
    "expanded_hf_energy": -1460.4201361014282,
    "expanded_nuc_repulsion_energy": 3725.9967671642457,
    "expanded_xc_energy": -214.1447019897816,
    "homo": -0.17368708094663343,
    "lumo": -0.10869082491253208,
    "method": "RestrictedKSDFT",
    "mp2_tflops": 0.0,
    "mp2_time": 6.95335580498286e-310,
    "n_atoms": 58,
    "nmers": [
      [
        {
          "fragments": [
            0
          ],
          "hf_energy": -1460.4201361014282,
          "num_basis_fns": 1298,
          "num_iters": 16,
          "schema_version": "0.2.0"
        }
      ]
    ],
    "num_iters": 16,
    "ri_fock_time": 0.17663418400000003,
    "ri_tflops": 1.94613478514442,
    "scf_tflops": 34.50256862746275,
    "scf_time": 20.866756683,
    "schema_version": "0.2.0",
    "tflops": 31.64975703225393,
    "total_time": 21.037632,
    "transforms_time": 0.07653453,
    "xc_tflops": 43.76158031682881,
    "xc_time": 14.973811620999998
  },
  "schema_version": "0.2.0"
}
