{
  "calculation_time": 31.565304006,
  "qmmbe": {
    "b_formation_time": 2.170395395,
    "b_tflops": 6.691022702970673,
    "diag_time": 4.215040844000001,
    "expanded_elec_energy": -5922.05028075217,
    "expanded_hf_energy": -1691.5116609505217,
    "expanded_nuc_repulsion_energy": 4478.780238605176,
    "expanded_xc_energy": -248.24161880352818,
    "homo": -0.1740616100073197,
    "lumo": -0.11124982449516951,
    "method": "RestrictedKSDFT",
    "mp2_tflops": 0.0,
    "mp2_time": 6.95335580496863e-310,
    "n_atoms": 68,
    "nmers": [
      [
        {
          "fragments": [
            0
          ],
          "hf_energy": -1691.5116609505217,
          "num_basis_fns": 1508,
          "num_iters": 16,
          "schema_version": "0.2.0"
        }
      ]
    ],
    "num_iters": 16,
    "ri_fock_time": 0.25793098600000003,
    "ri_tflops": 2.09001843455908,
    "scf_tflops": 35.88917510411414,
    "scf_time": 31.37834107,
    "schema_version": "0.2.0",
    "tflops": 33.38941482438549,
    "total_time": 31.560845,
    "transforms_time": 0.08627169900000002,
    "xc_tflops": 44.63828888912344,
    "xc_time": 23.251385009
  },
  "schema_version": "0.2.0"
}
