{
  "calculation_time": 18.281489962,
  "qmmbe": {
    "b_formation_time": 1.452315551,
    "b_tflops": 5.330135956857216,
    "diag_time": 2.3752301959999995,
    "expanded_elec_energy": -4518.339590359643,
    "expanded_hf_energy": -1384.170359929123,
    "expanded_nuc_repulsion_energy": 3337.4022386507454,
    "expanded_xc_energy": -203.23300822022534,
    "homo": -0.1743396159337844,
    "lumo": -0.10876688657343356,
    "method": "RestrictedKSDFT",
    "mp2_tflops": 0.0,
    "mp2_time": 6.95335580498286e-310,
    "n_atoms": 56,
    "nmers": [
      [
        {
          "fragments": [
            0
          ],
          "hf_energy": -1384.170359929123,
          "num_basis_fns": 1236,
          "num_iters": 15,
          "schema_version": "0.2.0"
        }
      ]
    ],
    "num_iters": 15,
    "ri_fock_time": 0.132217255,
    "ri_tflops": 2.104756322160825,
    "scf_tflops": 32.939192983352235,
    "scf_time": 18.136487455,
    "schema_version": "0.2.0",
    "tflops": 30.08901125476164,
    "total_time": 18.277748,
    "transforms_time": 0.07029018699999998,
    "xc_tflops": 41.10076540630686,
    "xc_time": 13.175236698
  },
  "schema_version": "0.2.0"
}
