{
  "calculation_time": 23.623923627,
  "qmmbe": {
    "b_formation_time": 1.752314997,
    "b_tflops": 6.356688533868662,
    "diag_time": 3.256745916,
    "expanded_elec_energy": -5266.940085138114,
    "expanded_hf_energy": -1537.8255582092083,
    "expanded_nuc_repulsion_energy": 3954.863060478752,
    "expanded_xc_energy": -225.748533549846,
    "homo": -0.18356634900666718,
    "lumo": -0.09931351400332308,
    "method": "RestrictedKSDFT",
    "mp2_tflops": 0.0,
    "mp2_time": 6.95335580497496e-310,
    "n_atoms": 62,
    "nmers": [
      [
        {
          "fragments": [
            0
          ],
          "hf_energy": -1537.8255582092083,
          "num_basis_fns": 1372,
          "num_iters": 16,
          "schema_version": "0.2.0"
        }
      ]
    ],
    "num_iters": 16,
    "ri_fock_time": 0.19671101000000002,
    "ri_tflops": 2.063903698730437,
    "scf_tflops": 36.497158710618585,
    "scf_time": 23.452875276,
    "schema_version": "0.2.0",
    "tflops": 33.63072936728912,
    "total_time": 23.619691,
    "transforms_time": 0.08372247599999998,
    "xc_tflops": 46.14770473508555,
    "xc_time": 16.949295162000002
  },
  "schema_version": "0.2.0"
}
