{
  "calculation_time": 29.837235675,
  "qmmbe": {
    "b_formation_time": 2.09366745,
    "b_tflops": 6.726749359398028,
    "diag_time": 4.007303585000001,
    "expanded_elec_energy": -5816.871171158051,
    "expanded_hf_energy": -1691.5013850616797,
    "expanded_nuc_repulsion_energy": 4373.6144374614405,
    "expanded_xc_energy": -248.24465136506933,
    "homo": -0.18406982580949208,
    "lumo": -0.10183332602487204,
    "method": "RestrictedKSDFT",
    "mp2_tflops": 0.0,
    "mp2_time": 6.95335580498286e-310,
    "n_atoms": 68,
    "nmers": [
      [
        {
          "fragments": [
            0
          ],
          "hf_energy": -1691.5013850616797,
          "num_basis_fns": 1508,
          "num_iters": 15,
          "schema_version": "0.2.0"
        }
      ]
    ],
    "num_iters": 15,
    "ri_fock_time": 0.241562711,
    "ri_tflops": 2.092160587484051,
    "scf_tflops": 35.83261663528538,
    "scf_time": 29.639745751,
    "schema_version": "0.2.0",
    "tflops": 33.27428460490817,
    "total_time": 29.832669,
    "transforms_time": 0.079292402,
    "xc_tflops": 44.622497280528556,
    "xc_time": 21.901264456999996
  },
  "schema_version": "0.2.0"
}
