{
  "calculation_time": 24.145984671,
  "qmmbe": {
    "b_formation_time": 1.741243911,
    "b_tflops": 6.525583274702978,
    "diag_time": 3.350808856,
    "expanded_elec_energy": -5324.692735605833,
    "expanded_hf_energy": -1536.6630764713293,
    "expanded_nuc_repulsion_energy": 4013.0774226685917,
    "expanded_xc_energy": -225.04776353408792,
    "homo": -0.17702519045617895,
    "lumo": -0.10403154839282582,
    "method": "RestrictedKSDFT",
    "mp2_tflops": 0.0,
    "mp2_time": 6.95335580498286e-310,
    "n_atoms": 60,
    "nmers": [
      [
        {
          "fragments": [
            0
          ],
          "hf_energy": -1536.6630764713293,
          "num_basis_fns": 1360,
          "num_iters": 17,
          "schema_version": "0.2.0"
        }
      ]
    ],
    "num_iters": 17,
    "ri_fock_time": 0.19298764299999993,
    "ri_tflops": 2.176725646625987,
    "scf_tflops": 35.92156966744058,
    "scf_time": 23.970418829,
    "schema_version": "0.2.0",
    "tflops": 33.18690749539385,
    "total_time": 24.141961,
    "transforms_time": 0.088553391,
    "xc_tflops": 45.344413759984064,
    "xc_time": 17.395099792999996
  },
  "schema_version": "0.2.0"
}
