{
  "calculation_time": 33.557339299,
  "qmmbe": {
    "b_formation_time": 2.196271281,
    "b_tflops": 7.090206684681408,
    "diag_time": 4.537293246000001,
    "expanded_elec_energy": -6058.605946978776,
    "expanded_hf_energy": -1691.4740853560747,
    "expanded_nuc_repulsion_energy": 4615.382737892553,
    "expanded_xc_energy": -248.25087626985214,
    "homo": -0.18283264555818673,
    "lumo": -0.10104167613642545,
    "method": "RestrictedKSDFT",
    "mp2_tflops": 0.0,
    "mp2_time": 6.95335580495757e-310,
    "n_atoms": 68,
    "nmers": [
      [
        {
          "fragments": [
            0
          ],
          "hf_energy": -1691.4740853560747,
          "num_basis_fns": 1508,
          "num_iters": 17,
          "schema_version": "0.2.0"
        }
      ]
    ],
    "num_iters": 17,
    "ri_fock_time": 0.27459443099999997,
    "ri_tflops": 2.085887342005126,
    "scf_tflops": 35.5343035426653,
    "scf_time": 33.356083955,
    "schema_version": "0.2.0",
    "tflops": 33.20074273893814,
    "total_time": 33.552501,
    "transforms_time": 0.09064855099999997,
    "xc_tflops": 44.24355909770029,
    "xc_time": 24.792760658999995
  },
  "schema_version": "0.2.0"
}
