{
  "calculation_time": 22.026768157,
  "qmmbe": {
    "b_formation_time": 1.628926431,
    "b_tflops": 5.595310873179637,
    "diag_time": 3.043905523,
    "expanded_elec_energy": -4856.797340395947,
    "expanded_hf_energy": -1460.425677696351,
    "expanded_nuc_repulsion_energy": 3610.5057749762677,
    "expanded_xc_energy": -214.13411227667194,
    "homo": -0.17490698255935525,
    "lumo": -0.10874722903348114,
    "method": "RestrictedKSDFT",
    "mp2_tflops": 0.0,
    "mp2_time": 6.95335580498286e-310,
    "n_atoms": 58,
    "nmers": [
      [
        {
          "fragments": [
            0
          ],
          "hf_energy": -1460.425677696351,
          "num_basis_fns": 1298,
          "num_iters": 17,
          "schema_version": "0.2.0"
        }
      ]
    ],
    "num_iters": 17,
    "ri_fock_time": 0.18066564899999998,
    "ri_tflops": 2.021626979769685,
    "scf_tflops": 34.82849476864418,
    "scf_time": 21.874031412,
    "schema_version": "0.2.0",
    "tflops": 32.07831774413257,
    "total_time": 22.022789,
    "transforms_time": 0.08391946,
    "xc_tflops": 44.01070655847295,
    "xc_time": 15.823926128
  },
  "schema_version": "0.2.0"
}
