{
  "calculation_time": 22.029071206,
  "qmmbe": {
    "b_formation_time": 1.623950145,
    "b_tflops": 5.6747152894253405,
    "diag_time": 3.1121060469999997,
    "expanded_elec_energy": -4878.454938366399,
    "expanded_hf_energy": -1460.4302827616884,
    "expanded_nuc_repulsion_energy": 3632.1655177610974,
    "expanded_xc_energy": -214.1408621563868,
    "homo": -0.17870910777495636,
    "lumo": -0.10534066629201362,
    "method": "RestrictedKSDFT",
    "mp2_tflops": 0.0,
    "mp2_time": 6.95335580498286e-310,
    "n_atoms": 58,
    "nmers": [
      [
        {
          "fragments": [
            0
          ],
          "hf_energy": -1460.4302827616884,
          "num_basis_fns": 1298,
          "num_iters": 17,
          "schema_version": "0.2.0"
        }
      ]
    ],
    "num_iters": 17,
    "ri_fock_time": 0.18121230699999996,
    "ri_tflops": 2.0155283952982295,
    "scf_tflops": 34.76355605352631,
    "scf_time": 21.873849622,
    "schema_version": "0.2.0",
    "tflops": 32.059866376023166,
    "total_time": 22.025207,
    "transforms_time": 0.079720403,
    "xc_tflops": 44.08712121456376,
    "xc_time": 15.786873158
  },
  "schema_version": "0.2.0"
}
