{
  "calculation_time": 27.565525241,
  "qmmbe": {
    "b_formation_time": 2.016438271,
    "b_tflops": 6.837005486434749,
    "diag_time": 3.635410775,
    "expanded_elec_energy": -5759.780660398271,
    "expanded_hf_energy": -1614.0787445798612,
    "expanded_nuc_repulsion_energy": 4382.360194294084,
    "expanded_xc_energy": -236.65827847567456,
    "homo": -0.18261139125743941,
    "lumo": -0.09960254870773966,
    "method": "RestrictedKSDFT",
    "mp2_tflops": 0.0,
    "mp2_time": 6.9533558049623e-310,
    "n_atoms": 64,
    "nmers": [
      [
        {
          "fragments": [
            0
          ],
          "hf_energy": -1614.0787445798612,
          "num_basis_fns": 1434,
          "num_iters": 16,
          "schema_version": "0.2.0"
        }
      ]
    ],
    "num_iters": 16,
    "ri_fock_time": 0.222054377,
    "ri_tflops": 2.0874125496206726,
    "scf_tflops": 35.153067856981835,
    "scf_time": 27.374026285,
    "schema_version": "0.2.0",
    "tflops": 32.49608861107599,
    "total_time": 27.56099,
    "transforms_time": 0.082537638,
    "xc_tflops": 43.788584520744635,
    "xc_time": 20.11177906
  },
  "schema_version": "0.2.0"
}
