{
  "calculation_time": 20.887628861,
  "qmmbe": {
    "b_formation_time": 1.582238599,
    "b_tflops": 5.866336037693895,
    "diag_time": 2.8925585920000003,
    "expanded_elec_energy": -4890.739788865029,
    "expanded_hf_energy": -1460.423192158923,
    "expanded_nuc_repulsion_energy": 3644.4555067884235,
    "expanded_xc_energy": -214.13891008231712,
    "homo": -0.17368788622862527,
    "lumo": -0.11116754702524961,
    "method": "RestrictedKSDFT",
    "mp2_tflops": 0.0,
    "mp2_time": 6.95335580498286e-310,
    "n_atoms": 58,
    "nmers": [
      [
        {
          "fragments": [
            0
          ],
          "hf_energy": -1460.423192158923,
          "num_basis_fns": 1298,
          "num_iters": 16,
          "schema_version": "0.2.0"
        }
      ]
    ],
    "num_iters": 16,
    "ri_fock_time": 0.16965707400000002,
    "ri_tflops": 2.0261691518268194,
    "scf_tflops": 34.771883390107895,
    "scf_time": 20.731687177,
    "schema_version": "0.2.0",
    "tflops": 31.954914627992043,
    "total_time": 20.88384,
    "transforms_time": 0.07886916699999999,
    "xc_tflops": 43.95030555865003,
    "xc_time": 14.952918844000001
  },
  "schema_version": "0.2.0"
}
