{
  "calculation_time": 27.530280714,
  "qmmbe": {
    "b_formation_time": 2.029989477,
    "b_tflops": 7.1219126222987805,
    "diag_time": 3.647814856,
    "expanded_elec_energy": -5856.037005828972,
    "expanded_hf_energy": -1614.0835891594738,
    "expanded_nuc_repulsion_energy": 4478.618262964104,
    "expanded_xc_energy": -236.66484629460643,
    "homo": -0.18505437957270532,
    "lumo": -0.09834059207236023,
    "method": "RestrictedKSDFT",
    "mp2_tflops": 0.0,
    "mp2_time": 6.95335580498286e-310,
    "n_atoms": 64,
    "nmers": [
      [
        {
          "fragments": [
            0
          ],
          "hf_energy": -1614.0835891594738,
          "num_basis_fns": 1434,
          "num_iters": 16,
          "schema_version": "0.2.0"
        }
      ]
    ],
    "num_iters": 16,
    "ri_fock_time": 0.22185154099999999,
    "ri_tflops": 2.089321043967867,
    "scf_tflops": 35.13188867815681,
    "scf_time": 27.317384335,
    "schema_version": "0.2.0",
    "tflops": 32.46852943773858,
    "total_time": 27.526022,
    "transforms_time": 0.082282506,
    "xc_tflops": 43.840405188256945,
    "xc_time": 20.029453013
  },
  "schema_version": "0.2.0"
}
