{
  "calculation_time": 31.510189088,
  "qmmbe": {
    "b_formation_time": 2.223053883,
    "b_tflops": 7.095186659084683,
    "diag_time": 4.342531142,
    "expanded_elec_energy": -6092.521642301824,
    "expanded_hf_energy": -1691.4994268867542,
    "expanded_nuc_repulsion_energy": 4649.271926477703,
    "expanded_xc_energy": -248.24971106263382,
    "homo": -0.18403610252072125,
    "lumo": -0.09946726497578581,
    "method": "RestrictedKSDFT",
    "mp2_tflops": 0.0,
    "mp2_time": 6.95335580498286e-310,
    "n_atoms": 68,
    "nmers": [
      [
        {
          "fragments": [
            0
          ],
          "hf_energy": -1691.4994268867542,
          "num_basis_fns": 1508,
          "num_iters": 16,
          "schema_version": "0.2.0"
        }
      ]
    ],
    "num_iters": 16,
    "ri_fock_time": 0.257395755,
    "ri_tflops": 2.0943644373000634,
    "scf_tflops": 35.91275106708141,
    "scf_time": 31.308230844,
    "schema_version": "0.2.0",
    "tflops": 33.379925024497666,
    "total_time": 31.505672,
    "transforms_time": 0.08407540900000005,
    "xc_tflops": 44.95549320687834,
    "xc_time": 23.012164123
  },
  "schema_version": "0.2.0"
}
