{
  "calculation_time": 31.486541219,
  "qmmbe": {
    "b_formation_time": 2.089149272,
    "b_tflops": 6.350700275682359,
    "diag_time": 4.323822046,
    "expanded_elec_energy": -5665.423287086474,
    "expanded_hf_energy": -1691.507880155489,
    "expanded_nuc_repulsion_energy": 4222.148042041866,
    "expanded_xc_energy": -248.2326351108802,
    "homo": -0.17366574316709008,
    "lumo": -0.11413372031695679,
    "method": "RestrictedKSDFT",
    "mp2_tflops": 0.0,
    "mp2_time": 6.95335580496705e-310,
    "n_atoms": 68,
    "nmers": [
      [
        {
          "fragments": [
            0
          ],
          "hf_energy": -1691.507880155489,
          "num_basis_fns": 1508,
          "num_iters": 16,
          "schema_version": "0.2.0"
        }
      ]
    ],
    "num_iters": 16,
    "ri_fock_time": 0.2578020630000001,
    "ri_tflops": 2.0910636218764465,
    "scf_tflops": 35.943445893689976,
    "scf_time": 31.313704551,
    "schema_version": "0.2.0",
    "tflops": 33.54331749668463,
    "total_time": 31.481955,
    "transforms_time": 0.084355981,
    "xc_tflops": 44.90787227293024,
    "xc_time": 23.188982987999996
  },
  "schema_version": "0.2.0"
}
