{
  "calculation_time": 33.795104393,
  "qmmbe": {
    "b_formation_time": 2.345593356,
    "b_tflops": 7.720326641771064,
    "diag_time": 4.481537153999999,
    "expanded_elec_energy": -6408.703506641032,
    "expanded_hf_energy": -1691.4938207941086,
    "expanded_nuc_repulsion_energy": 4965.486082892104,
    "expanded_xc_energy": -248.2763970451807,
    "homo": -0.17784827011813661,
    "lumo": -0.09850400841204747,
    "method": "RestrictedKSDFT",
    "mp2_tflops": 0.0,
    "mp2_time": 6.95335580496705e-310,
    "n_atoms": 68,
    "nmers": [
      [
        {
          "fragments": [
            0
          ],
          "hf_energy": -1691.4938207941086,
          "num_basis_fns": 1508,
          "num_iters": 17,
          "schema_version": "0.2.0"
        }
      ]
    ],
    "num_iters": 17,
    "ri_fock_time": 0.27516995899999996,
    "ri_tflops": 2.0815246325926156,
    "scf_tflops": 35.188816910653365,
    "scf_time": 33.570485209,
    "schema_version": "0.2.0",
    "tflops": 32.736610615038366,
    "total_time": 33.790796,
    "transforms_time": 0.09503576499999998,
    "xc_tflops": 43.777169188743635,
    "xc_time": 24.821484561
  },
  "schema_version": "0.2.0"
}
