{
  "calculation_time": 29.772147919,
  "qmmbe": {
    "b_formation_time": 2.162225369,
    "b_tflops": 6.656533720305267,
    "diag_time": 4.038845729999999,
    "expanded_elec_energy": -5889.106571974249,
    "expanded_hf_energy": -1691.5186061222034,
    "expanded_nuc_repulsion_energy": 4445.838642709098,
    "expanded_xc_energy": -248.2506768570524,
    "homo": -0.18666415103625777,
    "lumo": -0.09602538562973988,
    "method": "RestrictedKSDFT",
    "mp2_tflops": 0.0,
    "mp2_time": 6.9533558049639e-310,
    "n_atoms": 68,
    "nmers": [
      [
        {
          "fragments": [
            0
          ],
          "hf_energy": -1691.5186061222034,
          "num_basis_fns": 1508,
          "num_iters": 15,
          "schema_version": "0.2.0"
        }
      ]
    ],
    "num_iters": 15,
    "ri_fock_time": 0.243270208,
    "ri_tflops": 2.0774758549965973,
    "scf_tflops": 35.9911951143027,
    "scf_time": 29.571490197,
    "schema_version": "0.2.0",
    "tflops": 33.336010070547786,
    "total_time": 29.767547,
    "transforms_time": 0.07693690400000001,
    "xc_tflops": 44.992926097805245,
    "xc_time": 21.706929990999996
  },
  "schema_version": "0.2.0"
}
