{
  "calculation_time": 29.298806623,
  "qmmbe": {
    "b_formation_time": 1.984011006,
    "b_tflops": 6.476120807561689,
    "diag_time": 3.888634804,
    "expanded_elec_energy": -5606.239573392929,
    "expanded_hf_energy": -1614.0792052621046,
    "expanded_nuc_repulsion_energy": 4228.798679738166,
    "expanded_xc_energy": -236.63831160734205,
    "homo": -0.1709933743782814,
    "lumo": -0.11301373707073374,
    "method": "RestrictedKSDFT",
    "mp2_tflops": 0.0,
    "mp2_time": 6.9533558049623e-310,
    "n_atoms": 64,
    "nmers": [
      [
        {
          "fragments": [
            0
          ],
          "hf_energy": -1614.0792052621046,
          "num_basis_fns": 1434,
          "num_iters": 17,
          "schema_version": "0.2.0"
        }
      ]
    ],
    "num_iters": 17,
    "ri_fock_time": 0.24515211200000003,
    "ri_tflops": 2.0089120691564752,
    "scf_tflops": 34.88074253009598,
    "scf_time": 29.116573235,
    "schema_version": "0.2.0",
    "tflops": 32.43203987752771,
    "total_time": 29.2943,
    "transforms_time": 0.08938461399999996,
    "xc_tflops": 43.388341849730914,
    "xc_time": 21.571568774999996
  },
  "schema_version": "0.2.0"
}
