{
  "calculation_time": 19.807994087,
  "qmmbe": {
    "b_formation_time": 1.591983418,
    "b_tflops": 5.760304434934761,
    "diag_time": 2.6935530769999994,
    "expanded_elec_energy": -4865.665510792254,
    "expanded_hf_energy": -1460.428498426817,
    "expanded_nuc_repulsion_energy": 3619.37885504084,
    "expanded_xc_energy": -214.1418426754026,
    "homo": -0.1799285462412549,
    "lumo": -0.1037531713149468,
    "method": "RestrictedKSDFT",
    "mp2_tflops": 0.0,
    "mp2_time": 6.95335580498286e-310,
    "n_atoms": 58,
    "nmers": [
      [
        {
          "fragments": [
            0
          ],
          "hf_energy": -1460.428498426817,
          "num_basis_fns": 1298,
          "num_iters": 15,
          "schema_version": "0.2.0"
        }
      ]
    ],
    "num_iters": 15,
    "ri_fock_time": 0.159152831,
    "ri_tflops": 2.0249046598486204,
    "scf_tflops": 34.69957088172587,
    "scf_time": 19.652746189,
    "schema_version": "0.2.0",
    "tflops": 31.715868129381587,
    "total_time": 19.804154,
    "transforms_time": 0.07331629199999999,
    "xc_tflops": 43.76125852225722,
    "xc_time": 14.124518682999998
  },
  "schema_version": "0.2.0"
}
