{
  "calculation_time": 22.396916025,
  "qmmbe": {
    "b_formation_time": 1.738458786,
    "b_tflops": 5.9492519908125105,
    "diag_time": 3.02655426,
    "expanded_elec_energy": -5123.638312239041,
    "expanded_hf_energy": -1537.8474677177137,
    "expanded_nuc_repulsion_energy": 3811.5241234158966,
    "expanded_xc_energy": -225.73327889456948,
    "homo": -0.18142613771744354,
    "lumo": -0.10335880508398568,
    "method": "RestrictedKSDFT",
    "mp2_tflops": 0.0,
    "mp2_time": 6.95335580497496e-310,
    "n_atoms": 62,
    "nmers": [
      [
        {
          "fragments": [
            0
          ],
          "hf_energy": -1537.8474677177137,
          "num_basis_fns": 1372,
          "num_iters": 15,
          "schema_version": "0.2.0"
        }
      ]
    ],
    "num_iters": 15,
    "ri_fock_time": 0.184411926,
    "ri_tflops": 2.06395569449234,
    "scf_tflops": 36.48462863593049,
    "scf_time": 22.222856134,
    "schema_version": "0.2.0",
    "tflops": 33.482707063519435,
    "total_time": 22.392849,
    "transforms_time": 0.079778238,
    "xc_tflops": 45.94896345967746,
    "xc_time": 16.071260298
  },
  "schema_version": "0.2.0"
}
