{
  "calculation_time": 33.496232095,
  "qmmbe": {
    "b_formation_time": 2.239053172,
    "b_tflops": 7.116693076921712,
    "diag_time": 4.498701701000001,
    "expanded_elec_energy": -6102.950991824658,
    "expanded_hf_energy": -1691.4831398195984,
    "expanded_nuc_repulsion_energy": 4659.712090660266,
    "expanded_xc_energy": -248.24423865520654,
    "homo": -0.1659487258022631,
    "lumo": -0.1157766748996207,
    "method": "RestrictedKSDFT",
    "mp2_tflops": 0.0,
    "mp2_time": 6.953355804956e-310,
    "n_atoms": 68,
    "nmers": [
      [
        {
          "fragments": [
            0
          ],
          "hf_energy": -1691.4831398195984,
          "num_basis_fns": 1508,
          "num_iters": 17,
          "schema_version": "0.2.0"
        }
      ]
    ],
    "num_iters": 17,
    "ri_fock_time": 0.27424795700000004,
    "ri_tflops": 2.08852256940605,
    "scf_tflops": 35.64611038426444,
    "scf_time": 33.291956787,
    "schema_version": "0.2.0",
    "tflops": 33.23458710893267,
    "total_time": 33.491646,
    "transforms_time": 0.09147435100000001,
    "xc_tflops": 44.365116674377354,
    "xc_time": 24.69686137
  },
  "schema_version": "0.2.0"
}
