{
  "calculation_time": 33.736788812,
  "qmmbe": {
    "b_formation_time": 2.241216652,
    "b_tflops": 6.8838785254001404,
    "diag_time": 5.022746515,
    "expanded_elec_energy": -6038.008564381572,
    "expanded_hf_energy": -1691.5038089106554,
    "expanded_nuc_repulsion_energy": 4594.758549336175,
    "expanded_xc_energy": -248.25379386525827,
    "homo": -0.17933111612564748,
    "lumo": -0.10098535268143667,
    "method": "RestrictedKSDFT",
    "mp2_tflops": 0.0,
    "mp2_time": 6.953355804956e-310,
    "n_atoms": 68,
    "nmers": [
      [
        {
          "fragments": [
            0
          ],
          "hf_energy": -1691.5038089106554,
          "num_basis_fns": 1508,
          "num_iters": 17,
          "schema_version": "0.2.0"
        }
      ]
    ],
    "num_iters": 17,
    "ri_fock_time": 0.274454093,
    "ri_tflops": 2.0869539293334567,
    "scf_tflops": 35.39548079501401,
    "scf_time": 33.525188281,
    "schema_version": "0.2.0",
    "tflops": 33.01949806930614,
    "total_time": 33.732014,
    "transforms_time": 0.088700739,
    "xc_tflops": 44.90672126066276,
    "xc_time": 24.427200576
  },
  "schema_version": "0.2.0"
}
