{
  "calculation_time": 22.892958045,
  "qmmbe": {
    "b_formation_time": 1.737158875,
    "b_tflops": 6.4491489344058985,
    "diag_time": 3.158369354,
    "expanded_elec_energy": -5300.449247465618,
    "expanded_hf_energy": -1536.668451728874,
    "expanded_nuc_repulsion_energy": 3988.8240767015122,
    "expanded_xc_energy": -225.04328096476831,
    "homo": -0.17761731765216235,
    "lumo": -0.10783570398289524,
    "method": "RestrictedKSDFT",
    "mp2_tflops": 0.0,
    "mp2_time": 6.95335580498286e-310,
    "n_atoms": 60,
    "nmers": [
      [
        {
          "fragments": [
            0
          ],
          "hf_energy": -1536.668451728874,
          "num_basis_fns": 1360,
          "num_iters": 16,
          "schema_version": "0.2.0"
        }
      ]
    ],
    "num_iters": 16,
    "ri_fock_time": 0.181709554,
    "ri_tflops": 2.1758376887546595,
    "scf_tflops": 36.00384791823186,
    "scf_time": 22.704379051,
    "schema_version": "0.2.0",
    "tflops": 33.11683443063902,
    "total_time": 22.88894,
    "transforms_time": 0.082600897,
    "xc_tflops": 45.43592526049546,
    "xc_time": 16.414209213
  },
  "schema_version": "0.2.0"
}
