{
  "calculation_time": 32.217242153,
  "qmmbe": {
    "b_formation_time": 2.180220597,
    "b_tflops": 6.838023414930613,
    "diag_time": 4.807451996999999,
    "expanded_elec_energy": -5954.464170921139,
    "expanded_hf_energy": -1691.5037015849969,
    "expanded_nuc_repulsion_energy": 4511.208573329906,
    "expanded_xc_energy": -248.248103993764,
    "homo": -0.17693958260857764,
    "lumo": -0.10573094965549039,
    "method": "RestrictedKSDFT",
    "mp2_tflops": 0.0,
    "mp2_time": 6.953355804956e-310,
    "n_atoms": 68,
    "nmers": [
      [
        {
          "fragments": [
            0
          ],
          "hf_energy": -1691.5037015849969,
          "num_basis_fns": 1508,
          "num_iters": 16,
          "schema_version": "0.2.0"
        }
      ]
    ],
    "num_iters": 16,
    "ri_fock_time": 0.25579181300000003,
    "ri_tflops": 2.107497144891029,
    "scf_tflops": 35.125353010349265,
    "scf_time": 32.014136631,
    "schema_version": "0.2.0",
    "tflops": 32.72389306592023,
    "total_time": 32.212392,
    "transforms_time": 0.07987752199999998,
    "xc_tflops": 44.61783912848486,
    "xc_time": 23.260742043999997
  },
  "schema_version": "0.2.0"
}
