{
  "calculation_time": 23.063230797,
  "qmmbe": {
    "b_formation_time": 1.731719007,
    "b_tflops": 6.243760048306728,
    "diag_time": 3.1819110829999997,
    "expanded_elec_energy": -5231.504953530074,
    "expanded_hf_energy": -1536.6833441093313,
    "expanded_nuc_repulsion_energy": 3919.86845076674,
    "expanded_xc_energy": -225.0468413459971,
    "homo": -0.18332920401946848,
    "lumo": -0.1029047782373605,
    "method": "RestrictedKSDFT",
    "mp2_tflops": 0.0,
    "mp2_time": 6.95335580498286e-310,
    "n_atoms": 60,
    "nmers": [
      [
        {
          "fragments": [
            0
          ],
          "hf_energy": -1536.6833441093313,
          "num_basis_fns": 1360,
          "num_iters": 16,
          "schema_version": "0.2.0"
        }
      ]
    ],
    "num_iters": 16,
    "ri_fock_time": 0.18145114399999998,
    "ri_tflops": 2.178936364270043,
    "scf_tflops": 35.72337165524316,
    "scf_time": 22.883064019,
    "schema_version": "0.2.0",
    "tflops": 32.89542473137299,
    "total_time": 23.059094,
    "transforms_time": 0.082333846,
    "xc_tflops": 45.057050730700595,
    "xc_time": 16.572851352
  },
  "schema_version": "0.2.0"
}
