{
  "calculation_time": 31.615346828,
  "qmmbe": {
    "b_formation_time": 2.167252471,
    "b_tflops": 6.534375197452481,
    "diag_time": 4.33057657,
    "expanded_elec_energy": -5839.8436729986715,
    "expanded_hf_energy": -1691.510097821284,
    "expanded_nuc_repulsion_energy": 4396.581815624454,
    "expanded_xc_energy": -248.2482404470665,
    "homo": -0.17989841439201418,
    "lumo": -0.10734613163842563,
    "method": "RestrictedKSDFT",
    "mp2_tflops": 0.0,
    "mp2_time": 6.95335580496705e-310,
    "n_atoms": 68,
    "nmers": [
      [
        {
          "fragments": [
            0
          ],
          "hf_energy": -1691.510097821284,
          "num_basis_fns": 1508,
          "num_iters": 16,
          "schema_version": "0.2.0"
        }
      ]
    ],
    "num_iters": 16,
    "ri_fock_time": 0.258445193,
    "ri_tflops": 2.0858600979434736,
    "scf_tflops": 35.87589691857338,
    "scf_time": 31.433432046,
    "schema_version": "0.2.0",
    "tflops": 33.381904118034925,
    "total_time": 31.610802,
    "transforms_time": 0.08628415,
    "xc_tflops": 44.85088917910004,
    "xc_time": 23.181125113000004
  },
  "schema_version": "0.2.0"
}
