{
  "calculation_time": 33.735161011,
  "qmmbe": {
    "b_formation_time": 2.318665649,
    "b_tflops": 7.685941634124757,
    "diag_time": 5.097770287,
    "expanded_elec_energy": -6365.651221071618,
    "expanded_hf_energy": -1691.4716798953018,
    "expanded_nuc_repulsion_energy": 4922.435425301861,
    "expanded_xc_energy": -248.25588412554458,
    "homo": -0.16955390261935047,
    "lumo": -0.11611916019921911,
    "method": "RestrictedKSDFT",
    "mp2_tflops": 0.0,
    "mp2_time": 6.953355804956e-310,
    "n_atoms": 68,
    "nmers": [
      [
        {
          "fragments": [
            0
          ],
          "hf_energy": -1691.4716798953018,
          "num_basis_fns": 1508,
          "num_iters": 17,
          "schema_version": "0.2.0"
        }
      ]
    ],
    "num_iters": 17,
    "ri_fock_time": 0.27159790400000006,
    "ri_tflops": 2.108900839706038,
    "scf_tflops": 35.20001965202985,
    "scf_time": 33.51573961,
    "schema_version": "0.2.0",
    "tflops": 32.80236841657508,
    "total_time": 33.730467,
    "transforms_time": 0.088179425,
    "xc_tflops": 44.88819846243106,
    "xc_time": 24.219601177
  },
  "schema_version": "0.2.0"
}
