{
  "calculation_time": 28.914364942,
  "qmmbe": {
    "b_formation_time": 2.006935249,
    "b_tflops": 6.565419494374529,
    "diag_time": 3.917454249,
    "expanded_elec_energy": -5668.629549903073,
    "expanded_hf_energy": -1614.0839778526479,
    "expanded_nuc_repulsion_energy": 4291.196467481828,
    "expanded_xc_energy": -236.65089543140317,
    "homo": -0.1737832168231863,
    "lumo": -0.11065203017636498,
    "method": "RestrictedKSDFT",
    "mp2_tflops": 0.0,
    "mp2_time": 6.9533558049623e-310,
    "n_atoms": 64,
    "nmers": [
      [
        {
          "fragments": [
            0
          ],
          "hf_energy": -1614.0839778526479,
          "num_basis_fns": 1434,
          "num_iters": 17,
          "schema_version": "0.2.0"
        }
      ]
    ],
    "num_iters": 17,
    "ri_fock_time": 0.243358455,
    "ri_tflops": 2.0237186194167776,
    "scf_tflops": 35.36155582694971,
    "scf_time": 28.732016861,
    "schema_version": "0.2.0",
    "tflops": 32.854418508076776,
    "total_time": 28.909642,
    "transforms_time": 0.08566232799999998,
    "xc_tflops": 44.180856543176276,
    "xc_time": 21.171394600000003
  },
  "schema_version": "0.2.0"
}
