{
  "calculation_time": 32.140051558,
  "qmmbe": {
    "b_formation_time": 1.927014725,
    "b_tflops": 6.424665845450662,
    "diag_time": 4.300928142,
    "expanded_elec_energy": -5533.5756729461355,
    "expanded_hf_energy": -1614.183075520567,
    "expanded_nuc_repulsion_energy": 4156.376975030022,
    "expanded_xc_energy": -236.98437760445313,
    "homo": -0.16621961549174416,
    "lumo": -0.10371542126179897,
    "method": "RestrictedKSDFT",
    "mp2_tflops": 0.0,
    "mp2_time": 6.95335580496705e-310,
    "n_atoms": 64,
    "nmers": [
      [
        {
          "fragments": [
            0
          ],
          "hf_energy": -1614.183075520567,
          "num_basis_fns": 1434,
          "num_iters": 19,
          "schema_version": "0.2.0"
        }
      ]
    ],
    "num_iters": 19,
    "ri_fock_time": 0.27233690400000005,
    "ri_tflops": 2.021132336996825,
    "scf_tflops": 35.014639680203466,
    "scf_time": 31.950567694,
    "schema_version": "0.2.0",
    "tflops": 32.85310213562013,
    "total_time": 32.135886,
    "transforms_time": 0.097598043,
    "xc_tflops": 43.63498367416183,
    "xc_time": 23.879627789999997
  },
  "schema_version": "0.2.0"
}
