{
  "calculation_time": 21.442212128,
  "qmmbe": {
    "b_formation_time": 1.393985832,
    "b_tflops": 5.070029976430923,
    "diag_time": 2.8825018890000003,
    "expanded_elec_energy": -4357.488436048732,
    "expanded_hf_energy": -1384.2671719262091,
    "expanded_nuc_repulsion_energy": 3176.7499421484563,
    "expanded_xc_energy": -203.5286780259332,
    "homo": -0.16780969434039109,
    "lumo": -0.10334461481445788,
    "method": "RestrictedKSDFT",
    "mp2_tflops": 0.0,
    "mp2_time": 6.9533558049544e-310,
    "n_atoms": 56,
    "nmers": [
      [
        {
          "fragments": [
            0
          ],
          "hf_energy": -1384.2671719262091,
          "num_basis_fns": 1236,
          "num_iters": 18,
          "schema_version": "0.2.0"
        }
      ]
    ],
    "num_iters": 18,
    "ri_fock_time": 0.15953783500000002,
    "ri_tflops": 2.09318450405197,
    "scf_tflops": 32.71490465103311,
    "scf_time": 21.306181596,
    "schema_version": "0.2.0",
    "tflops": 30.42058800752203,
    "total_time": 21.438258,
    "transforms_time": 0.08420309299999999,
    "xc_tflops": 40.91845227720991,
    "xc_time": 15.745136412
  },
  "schema_version": "0.2.0"
}
