{
  "calculation_time": 35.420225128,
  "qmmbe": {
    "b_formation_time": 2.183410688,
    "b_tflops": 6.618287063143661,
    "diag_time": 4.759608631,
    "expanded_elec_energy": -5875.7584521525505,
    "expanded_hf_energy": -1691.6093115546003,
    "expanded_nuc_repulsion_energy": 4432.763446404492,
    "expanded_xc_energy": -248.614305806542,
    "homo": -0.17215684329002487,
    "lumo": -0.09689628995633477,
    "method": "RestrictedKSDFT",
    "mp2_tflops": 0.0,
    "mp2_time": 6.95335580496863e-310,
    "n_atoms": 68,
    "nmers": [
      [
        {
          "fragments": [
            0
          ],
          "hf_energy": -1691.6093115546003,
          "num_basis_fns": 1508,
          "num_iters": 18,
          "schema_version": "0.2.0"
        }
      ]
    ],
    "num_iters": 18,
    "ri_fock_time": 0.291199149,
    "ri_tflops": 2.082648874883903,
    "scf_tflops": 35.49260046545002,
    "scf_time": 35.234469986,
    "schema_version": "0.2.0",
    "tflops": 33.272266458760456,
    "total_time": 35.415845,
    "transforms_time": 0.09803042999999999,
    "xc_tflops": 44.11267279223073,
    "xc_time": 26.350059766
  },
  "schema_version": "0.2.0"
}
