{
  "calculation_time": 35.25656954,
  "qmmbe": {
    "b_formation_time": 2.202347199,
    "b_tflops": 6.864473010272164,
    "diag_time": 4.818470804,
    "expanded_elec_energy": -6001.41298757434,
    "expanded_hf_energy": -1691.5984627987127,
    "expanded_nuc_repulsion_energy": 4558.4209787532045,
    "expanded_xc_energy": -248.60645397757713,
    "homo": -0.16886298669255628,
    "lumo": -0.09997463649377755,
    "method": "RestrictedKSDFT",
    "mp2_tflops": 0.0,
    "mp2_time": 6.95335580496863e-310,
    "n_atoms": 68,
    "nmers": [
      [
        {
          "fragments": [
            0
          ],
          "hf_energy": -1691.5984627987127,
          "num_basis_fns": 1508,
          "num_iters": 18,
          "schema_version": "0.2.0"
        }
      ]
    ],
    "num_iters": 18,
    "ri_fock_time": 0.288159381,
    "ri_tflops": 2.1046185549378316,
    "scf_tflops": 35.5723853945903,
    "scf_time": 35.063735227,
    "schema_version": "0.2.0",
    "tflops": 33.31593115345138,
    "total_time": 35.252027,
    "transforms_time": 0.09583008599999997,
    "xc_tflops": 44.333154839904594,
    "xc_time": 26.115892460999998
  },
  "schema_version": "0.2.0"
}
