{
  "calculation_time": 34.435635005,
  "qmmbe": {
    "b_formation_time": 2.218051325,
    "b_tflops": 6.921803331309298,
    "diag_time": 4.75966853,
    "expanded_elec_energy": -6027.703830097707,
    "expanded_hf_energy": -1691.5864646792013,
    "expanded_nuc_repulsion_energy": 4584.7322041764555,
    "expanded_xc_energy": -248.61483875794949,
    "homo": -0.17024750691835208,
    "lumo": -0.09957797819901726,
    "method": "RestrictedKSDFT",
    "mp2_tflops": 0.0,
    "mp2_time": 6.95335580496863e-310,
    "n_atoms": 68,
    "nmers": [
      [
        {
          "fragments": [
            0
          ],
          "hf_energy": -1691.5864646792013,
          "num_basis_fns": 1508,
          "num_iters": 18,
          "schema_version": "0.2.0"
        }
      ]
    ],
    "num_iters": 18,
    "ri_fock_time": 0.290871006,
    "ri_tflops": 2.08499839283397,
    "scf_tflops": 36.55195609661498,
    "scf_time": 34.225259211,
    "schema_version": "0.2.0",
    "tflops": 34.154180273540135,
    "total_time": 34.431188,
    "transforms_time": 0.09672120500000003,
    "xc_tflops": 45.819027611216505,
    "xc_time": 25.296830110999995
  },
  "schema_version": "0.2.0"
}
