{
  "calculation_time": 26.484650874,
  "qmmbe": {
    "b_formation_time": 1.799249529,
    "b_tflops": 6.149665528663868,
    "diag_time": 3.6792252479999994,
    "expanded_elec_energy": -5244.6573739561245,
    "expanded_hf_energy": -1537.9182208252662,
    "expanded_nuc_repulsion_energy": 3932.8149608866393,
    "expanded_xc_energy": -226.0758077557809,
    "homo": -0.17040799859034714,
    "lumo": -0.09854861707022616,
    "method": "RestrictedKSDFT",
    "mp2_tflops": 0.0,
    "mp2_time": 6.95335580496705e-310,
    "n_atoms": 62,
    "nmers": [
      [
        {
          "fragments": [
            0
          ],
          "hf_energy": -1537.9182208252662,
          "num_basis_fns": 1372,
          "num_iters": 18,
          "schema_version": "0.2.0"
        }
      ]
    ],
    "num_iters": 18,
    "ri_fock_time": 0.22842727300000001,
    "ri_tflops": 1.9995057847580222,
    "scf_tflops": 36.06221112412814,
    "scf_time": 26.302419749,
    "schema_version": "0.2.0",
    "tflops": 33.4842878974649,
    "total_time": 26.480591,
    "transforms_time": 0.09159091400000002,
    "xc_tflops": 45.42826411897334,
    "xc_time": 19.249383843
  },
  "schema_version": "0.2.0"
}
