{
  "calculation_time": 35.557237295,
  "qmmbe": {
    "b_formation_time": 2.164335557,
    "b_tflops": 6.886372473600683,
    "diag_time": 4.7947384400000015,
    "expanded_elec_energy": -5949.905552005918,
    "expanded_hf_energy": -1691.6049725458852,
    "expanded_nuc_repulsion_energy": 4506.9185235803625,
    "expanded_xc_energy": -248.61794412032938,
    "homo": -0.17230018123362412,
    "lumo": -0.09472623267569326,
    "method": "RestrictedKSDFT",
    "mp2_tflops": 0.0,
    "mp2_time": 6.95335580496863e-310,
    "n_atoms": 68,
    "nmers": [
      [
        {
          "fragments": [
            0
          ],
          "hf_energy": -1691.6049725458852,
          "num_basis_fns": 1508,
          "num_iters": 18,
          "schema_version": "0.2.0"
        }
      ]
    ],
    "num_iters": 18,
    "ri_fock_time": 0.287851919,
    "ri_tflops": 2.106866551867594,
    "scf_tflops": 35.29892301658479,
    "scf_time": 35.349010148,
    "schema_version": "0.2.0",
    "tflops": 33.120582922139825,
    "total_time": 35.552681,
    "transforms_time": 0.09811733899999998,
    "xc_tflops": 43.8580045786629,
    "xc_time": 26.473601728
  },
  "schema_version": "0.2.0"
}
