{
  "calculation_time": 31.10610441,
  "qmmbe": {
    "b_formation_time": 1.99159189,
    "b_tflops": 6.725707438439107,
    "diag_time": 4.069325255,
    "expanded_elec_energy": -5693.0960724058805,
    "expanded_hf_energy": -1614.1814403631847,
    "expanded_nuc_repulsion_energy": 4315.922455570527,
    "expanded_xc_energy": -237.00782352783102,
    "homo": -0.17741701488791892,
    "lumo": -0.0890502699054959,
    "method": "RestrictedKSDFT",
    "mp2_tflops": 0.0,
    "mp2_time": 6.95335580496705e-310,
    "n_atoms": 64,
    "nmers": [
      [
        {
          "fragments": [
            0
          ],
          "hf_energy": -1614.1814403631847,
          "num_basis_fns": 1434,
          "num_iters": 18,
          "schema_version": "0.2.0"
        }
      ]
    ],
    "num_iters": 18,
    "ri_fock_time": 0.257422303,
    "ri_tflops": 2.0256946419440585,
    "scf_tflops": 34.41141109503621,
    "scf_time": 30.901723964,
    "schema_version": "0.2.0",
    "tflops": 32.14624469452147,
    "total_time": 31.10181,
    "transforms_time": 0.09385823999999995,
    "xc_tflops": 42.582443130788455,
    "xc_time": 23.133251241000004
  },
  "schema_version": "0.2.0"
}
