{
  "calculation_time": 34.083555703,
  "qmmbe": {
    "b_formation_time": 2.102362809,
    "b_tflops": 6.5332503544453635,
    "diag_time": 5.094559662999999,
    "expanded_elec_energy": -5754.313722568516,
    "expanded_hf_energy": -1691.6247952669496,
    "expanded_nuc_repulsion_energy": 4311.309288809344,
    "expanded_xc_energy": -248.62036150777786,
    "homo": -0.18277034238766157,
    "lumo": -0.08694419617612867,
    "method": "RestrictedKSDFT",
    "mp2_tflops": 0.0,
    "mp2_time": 6.95335580496863e-310,
    "n_atoms": 68,
    "nmers": [
      [
        {
          "fragments": [
            0
          ],
          "hf_energy": -1691.6247952669496,
          "num_basis_fns": 1508,
          "num_iters": 17,
          "schema_version": "0.2.0"
        }
      ]
    ],
    "num_iters": 17,
    "ri_fock_time": 0.27508579399999994,
    "ri_tflops": 2.0821614939810384,
    "scf_tflops": 34.91014868173396,
    "scf_time": 33.904973131,
    "schema_version": "0.2.0",
    "tflops": 32.756654479356655,
    "total_time": 34.079038,
    "transforms_time": 0.08863964199999999,
    "xc_tflops": 44.20236955766139,
    "xc_time": 24.916626591999997
  },
  "schema_version": "0.2.0"
}
