{
  "calculation_time": 35.34898183,
  "qmmbe": {
    "b_formation_time": 2.226244968,
    "b_tflops": 6.779298666363117,
    "diag_time": 4.823053125,
    "expanded_elec_energy": -5986.869815844144,
    "expanded_hf_energy": -1691.6100446596013,
    "expanded_nuc_repulsion_energy": 4543.880749968306,
    "expanded_xc_energy": -248.62097878376352,
    "homo": -0.17349176431757424,
    "lumo": -0.09756780240422064,
    "method": "RestrictedKSDFT",
    "mp2_tflops": 0.0,
    "mp2_time": 6.95335580496863e-310,
    "n_atoms": 68,
    "nmers": [
      [
        {
          "fragments": [
            0
          ],
          "hf_energy": -1691.6100446596013,
          "num_basis_fns": 1508,
          "num_iters": 18,
          "schema_version": "0.2.0"
        }
      ]
    ],
    "num_iters": 18,
    "ri_fock_time": 0.290117566,
    "ri_tflops": 2.0904131673019757,
    "scf_tflops": 35.52251853543092,
    "scf_time": 35.157475291,
    "schema_version": "0.2.0",
    "tflops": 33.28200909203405,
    "total_time": 35.344591,
    "transforms_time": 0.09546517899999994,
    "xc_tflops": 44.229110615614296,
    "xc_time": 26.220554135000004
  },
  "schema_version": "0.2.0"
}
