{
  "calculation_time": 36.931878638,
  "qmmbe": {
    "b_formation_time": 2.148628069,
    "b_tflops": 6.754670461861122,
    "diag_time": 5.034703419999999,
    "expanded_elec_energy": -5888.056575644065,
    "expanded_hf_energy": -1691.5979599767484,
    "expanded_nuc_repulsion_energy": 4445.069066769048,
    "expanded_xc_energy": -248.61045110173143,
    "homo": -0.16420245930461735,
    "lumo": -0.10836260930083927,
    "method": "RestrictedKSDFT",
    "mp2_tflops": 0.0,
    "mp2_time": 6.95335580496863e-310,
    "n_atoms": 68,
    "nmers": [
      [
        {
          "fragments": [
            0
          ],
          "hf_energy": -1691.5979599767484,
          "num_basis_fns": 1508,
          "num_iters": 19,
          "schema_version": "0.2.0"
        }
      ]
    ],
    "num_iters": 19,
    "ri_fock_time": 0.306677389,
    "ri_tflops": 2.0873991210874694,
    "scf_tflops": 35.69244861053682,
    "scf_time": 36.745219717,
    "schema_version": "0.2.0",
    "tflops": 33.57529274974563,
    "total_time": 36.927356,
    "transforms_time": 0.10544380299999999,
    "xc_tflops": 44.51025133013168,
    "xc_time": 27.492505228
  },
  "schema_version": "0.2.0"
}
