{
  "calculation_time": 25.072553037,
  "qmmbe": {
    "b_formation_time": 1.792653475,
    "b_tflops": 6.032018165784104,
    "diag_time": 3.5480073479999996,
    "expanded_elec_energy": -5198.688297710127,
    "expanded_hf_energy": -1537.9237320519528,
    "expanded_nuc_repulsion_energy": 3886.8463475921617,
    "expanded_xc_energy": -226.08178193398777,
    "homo": -0.17424567870093866,
    "lumo": -0.09695818021702433,
    "method": "RestrictedKSDFT",
    "mp2_tflops": 0.0,
    "mp2_time": 6.95335580496705e-310,
    "n_atoms": 62,
    "nmers": [
      [
        {
          "fragments": [
            0
          ],
          "hf_energy": -1537.9237320519528,
          "num_basis_fns": 1372,
          "num_iters": 17,
          "schema_version": "0.2.0"
        }
      ]
    ],
    "num_iters": 17,
    "ri_fock_time": 0.21648122400000003,
    "ri_tflops": 1.992630628511228,
    "scf_tflops": 36.2414300112103,
    "scf_time": 24.906988819,
    "schema_version": "0.2.0",
    "tflops": 33.543863278332246,
    "total_time": 25.068526,
    "transforms_time": 0.08647128899999999,
    "xc_tflops": 45.839887166897014,
    "xc_time": 18.084513827000002
  },
  "schema_version": "0.2.0"
}
