{
  "calculation_time": 30.592713882,
  "qmmbe": {
    "b_formation_time": 1.924779273,
    "b_tflops": 6.575546220734891,
    "diag_time": 4.110476254000001,
    "expanded_elec_energy": -5577.66889288212,
    "expanded_hf_energy": -1614.1867952428056,
    "expanded_nuc_repulsion_energy": 4200.477818513294,
    "expanded_xc_energy": -236.99572087397888,
    "homo": -0.1693275409544024,
    "lumo": -0.09942516753830956,
    "method": "RestrictedKSDFT",
    "mp2_tflops": 0.0,
    "mp2_time": 6.95335580496863e-310,
    "n_atoms": 64,
    "nmers": [
      [
        {
          "fragments": [
            0
          ],
          "hf_energy": -1614.1867952428056,
          "num_basis_fns": 1434,
          "num_iters": 18,
          "schema_version": "0.2.0"
        }
      ]
    ],
    "num_iters": 18,
    "ri_fock_time": 0.24951999800000005,
    "ri_tflops": 2.0898484453498587,
    "scf_tflops": 35.031083814806614,
    "scf_time": 30.413810853,
    "schema_version": "0.2.0",
    "tflops": 32.7579901659217,
    "total_time": 30.588291,
    "transforms_time": 0.09541735,
    "xc_tflops": 43.59753747658976,
    "xc_time": 22.662979653999997
  },
  "schema_version": "0.2.0"
}
