{
  "calculation_time": 36.838072211,
  "qmmbe": {
    "b_formation_time": 2.184286694,
    "b_tflops": 6.883620125269142,
    "diag_time": 5.067868897,
    "expanded_elec_energy": -5973.579869272253,
    "expanded_hf_energy": -1691.5991634004952,
    "expanded_nuc_repulsion_energy": 4530.590172226345,
    "expanded_xc_energy": -248.60946635458754,
    "homo": -0.16019855257012058,
    "lumo": -0.11027313029545817,
    "method": "RestrictedKSDFT",
    "mp2_tflops": 0.0,
    "mp2_time": 6.95335580496863e-310,
    "n_atoms": 68,
    "nmers": [
      [
        {
          "fragments": [
            0
          ],
          "hf_energy": -1691.5991634004952,
          "num_basis_fns": 1508,
          "num_iters": 19,
          "schema_version": "0.2.0"
        }
      ]
    ],
    "num_iters": 19,
    "ri_fock_time": 0.30422723800000007,
    "ri_tflops": 2.1042103805840022,
    "scf_tflops": 35.770908777545976,
    "scf_time": 36.645183715,
    "schema_version": "0.2.0",
    "tflops": 33.63711168950516,
    "total_time": 36.833668,
    "transforms_time": 0.10118245800000002,
    "xc_tflops": 44.63849483261975,
    "xc_time": 27.382357755999994
  },
  "schema_version": "0.2.0"
}
