{
  "calculation_time": 37.160429179,
  "qmmbe": {
    "b_formation_time": 2.2823969650000002,
    "b_tflops": 7.768775664252603,
    "diag_time": 5.0464048439999996,
    "expanded_elec_energy": -6351.668229340174,
    "expanded_hf_energy": -1691.5851420058464,
    "expanded_nuc_repulsion_energy": 4908.709845535555,
    "expanded_xc_energy": -248.626758201228,
    "homo": -0.16680013910776434,
    "lumo": -0.09995672237463182,
    "method": "RestrictedKSDFT",
    "mp2_tflops": 0.0,
    "mp2_time": 6.95335580496863e-310,
    "n_atoms": 68,
    "nmers": [
      [
        {
          "fragments": [
            0
          ],
          "hf_energy": -1691.5851420058464,
          "num_basis_fns": 1508,
          "num_iters": 19,
          "schema_version": "0.2.0"
        }
      ]
    ],
    "num_iters": 19,
    "ri_fock_time": 0.307769233,
    "ri_tflops": 2.079993851289222,
    "scf_tflops": 35.260047540608646,
    "scf_time": 36.919923458,
    "schema_version": "0.2.0",
    "tflops": 33.07062177076546,
    "total_time": 37.156056,
    "transforms_time": 0.104289677,
    "xc_tflops": 43.89806944490782,
    "xc_time": 27.550253732
  },
  "schema_version": "0.2.0"
}
