{
  "calculation_time": 31.922494511,
  "qmmbe": {
    "b_formation_time": 1.925428676,
    "b_tflops": 6.560379108783981,
    "diag_time": 4.352787299999999,
    "expanded_elec_energy": -5572.642575034314,
    "expanded_hf_energy": -1614.183945524993,
    "expanded_nuc_repulsion_energy": 4195.445896974783,
    "expanded_xc_energy": -236.98726746546177,
    "homo": -0.16211616940040982,
    "lumo": -0.10774701160477573,
    "method": "RestrictedKSDFT",
    "mp2_tflops": 0.0,
    "mp2_time": 6.95335580496705e-310,
    "n_atoms": 64,
    "nmers": [
      [
        {
          "fragments": [
            0
          ],
          "hf_energy": -1614.183945524993,
          "num_basis_fns": 1434,
          "num_iters": 19,
          "schema_version": "0.2.0"
        }
      ]
    ],
    "num_iters": 19,
    "ri_fock_time": 0.26461628800000003,
    "ri_tflops": 2.0801022015394603,
    "scf_tflops": 35.24589365022897,
    "scf_time": 31.743727461,
    "schema_version": "0.2.0",
    "tflops": 33.07491587654844,
    "total_time": 31.918138,
    "transforms_time": 0.09450023300000002,
    "xc_tflops": 43.9742873967723,
    "xc_time": 23.687998771
  },
  "schema_version": "0.2.0"
}
