{
  "calculation_time": 26.65305666,
  "qmmbe": {
    "b_formation_time": 1.751178902,
    "b_tflops": 6.018337396550018,
    "diag_time": 3.675971098000001,
    "expanded_elec_energy": -5152.608764289467,
    "expanded_hf_energy": -1537.926775183314,
    "expanded_nuc_repulsion_energy": 3840.7515133689703,
    "expanded_xc_energy": -226.06952426281725,
    "homo": -0.16956327174702873,
    "lumo": -0.09972826934166294,
    "method": "RestrictedKSDFT",
    "mp2_tflops": 0.0,
    "mp2_time": 6.95335580496705e-310,
    "n_atoms": 62,
    "nmers": [
      [
        {
          "fragments": [
            0
          ],
          "hf_energy": -1537.926775183314,
          "num_basis_fns": 1372,
          "num_iters": 18,
          "schema_version": "0.2.0"
        }
      ]
    ],
    "num_iters": 18,
    "ri_fock_time": 0.220617895,
    "ri_tflops": 2.07028379887316,
    "scf_tflops": 35.80229728640472,
    "scf_time": 26.49166141,
    "schema_version": "0.2.0",
    "tflops": 33.34708721618172,
    "total_time": 26.649083,
    "transforms_time": 0.090856281,
    "xc_tflops": 44.99147698992172,
    "xc_time": 19.491543790999998
  },
  "schema_version": "0.2.0"
}
