{
  "calculation_time": 37.26606281,
  "qmmbe": {
    "b_formation_time": 2.245483245,
    "b_tflops": 7.063039643965814,
    "diag_time": 5.101409925,
    "expanded_elec_energy": -6100.549817053912,
    "expanded_hf_energy": -1691.5920727580606,
    "expanded_nuc_repulsion_energy": 4657.576948025831,
    "expanded_xc_energy": -248.61920372997986,
    "homo": -0.17380553792261277,
    "lumo": -0.09230386308162336,
    "method": "RestrictedKSDFT",
    "mp2_tflops": 0.0,
    "mp2_time": 6.95335580496863e-310,
    "n_atoms": 68,
    "nmers": [
      [
        {
          "fragments": [
            0
          ],
          "hf_energy": -1691.5920727580606,
          "num_basis_fns": 1508,
          "num_iters": 19,
          "schema_version": "0.2.0"
        }
      ]
    ],
    "num_iters": 19,
    "ri_fock_time": 0.30430987200000004,
    "ri_tflops": 2.1036389915605493,
    "scf_tflops": 35.31025039851378,
    "scf_time": 37.044510962,
    "schema_version": "0.2.0",
    "tflops": 33.18658270137578,
    "total_time": 37.261595,
    "transforms_time": 0.095509149,
    "xc_tflops": 43.975163675919305,
    "xc_time": 27.722396515999996
  },
  "schema_version": "0.2.0"
}
