{
  "calculation_time": 31.815798403,
  "qmmbe": {
    "b_formation_time": 1.930477966,
    "b_tflops": 6.478655559154928,
    "diag_time": 4.358284364999999,
    "expanded_elec_energy": -5555.684291461745,
    "expanded_hf_energy": -1614.1979823313773,
    "expanded_nuc_repulsion_energy": 4178.479008286249,
    "expanded_xc_energy": -236.99269915588175,
    "homo": -0.16679639581212527,
    "lumo": -0.10293678445720073,
    "method": "RestrictedKSDFT",
    "mp2_tflops": 0.0,
    "mp2_time": 6.95335580496705e-310,
    "n_atoms": 64,
    "nmers": [
      [
        {
          "fragments": [
            0
          ],
          "hf_energy": -1614.1979823313773,
          "num_basis_fns": 1434,
          "num_iters": 19,
          "schema_version": "0.2.0"
        }
      ]
    ],
    "num_iters": 19,
    "ri_fock_time": 0.264054596,
    "ri_tflops": 2.0845269560541944,
    "scf_tflops": 35.37020946802909,
    "scf_time": 31.638814642,
    "schema_version": "0.2.0",
    "tflops": 33.18387521258435,
    "total_time": 31.811581,
    "transforms_time": 0.09361603100000003,
    "xc_tflops": 44.241704240485994,
    "xc_time": 23.545935616999998
  },
  "schema_version": "0.2.0"
}
