{
  "calculation_time": 26.469406582,
  "qmmbe": {
    "b_formation_time": 1.87279633,
    "b_tflops": 6.397573823393812,
    "diag_time": 3.7083431609999997,
    "expanded_elec_energy": -5405.071812039621,
    "expanded_hf_energy": -1537.9167429704867,
    "expanded_nuc_repulsion_energy": 4093.2430354342214,
    "expanded_xc_energy": -226.08796636508663,
    "homo": -0.17366051882963682,
    "lumo": -0.09470581209152376,
    "method": "RestrictedKSDFT",
    "mp2_tflops": 0.0,
    "mp2_time": 6.95335580496705e-310,
    "n_atoms": 62,
    "nmers": [
      [
        {
          "fragments": [
            0
          ],
          "hf_energy": -1537.9167429704867,
          "num_basis_fns": 1372,
          "num_iters": 18,
          "schema_version": "0.2.0"
        }
      ]
    ],
    "num_iters": 18,
    "ri_fock_time": 0.22159536500000002,
    "ri_tflops": 2.061151657030371,
    "scf_tflops": 36.050283827484904,
    "scf_time": 26.290638946,
    "schema_version": "0.2.0",
    "tflops": 33.39473794275743,
    "total_time": 26.465168,
    "transforms_time": 0.09045410300000005,
    "xc_tflops": 45.52969312674091,
    "xc_time": 19.123056031
  },
  "schema_version": "0.2.0"
}
