{
  "calculation_time": 36.63997688,
  "qmmbe": {
    "b_formation_time": 4.011725638,
    "b_tflops": 3.021145273617039,
    "diag_time": 4.811896502000001,
    "expanded_elec_energy": -5475.556312309393,
    "expanded_hf_energy": -1614.1873716923865,
    "expanded_nuc_repulsion_energy": 4098.352248175104,
    "expanded_xc_energy": -236.98330755809727,
    "homo": -0.16082980791667217,
    "lumo": -0.109673775982663,
    "method": "RestrictedKSDFT",
    "mp2_tflops": 0.0,
    "mp2_time": 6.95335580496705e-310,
    "n_atoms": 64,
    "nmers": [
      [
        {
          "fragments": [
            0
          ],
          "hf_energy": -1614.1873716923865,
          "num_basis_fns": 1434,
          "num_iters": 19,
          "schema_version": "0.2.0"
        }
      ]
    ],
    "num_iters": 19,
    "ri_fock_time": 0.309122387,
    "ri_tflops": 1.7806181188423602,
    "scf_tflops": 34.1715959375813,
    "scf_time": 34.80996122,
    "schema_version": "0.2.0",
    "tflops": 29.59902672893161,
    "total_time": 35.098083,
    "transforms_time": 0.27768863499999996,
    "xc_tflops": 43.483685073115936,
    "xc_time": 23.963655829
  },
  "schema_version": "0.2.0"
}
