{
  "calculation_time": 31.879379686,
  "qmmbe": {
    "b_formation_time": 2.04903816,
    "b_tflops": 6.90968660403084,
    "diag_time": 4.385193715,
    "expanded_elec_energy": -5809.8704347786115,
    "expanded_hf_energy": -1614.1566181826531,
    "expanded_nuc_repulsion_energy": 4432.710509374363,
    "expanded_xc_energy": -236.9966927784046,
    "homo": -0.1651464350799841,
    "lumo": -0.10225276350615531,
    "method": "RestrictedKSDFT",
    "mp2_tflops": 0.0,
    "mp2_time": 6.95335580496705e-310,
    "n_atoms": 64,
    "nmers": [
      [
        {
          "fragments": [
            0
          ],
          "hf_energy": -1614.1566181826531,
          "num_basis_fns": 1434,
          "num_iters": 19,
          "schema_version": "0.2.0"
        }
      ]
    ],
    "num_iters": 19,
    "ri_fock_time": 0.26416430499999993,
    "ri_tflops": 2.08366123966673,
    "scf_tflops": 35.26758574421999,
    "scf_time": 31.665332496,
    "schema_version": "0.2.0",
    "tflops": 32.94137356164229,
    "total_time": 31.875225,
    "transforms_time": 0.093894241,
    "xc_tflops": 44.15179875768293,
    "xc_time": 23.42964912
  },
  "schema_version": "0.2.0"
}
