{
  "calculation_time": 36.92303514,
  "qmmbe": {
    "b_formation_time": 2.289279962,
    "b_tflops": 7.185889031789812,
    "diag_time": 5.117951479999999,
    "expanded_elec_energy": -6168.49092317537,
    "expanded_hf_energy": -1691.6043200125089,
    "expanded_nuc_repulsion_energy": 4725.503044936713,
    "expanded_xc_energy": -248.61644177385205,
    "homo": -0.1680552141908905,
    "lumo": -0.09919316690764754,
    "method": "RestrictedKSDFT",
    "mp2_tflops": 0.0,
    "mp2_time": 6.95335580496863e-310,
    "n_atoms": 68,
    "nmers": [
      [
        {
          "fragments": [
            0
          ],
          "hf_energy": -1691.6043200125089,
          "num_basis_fns": 1508,
          "num_iters": 19,
          "schema_version": "0.2.0"
        }
      ]
    ],
    "num_iters": 19,
    "ri_fock_time": 0.304165842,
    "ri_tflops": 2.104635116312633,
    "scf_tflops": 35.56837108480665,
    "scf_time": 36.71513668,
    "schema_version": "0.2.0",
    "tflops": 33.364383669928785,
    "total_time": 36.91865,
    "transforms_time": 0.10117226000000004,
    "xc_tflops": 44.44904495418042,
    "xc_time": 27.305758477999998
  },
  "schema_version": "0.2.0"
}
