{
  "calculation_time": 30.471804085,
  "qmmbe": {
    "b_formation_time": 2.016740579,
    "b_tflops": 6.427890107650778,
    "diag_time": 4.196269978,
    "expanded_elec_energy": -5628.523257405919,
    "expanded_hf_energy": -1614.18270310233,
    "expanded_nuc_repulsion_energy": 4251.337816088355,
    "expanded_xc_energy": -236.99726178476573,
    "homo": -0.16911468548147482,
    "lumo": -0.09642669528499541,
    "method": "RestrictedKSDFT",
    "mp2_tflops": 0.0,
    "mp2_time": 6.95335580496705e-310,
    "n_atoms": 64,
    "nmers": [
      [
        {
          "fragments": [
            0
          ],
          "hf_energy": -1614.18270310233,
          "num_basis_fns": 1434,
          "num_iters": 18,
          "schema_version": "0.2.0"
        }
      ]
    ],
    "num_iters": 18,
    "ri_fock_time": 0.257705199,
    "ri_tflops": 2.023470934724914,
    "scf_tflops": 35.23265664625234,
    "scf_time": 30.291195152,
    "schema_version": "0.2.0",
    "tflops": 32.85786345901079,
    "total_time": 30.467645,
    "transforms_time": 0.08866403199999998,
    "xc_tflops": 44.07121134999953,
    "xc_time": 22.391506408999998
  },
  "schema_version": "0.2.0"
}
