{
  "calculation_time": 35.338571604,
  "qmmbe": {
    "b_formation_time": 2.139901954,
    "b_tflops": 6.830979299388967,
    "diag_time": 4.7405418479999994,
    "expanded_elec_energy": -5912.6805779773185,
    "expanded_hf_energy": -1691.5990635316668,
    "expanded_nuc_repulsion_energy": 4469.698747980312,
    "expanded_xc_energy": -248.61723353466027,
    "homo": -0.17003311462353227,
    "lumo": -0.09750044989015415,
    "method": "RestrictedKSDFT",
    "mp2_tflops": 0.0,
    "mp2_time": 6.9533558049623e-310,
    "n_atoms": 68,
    "nmers": [
      [
        {
          "fragments": [
            0
          ],
          "hf_energy": -1691.5990635316668,
          "num_basis_fns": 1508,
          "num_iters": 18,
          "schema_version": "0.2.0"
        }
      ]
    ],
    "num_iters": 18,
    "ri_fock_time": 0.29100314800000004,
    "ri_tflops": 2.084051613187359,
    "scf_tflops": 35.473159256124134,
    "scf_time": 35.13522698,
    "schema_version": "0.2.0",
    "tflops": 33.29016132107351,
    "total_time": 35.333949,
    "transforms_time": 0.09817254299999995,
    "xc_tflops": 44.04886955902841,
    "xc_time": 26.336905845
  },
  "schema_version": "0.2.0"
}
