{
  "calculation_time": 35.062728082,
  "qmmbe": {
    "b_formation_time": 2.071831002,
    "b_tflops": 6.602868370948336,
    "diag_time": 4.7710218509999995,
    "expanded_elec_energy": -5742.742665857308,
    "expanded_hf_energy": -1691.6147769068439,
    "expanded_nuc_repulsion_energy": 4299.739886552884,
    "expanded_xc_energy": -248.61199760242005,
    "homo": -0.16867518471332243,
    "lumo": -0.10145222884326827,
    "method": "RestrictedKSDFT",
    "mp2_tflops": 0.0,
    "mp2_time": 6.95335580496863e-310,
    "n_atoms": 68,
    "nmers": [
      [
        {
          "fragments": [
            0
          ],
          "hf_energy": -1691.6147769068439,
          "num_basis_fns": 1508,
          "num_iters": 18,
          "schema_version": "0.2.0"
        }
      ]
    ],
    "num_iters": 18,
    "ri_fock_time": 0.289472509,
    "ri_tflops": 2.095071418446855,
    "scf_tflops": 35.780221945623936,
    "scf_time": 34.883184553,
    "schema_version": "0.2.0",
    "tflops": 33.62737468066043,
    "total_time": 35.058336,
    "transforms_time": 0.10012412799999999,
    "xc_tflops": 44.62485690287009,
    "xc_time": 26.077354414000006
  },
  "schema_version": "0.2.0"
}
