{
  "calculation_time": 23.43427941,
  "qmmbe": {
    "b_formation_time": 1.628253837,
    "b_tflops": 6.020221534512496,
    "diag_time": 3.2442427290000007,
    "expanded_elec_energy": -4985.471048993466,
    "expanded_hf_energy": -1460.4938001452424,
    "expanded_nuc_repulsion_energy": 3739.436595372532,
    "expanded_xc_energy": -214.4593465243084,
    "homo": -0.1634236324352003,
    "lumo": -0.10508982357452308,
    "method": "RestrictedKSDFT",
    "mp2_tflops": 0.0,
    "mp2_time": 6.9533558049544e-310,
    "n_atoms": 58,
    "nmers": [
      [
        {
          "fragments": [
            0
          ],
          "hf_energy": -1460.4938001452424,
          "num_basis_fns": 1298,
          "num_iters": 18,
          "schema_version": "0.2.0"
        }
      ]
    ],
    "num_iters": 18,
    "ri_fock_time": 0.191199942,
    "ri_tflops": 2.0226113402482095,
    "scf_tflops": 34.27548765348553,
    "scf_time": 23.270495006,
    "schema_version": "0.2.0",
    "tflops": 31.740342200478096,
    "total_time": 23.430172,
    "transforms_time": 0.09002411199999999,
    "xc_tflops": 43.228307401770266,
    "xc_time": 16.95438557
  },
  "schema_version": "0.2.0"
}
