{
  "calculation_time": 30.146778907,
  "qmmbe": {
    "b_formation_time": 1.942686455,
    "b_tflops": 6.508766409646893,
    "diag_time": 4.123676655000001,
    "expanded_elec_energy": -5567.467445885234,
    "expanded_hf_energy": -1614.1721577913315,
    "expanded_nuc_repulsion_energy": 4190.290722446449,
    "expanded_xc_energy": -236.99543435254623,
    "homo": -0.17159826177245768,
    "lumo": -0.09436434200957763,
    "method": "RestrictedKSDFT",
    "mp2_tflops": 0.0,
    "mp2_time": 6.95335580496705e-310,
    "n_atoms": 64,
    "nmers": [
      [
        {
          "fragments": [
            0
          ],
          "hf_energy": -1614.1721577913315,
          "num_basis_fns": 1434,
          "num_iters": 18,
          "schema_version": "0.2.0"
        }
      ]
    ],
    "num_iters": 18,
    "ri_fock_time": 0.24924497099999993,
    "ri_tflops": 2.0921544688017,
    "scf_tflops": 35.553184080005146,
    "scf_time": 29.96836822,
    "schema_version": "0.2.0",
    "tflops": 33.19672859704941,
    "total_time": 30.142547,
    "transforms_time": 0.09275819899999999,
    "xc_tflops": 44.468476640676165,
    "xc_time": 22.188025963000005
  },
  "schema_version": "0.2.0"
}
