{
  "calculation_time": 32.111547743,
  "qmmbe": {
    "b_formation_time": 2.010889536,
    "b_tflops": 6.611234609066065,
    "diag_time": 4.361353599,
    "expanded_elec_energy": -5681.571512457291,
    "expanded_hf_energy": -1614.1599644634075,
    "expanded_nuc_repulsion_energy": 4304.4042684928445,
    "expanded_xc_energy": -236.99272049896123,
    "homo": -0.1603974318655217,
    "lumo": -0.1103685622716781,
    "method": "RestrictedKSDFT",
    "mp2_tflops": 0.0,
    "mp2_time": 6.95335580496705e-310,
    "n_atoms": 64,
    "nmers": [
      [
        {
          "fragments": [
            0
          ],
          "hf_energy": -1614.1599644634075,
          "num_basis_fns": 1434,
          "num_iters": 19,
          "schema_version": "0.2.0"
        }
      ]
    ],
    "num_iters": 19,
    "ri_fock_time": 0.271641305,
    "ri_tflops": 2.0263079034758724,
    "scf_tflops": 35.047822823168666,
    "scf_time": 31.925255093,
    "schema_version": "0.2.0",
    "tflops": 32.800144262984304,
    "total_time": 32.107344,
    "transforms_time": 0.09427987299999997,
    "xc_tflops": 43.720988383996705,
    "xc_time": 23.751114790999996
  },
  "schema_version": "0.2.0"
}
