{
  "calculation_time": 37.052911653,
  "qmmbe": {
    "b_formation_time": 2.20421207,
    "b_tflops": 7.270562770849902,
    "diag_time": 5.074390393,
    "expanded_elec_energy": -6122.614183048949,
    "expanded_hf_energy": -1691.576987086052,
    "expanded_nuc_repulsion_energy": 4679.660631534363,
    "expanded_xc_energy": -248.62343557146662,
    "homo": -0.16936893907136635,
    "lumo": -0.09552778622459428,
    "method": "RestrictedKSDFT",
    "mp2_tflops": 0.0,
    "mp2_time": 6.95335580496863e-310,
    "n_atoms": 68,
    "nmers": [
      [
        {
          "fragments": [
            0
          ],
          "hf_energy": -1691.576987086052,
          "num_basis_fns": 1508,
          "num_iters": 19,
          "schema_version": "0.2.0"
        }
      ]
    ],
    "num_iters": 19,
    "ri_fock_time": 0.30549904099999997,
    "ri_tflops": 2.095450480500854,
    "scf_tflops": 35.471531255954865,
    "scf_time": 36.847289037,
    "schema_version": "0.2.0",
    "tflops": 33.338721397860176,
    "total_time": 37.048377,
    "transforms_time": 0.10413580900000001,
    "xc_tflops": 44.20206763337089,
    "xc_time": 27.543732575
  },
  "schema_version": "0.2.0"
}
