{
  "calculation_time": 35.428401708,
  "qmmbe": {
    "b_formation_time": 2.233384941,
    "b_tflops": 6.735031887596129,
    "diag_time": 4.789744064000001,
    "expanded_elec_energy": -5974.487772163422,
    "expanded_hf_energy": -1691.6203121769001,
    "expanded_nuc_repulsion_energy": 4531.49549763142,
    "expanded_xc_energy": -248.62803764489834,
    "homo": -0.18155022155137576,
    "lumo": -0.08810043939717514,
    "method": "RestrictedKSDFT",
    "mp2_tflops": 0.0,
    "mp2_time": 6.95335580496863e-310,
    "n_atoms": 68,
    "nmers": [
      [
        {
          "fragments": [
            0
          ],
          "hf_energy": -1691.6203121769001,
          "num_basis_fns": 1508,
          "num_iters": 18,
          "schema_version": "0.2.0"
        }
      ]
    ],
    "num_iters": 18,
    "ri_fock_time": 0.290209383,
    "ri_tflops": 2.0897517983834453,
    "scf_tflops": 35.52390161492798,
    "scf_time": 35.234214248,
    "schema_version": "0.2.0",
    "tflops": 33.26008668705025,
    "total_time": 35.423969,
    "transforms_time": 0.09454966699999999,
    "xc_tflops": 44.180021068529896,
    "xc_time": 26.292997217
  },
  "schema_version": "0.2.0"
}
