{
  "calculation_time": 37.275278952,
  "qmmbe": {
    "b_formation_time": 2.206635583,
    "b_tflops": 6.985391885021551,
    "diag_time": 5.077677618000001,
    "expanded_elec_energy": -6042.6403341695,
    "expanded_hf_energy": -1691.6010004156535,
    "expanded_nuc_repulsion_energy": 4599.656958259093,
    "expanded_xc_energy": -248.61762450524589,
    "homo": -0.17209992719304373,
    "lumo": -0.09418585046118998,
    "method": "RestrictedKSDFT",
    "mp2_tflops": 0.0,
    "mp2_time": 6.95335580496863e-310,
    "n_atoms": 68,
    "nmers": [
      [
        {
          "fragments": [
            0
          ],
          "hf_energy": -1691.6010004156535,
          "num_basis_fns": 1508,
          "num_iters": 19,
          "schema_version": "0.2.0"
        }
      ]
    ],
    "num_iters": 19,
    "ri_fock_time": 0.30720918,
    "ri_tflops": 2.0837857522877408,
    "scf_tflops": 35.30044981890762,
    "scf_time": 37.078578526,
    "schema_version": "0.2.0",
    "tflops": 33.19266889068247,
    "total_time": 37.270632,
    "transforms_time": 0.099322812,
    "xc_tflops": 43.92798327621739,
    "xc_time": 27.774068334
  },
  "schema_version": "0.2.0"
}
