{
  "calculation_time": 35.248989379,
  "qmmbe": {
    "b_formation_time": 2.139390188,
    "b_tflops": 6.722581443926861,
    "diag_time": 4.756561292000001,
    "expanded_elec_energy": -5867.386630725242,
    "expanded_hf_energy": -1691.6007898664666,
    "expanded_nuc_repulsion_energy": 4424.395861981436,
    "expanded_xc_energy": -248.61002112266038,
    "homo": -0.1711481819219002,
    "lumo": -0.09913869579378483,
    "method": "RestrictedKSDFT",
    "mp2_tflops": 0.0,
    "mp2_time": 6.95335580496863e-310,
    "n_atoms": 68,
    "nmers": [
      [
        {
          "fragments": [
            0
          ],
          "hf_energy": -1691.6007898664666,
          "num_basis_fns": 1508,
          "num_iters": 18,
          "schema_version": "0.2.0"
        }
      ]
    ],
    "num_iters": 18,
    "ri_fock_time": 0.29118225000000003,
    "ri_tflops": 2.0827697431144925,
    "scf_tflops": 35.613226943364424,
    "scf_time": 35.062357839,
    "schema_version": "0.2.0",
    "tflops": 33.41479584451526,
    "total_time": 35.244366,
    "transforms_time": 0.096811832,
    "xc_tflops": 44.262337352801154,
    "xc_time": 26.247142616999994
  },
  "schema_version": "0.2.0"
}
