{
  "calculation_time": 26.493293569,
  "qmmbe": {
    "b_formation_time": 1.805200783,
    "b_tflops": 6.28229336612026,
    "diag_time": 3.6496982050000004,
    "expanded_elec_energy": -5302.346040284941,
    "expanded_hf_energy": -1537.9279403931262,
    "expanded_nuc_repulsion_energy": 3990.5013996009084,
    "expanded_xc_energy": -226.08329970909307,
    "homo": -0.17586544220099098,
    "lumo": -0.09332051850833485,
    "method": "RestrictedKSDFT",
    "mp2_tflops": 0.0,
    "mp2_time": 6.9533558049528e-310,
    "n_atoms": 62,
    "nmers": [
      [
        {
          "fragments": [
            0
          ],
          "hf_energy": -1537.9279403931262,
          "num_basis_fns": 1372,
          "num_iters": 18,
          "schema_version": "0.2.0"
        }
      ]
    ],
    "num_iters": 18,
    "ri_fock_time": 0.22242094699999998,
    "ri_tflops": 2.0535010749684472,
    "scf_tflops": 36.04165279778551,
    "scf_time": 26.32056518,
    "schema_version": "0.2.0",
    "tflops": 33.46497465563873,
    "total_time": 26.489255,
    "transforms_time": 0.089921489,
    "xc_tflops": 45.37974661042499,
    "xc_time": 19.258962235
  },
  "schema_version": "0.2.0"
}
