{
  "calculation_time": 37.345057699,
  "qmmbe": {
    "b_formation_time": 2.238147066,
    "b_tflops": 6.998753931155658,
    "diag_time": 5.123496173,
    "expanded_elec_energy": -6062.549488392702,
    "expanded_hf_energy": -1691.6005484803645,
    "expanded_nuc_repulsion_energy": 4619.560418032159,
    "expanded_xc_energy": -248.61147811982116,
    "homo": -0.16871880174085307,
    "lumo": -0.09956400880563292,
    "method": "RestrictedKSDFT",
    "mp2_tflops": 0.0,
    "mp2_time": 6.95335580496863e-310,
    "n_atoms": 68,
    "nmers": [
      [
        {
          "fragments": [
            0
          ],
          "hf_energy": -1691.6005484803645,
          "num_basis_fns": 1508,
          "num_iters": 19,
          "schema_version": "0.2.0"
        }
      ]
    ],
    "num_iters": 19,
    "ri_fock_time": 0.305381897,
    "ri_tflops": 2.0962542919038847,
    "scf_tflops": 35.25071213499916,
    "scf_time": 37.145236752,
    "schema_version": "0.2.0",
    "tflops": 33.14418649183551,
    "total_time": 37.340425,
    "transforms_time": 0.099730739,
    "xc_tflops": 43.882931435278714,
    "xc_time": 27.808831208000004
  },
  "schema_version": "0.2.0"
}
