{
  "calculation_time": 35.655377807,
  "qmmbe": {
    "b_formation_time": 2.203588851,
    "b_tflops": 6.773253861549874,
    "diag_time": 4.764311058999999,
    "expanded_elec_energy": -5969.085150879064,
    "expanded_hf_energy": -1691.614070189392,
    "expanded_nuc_repulsion_energy": 4526.095122682108,
    "expanded_xc_energy": -248.6240419924362,
    "homo": -0.18183982769275334,
    "lumo": -0.08763805286436016,
    "method": "RestrictedKSDFT",
    "mp2_tflops": 0.0,
    "mp2_time": 6.95335580496863e-310,
    "n_atoms": 68,
    "nmers": [
      [
        {
          "fragments": [
            0
          ],
          "hf_energy": -1691.614070189392,
          "num_basis_fns": 1508,
          "num_iters": 18,
          "schema_version": "0.2.0"
        }
      ]
    ],
    "num_iters": 18,
    "ri_fock_time": 0.290845374,
    "ri_tflops": 2.0851821422884314,
    "scf_tflops": 35.230532779863225,
    "scf_time": 35.462795368,
    "schema_version": "0.2.0",
    "tflops": 33.022306518637265,
    "total_time": 35.650864,
    "transforms_time": 0.101965105,
    "xc_tflops": 43.7196991143094,
    "xc_time": 26.550639659999998
  },
  "schema_version": "0.2.0"
}
