{
  "calculation_time": 27.821785602,
  "qmmbe": {
    "b_formation_time": 1.783527141,
    "b_tflops": 6.3928309216327195,
    "diag_time": 3.8794912289999997,
    "expanded_elec_energy": -5308.506729049353,
    "expanded_hf_energy": -1537.9303955950365,
    "expanded_nuc_repulsion_energy": 3996.6548548984038,
    "expanded_xc_energy": -226.07852144408676,
    "homo": -0.16927472978186103,
    "lumo": -0.09842669915367647,
    "method": "RestrictedKSDFT",
    "mp2_tflops": 0.0,
    "mp2_time": 6.95335580496705e-310,
    "n_atoms": 62,
    "nmers": [
      [
        {
          "fragments": [
            0
          ],
          "hf_energy": -1537.9303955950365,
          "num_basis_fns": 1372,
          "num_iters": 19,
          "schema_version": "0.2.0"
        }
      ]
    ],
    "num_iters": 19,
    "ri_fock_time": 0.233053572,
    "ri_tflops": 2.0686925582929923,
    "scf_tflops": 35.93826180914575,
    "scf_time": 27.646266154,
    "schema_version": "0.2.0",
    "tflops": 33.53096472847397,
    "total_time": 27.817771,
    "transforms_time": 0.09660052300000001,
    "xc_tflops": 45.2213826020708,
    "xc_time": 20.346966371
  },
  "schema_version": "0.2.0"
}
