{
  "calculation_time": 39.38265645,
  "qmmbe": {
    "b_formation_time": 4.112406765,
    "b_tflops": 3.235689086463216,
    "diag_time": 5.281123353000001,
    "expanded_elec_energy": -5668.706583218473,
    "expanded_hf_energy": -1691.6269462566122,
    "expanded_nuc_repulsion_energy": 4225.688423472386,
    "expanded_xc_energy": -248.60878651052525,
    "homo": -0.17079731532947298,
    "lumo": -0.09798250802293759,
    "method": "RestrictedKSDFT",
    "mp2_tflops": 0.0,
    "mp2_time": 6.95335580496863e-310,
    "n_atoms": 68,
    "nmers": [
      [
        {
          "fragments": [
            0
          ],
          "hf_energy": -1691.6269462566122,
          "num_basis_fns": 1508,
          "num_iters": 18,
          "schema_version": "0.2.0"
        }
      ]
    ],
    "num_iters": 18,
    "ri_fock_time": 0.32289958399999996,
    "ri_tflops": 1.8781863157556749,
    "scf_tflops": 35.02568821558271,
    "scf_time": 37.646561061,
    "schema_version": "0.2.0",
    "tflops": 30.683166014492766,
    "total_time": 37.844054,
    "transforms_time": 0.27564579199999995,
    "xc_tflops": 44.46192188902007,
    "xc_time": 26.175610543999998
  },
  "schema_version": "0.2.0"
}
