{
  "calculation_time": 17.173003996,
  "qmmbe": {
    "b_formation_time": 1.493263419,
    "b_tflops": 3.591451899204396,
    "diag_time": 2.564655992,
    "expanded_elec_energy": -3874.899766556584,
    "expanded_hf_energy": -1230.5864636059562,
    "expanded_nuc_repulsion_energy": 2825.3198791164345,
    "expanded_xc_energy": -181.00657616580688,
    "homo": -0.17118868901545142,
    "lumo": -0.09731233545500927,
    "method": "RestrictedKSDFT",
    "mp2_tflops": 0.0,
    "mp2_time": 6.9533558049528e-310,
    "n_atoms": 50,
    "nmers": [
      [
        {
          "fragments": [
            0
          ],
          "hf_energy": -1230.5864636059562,
          "num_basis_fns": 1100,
          "num_iters": 18,
          "schema_version": "0.2.0"
        }
      ]
    ],
    "num_iters": 18,
    "ri_fock_time": 0.115231696,
    "ri_tflops": 2.042825439278443,
    "scf_tflops": 29.64114286879556,
    "scf_time": 17.037888396,
    "schema_version": "0.2.0",
    "tflops": 26.849012890245845,
    "total_time": 17.169781,
    "transforms_time": 0.07175624000000001,
    "xc_tflops": 38.08449247576387,
    "xc_time": 11.948622059999996
  },
  "schema_version": "0.2.0"
}
