{
  "calculation_time": 16.871181725,
  "qmmbe": {
    "b_formation_time": 1.489025584,
    "b_tflops": 3.4790474319613844,
    "diag_time": 2.3069696720000006,
    "expanded_elec_energy": -3829.7055802618383,
    "expanded_hf_energy": -1230.5819145025812,
    "expanded_nuc_repulsion_energy": 2780.12275725499,
    "expanded_xc_energy": -180.99909149573287,
    "homo": -0.16691399119183464,
    "lumo": -0.10297584514089253,
    "method": "RestrictedKSDFT",
    "mp2_tflops": 0.0,
    "mp2_time": 6.9533558049528e-310,
    "n_atoms": 50,
    "nmers": [
      [
        {
          "fragments": [
            0
          ],
          "hf_energy": -1230.5819145025812,
          "num_basis_fns": 1100,
          "num_iters": 18,
          "schema_version": "0.2.0"
        }
      ]
    ],
    "num_iters": 18,
    "ri_fock_time": 0.11526507900000002,
    "ri_tflops": 2.0422337974539535,
    "scf_tflops": 30.24773627144212,
    "scf_time": 16.73979616,
    "schema_version": "0.2.0",
    "tflops": 27.349285896283384,
    "total_time": 16.867768,
    "transforms_time": 0.071416958,
    "xc_tflops": 38.23641125819688,
    "xc_time": 11.914530349
  },
  "schema_version": "0.2.0"
}
