{
  "calculation_time": 35.270458705,
  "qmmbe": {
    "b_formation_time": 2.222152719,
    "b_tflops": 6.916090941769336,
    "diag_time": 4.784344115,
    "expanded_elec_energy": -6037.360297718989,
    "expanded_hf_energy": -1691.592738436968,
    "expanded_nuc_repulsion_energy": 4594.38859442089,
    "expanded_xc_energy": -248.62103513886817,
    "homo": -0.17654499110572883,
    "lumo": -0.0945053859209056,
    "method": "RestrictedKSDFT",
    "mp2_tflops": 0.0,
    "mp2_time": 6.95335580496863e-310,
    "n_atoms": 68,
    "nmers": [
      [
        {
          "fragments": [
            0
          ],
          "hf_energy": -1691.592738436968,
          "num_basis_fns": 1508,
          "num_iters": 18,
          "schema_version": "0.2.0"
        }
      ]
    ],
    "num_iters": 18,
    "ri_fock_time": 0.29159469600000004,
    "ri_tflops": 2.079823770292447,
    "scf_tflops": 35.56572707957312,
    "scf_time": 35.073199431,
    "schema_version": "0.2.0",
    "tflops": 33.28777528292982,
    "total_time": 35.265955,
    "transforms_time": 0.099536959,
    "xc_tflops": 44.28330564001313,
    "xc_time": 26.127511984
  },
  "schema_version": "0.2.0"
}
