{
  "calculation_time": 35.176681254,
  "qmmbe": {
    "b_formation_time": 2.197950974,
    "b_tflops": 6.7014169636488,
    "diag_time": 4.815799991,
    "expanded_elec_energy": -5933.847522050607,
    "expanded_hf_energy": -1691.6113676044579,
    "expanded_nuc_repulsion_energy": 4490.859853692881,
    "expanded_xc_energy": -248.62369924673214,
    "homo": -0.17228663212031678,
    "lumo": -0.09630068067979142,
    "method": "RestrictedKSDFT",
    "mp2_tflops": 0.0,
    "mp2_time": 6.9533558049623e-310,
    "n_atoms": 68,
    "nmers": [
      [
        {
          "fragments": [
            0
          ],
          "hf_energy": -1691.6113676044579,
          "num_basis_fns": 1508,
          "num_iters": 18,
          "schema_version": "0.2.0"
        }
      ]
    ],
    "num_iters": 18,
    "ri_fock_time": 0.291246679,
    "ri_tflops": 2.0823089970134903,
    "scf_tflops": 35.683138934525395,
    "scf_time": 34.967174757,
    "schema_version": "0.2.0",
    "tflops": 33.44822569862783,
    "total_time": 35.172092,
    "transforms_time": 0.09439884299999994,
    "xc_tflops": 44.57572468759276,
    "xc_time": 26.027121138000002
  },
  "schema_version": "0.2.0"
}
