{
  "calculation_time": 35.313672124,
  "qmmbe": {
    "b_formation_time": 2.153868212,
    "b_tflops": 6.588254747344775,
    "diag_time": 4.751583418999999,
    "expanded_elec_energy": -5840.927954598295,
    "expanded_hf_energy": -1691.612652563028,
    "expanded_nuc_repulsion_energy": 4397.928235139138,
    "expanded_xc_energy": -248.61293310387111,
    "homo": -0.16862365192297893,
    "lumo": -0.10098206315050931,
    "method": "RestrictedKSDFT",
    "mp2_tflops": 0.0,
    "mp2_time": 6.95335580496863e-310,
    "n_atoms": 68,
    "nmers": [
      [
        {
          "fragments": [
            0
          ],
          "hf_energy": -1691.612652563028,
          "num_basis_fns": 1508,
          "num_iters": 18,
          "schema_version": "0.2.0"
        }
      ]
    ],
    "num_iters": 18,
    "ri_fock_time": 0.28808504399999996,
    "ri_tflops": 2.105161627314468,
    "scf_tflops": 35.58129809008648,
    "scf_time": 35.130654272,
    "schema_version": "0.2.0",
    "tflops": 33.37472663540567,
    "total_time": 35.309314,
    "transforms_time": 0.09687353400000003,
    "xc_tflops": 44.220314777542875,
    "xc_time": 26.293578895
  },
  "schema_version": "0.2.0"
}
