{
  "calculation_time": 27.888532768,
  "qmmbe": {
    "b_formation_time": 1.831959435,
    "b_tflops": 6.886825634190966,
    "diag_time": 3.8847129280000003,
    "expanded_elec_energy": -5509.7937377161,
    "expanded_hf_energy": -1537.918393635308,
    "expanded_nuc_repulsion_energy": 4197.971037192342,
    "expanded_xc_energy": -226.09569311155008,
    "homo": -0.17487513320250406,
    "lumo": -0.09110788621990387,
    "method": "RestrictedKSDFT",
    "mp2_tflops": 0.0,
    "mp2_time": 6.95335580496705e-310,
    "n_atoms": 62,
    "nmers": [
      [
        {
          "fragments": [
            0
          ],
          "hf_energy": -1537.918393635308,
          "num_basis_fns": 1372,
          "num_iters": 19,
          "schema_version": "0.2.0"
        }
      ]
    ],
    "num_iters": 19,
    "ri_fock_time": 0.233385029,
    "ri_tflops": 2.0657545693729995,
    "scf_tflops": 35.789914988414516,
    "scf_time": 27.698812975,
    "schema_version": "0.2.0",
    "tflops": 33.30902278998516,
    "total_time": 27.884282,
    "transforms_time": 0.09962927400000003,
    "xc_tflops": 45.04811563427642,
    "xc_time": 20.310673303999998
  },
  "schema_version": "0.2.0"
}
