{
  "calculation_time": 35.504543346,
  "qmmbe": {
    "b_formation_time": 2.271413001,
    "b_tflops": 7.212720069033364,
    "diag_time": 4.773319334,
    "expanded_elec_energy": -6178.30798631518,
    "expanded_hf_energy": -1691.5864464859785,
    "expanded_nuc_repulsion_energy": 4735.341218739504,
    "expanded_xc_energy": -248.61967891030298,
    "homo": -0.17661684015138585,
    "lumo": -0.09031187802619664,
    "method": "RestrictedKSDFT",
    "mp2_tflops": 0.0,
    "mp2_time": 6.95335580496863e-310,
    "n_atoms": 68,
    "nmers": [
      [
        {
          "fragments": [
            0
          ],
          "hf_energy": -1691.5864464859785,
          "num_basis_fns": 1508,
          "num_iters": 18,
          "schema_version": "0.2.0"
        }
      ]
    ],
    "num_iters": 18,
    "ri_fock_time": 0.290644493,
    "ri_tflops": 2.0866233306956206,
    "scf_tflops": 35.35517787557831,
    "scf_time": 35.295714893,
    "schema_version": "0.2.0",
    "tflops": 33.05707152959952,
    "total_time": 35.500223,
    "transforms_time": 0.09900874599999998,
    "xc_tflops": 43.9722213823664,
    "xc_time": 26.280151652
  },
  "schema_version": "0.2.0"
}
