{
  "calculation_time": 26.647941729,
  "qmmbe": {
    "b_formation_time": 1.781105537,
    "b_tflops": 6.0487335924530345,
    "diag_time": 3.635196977,
    "expanded_elec_energy": -5206.422818691999,
    "expanded_hf_energy": -1537.9380303452604,
    "expanded_nuc_repulsion_energy": 3894.5589471873477,
    "expanded_xc_energy": -226.07415884060907,
    "homo": -0.17408633948881622,
    "lumo": -0.09812818819212914,
    "method": "RestrictedKSDFT",
    "mp2_tflops": 0.0,
    "mp2_time": 6.95335580496705e-310,
    "n_atoms": 62,
    "nmers": [
      [
        {
          "fragments": [
            0
          ],
          "hf_energy": -1537.9380303452604,
          "num_basis_fns": 1372,
          "num_iters": 18,
          "schema_version": "0.2.0"
        }
      ]
    ],
    "num_iters": 18,
    "ri_fock_time": 0.22157495099999996,
    "ri_tflops": 2.0613415537210256,
    "scf_tflops": 35.836393300849934,
    "scf_time": 26.467851791,
    "schema_version": "0.2.0",
    "tflops": 33.32123917838337,
    "total_time": 26.6438,
    "transforms_time": 0.09073784900000004,
    "xc_tflops": 44.93183457847832,
    "xc_time": 19.493493210999997
  },
  "schema_version": "0.2.0"
}
