{
  "calculation_time": 35.071681681,
  "qmmbe": {
    "b_formation_time": 2.218780852,
    "b_tflops": 6.895610065284627,
    "diag_time": 4.852808203999999,
    "expanded_elec_energy": -6014.113320801009,
    "expanded_hf_energy": -1691.5898560975902,
    "expanded_nuc_repulsion_energy": 4571.137036775428,
    "expanded_xc_energy": -248.61357207200936,
    "homo": -0.1646175316782134,
    "lumo": -0.10203001432730369,
    "method": "RestrictedKSDFT",
    "mp2_tflops": 0.0,
    "mp2_time": 6.95335580496863e-310,
    "n_atoms": 68,
    "nmers": [
      [
        {
          "fragments": [
            0
          ],
          "hf_energy": -1691.5898560975902,
          "num_basis_fns": 1508,
          "num_iters": 18,
          "schema_version": "0.2.0"
        }
      ]
    ],
    "num_iters": 18,
    "ri_fock_time": 0.28942375400000003,
    "ri_tflops": 2.0954243445823035,
    "scf_tflops": 35.7967540937638,
    "scf_time": 34.875619921,
    "schema_version": "0.2.0",
    "tflops": 33.51070348125644,
    "total_time": 35.067249,
    "transforms_time": 0.09314091799999999,
    "xc_tflops": 44.728683311668505,
    "xc_time": 25.895717965000003
  },
  "schema_version": "0.2.0"
}
