{
  "calculation_time": 38.820208863,
  "qmmbe": {
    "b_formation_time": 2.328820842,
    "b_tflops": 7.606215068114717,
    "diag_time": 5.3785644,
    "expanded_elec_energy": -6363.613763556685,
    "expanded_hf_energy": -1691.5889901786466,
    "expanded_nuc_repulsion_energy": 4920.667923874375,
    "expanded_xc_energy": -248.64315049633734,
    "homo": -0.17264911302647779,
    "lumo": -0.09657181747297135,
    "method": "RestrictedKSDFT",
    "mp2_tflops": 0.0,
    "mp2_time": 6.95335580496863e-310,
    "n_atoms": 68,
    "nmers": [
      [
        {
          "fragments": [
            0
          ],
          "hf_energy": -1691.5889901786466,
          "num_basis_fns": 1508,
          "num_iters": 20,
          "schema_version": "0.2.0"
        }
      ]
    ],
    "num_iters": 20,
    "ri_fock_time": 0.3196380550000001,
    "ri_tflops": 2.108167766444455,
    "scf_tflops": 35.36460943789844,
    "scf_time": 38.598103681,
    "schema_version": "0.2.0",
    "tflops": 33.24055212512083,
    "total_time": 38.815557,
    "transforms_time": 0.10508306899999997,
    "xc_tflops": 44.27474992240399,
    "xc_time": 28.703308891
  },
  "schema_version": "0.2.0"
}
