{
  "calculation_time": 35.11916357,
  "qmmbe": {
    "b_formation_time": 2.098856491,
    "b_tflops": 6.447617498757327,
    "diag_time": 4.7808464520000005,
    "expanded_elec_energy": -5724.344543630223,
    "expanded_hf_energy": -1691.611851935317,
    "expanded_nuc_repulsion_energy": 4281.334161727542,
    "expanded_xc_energy": -248.6014700326361,
    "homo": -0.16910359579057804,
    "lumo": -0.10078542096816427,
    "method": "RestrictedKSDFT",
    "mp2_tflops": 0.0,
    "mp2_time": 6.95335580496863e-310,
    "n_atoms": 68,
    "nmers": [
      [
        {
          "fragments": [
            0
          ],
          "hf_energy": -1691.611851935317,
          "num_basis_fns": 1508,
          "num_iters": 18,
          "schema_version": "0.2.0"
        }
      ]
    ],
    "num_iters": 18,
    "ri_fock_time": 0.29134934700000004,
    "ri_tflops": 2.081575216408499,
    "scf_tflops": 35.73809797481995,
    "scf_time": 34.928563331,
    "schema_version": "0.2.0",
    "tflops": 33.564780081954005,
    "total_time": 35.11463,
    "transforms_time": 0.09857575900000005,
    "xc_tflops": 44.55489204361694,
    "xc_time": 26.114630919
  },
  "schema_version": "0.2.0"
}
