{
  "calculation_time": 26.438860257,
  "qmmbe": {
    "b_formation_time": 1.786552198,
    "b_tflops": 5.95306942840077,
    "diag_time": 3.7193394310000003,
    "expanded_elec_energy": -5173.7988353922665,
    "expanded_hf_energy": -1537.9323297283431,
    "expanded_nuc_repulsion_energy": 3861.944630900092,
    "expanded_xc_energy": -226.07812523616843,
    "homo": -0.17665549057740923,
    "lumo": -0.09315654169887656,
    "method": "RestrictedKSDFT",
    "mp2_tflops": 0.0,
    "mp2_time": 6.9533558049528e-310,
    "n_atoms": 62,
    "nmers": [
      [
        {
          "fragments": [
            0
          ],
          "hf_energy": -1537.9323297283431,
          "num_basis_fns": 1372,
          "num_iters": 18,
          "schema_version": "0.2.0"
        }
      ]
    ],
    "num_iters": 18,
    "ri_fock_time": 0.22216506399999997,
    "ri_tflops": 2.0558662353861363,
    "scf_tflops": 36.15560700483754,
    "scf_time": 26.274873079,
    "schema_version": "0.2.0",
    "tflops": 33.58153636025886,
    "total_time": 26.43465,
    "transforms_time": 0.093355073,
    "xc_tflops": 45.66869886278554,
    "xc_time": 19.180249805
  },
  "schema_version": "0.2.0"
}
