{
  "calculation_time": 37.201004738,
  "qmmbe": {
    "b_formation_time": 2.287313686,
    "b_tflops": 7.6256115288736135,
    "diag_time": 5.023825791,
    "expanded_elec_energy": -6310.396722465781,
    "expanded_hf_energy": -1691.599052714601,
    "expanded_nuc_repulsion_energy": 4867.430151616851,
    "expanded_xc_energy": -248.6324818656708,
    "homo": -0.17219720296325514,
    "lumo": -0.09144546812533759,
    "method": "RestrictedKSDFT",
    "mp2_tflops": 0.0,
    "mp2_time": 6.95335580496863e-310,
    "n_atoms": 68,
    "nmers": [
      [
        {
          "fragments": [
            0
          ],
          "hf_energy": -1691.599052714601,
          "num_basis_fns": 1508,
          "num_iters": 19,
          "schema_version": "0.2.0"
        }
      ]
    ],
    "num_iters": 19,
    "ri_fock_time": 0.306413596,
    "ri_tflops": 2.08919617344917,
    "scf_tflops": 35.23202363306458,
    "scf_time": 36.977262619,
    "schema_version": "0.2.0",
    "tflops": 33.043131983594755,
    "total_time": 37.196497,
    "transforms_time": 0.10686782999999997,
    "xc_tflops": 43.821780551607375,
    "xc_time": 27.612145683
  },
  "schema_version": "0.2.0"
}
