{
  "calculation_time": 16.13205368,
  "qmmbe": {
    "b_formation_time": 1.530034248,
    "b_tflops": 3.611032362033768,
    "diag_time": 2.458451294,
    "expanded_elec_energy": -3917.416573476009,
    "expanded_hf_energy": -1230.5742490307239,
    "expanded_nuc_repulsion_energy": 2867.8527076176733,
    "expanded_xc_energy": -181.01038317238817,
    "homo": -0.17947965265553142,
    "lumo": -0.08765645481082437,
    "method": "RestrictedKSDFT",
    "mp2_tflops": 0.0,
    "mp2_time": 6.9533558049544e-310,
    "n_atoms": 50,
    "nmers": [
      [
        {
          "fragments": [
            0
          ],
          "hf_energy": -1230.5742490307239,
          "num_basis_fns": 1100,
          "num_iters": 17,
          "schema_version": "0.2.0"
        }
      ]
    ],
    "num_iters": 17,
    "ri_fock_time": 0.10897982599999999,
    "ri_tflops": 2.040015736490532,
    "scf_tflops": 30.130052284951226,
    "scf_time": 15.993084988,
    "schema_version": "0.2.0",
    "tflops": 27.043942302434807,
    "total_time": 16.128538,
    "transforms_time": 0.06938652000000001,
    "xc_tflops": 39.05199103777166,
    "xc_time": 11.013797819
  },
  "schema_version": "0.2.0"
}
