{
  "calculation_time": 35.248900381,
  "qmmbe": {
    "b_formation_time": 2.079829284,
    "b_tflops": 6.596051866972366,
    "diag_time": 4.841559165999999,
    "expanded_elec_energy": -5744.55997550495,
    "expanded_hf_energy": -1691.6286178346822,
    "expanded_nuc_repulsion_energy": 4301.552650338338,
    "expanded_xc_energy": -248.62129266807042,
    "homo": -0.16799452801744627,
    "lumo": -0.1028480752784324,
    "method": "RestrictedKSDFT",
    "mp2_tflops": 0.0,
    "mp2_time": 6.95335580496863e-310,
    "n_atoms": 68,
    "nmers": [
      [
        {
          "fragments": [
            0
          ],
          "hf_energy": -1691.6286178346822,
          "num_basis_fns": 1508,
          "num_iters": 18,
          "schema_version": "0.2.0"
        }
      ]
    ],
    "num_iters": 18,
    "ri_fock_time": 0.290158229,
    "ri_tflops": 2.0901202151740454,
    "scf_tflops": 35.57037074936055,
    "scf_time": 35.069831837,
    "schema_version": "0.2.0",
    "tflops": 33.43661437771748,
    "total_time": 35.244468,
    "transforms_time": 0.09509216999999998,
    "xc_tflops": 44.36998660626402,
    "xc_time": 26.215374906
  },
  "schema_version": "0.2.0"
}
