{
  "calculation_time": 37.121971179,
  "qmmbe": {
    "b_formation_time": 2.193197566,
    "b_tflops": 6.662256252896098,
    "diag_time": 5.095299383,
    "expanded_elec_energy": -5924.2621455952085,
    "expanded_hf_energy": -1691.6115447861723,
    "expanded_nuc_repulsion_energy": 4481.2622769341215,
    "expanded_xc_energy": -248.61167612508535,
    "homo": -0.16550837246575556,
    "lumo": -0.10222265502159313,
    "method": "RestrictedKSDFT",
    "mp2_tflops": 0.0,
    "mp2_time": 6.95335580496863e-310,
    "n_atoms": 68,
    "nmers": [
      [
        {
          "fragments": [
            0
          ],
          "hf_energy": -1691.6115447861723,
          "num_basis_fns": 1508,
          "num_iters": 19,
          "schema_version": "0.2.0"
        }
      ]
    ],
    "num_iters": 19,
    "ri_fock_time": 0.307229928,
    "ri_tflops": 2.0836450290611013,
    "scf_tflops": 35.52825760065062,
    "scf_time": 36.911607124,
    "schema_version": "0.2.0",
    "tflops": 33.38498809721654,
    "total_time": 37.116452,
    "transforms_time": 0.10122637099999994,
    "xc_tflops": 44.330959554132484,
    "xc_time": 27.584616784999998
  },
  "schema_version": "0.2.0"
}
