{
  "calculation_time": 31.983573553,
  "qmmbe": {
    "b_formation_time": 1.991309888,
    "b_tflops": 6.512134975606569,
    "diag_time": 4.3102273570000005,
    "expanded_elec_energy": -5633.326899295788,
    "expanded_hf_energy": -1614.187202727668,
    "expanded_nuc_repulsion_energy": 4256.133634937379,
    "expanded_xc_energy": -236.99393836925827,
    "homo": -0.16299845121550108,
    "lumo": -0.10484228770201784,
    "method": "RestrictedKSDFT",
    "mp2_tflops": 0.0,
    "mp2_time": 6.95335580496863e-310,
    "n_atoms": 64,
    "nmers": [
      [
        {
          "fragments": [
            0
          ],
          "hf_energy": -1614.187202727668,
          "num_basis_fns": 1434,
          "num_iters": 19,
          "schema_version": "0.2.0"
        }
      ]
    ],
    "num_iters": 19,
    "ri_fock_time": 0.26509155599999995,
    "ri_tflops": 2.0763729012628382,
    "scf_tflops": 35.24957599867899,
    "scf_time": 31.800409179,
    "schema_version": "0.2.0",
    "tflops": 32.97909895787673,
    "total_time": 31.979346,
    "transforms_time": 0.098652729,
    "xc_tflops": 43.92145476898102,
    "xc_time": 23.684890121
  },
  "schema_version": "0.2.0"
}
