{
  "calculation_time": 37.260267282,
  "qmmbe": {
    "b_formation_time": 2.22217108,
    "b_tflops": 7.019633001246691,
    "diag_time": 5.0217795989999985,
    "expanded_elec_energy": -6061.317298154327,
    "expanded_hf_energy": -1691.6088705365487,
    "expanded_nuc_repulsion_energy": 4618.326138828614,
    "expanded_xc_energy": -248.6177112108357,
    "homo": -0.1694732259305061,
    "lumo": -0.09764879632609276,
    "method": "RestrictedKSDFT",
    "mp2_tflops": 0.0,
    "mp2_time": 6.9533558049623e-310,
    "n_atoms": 68,
    "nmers": [
      [
        {
          "fragments": [
            0
          ],
          "hf_energy": -1691.6088705365487,
          "num_basis_fns": 1508,
          "num_iters": 19,
          "schema_version": "0.2.0"
        }
      ]
    ],
    "num_iters": 19,
    "ri_fock_time": 0.30440616600000003,
    "ri_tflops": 2.1029735391628037,
    "scf_tflops": 35.32001913375484,
    "scf_time": 37.057752789,
    "schema_version": "0.2.0",
    "tflops": 33.18393311589318,
    "total_time": 37.255502,
    "transforms_time": 0.105006045,
    "xc_tflops": 43.93554322526576,
    "xc_time": 27.746451585
  },
  "schema_version": "0.2.0"
}
