{
  "calculation_time": 30.688150632,
  "qmmbe": {
    "b_formation_time": 1.991253249,
    "b_tflops": 6.625883733704834,
    "diag_time": 4.0783987260000005,
    "expanded_elec_energy": -5663.525306708906,
    "expanded_hf_energy": -1614.1762732674097,
    "expanded_nuc_repulsion_energy": 4286.354536704702,
    "expanded_xc_energy": -237.0055032632053,
    "homo": -0.17261512812495117,
    "lumo": -0.09345384818971739,
    "method": "RestrictedKSDFT",
    "mp2_tflops": 0.0,
    "mp2_time": 6.95335580496705e-310,
    "n_atoms": 64,
    "nmers": [
      [
        {
          "fragments": [
            0
          ],
          "hf_energy": -1614.1762732674097,
          "num_basis_fns": 1434,
          "num_iters": 18,
          "schema_version": "0.2.0"
        }
      ]
    ],
    "num_iters": 18,
    "ri_fock_time": 0.249454255,
    "ri_tflops": 2.0903992193037557,
    "scf_tflops": 34.954163089546164,
    "scf_time": 30.502929404,
    "schema_version": "0.2.0",
    "tflops": 32.61191713005093,
    "total_time": 30.683924,
    "transforms_time": 0.09531328700000001,
    "xc_tflops": 43.470829060513886,
    "xc_time": 22.685019758
  },
  "schema_version": "0.2.0"
}
