{
  "calculation_time": 35.748903488,
  "qmmbe": {
    "b_formation_time": 2.19426276,
    "b_tflops": 6.841257300404624,
    "diag_time": 4.746125482,
    "expanded_elec_energy": -5974.380947457095,
    "expanded_hf_energy": -1691.5994697953931,
    "expanded_nuc_repulsion_energy": 4531.399176276343,
    "expanded_xc_energy": -248.61769861464035,
    "homo": -0.16906680720773676,
    "lumo": -0.09812362066637434,
    "method": "RestrictedKSDFT",
    "mp2_tflops": 0.0,
    "mp2_time": 6.95335580496863e-310,
    "n_atoms": 68,
    "nmers": [
      [
        {
          "fragments": [
            0
          ],
          "hf_energy": -1691.5994697953931,
          "num_basis_fns": 1508,
          "num_iters": 18,
          "schema_version": "0.2.0"
        }
      ]
    ],
    "num_iters": 18,
    "ri_fock_time": 0.28790079599999996,
    "ri_tflops": 2.106508868534007,
    "scf_tflops": 35.07916194853798,
    "scf_time": 35.556036576,
    "schema_version": "0.2.0",
    "tflops": 32.89102117182359,
    "total_time": 35.744472,
    "transforms_time": 0.10045205099999997,
    "xc_tflops": 43.46637898173682,
    "xc_time": 26.666406315
  },
  "schema_version": "0.2.0"
}
