{
  "calculation_time": 36.79731865,
  "qmmbe": {
    "b_formation_time": 2.129029343,
    "b_tflops": 6.70471068916968,
    "diag_time": 5.060248445999999,
    "expanded_elec_energy": -5846.921851254716,
    "expanded_hf_energy": -1691.5994231179602,
    "expanded_nuc_repulsion_energy": 4403.930040557589,
    "expanded_xc_energy": -248.60761242083308,
    "homo": -0.1613751329333521,
    "lumo": -0.10934621536673446,
    "method": "RestrictedKSDFT",
    "mp2_tflops": 0.0,
    "mp2_time": 6.95335580496863e-310,
    "n_atoms": 68,
    "nmers": [
      [
        {
          "fragments": [
            0
          ],
          "hf_energy": -1691.5994231179602,
          "num_basis_fns": 1508,
          "num_iters": 19,
          "schema_version": "0.2.0"
        }
      ]
    ],
    "num_iters": 19,
    "ri_fock_time": 0.3038714519999999,
    "ri_tflops": 2.106674082223427,
    "scf_tflops": 35.78372137700778,
    "scf_time": 36.613768544,
    "schema_version": "0.2.0",
    "tflops": 33.69134390245639,
    "total_time": 36.792849,
    "transforms_time": 0.09964374400000003,
    "xc_tflops": 44.58365615118892,
    "xc_time": 27.447169457000005
  },
  "schema_version": "0.2.0"
}
