{
  "calculation_time": 35.0434993,
  "qmmbe": {
    "b_formation_time": 2.097109506,
    "b_tflops": 6.684803379121205,
    "diag_time": 4.7939184159999995,
    "expanded_elec_energy": -5821.536279713406,
    "expanded_hf_energy": -1691.612332096868,
    "expanded_nuc_repulsion_energy": 4378.537779981635,
    "expanded_xc_energy": -248.61383236509732,
    "homo": -0.1736077465882051,
    "lumo": -0.0942315823495936,
    "method": "RestrictedKSDFT",
    "mp2_tflops": 0.0,
    "mp2_time": 6.95335580496863e-310,
    "n_atoms": 68,
    "nmers": [
      [
        {
          "fragments": [
            0
          ],
          "hf_energy": -1691.612332096868,
          "num_basis_fns": 1508,
          "num_iters": 18,
          "schema_version": "0.2.0"
        }
      ]
    ],
    "num_iters": 18,
    "ri_fock_time": 0.29134051099999997,
    "ri_tflops": 2.0816383480291214,
    "scf_tflops": 35.78813393721634,
    "scf_time": 34.847201155,
    "schema_version": "0.2.0",
    "tflops": 33.615148199926686,
    "total_time": 35.03897,
    "transforms_time": 0.09652929500000001,
    "xc_tflops": 44.62115205231016,
    "xc_time": 26.047809191999995
  },
  "schema_version": "0.2.0"
}
