{
  "calculation_time": 30.258743065,
  "qmmbe": {
    "b_formation_time": 1.994512935,
    "b_tflops": 6.705408935233605,
    "diag_time": 4.127444247,
    "expanded_elec_energy": -5691.523379487265,
    "expanded_hf_energy": -1614.1814699759495,
    "expanded_nuc_repulsion_energy": 4314.339444178253,
    "expanded_xc_energy": -236.99753466693778,
    "homo": -0.1722460445695601,
    "lumo": -0.0965431579763841,
    "method": "RestrictedKSDFT",
    "mp2_tflops": 0.0,
    "mp2_time": 6.95335580496705e-310,
    "n_atoms": 64,
    "nmers": [
      [
        {
          "fragments": [
            0
          ],
          "hf_energy": -1614.1814699759495,
          "num_basis_fns": 1434,
          "num_iters": 18,
          "schema_version": "0.2.0"
        }
      ]
    ],
    "num_iters": 18,
    "ri_fock_time": 0.25045130699999996,
    "ri_tflops": 2.0820772953842086,
    "scf_tflops": 35.47585362765807,
    "scf_time": 30.070879735,
    "schema_version": "0.2.0",
    "tflops": 33.09042495365154,
    "total_time": 30.254416,
    "transforms_time": 0.08975408100000001,
    "xc_tflops": 44.35721536968606,
    "xc_time": 22.238100870999997
  },
  "schema_version": "0.2.0"
}
