{
  "calculation_time": 35.164236014,
  "qmmbe": {
    "b_formation_time": 2.170850182,
    "b_tflops": 6.890872727334068,
    "diag_time": 4.743173574,
    "expanded_elec_energy": -5965.705573373715,
    "expanded_hf_energy": -1691.6051897798905,
    "expanded_nuc_repulsion_energy": 4522.730441689021,
    "expanded_xc_energy": -248.63005809519632,
    "homo": -0.18159524489696893,
    "lumo": -0.08441015424150876,
    "method": "RestrictedKSDFT",
    "mp2_tflops": 0.0,
    "mp2_time": 6.95335580496863e-310,
    "n_atoms": 68,
    "nmers": [
      [
        {
          "fragments": [
            0
          ],
          "hf_energy": -1691.6051897798905,
          "num_basis_fns": 1508,
          "num_iters": 18,
          "schema_version": "0.2.0"
        }
      ]
    ],
    "num_iters": 18,
    "ri_fock_time": 0.290360532,
    "ri_tflops": 2.0886639649496166,
    "scf_tflops": 35.70507617225643,
    "scf_time": 34.955509808,
    "schema_version": "0.2.0",
    "tflops": 33.462591950008104,
    "total_time": 35.159719,
    "transforms_time": 0.09849318000000003,
    "xc_tflops": 44.47463179503296,
    "xc_time": 26.083118448999997
  },
  "schema_version": "0.2.0"
}
