{
  "calculation_time": 37.910060615,
  "qmmbe": {
    "b_formation_time": 4.228316266,
    "b_tflops": 3.6013259750310262,
    "diag_time": 5.050254336000001,
    "expanded_elec_energy": -6015.898118314837,
    "expanded_hf_energy": -1691.6132024761798,
    "expanded_nuc_repulsion_energy": 4572.908864360628,
    "expanded_xc_energy": -248.6239485219709,
    "homo": -0.1779102303357231,
    "lumo": -0.08922838836108656,
    "method": "RestrictedKSDFT",
    "mp2_tflops": 0.0,
    "mp2_time": 6.95335580496863e-310,
    "n_atoms": 68,
    "nmers": [
      [
        {
          "fragments": [
            0
          ],
          "hf_energy": -1691.6132024761798,
          "num_basis_fns": 1508,
          "num_iters": 17,
          "schema_version": "0.2.0"
        }
      ]
    ],
    "num_iters": 17,
    "ri_fock_time": 0.307066235,
    "ri_tflops": 1.8653078148041902,
    "scf_tflops": 34.923724256105096,
    "scf_time": 36.043229556,
    "schema_version": "0.2.0",
    "tflops": 30.212812999452083,
    "total_time": 36.355235,
    "transforms_time": 0.272036648,
    "xc_tflops": 44.55809690199947,
    "xc_time": 24.653208996
  },
  "schema_version": "0.2.0"
}
