{
  "calculation_time": 30.652700876,
  "qmmbe": {
    "b_formation_time": 1.988484713,
    "b_tflops": 6.546202604006641,
    "diag_time": 4.108886663,
    "expanded_elec_energy": -5639.769804765894,
    "expanded_hf_energy": -1614.1849041836588,
    "expanded_nuc_repulsion_energy": 4262.586089744214,
    "expanded_xc_energy": -237.00118916197908,
    "homo": -0.1763732999651998,
    "lumo": -0.09120506281412141,
    "method": "RestrictedKSDFT",
    "mp2_tflops": 0.0,
    "mp2_time": 6.95335580496705e-310,
    "n_atoms": 64,
    "nmers": [
      [
        {
          "fragments": [
            0
          ],
          "hf_energy": -1614.1849041836588,
          "num_basis_fns": 1434,
          "num_iters": 18,
          "schema_version": "0.2.0"
        }
      ]
    ],
    "num_iters": 18,
    "ri_fock_time": 0.24930452,
    "ri_tflops": 2.0916547357585014,
    "scf_tflops": 35.02532673323966,
    "scf_time": 30.470516555,
    "schema_version": "0.2.0",
    "tflops": 32.70650731085707,
    "total_time": 30.648388,
    "transforms_time": 0.08921746800000001,
    "xc_tflops": 43.646192086675896,
    "xc_time": 22.637560881
  },
  "schema_version": "0.2.0"
}
