{
  "calculation_time": 36.224612411,
  "qmmbe": {
    "b_formation_time": 4.028391707,
    "b_tflops": 3.2391785602084697,
    "diag_time": 4.829553081,
    "expanded_elec_energy": -5636.0824187066955,
    "expanded_hf_energy": -1614.170196062416,
    "expanded_nuc_repulsion_energy": 4258.9041691194225,
    "expanded_xc_energy": -236.99194647514278,
    "homo": -0.16144565450055137,
    "lumo": -0.10737480728382513,
    "method": "RestrictedKSDFT",
    "mp2_tflops": 0.0,
    "mp2_time": 6.95335580496705e-310,
    "n_atoms": 64,
    "nmers": [
      [
        {
          "fragments": [
            0
          ],
          "hf_energy": -1614.170196062416,
          "num_basis_fns": 1434,
          "num_iters": 19,
          "schema_version": "0.2.0"
        }
      ]
    ],
    "num_iters": 19,
    "ri_fock_time": 0.309717045,
    "ri_tflops": 1.7771993247320308,
    "scf_tflops": 34.49300668586928,
    "scf_time": 34.483812146,
    "schema_version": "0.2.0",
    "tflops": 29.930718072198754,
    "total_time": 34.68409,
    "transforms_time": 0.2766259220000001,
    "xc_tflops": 44.0558302038107,
    "xc_time": 23.605686615
  },
  "schema_version": "0.2.0"
}
