{
  "calculation_time": 33.731719904,
  "qmmbe": {
    "b_formation_time": 2.153804762,
    "b_tflops": 6.662212787021408,
    "diag_time": 5.108254038,
    "expanded_elec_energy": -5855.681059993218,
    "expanded_hf_energy": -1691.596703473015,
    "expanded_nuc_repulsion_energy": 4412.703860688053,
    "expanded_xc_energy": -248.6195041678504,
    "homo": -0.1762397097595115,
    "lumo": -0.09227442244789051,
    "method": "RestrictedKSDFT",
    "mp2_tflops": 0.0,
    "mp2_time": 6.95335580496863e-310,
    "n_atoms": 68,
    "nmers": [
      [
        {
          "fragments": [
            0
          ],
          "hf_energy": -1691.596703473015,
          "num_basis_fns": 1508,
          "num_iters": 17,
          "schema_version": "0.2.0"
        }
      ]
    ],
    "num_iters": 17,
    "ri_fock_time": 0.27437856099999997,
    "ri_tflops": 2.087528434147594,
    "scf_tflops": 35.32130782975506,
    "scf_time": 33.546512122,
    "schema_version": "0.2.0",
    "tflops": 33.039157205796904,
    "total_time": 33.727263,
    "transforms_time": 0.088903261,
    "xc_tflops": 44.92154222789908,
    "xc_time": 24.45446332
  },
  "schema_version": "0.2.0"
}
