{
  "calculation_time": 35.287286334,
  "qmmbe": {
    "b_formation_time": 2.157736391,
    "b_tflops": 6.507163523539054,
    "diag_time": 4.787293192,
    "expanded_elec_energy": -5813.30753532091,
    "expanded_hf_energy": -1691.6069759998968,
    "expanded_nuc_repulsion_energy": 4370.309219978382,
    "expanded_xc_energy": -248.60866065736937,
    "homo": -0.16464599880353656,
    "lumo": -0.10542959084339644,
    "method": "RestrictedKSDFT",
    "mp2_tflops": 0.0,
    "mp2_time": 6.9533558049623e-310,
    "n_atoms": 68,
    "nmers": [
      [
        {
          "fragments": [
            0
          ],
          "hf_energy": -1691.6069759998968,
          "num_basis_fns": 1508,
          "num_iters": 18,
          "schema_version": "0.2.0"
        }
      ]
    ],
    "num_iters": 18,
    "ri_fock_time": 0.29161712900000003,
    "ri_tflops": 2.0796637773359326,
    "scf_tflops": 35.62494211204538,
    "scf_time": 35.106148066,
    "schema_version": "0.2.0",
    "tflops": 33.414753654267095,
    "total_time": 35.282693,
    "transforms_time": 0.09580834499999995,
    "xc_tflops": 44.31141777059921,
    "xc_time": 26.254630358999997
  },
  "schema_version": "0.2.0"
}
