{
  "calculation_time": 26.642757543,
  "qmmbe": {
    "b_formation_time": 1.786445699,
    "b_tflops": 6.211223933180406,
    "diag_time": 4.135777203000001,
    "expanded_elec_energy": -5253.557985534793,
    "expanded_hf_energy": -1537.9203325162266,
    "expanded_nuc_repulsion_energy": 3941.7163215013516,
    "expanded_xc_energy": -226.07866848278493,
    "homo": -0.16941636721267586,
    "lumo": -0.09781755154609416,
    "method": "RestrictedKSDFT",
    "mp2_tflops": 0.0,
    "mp2_time": 6.95335580496705e-310,
    "n_atoms": 62,
    "nmers": [
      [
        {
          "fragments": [
            0
          ],
          "hf_energy": -1537.9203325162266,
          "num_basis_fns": 1372,
          "num_iters": 18,
          "schema_version": "0.2.0"
        }
      ]
    ],
    "num_iters": 18,
    "ri_fock_time": 0.229013675,
    "ri_tflops": 1.9943859411888831,
    "scf_tflops": 35.80896156331758,
    "scf_time": 26.461755049,
    "schema_version": "0.2.0",
    "tflops": 33.295974460531355,
    "total_time": 26.638514,
    "transforms_time": 0.089948854,
    "xc_tflops": 46.06467393222328,
    "xc_time": 18.988758699999998
  },
  "schema_version": "0.2.0"
}
