{
  "calculation_time": 35.214963051,
  "qmmbe": {
    "b_formation_time": 2.153236648,
    "b_tflops": 6.83629752175758,
    "diag_time": 4.810570665,
    "expanded_elec_energy": -5934.753610758277,
    "expanded_hf_energy": -1691.6053601628937,
    "expanded_nuc_repulsion_energy": 4491.761905468788,
    "expanded_xc_energy": -248.61365487340487,
    "homo": -0.1701786346529189,
    "lumo": -0.09999076955896383,
    "method": "RestrictedKSDFT",
    "mp2_tflops": 0.0,
    "mp2_time": 6.95335580496863e-310,
    "n_atoms": 68,
    "nmers": [
      [
        {
          "fragments": [
            0
          ],
          "hf_energy": -1691.6053601628937,
          "num_basis_fns": 1508,
          "num_iters": 18,
          "schema_version": "0.2.0"
        }
      ]
    ],
    "num_iters": 18,
    "ri_fock_time": 0.28778857199999996,
    "ri_tflops": 2.1073303078622594,
    "scf_tflops": 35.61063526315778,
    "scf_time": 35.025612242,
    "schema_version": "0.2.0",
    "tflops": 33.40667637576748,
    "total_time": 35.210557,
    "transforms_time": 0.099193562,
    "xc_tflops": 44.36773114935876,
    "xc_time": 26.145120328999997
  },
  "schema_version": "0.2.0"
}
