{
  "calculation_time": 22.062240725,
  "qmmbe": {
    "b_formation_time": 1.455275893,
    "b_tflops": 5.127673248624342,
    "diag_time": 3.1380006179999995,
    "expanded_elec_energy": -4455.759558788561,
    "expanded_hf_energy": -1384.2658340008509,
    "expanded_nuc_repulsion_energy": 3275.0337725773725,
    "expanded_xc_energy": -203.5400477896625,
    "homo": -0.16966489593561093,
    "lumo": -0.09933548762023578,
    "method": "RestrictedKSDFT",
    "mp2_tflops": 0.0,
    "mp2_time": 6.9533558049528e-310,
    "n_atoms": 56,
    "nmers": [
      [
        {
          "fragments": [
            0
          ],
          "hf_energy": -1384.2658340008509,
          "num_basis_fns": 1236,
          "num_iters": 18,
          "schema_version": "0.2.0"
        }
      ]
    ],
    "num_iters": 18,
    "ri_fock_time": 0.15913909000000004,
    "ri_tflops": 2.0984292673283473,
    "scf_tflops": 31.803059317977795,
    "scf_time": 21.903029667,
    "schema_version": "0.2.0",
    "tflops": 29.55441863958901,
    "total_time": 22.058378,
    "transforms_time": 0.08886730300000001,
    "xc_tflops": 40.28598099999139,
    "xc_time": 15.975865705999999
  },
  "schema_version": "0.2.0"
}
