{
  "calculation_time": 25.064218924,
  "qmmbe": {
    "b_formation_time": 1.750997964,
    "b_tflops": 6.111500951554505,
    "diag_time": 3.4741850610000005,
    "expanded_elec_energy": -5180.79609262184,
    "expanded_hf_energy": -1537.954868741241,
    "expanded_nuc_repulsion_energy": 3868.9335369641817,
    "expanded_xc_energy": -226.09231308358238,
    "homo": -0.18515641280246267,
    "lumo": -0.08556536911406831,
    "method": "RestrictedKSDFT",
    "mp2_tflops": 0.0,
    "mp2_time": 6.95335580496705e-310,
    "n_atoms": 62,
    "nmers": [
      [
        {
          "fragments": [
            0
          ],
          "hf_energy": -1537.954868741241,
          "num_basis_fns": 1372,
          "num_iters": 17,
          "schema_version": "0.2.0"
        }
      ]
    ],
    "num_iters": 17,
    "ri_fock_time": 0.209065764,
    "ri_tflops": 2.063308258543948,
    "scf_tflops": 36.25911333923507,
    "scf_time": 24.899042034,
    "schema_version": "0.2.0",
    "tflops": 33.60856540585133,
    "total_time": 25.060204,
    "transforms_time": 0.08590934900000001,
    "xc_tflops": 45.72196105485005,
    "xc_time": 18.162670052999996
  },
  "schema_version": "0.2.0"
}
