{
  "calculation_time": 33.580238714,
  "qmmbe": {
    "b_formation_time": 2.094301638,
    "b_tflops": 6.708217159400416,
    "diag_time": 4.530363854000001,
    "expanded_elec_energy": -5827.52788060005,
    "expanded_hf_energy": -1691.630384362849,
    "expanded_nuc_repulsion_energy": 4384.517270585791,
    "expanded_xc_energy": -248.6197743485907,
    "homo": -0.18329034706626415,
    "lumo": -0.0886807361142858,
    "method": "RestrictedKSDFT",
    "mp2_tflops": 0.0,
    "mp2_time": 6.95335580496863e-310,
    "n_atoms": 68,
    "nmers": [
      [
        {
          "fragments": [
            0
          ],
          "hf_energy": -1691.630384362849,
          "num_basis_fns": 1508,
          "num_iters": 17,
          "schema_version": "0.2.0"
        }
      ]
    ],
    "num_iters": 17,
    "ri_fock_time": 0.27349388699999994,
    "ri_tflops": 2.0942809877428816,
    "scf_tflops": 35.51369615967169,
    "scf_time": 33.383321077,
    "schema_version": "0.2.0",
    "tflops": 33.24873815476798,
    "total_time": 33.575757,
    "transforms_time": 0.09276723900000002,
    "xc_tflops": 44.228177990866364,
    "xc_time": 24.889758061000002
  },
  "schema_version": "0.2.0"
}
