{
  "calculation_time": 21.657868559,
  "qmmbe": {
    "b_formation_time": 1.605117267,
    "b_tflops": 5.868400578228905,
    "diag_time": 3.058393952,
    "expanded_elec_energy": -4936.483575229342,
    "expanded_hf_energy": -1459.3530706103224,
    "expanded_nuc_repulsion_energy": 3690.888384366581,
    "expanded_xc_energy": -213.7578797475613,
    "homo": -0.16762010741818925,
    "lumo": -0.10194714550633409,
    "method": "RestrictedKSDFT",
    "mp2_tflops": 0.0,
    "mp2_time": 6.9533558049544e-310,
    "n_atoms": 56,
    "nmers": [
      [
        {
          "fragments": [
            0
          ],
          "hf_energy": -1459.3530706103224,
          "num_basis_fns": 1286,
          "num_iters": 17,
          "schema_version": "0.2.0"
        }
      ]
    ],
    "num_iters": 17,
    "ri_fock_time": 0.176917454,
    "ri_tflops": 2.0073924883861376,
    "scf_tflops": 33.623655694718835,
    "scf_time": 21.499298913,
    "schema_version": "0.2.0",
    "tflops": 30.985742008823056,
    "total_time": 21.65378,
    "transforms_time": 0.07800057600000003,
    "xc_tflops": 42.60377068014751,
    "xc_time": 15.506896678999999
  },
  "schema_version": "0.2.0"
}
