{
  "calculation_time": 35.21410276,
  "qmmbe": {
    "b_formation_time": 2.133877076,
    "b_tflops": 6.6656129066433625,
    "diag_time": 4.7766554039999995,
    "expanded_elec_energy": -5853.687960003442,
    "expanded_hf_energy": -1691.612108381945,
    "expanded_nuc_repulsion_energy": 4410.683612412254,
    "expanded_xc_energy": -248.60776079075703,
    "homo": -0.16899921239123553,
    "lumo": -0.09986045158662954,
    "method": "RestrictedKSDFT",
    "mp2_tflops": 0.0,
    "mp2_time": 6.95335580496863e-310,
    "n_atoms": 68,
    "nmers": [
      [
        {
          "fragments": [
            0
          ],
          "hf_energy": -1691.612108381945,
          "num_basis_fns": 1508,
          "num_iters": 18,
          "schema_version": "0.2.0"
        }
      ]
    ],
    "num_iters": 18,
    "ri_fock_time": 0.290769015,
    "ri_tflops": 2.0857297330391273,
    "scf_tflops": 35.69609251246047,
    "scf_time": 35.029550346,
    "schema_version": "0.2.0",
    "tflops": 33.47861207900454,
    "total_time": 35.209708,
    "transforms_time": 0.09932427900000003,
    "xc_tflops": 44.49700069900664,
    "xc_time": 26.136351143
  },
  "schema_version": "0.2.0"
}
