{
  "calculation_time": 32.758883845,
  "qmmbe": {
    "b_formation_time": 1.977527476,
    "b_tflops": 5.923148292594444,
    "diag_time": 4.840922776999999,
    "expanded_elec_energy": -5387.204680959845,
    "expanded_hf_energy": -1614.193597749952,
    "expanded_nuc_repulsion_energy": 4009.9967649664527,
    "expanded_xc_energy": -236.98568175655976,
    "homo": -0.16084361395999924,
    "lumo": -0.11137868226731774,
    "method": "RestrictedKSDFT",
    "mp2_tflops": 0.0,
    "mp2_time": 6.95335580496705e-310,
    "n_atoms": 64,
    "nmers": [
      [
        {
          "fragments": [
            0
          ],
          "hf_energy": -1614.193597749952,
          "num_basis_fns": 1434,
          "num_iters": 19,
          "schema_version": "0.2.0"
        }
      ]
    ],
    "num_iters": 19,
    "ri_fock_time": 0.273196907,
    "ri_tflops": 2.01476996674783,
    "scf_tflops": 34.360620824282016,
    "scf_time": 32.59343338,
    "schema_version": "0.2.0",
    "tflops": 32.235189898843046,
    "total_time": 32.754552,
    "transforms_time": 0.093925068,
    "xc_tflops": 43.503953515339866,
    "xc_time": 23.969083603
  },
  "schema_version": "0.2.0"
}
