{
  "calculation_time": 35.699645075,
  "qmmbe": {
    "b_formation_time": 2.095999357,
    "b_tflops": 6.3389125989851145,
    "diag_time": 5.3422888660000005,
    "expanded_elec_energy": -5685.537460441865,
    "expanded_hf_energy": -1691.6266733398688,
    "expanded_nuc_repulsion_energy": 4242.516198625571,
    "expanded_xc_energy": -248.6054115235748,
    "homo": -0.1724907319582589,
    "lumo": -0.09780788426660235,
    "method": "RestrictedKSDFT",
    "mp2_tflops": 0.0,
    "mp2_time": 6.95335580496863e-310,
    "n_atoms": 68,
    "nmers": [
      [
        {
          "fragments": [
            0
          ],
          "hf_energy": -1691.6266733398688,
          "num_basis_fns": 1508,
          "num_iters": 18,
          "schema_version": "0.2.0"
        }
      ]
    ],
    "num_iters": 18,
    "ri_fock_time": 0.290560625,
    "ri_tflops": 2.0872256178276047,
    "scf_tflops": 35.13797917170072,
    "scf_time": 35.524316993,
    "schema_version": "0.2.0",
    "tflops": 33.050779818255414,
    "total_time": 35.695258,
    "transforms_time": 0.095660505,
    "xc_tflops": 44.483750004581424,
    "xc_time": 26.187676764000003
  },
  "schema_version": "0.2.0"
}
