{
  "calculation_time": 35.080146625,
  "qmmbe": {
    "b_formation_time": 2.121532431,
    "b_tflops": 6.663346857226525,
    "diag_time": 4.797097583,
    "expanded_elec_energy": -5829.348454784049,
    "expanded_hf_energy": -1691.6115566728931,
    "expanded_nuc_repulsion_energy": 4386.353546753418,
    "expanded_xc_energy": -248.61664864226267,
    "homo": -0.17816258714517608,
    "lumo": -0.09085457087967869,
    "method": "RestrictedKSDFT",
    "mp2_tflops": 0.0,
    "mp2_time": 6.95335580496863e-310,
    "n_atoms": 68,
    "nmers": [
      [
        {
          "fragments": [
            0
          ],
          "hf_energy": -1691.6115566728931,
          "num_basis_fns": 1508,
          "num_iters": 18,
          "schema_version": "0.2.0"
        }
      ]
    ],
    "num_iters": 18,
    "ri_fock_time": 0.289628433,
    "ri_tflops": 2.0939435184252093,
    "scf_tflops": 35.78858149709126,
    "scf_time": 34.896782558,
    "schema_version": "0.2.0",
    "tflops": 33.58446546164526,
    "total_time": 35.075632,
    "transforms_time": 0.09838090400000002,
    "xc_tflops": 44.681473076660694,
    "xc_time": 26.013079531000002
  },
  "schema_version": "0.2.0"
}
