{
  "calculation_time": 35.468954741,
  "qmmbe": {
    "b_formation_time": 2.189372573,
    "b_tflops": 6.6179612753849915,
    "diag_time": 4.809394382999999,
    "expanded_elec_energy": -5905.122430993018,
    "expanded_hf_energy": -1691.6054070841071,
    "expanded_nuc_repulsion_energy": 4462.128867970564,
    "expanded_xc_energy": -248.61184406165353,
    "homo": -0.17562955689614743,
    "lumo": -0.09322400056270487,
    "method": "RestrictedKSDFT",
    "mp2_tflops": 0.0,
    "mp2_time": 6.95335580496863e-310,
    "n_atoms": 68,
    "nmers": [
      [
        {
          "fragments": [
            0
          ],
          "hf_energy": -1691.6054070841071,
          "num_basis_fns": 1508,
          "num_iters": 18,
          "schema_version": "0.2.0"
        }
      ]
    ],
    "num_iters": 18,
    "ri_fock_time": 0.2914880329999999,
    "ri_tflops": 2.0805848315289164,
    "scf_tflops": 35.42035509926544,
    "scf_time": 35.267236196,
    "schema_version": "0.2.0",
    "tflops": 33.20909926029929,
    "total_time": 35.46454,
    "transforms_time": 0.09432526200000001,
    "xc_tflops": 44.092522028268014,
    "xc_time": 26.347075131000004
  },
  "schema_version": "0.2.0"
}
