{
  "calculation_time": 35.180381237,
  "qmmbe": {
    "b_formation_time": 2.138524202,
    "b_tflops": 6.923862203906916,
    "diag_time": 4.8024198590000005,
    "expanded_elec_energy": -5954.369369979737,
    "expanded_hf_energy": -1691.615028175001,
    "expanded_nuc_repulsion_energy": 4511.377575256029,
    "expanded_xc_energy": -248.62323345129283,
    "homo": -0.17618600103348844,
    "lumo": -0.09004538926323154,
    "method": "RestrictedKSDFT",
    "mp2_tflops": 0.0,
    "mp2_time": 6.9533558049623e-310,
    "n_atoms": 68,
    "nmers": [
      [
        {
          "fragments": [
            0
          ],
          "hf_energy": -1691.615028175001,
          "num_basis_fns": 1508,
          "num_iters": 18,
          "schema_version": "0.2.0"
        }
      ]
    ],
    "num_iters": 18,
    "ri_fock_time": 0.2905591759999999,
    "ri_tflops": 2.0872360266880716,
    "scf_tflops": 35.62598005440252,
    "scf_time": 34.974252923,
    "schema_version": "0.2.0",
    "tflops": 33.428584990222944,
    "total_time": 35.175828,
    "transforms_time": 0.09544998999999997,
    "xc_tflops": 44.40416719682191,
    "xc_time": 26.112835304000004
  },
  "schema_version": "0.2.0"
}
