{
  "calculation_time": 24.605180654,
  "qmmbe": {
    "b_formation_time": 1.578794014,
    "b_tflops": 5.871371590264973,
    "diag_time": 3.4354889629999996,
    "expanded_elec_energy": -4886.421745102583,
    "expanded_hf_energy": -1460.5048856394017,
    "expanded_nuc_repulsion_energy": 3640.37174747483,
    "expanded_xc_energy": -214.45488801164834,
    "homo": -0.17030111226280573,
    "lumo": -0.09710055548660057,
    "method": "RestrictedKSDFT",
    "mp2_tflops": 0.0,
    "mp2_time": 6.9533558049544e-310,
    "n_atoms": 58,
    "nmers": [
      [
        {
          "fragments": [
            0
          ],
          "hf_energy": -1460.5048856394017,
          "num_basis_fns": 1298,
          "num_iters": 19,
          "schema_version": "0.2.0"
        }
      ]
    ],
    "num_iters": 19,
    "ri_fock_time": 0.209264387,
    "ri_tflops": 1.9506796995133242,
    "scf_tflops": 34.145168272686476,
    "scf_time": 24.435747505,
    "schema_version": "0.2.0",
    "tflops": 31.812204780091136,
    "total_time": 24.601238,
    "transforms_time": 0.09137330999999999,
    "xc_tflops": 43.02569543419624,
    "xc_time": 17.949917026999998
  },
  "schema_version": "0.2.0"
}
