{
  "calculation_time": 31.964474744,
  "qmmbe": {
    "b_formation_time": 2.015464142,
    "b_tflops": 6.438546508922212,
    "diag_time": 4.4274875840000005,
    "expanded_elec_energy": -5633.574466134369,
    "expanded_hf_energy": -1614.1849362949006,
    "expanded_nuc_repulsion_energy": 4256.379630033591,
    "expanded_xc_energy": -236.9901001941226,
    "homo": -0.16758975839737233,
    "lumo": -0.0993434487977951,
    "method": "RestrictedKSDFT",
    "mp2_tflops": 0.0,
    "mp2_time": 6.95335580496863e-310,
    "n_atoms": 64,
    "nmers": [
      [
        {
          "fragments": [
            0
          ],
          "hf_energy": -1614.1849362949006,
          "num_basis_fns": 1434,
          "num_iters": 19,
          "schema_version": "0.2.0"
        }
      ]
    ],
    "num_iters": 19,
    "ri_fock_time": 0.263318413,
    "ri_tflops": 2.09035485578443,
    "scf_tflops": 35.2137558662907,
    "scf_time": 31.785326126,
    "schema_version": "0.2.0",
    "tflops": 32.951622834308466,
    "total_time": 31.960331,
    "transforms_time": 0.09264482200000002,
    "xc_tflops": 44.05662944233062,
    "xc_time": 23.578253481
  },
  "schema_version": "0.2.0"
}
