{
  "calculation_time": 21.687691759,
  "qmmbe": {
    "b_formation_time": 1.478789422,
    "b_tflops": 5.518913677693321,
    "diag_time": 2.8855178199999996,
    "expanded_elec_energy": -4608.217341296393,
    "expanded_hf_energy": -1384.2596743370327,
    "expanded_nuc_repulsion_energy": 3427.505059219607,
    "expanded_xc_energy": -203.5473922602469,
    "homo": -0.1801230795332431,
    "lumo": -0.08918089822567674,
    "method": "RestrictedKSDFT",
    "mp2_tflops": 0.0,
    "mp2_time": 6.9533558049528e-310,
    "n_atoms": 56,
    "nmers": [
      [
        {
          "fragments": [
            0
          ],
          "hf_energy": -1384.2596743370327,
          "num_basis_fns": 1236,
          "num_iters": 18,
          "schema_version": "0.2.0"
        }
      ]
    ],
    "num_iters": 18,
    "ri_fock_time": 0.16625031099999998,
    "ri_tflops": 2.0086706726942607,
    "scf_tflops": 32.322270507546946,
    "scf_time": 21.535723632,
    "schema_version": "0.2.0",
    "tflops": 29.967016665852004,
    "total_time": 21.683924,
    "transforms_time": 0.07916974799999998,
    "xc_tflops": 40.33894607309473,
    "xc_time": 15.885364287
  },
  "schema_version": "0.2.0"
}
