{
  "calculation_time": 37.482980495,
  "qmmbe": {
    "b_formation_time": 2.277974247,
    "b_tflops": 7.558536601868792,
    "diag_time": 5.039152775,
    "expanded_elec_energy": -6273.47566136526,
    "expanded_hf_energy": -1691.605605765479,
    "expanded_nuc_repulsion_energy": 4830.497560717675,
    "expanded_xc_energy": -248.62750511789392,
    "homo": -0.17692359079625403,
    "lumo": -0.08981454560243349,
    "method": "RestrictedKSDFT",
    "mp2_tflops": 0.0,
    "mp2_time": 6.95335580496863e-310,
    "n_atoms": 68,
    "nmers": [
      [
        {
          "fragments": [
            0
          ],
          "hf_energy": -1691.605605765479,
          "num_basis_fns": 1508,
          "num_iters": 19,
          "schema_version": "0.2.0"
        }
      ]
    ],
    "num_iters": 19,
    "ri_fock_time": 0.304135192,
    "ri_tflops": 2.1048472162866307,
    "scf_tflops": 34.994415014299605,
    "scf_time": 37.268398728,
    "schema_version": "0.2.0",
    "tflops": 32.86427247702113,
    "total_time": 37.478588,
    "transforms_time": 0.10082621299999998,
    "xc_tflops": 43.47227290292003,
    "xc_time": 27.899481303
  },
  "schema_version": "0.2.0"
}
