{
  "calculation_time": 35.334433879,
  "qmmbe": {
    "b_formation_time": 2.065931266,
    "b_tflops": 6.7453909583301686,
    "diag_time": 4.805733150999999,
    "expanded_elec_energy": -5784.663676162964,
    "expanded_hf_energy": -1691.6137207333431,
    "expanded_nuc_repulsion_energy": 4341.663282972632,
    "expanded_xc_energy": -248.61332754301105,
    "homo": -0.1705134958297794,
    "lumo": -0.09898095038987424,
    "method": "RestrictedKSDFT",
    "mp2_tflops": 0.0,
    "mp2_time": 6.95335580496863e-310,
    "n_atoms": 68,
    "nmers": [
      [
        {
          "fragments": [
            0
          ],
          "hf_energy": -1691.6137207333431,
          "num_basis_fns": 1508,
          "num_iters": 18,
          "schema_version": "0.2.0"
        }
      ]
    ],
    "num_iters": 18,
    "ri_fock_time": 0.28962007,
    "ri_tflops": 2.094003982638358,
    "scf_tflops": 35.46434412093882,
    "scf_time": 35.139988873,
    "schema_version": "0.2.0",
    "tflops": 33.369013054363585,
    "total_time": 35.330041,
    "transforms_time": 0.094445992,
    "xc_tflops": 44.13424212504225,
    "xc_time": 26.361656699999994
  },
  "schema_version": "0.2.0"
}
