{
  "calculation_time": 36.985221494,
  "qmmbe": {
    "b_formation_time": 2.308177714,
    "b_tflops": 7.127234293239519,
    "diag_time": 5.015874371000001,
    "expanded_elec_energy": -6181.955913445403,
    "expanded_hf_energy": -1691.5951924636315,
    "expanded_nuc_repulsion_energy": 4738.985327960964,
    "expanded_xc_energy": -248.62460697919283,
    "homo": -0.16584457193483473,
    "lumo": -0.1021995531703422,
    "method": "RestrictedKSDFT",
    "mp2_tflops": 0.0,
    "mp2_time": 6.9533558049623e-310,
    "n_atoms": 68,
    "nmers": [
      [
        {
          "fragments": [
            0
          ],
          "hf_energy": -1691.5951924636315,
          "num_basis_fns": 1508,
          "num_iters": 19,
          "schema_version": "0.2.0"
        }
      ]
    ],
    "num_iters": 19,
    "ri_fock_time": 0.304001523,
    "ri_tflops": 2.1057727143557763,
    "scf_tflops": 35.60297972663811,
    "scf_time": 36.760388886,
    "schema_version": "0.2.0",
    "tflops": 33.37162199528137,
    "total_time": 36.980507,
    "transforms_time": 0.09797711800000002,
    "xc_tflops": 44.31944823414846,
    "xc_time": 27.437972638
  },
  "schema_version": "0.2.0"
}
