{
  "calculation_time": 30.524357519,
  "qmmbe": {
    "b_formation_time": 1.979903386,
    "b_tflops": 6.496134992007131,
    "diag_time": 4.1526126329999995,
    "expanded_elec_energy": -5605.306402151316,
    "expanded_hf_energy": -1614.184618157043,
    "expanded_nuc_repulsion_energy": 4228.12097376084,
    "expanded_xc_energy": -236.99918976656613,
    "homo": -0.16577406629434155,
    "lumo": -0.10220934259022897,
    "method": "RestrictedKSDFT",
    "mp2_tflops": 0.0,
    "mp2_time": 6.95335580496863e-310,
    "n_atoms": 64,
    "nmers": [
      [
        {
          "fragments": [
            0
          ],
          "hf_energy": -1614.184618157043,
          "num_basis_fns": 1434,
          "num_iters": 18,
          "schema_version": "0.2.0"
        }
      ]
    ],
    "num_iters": 18,
    "ri_fock_time": 0.25034842800000007,
    "ri_tflops": 2.082932911022712,
    "scf_tflops": 35.20986259741054,
    "scf_time": 30.344105742,
    "schema_version": "0.2.0",
    "tflops": 32.84132757377319,
    "total_time": 30.520029,
    "transforms_time": 0.09522266300000001,
    "xc_tflops": 43.97959619517184,
    "xc_time": 22.468084107
  },
  "schema_version": "0.2.0"
}
