{
  "calculation_time": 36.956935662,
  "qmmbe": {
    "b_formation_time": 2.274084648,
    "b_tflops": 7.219196242436443,
    "diag_time": 5.029136866,
    "expanded_elec_energy": -6177.876619407052,
    "expanded_hf_energy": -1691.5849209403032,
    "expanded_nuc_repulsion_energy": 4734.919805978543,
    "expanded_xc_energy": -248.62810751179393,
    "homo": -0.17481008344299837,
    "lumo": -0.08701431458033594,
    "method": "RestrictedKSDFT",
    "mp2_tflops": 0.0,
    "mp2_time": 6.9533558049623e-310,
    "n_atoms": 68,
    "nmers": [
      [
        {
          "fragments": [
            0
          ],
          "hf_energy": -1691.5849209403032,
          "num_basis_fns": 1508,
          "num_iters": 19,
          "schema_version": "0.2.0"
        }
      ]
    ],
    "num_iters": 19,
    "ri_fock_time": 0.3105826109999999,
    "ri_tflops": 2.061152458583717,
    "scf_tflops": 35.61645336147191,
    "scf_time": 36.748325556,
    "schema_version": "0.2.0",
    "tflops": 33.38847202486573,
    "total_time": 36.952297,
    "transforms_time": 0.10598878900000003,
    "xc_tflops": 44.45679545227846,
    "xc_time": 27.346374227999995
  },
  "schema_version": "0.2.0"
}
