{
  "calculation_time": 30.55949624,
  "qmmbe": {
    "b_formation_time": 1.996845485,
    "b_tflops": 6.617043343847909,
    "diag_time": 4.131827596999999,
    "expanded_elec_energy": -5668.726614556535,
    "expanded_hf_energy": -1614.1723797817544,
    "expanded_nuc_repulsion_energy": 4291.548021376891,
    "expanded_xc_energy": -236.99378660210954,
    "homo": -0.16497003159786217,
    "lumo": -0.10312950909147056,
    "method": "RestrictedKSDFT",
    "mp2_tflops": 0.0,
    "mp2_time": 6.95335580496705e-310,
    "n_atoms": 64,
    "nmers": [
      [
        {
          "fragments": [
            0
          ],
          "hf_energy": -1614.1723797817544,
          "num_basis_fns": 1434,
          "num_iters": 18,
          "schema_version": "0.2.0"
        }
      ]
    ],
    "num_iters": 18,
    "ri_fock_time": 0.258739547,
    "ri_tflops": 2.0153818229572766,
    "scf_tflops": 35.13274458929637,
    "scf_time": 30.375961312,
    "schema_version": "0.2.0",
    "tflops": 32.789682472606096,
    "total_time": 30.555244,
    "transforms_time": 0.08948949999999997,
    "xc_tflops": 43.783282973773375,
    "xc_time": 22.550826085999994
  },
  "schema_version": "0.2.0"
}
