{
  "calculation_time": 23.680235083,
  "qmmbe": {
    "b_formation_time": 1.629325706,
    "b_tflops": 5.814369702981903,
    "diag_time": 3.2863724760000004,
    "expanded_elec_energy": -4922.983950091073,
    "expanded_hf_energy": -1460.5085471125246,
    "expanded_nuc_repulsion_energy": 3676.929596168719,
    "expanded_xc_energy": -214.4541931901706,
    "homo": -0.1702877347796941,
    "lumo": -0.09863146028235122,
    "method": "RestrictedKSDFT",
    "mp2_tflops": 0.0,
    "mp2_time": 6.9533558049528e-310,
    "n_atoms": 58,
    "nmers": [
      [
        {
          "fragments": [
            0
          ],
          "hf_energy": -1460.5085471125246,
          "num_basis_fns": 1298,
          "num_iters": 18,
          "schema_version": "0.2.0"
        }
      ]
    ],
    "num_iters": 18,
    "ri_fock_time": 0.191298199,
    "ri_tflops": 2.021572461035036,
    "scf_tflops": 33.914257943878724,
    "scf_time": 23.519718983,
    "schema_version": "0.2.0",
    "tflops": 31.436051278624138,
    "total_time": 23.676285,
    "transforms_time": 0.08268972499999998,
    "xc_tflops": 42.75281921576793,
    "xc_time": 17.164802442000003
  },
  "schema_version": "0.2.0"
}
