{
  "calculation_time": 26.426803431,
  "qmmbe": {
    "b_formation_time": 1.773446289,
    "b_tflops": 5.727947313410854,
    "diag_time": 3.7355245430000004,
    "expanded_elec_energy": -5072.167253699494,
    "expanded_hf_energy": -1537.9410242963827,
    "expanded_nuc_repulsion_energy": 3760.2991056746564,
    "expanded_xc_energy": -226.07287627154534,
    "homo": -0.17225121710452584,
    "lumo": -0.09703412976711208,
    "method": "RestrictedKSDFT",
    "mp2_tflops": 0.0,
    "mp2_time": 6.9533558049528e-310,
    "n_atoms": 62,
    "nmers": [
      [
        {
          "fragments": [
            0
          ],
          "hf_energy": -1537.9410242963827,
          "num_basis_fns": 1372,
          "num_iters": 18,
          "schema_version": "0.2.0"
        }
      ]
    ],
    "num_iters": 18,
    "ri_fock_time": 0.221494804,
    "ri_tflops": 2.062087441834527,
    "scf_tflops": 36.186471002177264,
    "scf_time": 26.267149641,
    "schema_version": "0.2.0",
    "tflops": 33.65311292704761,
    "total_time": 26.422725,
    "transforms_time": 0.08901509200000002,
    "xc_tflops": 45.75579407021488,
    "xc_time": 19.186583591
  },
  "schema_version": "0.2.0"
}
