{
  "calculation_time": 99.288089763,
  "qmmbe": {
    "b_formation_time": 12.527925011,
    "b_tflops": 19.132103073395704,
    "diag_time": 3.0822481639999997,
    "expanded_elec_energy": -6253.09950954302,
    "expanded_hf_energy": -1684.8321235639905,
    "expanded_mp2_os_correction": -4.20921985768154,
    "expanded_mp2_ss_correction": -0.13347371359667234,
    "expanded_nuc_repulsion_energy": 4645.858485548782,
    "expanded_xc_energy": -77.59109956975226,
    "homo": -0.2105856567559952,
    "lumo": -0.03188369761651141,
    "method": "RestrictedKSDFT",
    "mp2_tflops": 61.75886295028997,
    "mp2_time": 26.327688,
    "n_atoms": 68,
    "nmers": [
      [
        {
          "fragments": [
            0
          ],
          "hf_energy": -1684.8321235639905,
          "mp2_os_correction": -4.20921985768154,
          "mp2_ss_correction": -0.13347371359667234,
          "num_basis_fns": 3228,
          "num_iters": 18,
          "schema_version": "0.2.0"
        }
      ]
    ],
    "num_iters": 18,
    "ri_fock_time": 41.06360990999998,
    "ri_tflops": 34.35341177980055,
    "scf_tflops": 32.14322122577218,
    "scf_time": 71.781496279,
    "schema_version": "0.2.0",
    "tflops": 37.640506365853405,
    "total_time": 99.276465,
    "transforms_time": 0.12783646299999998,
    "xc_tflops": 33.845860083196634,
    "xc_time": 13.351065096999998
  },
  "schema_version": "0.2.0"
}
