{
  "calculation_time": 91.670094366,
  "qmmbe": {
    "b_formation_time": 10.329807753,
    "b_tflops": 21.730622214220407,
    "diag_time": 2.8826552330000004,
    "expanded_elec_energy": -6094.14068559429,
    "expanded_hf_energy": -1684.854021584866,
    "expanded_mp2_os_correction": -4.201203558466753,
    "expanded_mp2_ss_correction": -0.13280827621880503,
    "expanded_nuc_repulsion_energy": 4486.8724230392445,
    "expanded_xc_energy": -77.58575902982089,
    "homo": -0.21294964516932716,
    "lumo": -0.026997436734889874,
    "method": "RestrictedKSDFT",
    "mp2_tflops": 64.2141536335329,
    "mp2_time": 25.454978,
    "n_atoms": 68,
    "nmers": [
      [
        {
          "fragments": [
            0
          ],
          "hf_energy": -1684.854021584866,
          "mp2_os_correction": -4.201203558466753,
          "mp2_ss_correction": -0.13280827621880503,
          "num_basis_fns": 3228,
          "num_iters": 17,
          "schema_version": "0.2.0"
        }
      ]
    ],
    "num_iters": 17,
    "ri_fock_time": 38.178759281000005,
    "ri_tflops": 36.02794614110331,
    "scf_tflops": 33.08654529198299,
    "scf_time": 65.058560043,
    "schema_version": "0.2.0",
    "tflops": 39.68667010126371,
    "total_time": 91.65628,
    "transforms_time": 0.12085985299999998,
    "xc_tflops": 33.478170284520644,
    "xc_time": 11.797363744
  },
  "schema_version": "0.2.0"
}
