{
  "calculation_time": 95.63089386,
  "qmmbe": {
    "b_formation_time": 13.067367176,
    "b_tflops": 17.034915503392142,
    "diag_time": 2.9062494580000005,
    "expanded_elec_energy": -6045.343441220753,
    "expanded_hf_energy": -1684.8647888082587,
    "expanded_mp2_os_correction": -4.199416758895373,
    "expanded_mp2_ss_correction": -0.13284420727562565,
    "expanded_nuc_repulsion_energy": 4438.067817794386,
    "expanded_xc_energy": -77.58916538189166,
    "homo": -0.21923014076930325,
    "lumo": -0.02074712594269714,
    "method": "RestrictedKSDFT",
    "mp2_tflops": 65.06770268366175,
    "mp2_time": 25.121264,
    "n_atoms": 68,
    "nmers": [
      [
        {
          "fragments": [
            0
          ],
          "hf_energy": -1684.8647888082587,
          "mp2_os_correction": -4.199416758895373,
          "mp2_ss_correction": -0.13284420727562565,
          "num_basis_fns": 3228,
          "num_iters": 17,
          "schema_version": "0.2.0"
        }
      ]
    ],
    "num_iters": 17,
    "ri_fock_time": 38.288379654,
    "ri_tflops": 35.92479743305922,
    "scf_tflops": 33.03770334754472,
    "scf_time": 68.024599327,
    "schema_version": "0.2.0",
    "tflops": 38.05221521893858,
    "total_time": 95.611524,
    "transforms_time": 0.14636216500000002,
    "xc_tflops": 32.36570467126851,
    "xc_time": 12.2770181
  },
  "schema_version": "0.2.0"
}
