{
  "calculation_time": 96.270348344,
  "qmmbe": {
    "b_formation_time": 11.906316635,
    "b_tflops": 19.424531071367397,
    "diag_time": 3.074622009,
    "expanded_elec_energy": -6161.637915981746,
    "expanded_hf_energy": -1684.8550231336785,
    "expanded_mp2_os_correction": -4.202668170031307,
    "expanded_mp2_ss_correction": -0.13298570505212312,
    "expanded_nuc_repulsion_energy": 4554.370955601741,
    "expanded_xc_energy": -77.58806275367357,
    "homo": -0.21141110056154944,
    "lumo": -0.031203909326676812,
    "method": "RestrictedKSDFT",
    "mp2_tflops": 65.46673724024225,
    "mp2_time": 24.968151,
    "n_atoms": 68,
    "nmers": [
      [
        {
          "fragments": [
            0
          ],
          "hf_energy": -1684.8550231336785,
          "mp2_os_correction": -4.202668170031307,
          "mp2_ss_correction": -0.13298570505212312,
          "num_basis_fns": 3228,
          "num_iters": 18,
          "schema_version": "0.2.0"
        }
      ]
    ],
    "num_iters": 18,
    "ri_fock_time": 40.688980281999996,
    "ri_tflops": 34.6697052800708,
    "scf_tflops": 32.31372075968835,
    "scf_time": 70.171579301,
    "schema_version": "0.2.0",
    "tflops": 38.59891711852997,
    "total_time": 96.257542,
    "transforms_time": 0.126209875,
    "xc_tflops": 31.357621731959348,
    "xc_time": 13.723462577
  },
  "schema_version": "0.2.0"
}
