{
  "calculation_time": 89.554786027,
  "qmmbe": {
    "b_formation_time": 10.11277523,
    "b_tflops": 22.04206129339315,
    "diag_time": 2.721757329,
    "expanded_elec_energy": -6046.499710443299,
    "expanded_hf_energy": -1684.8739589355196,
    "expanded_mp2_os_correction": -4.197442048002265,
    "expanded_mp2_ss_correction": -0.13266168093296732,
    "expanded_nuc_repulsion_energy": 4439.213301125918,
    "expanded_xc_energy": -77.5875496181392,
    "homo": -0.21957542227203966,
    "lumo": -0.021158981084148838,
    "method": "RestrictedKSDFT",
    "mp2_tflops": 62.82732179916961,
    "mp2_time": 26.017071,
    "n_atoms": 68,
    "nmers": [
      [
        {
          "fragments": [
            0
          ],
          "hf_energy": -1684.8739589355196,
          "mp2_os_correction": -4.197442048002265,
          "mp2_ss_correction": -0.13266168093296732,
          "num_basis_fns": 3228,
          "num_iters": 16,
          "schema_version": "0.2.0"
        }
      ]
    ],
    "num_iters": 16,
    "ri_fock_time": 36.579700038,
    "ri_tflops": 36.6413511085131,
    "scf_tflops": 33.56112596422725,
    "scf_time": 62.408943836,
    "schema_version": "0.2.0",
    "tflops": 39.92286284469991,
    "total_time": 89.543266,
    "transforms_time": 0.114675623,
    "xc_tflops": 31.781225119571324,
    "xc_time": 11.621964361000003
  },
  "schema_version": "0.2.0"
}
