{
  "calculation_time": 91.740021549,
  "qmmbe": {
    "b_formation_time": 10.178775667,
    "b_tflops": 21.873917015971113,
    "diag_time": 2.8722334349999996,
    "expanded_elec_energy": -6069.700058415348,
    "expanded_hf_energy": -1684.8646326378225,
    "expanded_mp2_os_correction": -4.198746040682502,
    "expanded_mp2_ss_correction": -0.13262596314275327,
    "expanded_nuc_repulsion_energy": 4462.420865219734,
    "expanded_xc_energy": -77.58543944220798,
    "homo": -0.21889653447266144,
    "lumo": -0.023295897360251495,
    "method": "RestrictedKSDFT",
    "mp2_tflops": 63.27364022681601,
    "mp2_time": 25.833539,
    "n_atoms": 68,
    "nmers": [
      [
        {
          "fragments": [
            0
          ],
          "hf_energy": -1684.8646326378225,
          "mp2_os_correction": -4.198746040682502,
          "mp2_ss_correction": -0.13262596314275327,
          "num_basis_fns": 3228,
          "num_iters": 17,
          "schema_version": "0.2.0"
        }
      ]
    ],
    "num_iters": 17,
    "ri_fock_time": 38.12282072500001,
    "ri_tflops": 36.08081083590951,
    "scf_tflops": 33.13132667441938,
    "scf_time": 64.817993349,
    "schema_version": "0.2.0",
    "tflops": 39.61002394268395,
    "total_time": 91.727758,
    "transforms_time": 0.120396517,
    "xc_tflops": 32.492353603516534,
    "xc_time": 12.079542248
  },
  "schema_version": "0.2.0"
}
