{
  "calculation_time": 89.935169219,
  "qmmbe": {
    "b_formation_time": 10.520801632,
    "b_tflops": 21.481957542594984,
    "diag_time": 2.6983328619999996,
    "expanded_elec_energy": -6092.295297440061,
    "expanded_hf_energy": -1684.8527486492544,
    "expanded_mp2_os_correction": -4.2026011324775,
    "expanded_mp2_ss_correction": -0.1329191270767514,
    "expanded_nuc_repulsion_energy": 4485.028951795232,
    "expanded_xc_energy": -77.58640300442535,
    "homo": -0.20904155376440697,
    "lumo": -0.03183878232372052,
    "method": "RestrictedKSDFT",
    "mp2_tflops": 63.94126455050724,
    "mp2_time": 25.563806,
    "n_atoms": 68,
    "nmers": [
      [
        {
          "fragments": [
            0
          ],
          "hf_energy": -1684.8527486492544,
          "mp2_os_correction": -4.2026011324775,
          "mp2_ss_correction": -0.1329191270767514,
          "num_basis_fns": 3228,
          "num_iters": 16,
          "schema_version": "0.2.0"
        }
      ]
    ],
    "num_iters": 16,
    "ri_fock_time": 36.89619196700001,
    "ri_tflops": 36.32704517949278,
    "scf_tflops": 33.38459067618999,
    "scf_time": 63.237617168,
    "schema_version": "0.2.0",
    "tflops": 39.88204977666275,
    "total_time": 89.92308,
    "transforms_time": 0.11339642100000001,
    "xc_tflops": 30.664324117702282,
    "xc_time": 12.319281310000001
  },
  "schema_version": "0.2.0"
}
