{
  "calculation_time": 88.576552733,
  "qmmbe": {
    "b_formation_time": 10.118819615,
    "b_tflops": 21.646651495072433,
    "diag_time": 2.728050114,
    "expanded_elec_energy": -6009.0474747272965,
    "expanded_hf_energy": -1684.8657627746516,
    "expanded_mp2_os_correction": -4.199719156231219,
    "expanded_mp2_ss_correction": -0.1327847226976502,
    "expanded_nuc_repulsion_energy": 4401.767944915126,
    "expanded_xc_energy": -77.5862329624805,
    "homo": -0.21819331212201404,
    "lumo": -0.019858754532396692,
    "method": "RestrictedKSDFT",
    "mp2_tflops": 63.40202682842456,
    "mp2_time": 25.781236,
    "n_atoms": 68,
    "nmers": [
      [
        {
          "fragments": [
            0
          ],
          "hf_energy": -1684.8657627746516,
          "mp2_os_correction": -4.199719156231219,
          "mp2_ss_correction": -0.1327847226976502,
          "num_basis_fns": 3228,
          "num_iters": 16,
          "schema_version": "0.2.0"
        }
      ]
    ],
    "num_iters": 16,
    "ri_fock_time": 36.166503777,
    "ri_tflops": 37.059970116020864,
    "scf_tflops": 33.636809447309105,
    "scf_time": 61.673268614,
    "schema_version": "0.2.0",
    "tflops": 40.12341239889243,
    "total_time": 88.564703,
    "transforms_time": 0.11552365400000003,
    "xc_tflops": 32.572172017397726,
    "xc_time": 10.80368284
  },
  "schema_version": "0.2.0"
}
