{
  "calculation_time": 106.477542574,
  "qmmbe": {
    "b_formation_time": 14.879033855,
    "b_tflops": 18.17921960688596,
    "diag_time": 3.0978047959999997,
    "expanded_elec_energy": -6526.361983214727,
    "expanded_hf_energy": -1684.8286787846134,
    "expanded_mp2_os_correction": -4.2203782172164654,
    "expanded_mp2_ss_correction": -0.13426045611352525,
    "expanded_nuc_repulsion_energy": 4919.131166831536,
    "expanded_xc_energy": -77.59786240142208,
    "homo": -0.2077976465661954,
    "lumo": -0.03679434464156743,
    "method": "RestrictedKSDFT",
    "mp2_tflops": 60.30061928720788,
    "mp2_time": 26.792937,
    "n_atoms": 68,
    "nmers": [
      [
        {
          "fragments": [
            0
          ],
          "hf_energy": -1684.8286787846134,
          "mp2_os_correction": -4.2203782172164654,
          "mp2_ss_correction": -0.13426045611352525,
          "num_basis_fns": 3228,
          "num_iters": 18,
          "schema_version": "0.2.0"
        }
      ]
    ],
    "num_iters": 18,
    "ri_fock_time": 43.744512349,
    "ri_tflops": 32.24805676076844,
    "scf_tflops": 31.507616647177333,
    "scf_time": 78.338545342,
    "schema_version": "0.2.0",
    "tflops": 36.16191702233988,
    "total_time": 106.465891,
    "transforms_time": 0.129126751,
    "xc_tflops": 36.704838407140905,
    "xc_time": 14.836124413999999
  },
  "schema_version": "0.2.0"
}
