{
  "calculation_time": 91.458527267,
  "qmmbe": {
    "b_formation_time": 10.326997333,
    "b_tflops": 21.705619727243132,
    "diag_time": 2.884063204,
    "expanded_elec_energy": -6062.673079259194,
    "expanded_hf_energy": -1684.846541428681,
    "expanded_mp2_os_correction": -4.203587886250405,
    "expanded_mp2_ss_correction": -0.13291057701999093,
    "expanded_nuc_repulsion_energy": 4455.413504156987,
    "expanded_xc_energy": -77.58696632647371,
    "homo": -0.203869464593274,
    "lumo": -0.03594814851469447,
    "method": "RestrictedKSDFT",
    "mp2_tflops": 64.7733729596143,
    "mp2_time": 25.235417,
    "n_atoms": 68,
    "nmers": [
      [
        {
          "fragments": [
            0
          ],
          "hf_energy": -1684.846541428681,
          "mp2_os_correction": -4.203587886250405,
          "mp2_ss_correction": -0.13291057701999093,
          "num_basis_fns": 3228,
          "num_iters": 17,
          "schema_version": "0.2.0"
        }
      ]
    ],
    "num_iters": 17,
    "ri_fock_time": 38.271143301,
    "ri_tflops": 35.94097705134602,
    "scf_tflops": 33.07126674371767,
    "scf_time": 65.054084323,
    "schema_version": "0.2.0",
    "tflops": 39.74762985174849,
    "total_time": 91.446881,
    "transforms_time": 0.122022831,
    "xc_tflops": 32.17688290564188,
    "xc_time": 12.194605991000001
  },
  "schema_version": "0.2.0"
}
