{
  "calculation_time": 97.436857367,
  "qmmbe": {
    "b_formation_time": 12.975648306,
    "b_tflops": 19.25449060941341,
    "diag_time": 2.887357669,
    "expanded_elec_energy": -6332.352943251033,
    "expanded_hf_energy": -1684.8677240392185,
    "expanded_mp2_os_correction": -4.205329878678883,
    "expanded_mp2_ss_correction": -0.13331740922013605,
    "expanded_nuc_repulsion_energy": 4725.079258150894,
    "expanded_xc_energy": -77.59403893907935,
    "homo": -0.22195050769100846,
    "lumo": -0.013768210739087785,
    "method": "RestrictedKSDFT",
    "mp2_tflops": 64.3887810117495,
    "mp2_time": 25.252355,
    "n_atoms": 68,
    "nmers": [
      [
        {
          "fragments": [
            0
          ],
          "hf_energy": -1684.8677240392185,
          "mp2_os_correction": -4.205329878678883,
          "mp2_ss_correction": -0.13331740922013605,
          "num_basis_fns": 3228,
          "num_iters": 17,
          "schema_version": "0.2.0"
        }
      ]
    ],
    "num_iters": 17,
    "ri_fock_time": 40.392734309,
    "ri_tflops": 34.05321666681904,
    "scf_tflops": 32.350652326427245,
    "scf_time": 70.998968344,
    "schema_version": "0.2.0",
    "tflops": 38.138616089962625,
    "total_time": 97.425189,
    "transforms_time": 0.121907464,
    "xc_tflops": 34.497564475952714,
    "xc_time": 13.223398384000001
  },
  "schema_version": "0.2.0"
}
