{
  "calculation_time": 91.81282248,
  "qmmbe": {
    "b_formation_time": 10.367478373,
    "b_tflops": 21.658356450206405,
    "diag_time": 2.8767626649999993,
    "expanded_elec_energy": -6073.859410528394,
    "expanded_hf_energy": -1684.8464914723638,
    "expanded_mp2_os_correction": -4.203708071109156,
    "expanded_mp2_ss_correction": -0.1329803133727108,
    "expanded_nuc_repulsion_energy": 4466.598670087578,
    "expanded_xc_energy": -77.58575103154843,
    "homo": -0.20387910599596928,
    "lumo": -0.03871326369558186,
    "method": "RestrictedKSDFT",
    "mp2_tflops": 64.01818747891014,
    "mp2_time": 25.533102,
    "n_atoms": 68,
    "nmers": [
      [
        {
          "fragments": [
            0
          ],
          "hf_energy": -1684.8464914723638,
          "mp2_os_correction": -4.203708071109156,
          "mp2_ss_correction": -0.1329803133727108,
          "num_basis_fns": 3228,
          "num_iters": 17,
          "schema_version": "0.2.0"
        }
      ]
    ],
    "num_iters": 17,
    "ri_fock_time": 38.129975656,
    "ri_tflops": 36.074040422146766,
    "scf_tflops": 33.1375427368564,
    "scf_time": 65.135331149,
    "schema_version": "0.2.0",
    "tflops": 39.650747411749045,
    "total_time": 91.801001,
    "transforms_time": 0.122106929,
    "xc_tflops": 33.343712887429994,
    "xc_time": 11.911588813
  },
  "schema_version": "0.2.0"
}
