{
  "calculation_time": 90.833055528,
  "qmmbe": {
    "b_formation_time": 9.563310169,
    "b_tflops": 22.646062432693228,
    "diag_time": 2.872543247,
    "expanded_elec_energy": -5941.210370158184,
    "expanded_hf_energy": -1684.8750135148841,
    "expanded_mp2_os_correction": -4.196557188602702,
    "expanded_mp2_ss_correction": -0.13257697290300355,
    "expanded_nuc_repulsion_energy": 4333.92286539657,
    "expanded_xc_energy": -77.58750875327067,
    "homo": -0.22326195733663387,
    "lumo": -0.017503129524086284,
    "method": "RestrictedKSDFT",
    "mp2_tflops": 61.7565432612929,
    "mp2_time": 26.468172,
    "n_atoms": 68,
    "nmers": [
      [
        {
          "fragments": [
            0
          ],
          "hf_energy": -1684.8750135148841,
          "mp2_os_correction": -4.196557188602702,
          "mp2_ss_correction": -0.13257697290300355,
          "num_basis_fns": 3228,
          "num_iters": 17,
          "schema_version": "0.2.0"
        }
      ]
    ],
    "num_iters": 17,
    "ri_fock_time": 37.505748147999995,
    "ri_tflops": 36.67443705754988,
    "scf_tflops": 33.45237937905993,
    "scf_time": 63.234086499,
    "schema_version": "0.2.0",
    "tflops": 39.796257352408844,
    "total_time": 90.817601,
    "transforms_time": 0.119910576,
    "xc_tflops": 31.802318195456504,
    "xc_time": 11.935338950999999
  },
  "schema_version": "0.2.0"
}
