{
  "calculation_time": 120.576205338,
  "qmmbe": {
    "b_formation_time": 12.492134989,
    "b_tflops": 22.500997872405875,
    "diag_time": 3.1305083600000003,
    "expanded_elec_energy": -6624.593505412895,
    "expanded_hf_energy": -1684.8139377193434,
    "expanded_mp2_os_correction": -4.225383274474903,
    "expanded_mp2_ss_correction": -0.13457031705028574,
    "expanded_nuc_repulsion_energy": 5017.377528439007,
    "expanded_xc_energy": -77.5979607454552,
    "homo": -0.2125092930878154,
    "lumo": -0.0248062052677871,
    "method": "RestrictedKSDFT",
    "mp2_tflops": 31.946487290514668,
    "mp2_time": 50.57309,
    "n_atoms": 68,
    "nmers": [
      [
        {
          "fragments": [
            0
          ],
          "hf_energy": -1684.8139377193434,
          "mp2_os_correction": -4.225383274474903,
          "mp2_ss_correction": -0.13457031705028574,
          "num_basis_fns": 3228,
          "num_iters": 18,
          "schema_version": "0.2.0"
        }
      ]
    ],
    "num_iters": 18,
    "ri_fock_time": 41.817393762,
    "ri_tflops": 33.73418517641573,
    "scf_tflops": 29.610985880265204,
    "scf_time": 69.161985406,
    "schema_version": "0.2.0",
    "tflops": 29.439350306700373,
    "total_time": 120.568499,
    "transforms_time": 0.16359059400000006,
    "xc_tflops": 25.763144142598748,
    "xc_time": 9.057323666999999
  },
  "schema_version": "0.2.0"
}
