{
  "calculation_time": 81.390738003,
  "qmmbe": {
    "b_formation_time": 8.285229367,
    "b_tflops": 26.731283058159907,
    "diag_time": 2.7230078769999997,
    "expanded_elec_energy": -6038.065689390822,
    "expanded_hf_energy": -1684.862177998268,
    "expanded_mp2_os_correction": -4.199912470379961,
    "expanded_mp2_ss_correction": -0.13273428978508095,
    "expanded_nuc_repulsion_energy": 4430.789182967698,
    "expanded_xc_energy": -77.58567157514454,
    "homo": -0.2256529433845547,
    "lumo": -0.01623746303621007,
    "method": "RestrictedKSDFT",
    "mp2_tflops": 66.35348586980221,
    "mp2_time": 24.634498,
    "n_atoms": 68,
    "nmers": [
      [
        {
          "fragments": [
            0
          ],
          "hf_energy": -1684.862177998268,
          "mp2_os_correction": -4.199912470379961,
          "mp2_ss_correction": -0.13273428978508095,
          "num_basis_fns": 3228,
          "num_iters": 16,
          "schema_version": "0.2.0"
        }
      ]
    ],
    "num_iters": 16,
    "ri_fock_time": 35.741844817,
    "ri_tflops": 37.500290678309895,
    "scf_tflops": 32.18218588611015,
    "scf_time": 56.06633694,
    "schema_version": "0.2.0",
    "tflops": 41.41597502128757,
    "total_time": 81.382987,
    "transforms_time": 0.144447987,
    "xc_tflops": 21.431033646710716,
    "xc_time": 7.773233325
  },
  "schema_version": "0.2.0"
}
