{
  "calculation_time": 68.245597362,
  "qmmbe": {
    "b_formation_time": 6.401786708,
    "b_tflops": 25.656652372305185,
    "diag_time": 2.0918299069999997,
    "expanded_elec_energy": -5418.927735360123,
    "expanded_hf_energy": -1530.6594608641226,
    "expanded_mp2_os_correction": -3.800722864478578,
    "expanded_mp2_ss_correction": -0.12114944241718716,
    "expanded_nuc_repulsion_energy": 3958.602182633102,
    "expanded_xc_energy": -70.33390813710187,
    "method": "RestrictedKSDFT",
    "mp2_tflops": 62.26490328407535,
    "mp2_time": 20.521072,
    "n_atoms": 60,
    "nmers": [
      [
        {
          "fragments": [
            0
          ],
          "hf_energy": -1530.6594608641226,
          "mp2_os_correction": -3.800722864478578,
          "mp2_ss_correction": -0.12114944241718716,
          "num_basis_fns": 2880,
          "num_iters": 16,
          "schema_version": "0.2.0"
        }
      ]
    ],
    "num_iters": 16,
    "ri_fock_time": 24.875091320999996,
    "ri_tflops": 34.488272161724545,
    "scf_tflops": 30.175237693330033,
    "scf_time": 47.087131622,
    "schema_version": "0.2.0",
    "tflops": 38.82560148523602,
    "total_time": 68.238544,
    "transforms_time": 2.940615289999999,
    "xc_tflops": 34.637168227349335,
    "xc_time": 9.940076858
  },
  "schema_version": "0.2.0"
}
