{
  "calculation_time": 60.678135202,
  "qmmbe": {
    "b_formation_time": 5.903796258,
    "b_tflops": 27.712990321963787,
    "diag_time": 2.3654904379999997,
    "expanded_elec_energy": -5418.087693889675,
    "expanded_hf_energy": -1530.6561274269752,
    "expanded_mp2_os_correction": -3.800637034724537,
    "expanded_mp2_ss_correction": -0.12108995913552155,
    "expanded_nuc_repulsion_energy": 3957.7640574588595,
    "expanded_xc_energy": -70.33249099615944,
    "homo": -0.21527024440437986,
    "lumo": -0.026871787022576123,
    "method": "RestrictedKSDFT",
    "mp2_tflops": 62.29330475155425,
    "mp2_time": 15.713968,
    "n_atoms": 60,
    "nmers": [
      [
        {
          "fragments": [
            0
          ],
          "hf_energy": -1530.6561274269752,
          "mp2_os_correction": -3.800637034724537,
          "mp2_ss_correction": -0.12108995913552155,
          "num_basis_fns": 2880,
          "num_iters": 18,
          "schema_version": "0.2.0"
        }
      ]
    ],
    "num_iters": 18,
    "ri_fock_time": 27.064984696000003,
    "ri_tflops": 33.37731201714328,
    "scf_tflops": 28.26851711752079,
    "scf_time": 44.358543572,
    "schema_version": "0.2.0",
    "tflops": 36.440619731200506,
    "total_time": 60.670995,
    "transforms_time": 0.13162793100000006,
    "xc_tflops": 21.08292316596396,
    "xc_time": 7.540717407000001
  },
  "schema_version": "0.2.0"
}
