{
  "calculation_time": 92.295692572,
  "qmmbe": {
    "b_formation_time": 12.378321128,
    "b_tflops": 18.114457637316516,
    "diag_time": 3.046023221,
    "expanded_elec_energy": -6053.094567444876,
    "expanded_hf_energy": -1684.8599174517408,
    "expanded_mp2_os_correction": -4.201993820119406,
    "expanded_mp2_ss_correction": -0.13284301634950021,
    "expanded_nuc_repulsion_energy": 4445.820760602173,
    "expanded_xc_energy": -77.58611060903843,
    "homo": -0.2192108781560691,
    "lumo": -0.021651705510936054,
    "method": "RestrictedKSDFT",
    "mp2_tflops": 66.75373996146054,
    "mp2_time": 24.486794,
    "n_atoms": 68,
    "nmers": [
      [
        {
          "fragments": [
            0
          ],
          "hf_energy": -1684.8599174517408,
          "mp2_os_correction": -4.201993820119406,
          "mp2_ss_correction": -0.13284301634950021,
          "num_basis_fns": 3228,
          "num_iters": 17,
          "schema_version": "0.2.0"
        }
      ]
    ],
    "num_iters": 17,
    "ri_fock_time": 37.328310943999995,
    "ri_tflops": 36.84876835637024,
    "scf_tflops": 29.650363123573356,
    "scf_time": 65.859732124,
    "schema_version": "0.2.0",
    "tflops": 37.06776096266673,
    "total_time": 92.287156,
    "transforms_time": 0.29595842099999997,
    "xc_tflops": 22.094309185456556,
    "xc_time": 8.060836657
  },
  "schema_version": "0.2.0"
}
