{
  "calculation_time": 102.111297423,
  "qmmbe": {
    "b_formation_time": 10.689639138,
    "b_tflops": 22.34503547514309,
    "diag_time": 2.941399334,
    "expanded_elec_energy": -6224.252053036696,
    "expanded_hf_energy": -1684.8522046206995,
    "expanded_mp2_os_correction": -4.204536855116163,
    "expanded_mp2_ss_correction": -0.13318909864044284,
    "expanded_nuc_repulsion_energy": 4616.991423977245,
    "expanded_xc_energy": -77.59157556124826,
    "homo": -0.2207289264729699,
    "lumo": -0.022447188682047304,
    "method": "RestrictedKSDFT",
    "mp2_tflops": 64.4655977025143,
    "mp2_time": 32.699778,
    "n_atoms": 68,
    "nmers": [
      [
        {
          "fragments": [
            0
          ],
          "hf_energy": -1684.8522046206995,
          "mp2_os_correction": -4.204536855116163,
          "mp2_ss_correction": -0.13318909864044284,
          "num_basis_fns": 3228,
          "num_iters": 17,
          "schema_version": "0.2.0"
        }
      ]
    ],
    "num_iters": 17,
    "ri_fock_time": 37.807310933,
    "ri_tflops": 36.381915385292665,
    "scf_tflops": 31.809537361646335,
    "scf_time": 68.63437095,
    "schema_version": "0.2.0",
    "tflops": 40.78308364385889,
    "total_time": 102.103555,
    "transforms_time": 3.7446099499999996,
    "xc_tflops": 36.186172708141214,
    "xc_time": 12.012821014
  },
  "schema_version": "0.2.0"
}
