{
  "calculation_time": 84.852007958,
  "qmmbe": {
    "b_formation_time": 7.235849846,
    "b_tflops": 26.564676515769147,
    "diag_time": 2.571349517,
    "expanded_elec_energy": -5737.113764664822,
    "expanded_hf_energy": -1607.7707643438744,
    "expanded_mp2_os_correction": -3.998443144869593,
    "expanded_mp2_ss_correction": -0.12689231912698193,
    "expanded_nuc_repulsion_energy": 4203.304466725032,
    "expanded_xc_energy": -73.96146640408452,
    "method": "RestrictedKSDFT",
    "mp2_tflops": 62.591244074247406,
    "mp2_time": 26.464563,
    "n_atoms": 64,
    "nmers": [
      [
        {
          "fragments": [
            0
          ],
          "hf_energy": -1607.7707643438744,
          "mp2_os_correction": -3.998443144869593,
          "mp2_ss_correction": -0.12689231912698193,
          "num_basis_fns": 3054,
          "num_iters": 17,
          "schema_version": "0.2.0"
        }
      ]
    ],
    "num_iters": 17,
    "ri_fock_time": 32.35656567899999,
    "ri_tflops": 34.23111279679937,
    "scf_tflops": 29.953692157924156,
    "scf_time": 57.697243908,
    "schema_version": "0.2.0",
    "tflops": 39.34028942001829,
    "total_time": 84.844519,
    "transforms_time": 3.5822388219999994,
    "xc_tflops": 34.37578611759992,
    "xc_time": 10.905137852
  },
  "schema_version": "0.2.0"
}
