{
  "calculation_time": 61.412825801,
  "qmmbe": {
    "b_formation_time": 5.548878774,
    "b_tflops": 28.05368303809911,
    "diag_time": 2.187687472,
    "expanded_elec_energy": -5163.261699392722,
    "expanded_hf_energy": -1531.806570060118,
    "expanded_mp2_os_correction": -3.820270445548007,
    "expanded_mp2_ss_correction": -0.12021814419383688,
    "expanded_nuc_repulsion_energy": 3701.914482773206,
    "expanded_xc_energy": -70.45935344060196,
    "homo": -0.22361401207594034,
    "lumo": -0.020735256908400754,
    "method": "RestrictedKSDFT",
    "mp2_tflops": 56.59153361634215,
    "mp2_time": 18.601028,
    "n_atoms": 62,
    "nmers": [
      [
        {
          "fragments": [
            0
          ],
          "hf_energy": -1531.806570060118,
          "mp2_os_correction": -3.820270445548007,
          "mp2_ss_correction": -0.12021814419383688,
          "num_basis_fns": 2940,
          "num_iters": 16,
          "schema_version": "0.2.0"
        }
      ]
    ],
    "num_iters": 16,
    "ri_fock_time": 26.433726623000002,
    "ri_tflops": 34.907099245540984,
    "scf_tflops": 29.539013041549513,
    "scf_time": 42.228213532,
    "schema_version": "0.2.0",
    "tflops": 37.01515802211092,
    "total_time": 61.405829,
    "transforms_time": 0.12442683500000003,
    "xc_tflops": 22.279149350050968,
    "xc_time": 6.112805265999999
  },
  "schema_version": "0.2.0"
}
