{
  "calculation_time": 58.299136699,
  "qmmbe": {
    "b_formation_time": 5.296753078,
    "b_tflops": 26.470896155768276,
    "diag_time": 1.95972463,
    "expanded_elec_energy": -5021.162834215698,
    "expanded_hf_energy": -1454.6853847276332,
    "expanded_mp2_os_correction": -3.624807528936629,
    "expanded_mp2_ss_correction": -0.11464184964068497,
    "expanded_nuc_repulsion_energy": 3633.3151346003474,
    "expanded_xc_energy": -66.83768511228236,
    "homo": -0.2096019013808919,
    "lumo": -0.03334482352657738,
    "method": "RestrictedKSDFT",
    "mp2_tflops": 61.86200170914021,
    "mp2_time": 17.086041,
    "n_atoms": 58,
    "nmers": [
      [
        {
          "fragments": [
            0
          ],
          "hf_energy": -1454.6853847276332,
          "mp2_os_correction": -3.624807528936629,
          "mp2_ss_correction": -0.11464184964068497,
          "num_basis_fns": 2766,
          "num_iters": 16,
          "schema_version": "0.2.0"
        }
      ]
    ],
    "num_iters": 16,
    "ri_fock_time": 20.664784252000008,
    "ri_tflops": 35.17161846675193,
    "scf_tflops": 30.223367990247002,
    "scf_time": 40.606234585,
    "schema_version": "0.2.0",
    "tflops": 38.51035943446637,
    "total_time": 58.292314,
    "transforms_time": 2.6088070450000007,
    "xc_tflops": 36.3881004259503,
    "xc_time": 8.693134806999998
  },
  "schema_version": "0.2.0"
}
