{
  "calculation_time": 86.173732451,
  "qmmbe": {
    "b_formation_time": 10.281753395,
    "b_tflops": 23.15936971476371,
    "diag_time": 2.9024479399999996,
    "expanded_elec_energy": -6230.578917992512,
    "expanded_hf_energy": -1684.8323305865745,
    "expanded_mp2_os_correction": -4.20812615345983,
    "expanded_mp2_ss_correction": -0.13336714334243413,
    "expanded_nuc_repulsion_energy": 4623.337127228243,
    "expanded_xc_energy": -77.59053982230506,
    "homo": -0.2190433831377007,
    "lumo": -0.022395583005476102,
    "method": "RestrictedKSDFT",
    "mp2_tflops": 67.00597795407808,
    "mp2_time": 24.266039,
    "n_atoms": 68,
    "nmers": [
      [
        {
          "fragments": [
            0
          ],
          "hf_energy": -1684.8323305865745,
          "mp2_os_correction": -4.20812615345983,
          "mp2_ss_correction": -0.13336714334243413,
          "num_basis_fns": 3228,
          "num_iters": 17,
          "schema_version": "0.2.0"
        }
      ]
    ],
    "num_iters": 17,
    "ri_fock_time": 37.874804010999995,
    "ri_tflops": 36.31708264181033,
    "scf_tflops": 31.353123475094538,
    "scf_time": 61.158015533,
    "schema_version": "0.2.0",
    "tflops": 39.8588451045268,
    "total_time": 86.165725,
    "transforms_time": 0.153537896,
    "xc_tflops": 22.459957491920072,
    "xc_time": 8.318801143999998
  },
  "schema_version": "0.2.0"
}
