{
  "calculation_time": 57.774741178,
  "qmmbe": {
    "b_formation_time": 5.718534916,
    "b_tflops": 28.35893353562589,
    "diag_time": 2.225741262,
    "expanded_elec_energy": -5388.399783791832,
    "expanded_hf_energy": -1530.6417730722394,
    "expanded_mp2_os_correction": -3.80410226103611,
    "expanded_mp2_ss_correction": -0.12127158259563503,
    "expanded_nuc_repulsion_energy": 3928.08987575672,
    "expanded_xc_energy": -70.33186503712717,
    "homo": -0.20181604547108895,
    "lumo": -0.03999903043390982,
    "method": "RestrictedKSDFT",
    "mp2_tflops": 66.24366189342534,
    "mp2_time": 14.776877,
    "n_atoms": 60,
    "nmers": [
      [
        {
          "fragments": [
            0
          ],
          "hf_energy": -1530.6417730722394,
          "mp2_os_correction": -3.80410226103611,
          "mp2_ss_correction": -0.12127158259563503,
          "num_basis_fns": 2880,
          "num_iters": 17,
          "schema_version": "0.2.0"
        }
      ]
    ],
    "num_iters": 17,
    "ri_fock_time": 25.862887619000002,
    "ri_tflops": 34.04985909558887,
    "scf_tflops": 28.85362173118097,
    "scf_time": 42.366008324,
    "schema_version": "0.2.0",
    "tflops": 37.726475050351276,
    "total_time": 57.767575,
    "transforms_time": 0.126261566,
    "xc_tflops": 21.342124232443936,
    "xc_time": 7.124873011999999
  },
  "schema_version": "0.2.0"
}
