{
  "calculation_time": 100.300887156,
  "qmmbe": {
    "b_formation_time": 8.606922935,
    "b_tflops": 25.440230680471405,
    "diag_time": 3.090925556,
    "expanded_elec_energy": -6009.63085073748,
    "expanded_hf_energy": -1684.861135356027,
    "expanded_mp2_os_correction": -4.199982075170082,
    "expanded_mp2_ss_correction": -0.1327061042443257,
    "expanded_nuc_repulsion_energy": 4402.354540855381,
    "expanded_xc_energy": -77.58482547392825,
    "method": "RestrictedKSDFT",
    "mp2_tflops": 64.9897660323146,
    "mp2_time": 32.581848,
    "n_atoms": 68,
    "nmers": [
      [
        {
          "fragments": [
            0
          ],
          "hf_energy": -1684.861135356027,
          "mp2_os_correction": -4.199982075170082,
          "mp2_ss_correction": -0.1327061042443257,
          "num_basis_fns": 3228,
          "num_iters": 18,
          "schema_version": "0.2.0"
        }
      ]
    ],
    "num_iters": 18,
    "ri_fock_time": 38.470215542999995,
    "ri_tflops": 36.66927336934033,
    "scf_tflops": 31.565519166056394,
    "scf_time": 67.020057257,
    "schema_version": "0.2.0",
    "tflops": 41.4254803773244,
    "total_time": 100.292916,
    "transforms_time": 3.7231267789999998,
    "xc_tflops": 34.17735593924496,
    "xc_time": 11.680168396000003
  },
  "schema_version": "0.2.0"
}
