{
  "calculation_time": 101.684208726,
  "qmmbe": {
    "b_formation_time": 10.743060588,
    "b_tflops": 21.77634255717296,
    "diag_time": 2.9426927260000006,
    "expanded_elec_energy": -6180.6966581324805,
    "expanded_hf_energy": -1684.8522583841955,
    "expanded_mp2_os_correction": -4.203794578439886,
    "expanded_mp2_ss_correction": -0.1331387097564683,
    "expanded_nuc_repulsion_energy": 4573.435064450349,
    "expanded_xc_energy": -77.59066470206427,
    "homo": -0.22435293999418132,
    "lumo": -0.01647245565802086,
    "method": "RestrictedKSDFT",
    "mp2_tflops": 64.59414287522883,
    "mp2_time": 32.634706,
    "n_atoms": 68,
    "nmers": [
      [
        {
          "fragments": [
            0
          ],
          "hf_energy": -1684.8522583841955,
          "mp2_os_correction": -4.203794578439886,
          "mp2_ss_correction": -0.1331387097564683,
          "num_basis_fns": 3228,
          "num_iters": 17,
          "schema_version": "0.2.0"
        }
      ]
    ],
    "num_iters": 17,
    "ri_fock_time": 37.64430814000001,
    "ri_tflops": 36.53945136551227,
    "scf_tflops": 31.71913916795784,
    "scf_time": 68.297927904,
    "schema_version": "0.2.0",
    "tflops": 40.721783927506245,
    "total_time": 101.67659,
    "transforms_time": 3.6741750890000007,
    "xc_tflops": 35.569704072277396,
    "xc_time": 11.676382708
  },
  "schema_version": "0.2.0"
}
