{
  "calculation_time": 88.05973971,
  "qmmbe": {
    "b_formation_time": 6.595685436,
    "b_tflops": 27.428479029795863,
    "diag_time": 2.333418999,
    "expanded_elec_energy": -5516.403370713496,
    "expanded_hf_energy": -1531.787329768468,
    "expanded_mp2_os_correction": -3.8306374377638344,
    "expanded_mp2_ss_correction": -0.12108272905378985,
    "expanded_nuc_repulsion_energy": 4055.0801022878195,
    "expanded_xc_energy": -70.46406134279155,
    "homo": -0.21991872011695265,
    "lumo": -0.01902877440149401,
    "method": "RestrictedKSDFT",
    "mp2_tflops": 25.9894763607694,
    "mp2_time": 40.232114,
    "n_atoms": 62,
    "nmers": [
      [
        {
          "fragments": [
            0
          ],
          "hf_energy": -1531.787329768468,
          "mp2_os_correction": -3.8306374377638344,
          "mp2_ss_correction": -0.12108272905378985,
          "num_basis_fns": 2940,
          "num_iters": 17,
          "schema_version": "0.2.0"
        }
      ]
    ],
    "num_iters": 17,
    "ri_fock_time": 29.371901602,
    "ri_tflops": 32.24064334088545,
    "scf_tflops": 27.974877567587868,
    "scf_time": 47.177371515,
    "schema_version": "0.2.0",
    "tflops": 26.602621327880286,
    "total_time": 88.052644,
    "transforms_time": 0.130348666,
    "xc_tflops": 22.012483489203614,
    "xc_time": 7.397942692999999
  },
  "schema_version": "0.2.0"
}
