{
  "calculation_time": 62.952288949,
  "qmmbe": {
    "b_formation_time": 6.322357224,
    "b_tflops": 27.867249948453086,
    "diag_time": 2.328769728,
    "expanded_elec_energy": -5468.105308424305,
    "expanded_hf_energy": -1531.7785889980685,
    "expanded_mp2_os_correction": -3.829560655814946,
    "expanded_mp2_ss_correction": -0.12106493804505189,
    "expanded_nuc_repulsion_energy": 4006.7891072425095,
    "expanded_xc_energy": -70.46238781627322,
    "homo": -0.23547272963576435,
    "lumo": -0.004958150543625586,
    "method": "RestrictedKSDFT",
    "mp2_tflops": 65.82897401525835,
    "mp2_time": 15.883759,
    "n_atoms": 62,
    "nmers": [
      [
        {
          "fragments": [
            0
          ],
          "hf_energy": -1531.7785889980685,
          "mp2_os_correction": -3.829560655814946,
          "mp2_ss_correction": -0.12106493804505189,
          "num_basis_fns": 2940,
          "num_iters": 17,
          "schema_version": "0.2.0"
        }
      ]
    ],
    "num_iters": 17,
    "ri_fock_time": 28.867004775,
    "ri_tflops": 32.804544819010026,
    "scf_tflops": 28.196686537329736,
    "scf_time": 46.449913228,
    "schema_version": "0.2.0",
    "tflops": 37.071999437357334,
    "total_time": 62.945473,
    "transforms_time": 0.131438375,
    "xc_tflops": 21.88639064797331,
    "xc_time": 7.249344178
  },
  "schema_version": "0.2.0"
}
