{
  "calculation_time": 88.587326013,
  "qmmbe": {
    "b_formation_time": 8.014451381,
    "b_tflops": 25.88288431014739,
    "diag_time": 2.6942055469999997,
    "expanded_elec_energy": -5922.558387191677,
    "expanded_hf_energy": -1607.7135638854202,
    "expanded_mp2_os_correction": -4.012364998513717,
    "expanded_mp2_ss_correction": -0.12773258447788474,
    "expanded_nuc_repulsion_energy": 4388.807290781747,
    "expanded_xc_energy": -73.96246747549004,
    "method": "RestrictedKSDFT",
    "mp2_tflops": 63.85022265585268,
    "mp2_time": 25.807366,
    "n_atoms": 64,
    "nmers": [
      [
        {
          "fragments": [
            0
          ],
          "hf_energy": -1607.7135638854202,
          "mp2_os_correction": -4.012364998513717,
          "mp2_ss_correction": -0.12773258447788474,
          "num_basis_fns": 3054,
          "num_iters": 18,
          "schema_version": "0.2.0"
        }
      ]
    ],
    "num_iters": 18,
    "ri_fock_time": 34.534170983,
    "ri_tflops": 32.89652339504385,
    "scf_tflops": 29.697602714222306,
    "scf_time": 62.046256208,
    "schema_version": "0.2.0",
    "tflops": 38.8148450541667,
    "total_time": 88.579962,
    "transforms_time": 3.5546634489999995,
    "xc_tflops": 37.345564664405494,
    "xc_time": 11.777640360000001
  },
  "schema_version": "0.2.0"
}
