{
  "calculation_time": 52.027618014,
  "qmmbe": {
    "b_formation_time": 4.336833456,
    "b_tflops": 27.807837041194418,
    "diag_time": 1.8987474249999998,
    "expanded_elec_energy": -4661.516174167238,
    "expanded_hf_energy": -1378.7251101469901,
    "expanded_mp2_os_correction": -3.4401399267571384,
    "expanded_mp2_ss_correction": -0.10841152278316471,
    "expanded_nuc_repulsion_energy": 3346.308328906636,
    "expanded_xc_energy": -63.51726488638776,
    "homo": -0.20360115455000838,
    "lumo": -0.035645668775822335,
    "method": "RestrictedKSDFT",
    "mp2_tflops": 33.860147323748805,
    "mp2_time": 19.00396,
    "n_atoms": 56,
    "nmers": [
      [
        {
          "fragments": [
            0
          ],
          "hf_energy": -1378.7251101469901,
          "mp2_os_correction": -3.4401399267571384,
          "mp2_ss_correction": -0.10841152278316471,
          "num_basis_fns": 2652,
          "num_iters": 17,
          "schema_version": "0.2.0"
        }
      ]
    ],
    "num_iters": 17,
    "ri_fock_time": 19.037091683,
    "ri_tflops": 32.954762135437264,
    "scf_tflops": 27.55980423573428,
    "scf_time": 32.490896077,
    "schema_version": "0.2.0",
    "tflops": 29.283552489085146,
    "total_time": 52.021341,
    "transforms_time": 0.11093285100000001,
    "xc_tflops": 22.545147440438065,
    "xc_time": 5.658797959
  },
  "schema_version": "0.2.0"
}
