{
  "calculation_time": 81.153551514,
  "qmmbe": {
    "b_formation_time": 7.004705684,
    "b_tflops": 26.60359575440229,
    "diag_time": 2.4088183799999996,
    "expanded_elec_energy": -5653.712889148165,
    "expanded_hf_energy": -1607.7636935086382,
    "expanded_mp2_os_correction": -3.998863911884089,
    "expanded_mp2_ss_correction": -0.1267479163058173,
    "expanded_nuc_repulsion_energy": 4119.906200530394,
    "expanded_xc_energy": -73.95700489086704,
    "method": "RestrictedKSDFT",
    "mp2_tflops": 62.742827406269235,
    "mp2_time": 26.400632,
    "n_atoms": 64,
    "nmers": [
      [
        {
          "fragments": [
            0
          ],
          "hf_energy": -1607.7636935086382,
          "mp2_os_correction": -3.998863911884089,
          "mp2_ss_correction": -0.1267479163058173,
          "num_basis_fns": 3054,
          "num_iters": 16,
          "schema_version": "0.2.0"
        }
      ]
    ],
    "num_iters": 16,
    "ri_fock_time": 30.437450576000003,
    "ri_tflops": 35.4546230008501,
    "scf_tflops": 30.788081353062978,
    "scf_time": 54.077724197,
    "schema_version": "0.2.0",
    "tflops": 40.289766141573345,
    "total_time": 81.145971,
    "transforms_time": 3.1420115910000006,
    "xc_tflops": 34.98401597090546,
    "xc_time": 9.750684728000001
  },
  "schema_version": "0.2.0"
}
