{
  "calculation_time": 97.28025826,
  "qmmbe": {
    "b_formation_time": 9.73083432,
    "b_tflops": 23.565740289581253,
    "diag_time": 2.7286349920000004,
    "expanded_elec_energy": -6138.814292576242,
    "expanded_hf_energy": -1684.872763842695,
    "expanded_mp2_os_correction": -4.199602945588527,
    "expanded_mp2_ss_correction": -0.13284311785325226,
    "expanded_nuc_repulsion_energy": 4531.530918284404,
    "expanded_xc_energy": -77.58938955085671,
    "homo": -0.22523312274886834,
    "lumo": -0.0156373428035913,
    "method": "RestrictedKSDFT",
    "mp2_tflops": 65.38551246966601,
    "mp2_time": 32.384649,
    "n_atoms": 68,
    "nmers": [
      [
        {
          "fragments": [
            0
          ],
          "hf_energy": -1684.872763842695,
          "mp2_os_correction": -4.199602945588527,
          "mp2_ss_correction": -0.13284311785325226,
          "num_basis_fns": 3228,
          "num_iters": 16,
          "schema_version": "0.2.0"
        }
      ]
    ],
    "num_iters": 16,
    "ri_fock_time": 36.235086851999995,
    "ri_tflops": 36.98982806391337,
    "scf_tflops": 32.23037157973281,
    "scf_time": 64.158270167,
    "schema_version": "0.2.0",
    "tflops": 41.89362716658528,
    "total_time": 97.272578,
    "transforms_time": 3.229391198,
    "xc_tflops": 34.58002372438296,
    "xc_time": 11.006086877
  },
  "schema_version": "0.2.0"
}
