{
  "calculation_time": 94.238069898,
  "qmmbe": {
    "b_formation_time": 8.283058793,
    "b_tflops": 25.72619247212821,
    "diag_time": 2.7668368520000004,
    "expanded_elec_energy": -5928.696879879584,
    "expanded_hf_energy": -1684.874782741103,
    "expanded_mp2_os_correction": -4.197081397793823,
    "expanded_mp2_ss_correction": -0.13246343616498207,
    "expanded_nuc_repulsion_energy": 4321.405504504574,
    "expanded_xc_energy": -77.58340736609297,
    "homo": -0.21949749987094241,
    "lumo": -0.022153930621161,
    "method": "RestrictedKSDFT",
    "mp2_tflops": 65.48878707165728,
    "mp2_time": 32.333417,
    "n_atoms": 68,
    "nmers": [
      [
        {
          "fragments": [
            0
          ],
          "hf_energy": -1684.874782741103,
          "mp2_os_correction": -4.197081397793823,
          "mp2_ss_correction": -0.13246343616498207,
          "num_basis_fns": 3228,
          "num_iters": 16,
          "schema_version": "0.2.0"
        }
      ]
    ],
    "num_iters": 16,
    "ri_fock_time": 35.078720718999996,
    "ri_tflops": 38.20919126194364,
    "scf_tflops": 32.5547465945242,
    "scf_time": 61.197368192,
    "schema_version": "0.2.0",
    "tflops": 42.75617951654237,
    "total_time": 94.230398,
    "transforms_time": 3.497826442,
    "xc_tflops": 34.57379094652761,
    "xc_time": 10.139989352
  },
  "schema_version": "0.2.0"
}
