{
  "calculation_time": 60.975784833,
  "qmmbe": {
    "b_formation_time": 5.294099404,
    "b_tflops": 27.046861902987423,
    "diag_time": 2.0583744889999993,
    "expanded_elec_energy": -5063.8014860249,
    "expanded_hf_energy": -1454.7032102699934,
    "expanded_mp2_os_correction": -3.619891394614161,
    "expanded_mp2_ss_correction": -0.1148549913930811,
    "expanded_nuc_repulsion_energy": 3676.0248442909983,
    "expanded_xc_energy": -66.92656853609132,
    "method": "RestrictedKSDFT",
    "mp2_tflops": 61.82070617552805,
    "mp2_time": 17.006754,
    "n_atoms": 58,
    "nmers": [
      [
        {
          "fragments": [
            0
          ],
          "hf_energy": -1454.7032102699934,
          "mp2_os_correction": -3.619891394614161,
          "mp2_ss_correction": -0.1148549913930811,
          "num_basis_fns": 2766,
          "num_iters": 17,
          "schema_version": "0.2.0"
        }
      ]
    ],
    "num_iters": 17,
    "ri_fock_time": 22.0771888,
    "ri_tflops": 33.790968350461725,
    "scf_tflops": 29.383245211193934,
    "scf_time": 43.34312997,
    "schema_version": "0.2.0",
    "tflops": 37.62564501523618,
    "total_time": 60.968896,
    "transforms_time": 2.930267222,
    "xc_tflops": 34.85257814733376,
    "xc_time": 9.999512388
  },
  "schema_version": "0.2.0"
}
