{
  "calculation_time": 48.032665082,
  "qmmbe": {
    "b_formation_time": 4.246762027,
    "b_tflops": 26.293667662860074,
    "diag_time": 1.670282343,
    "expanded_elec_energy": -4595.011589688955,
    "expanded_hf_energy": -1377.5892271531534,
    "expanded_mp2_os_correction": -3.423842663753664,
    "expanded_mp2_ss_correction": -0.10867180394482577,
    "expanded_nuc_repulsion_energy": 3280.638380437043,
    "expanded_xc_energy": -63.21601790124172,
    "homo": -0.20386208932259048,
    "lumo": -0.037426835639301326,
    "method": "RestrictedKSDFT",
    "mp2_tflops": 60.65408182276417,
    "mp2_time": 13.09702,
    "n_atoms": 54,
    "nmers": [
      [
        {
          "fragments": [
            0
          ],
          "hf_energy": -1377.5892271531534,
          "mp2_os_correction": -3.423842663753664,
          "mp2_ss_correction": -0.10867180394482577,
          "num_basis_fns": 2592,
          "num_iters": 16,
          "schema_version": "0.2.0"
        }
      ]
    ],
    "num_iters": 16,
    "ri_fock_time": 16.524824066,
    "ri_tflops": 34.12244165220609,
    "scf_tflops": 29.577438541210743,
    "scf_time": 34.400788254,
    "schema_version": "0.2.0",
    "tflops": 37.076337185712475,
    "total_time": 48.02659,
    "transforms_time": 2.454851044,
    "xc_tflops": 35.14802716275995,
    "xc_time": 8.735873835000001
  },
  "schema_version": "0.2.0"
}
