{
  "calculation_time": 93.830263304,
  "qmmbe": {
    "b_formation_time": 9.520089963,
    "b_tflops": 16.42928665321311,
    "diag_time": 2.258146393,
    "expanded_elec_energy": -5175.031525090947,
    "expanded_hf_energy": -1531.8172009997702,
    "expanded_mp2_os_correction": -3.818740384962413,
    "expanded_mp2_ss_correction": -0.12020615882966897,
    "expanded_nuc_repulsion_energy": 3713.677441610698,
    "expanded_xc_energy": -70.46311751952136,
    "homo": -0.2243129761730068,
    "lumo": -0.019893536391716846,
    "method": "RestrictedKSDFT",
    "mp2_tflops": 62.634765641193226,
    "mp2_time": 21.979818,
    "n_atoms": 62,
    "nmers": [
      [
        {
          "fragments": [
            0
          ],
          "hf_energy": -1531.8172009997702,
          "mp2_os_correction": -3.818740384962413,
          "mp2_ss_correction": -0.12020615882966897,
          "num_basis_fns": 2940,
          "num_iters": 16,
          "schema_version": "0.2.0"
        }
      ]
    ],
    "num_iters": 16,
    "ri_fock_time": 26.524787314999998,
    "ri_tflops": 34.78726172996498,
    "scf_tflops": 28.12676683378667,
    "scf_time": 54.033324735,
    "schema_version": "0.2.0",
    "tflops": 29.482624140770948,
    "total_time": 93.822173,
    "transforms_time": 2.707734033000001,
    "xc_tflops": 33.94083295141433,
    "xc_time": 8.970490537
  },
  "schema_version": "0.2.0"
}
