{
  "calculation_time": 61.115818985,
  "qmmbe": {
    "b_formation_time": 6.089996685,
    "b_tflops": 28.31332014974455,
    "diag_time": 2.191814763,
    "expanded_elec_energy": -5410.27890468071,
    "expanded_hf_energy": -1531.794978721236,
    "expanded_mp2_os_correction": -3.825770366523301,
    "expanded_mp2_ss_correction": -0.12085322906551466,
    "expanded_nuc_repulsion_energy": 3948.947900694169,
    "expanded_xc_energy": -70.46397473469504,
    "homo": -0.2372210152173732,
    "lumo": -0.00770242944682148,
    "method": "RestrictedKSDFT",
    "mp2_tflops": 65.66525492289105,
    "mp2_time": 15.92336,
    "n_atoms": 62,
    "nmers": [
      [
        {
          "fragments": [
            0
          ],
          "hf_energy": -1531.794978721236,
          "mp2_os_correction": -3.825770366523301,
          "mp2_ss_correction": -0.12085322906551466,
          "num_basis_fns": 2940,
          "num_iters": 16,
          "schema_version": "0.2.0"
        }
      ]
    ],
    "num_iters": 16,
    "ri_fock_time": 27.825426563000004,
    "ri_tflops": 33.161209073226736,
    "scf_tflops": 28.537582223033375,
    "scf_time": 44.557209963,
    "schema_version": "0.2.0",
    "tflops": 37.58407546133009,
    "total_time": 61.10866,
    "transforms_time": 0.12332230099999998,
    "xc_tflops": 20.820110652991843,
    "xc_time": 7.218893034
  },
  "schema_version": "0.2.0"
}
