{
  "calculation_time": 101.159782966,
  "qmmbe": {
    "b_formation_time": 10.291950166,
    "b_tflops": 22.62093670710298,
    "diag_time": 2.9149062829999997,
    "expanded_elec_energy": -6160.023782414661,
    "expanded_hf_energy": -1684.8440183113614,
    "expanded_mp2_os_correction": -4.205154064008805,
    "expanded_mp2_ss_correction": -0.13325497868149405,
    "expanded_nuc_repulsion_energy": 4552.770488179375,
    "expanded_xc_energy": -77.59072407607604,
    "method": "RestrictedKSDFT",
    "mp2_tflops": 64.48750585103318,
    "mp2_time": 32.688667,
    "n_atoms": 68,
    "nmers": [
      [
        {
          "fragments": [
            0
          ],
          "hf_energy": -1684.8440183113614,
          "mp2_os_correction": -4.205154064008805,
          "mp2_ss_correction": -0.13325497868149405,
          "num_basis_fns": 3228,
          "num_iters": 17,
          "schema_version": "0.2.0"
        }
      ]
    ],
    "num_iters": 17,
    "ri_fock_time": 37.873313338,
    "ri_tflops": 36.31851151216243,
    "scf_tflops": 31.72034074852027,
    "scf_time": 67.720344404,
    "schema_version": "0.2.0",
    "tflops": 40.89805375767013,
    "total_time": 101.152038,
    "transforms_time": 3.5537444530000006,
    "xc_tflops": 33.99766056350322,
    "xc_time": 12.138667471
  },
  "schema_version": "0.2.0"
}
