{
  "calculation_time": 61.775780458,
  "qmmbe": {
    "b_formation_time": 5.677529414,
    "b_tflops": 28.244950031343333,
    "diag_time": 2.179386225,
    "expanded_elec_energy": -5236.962596406585,
    "expanded_hf_energy": -1531.8196337941383,
    "expanded_mp2_os_correction": -3.818758214149292,
    "expanded_mp2_ss_correction": -0.1202746550262083,
    "expanded_nuc_repulsion_energy": 3775.608568762527,
    "expanded_xc_energy": -70.46560615007974,
    "homo": -0.23175232877698687,
    "lumo": -0.008611696719653067,
    "method": "RestrictedKSDFT",
    "mp2_tflops": 57.127498022098266,
    "mp2_time": 18.426508,
    "n_atoms": 62,
    "nmers": [
      [
        {
          "fragments": [
            0
          ],
          "hf_energy": -1531.8196337941383,
          "mp2_os_correction": -3.818758214149292,
          "mp2_ss_correction": -0.1202746550262083,
          "num_basis_fns": 2940,
          "num_iters": 16,
          "schema_version": "0.2.0"
        }
      ]
    ],
    "num_iters": 16,
    "ri_fock_time": 26.539960396,
    "ri_tflops": 34.76737426046911,
    "scf_tflops": 29.605694459327836,
    "scf_time": 42.754948299,
    "schema_version": "0.2.0",
    "tflops": 37.09467804582853,
    "total_time": 61.768701,
    "transforms_time": 0.12350634399999999,
    "xc_tflops": 20.55270821209075,
    "xc_time": 7.287366250000001
  },
  "schema_version": "0.2.0"
}
