{
  "calculation_time": 77.962219841,
  "qmmbe": {
    "b_formation_time": 6.655163937,
    "b_tflops": 26.523596865931264,
    "diag_time": 2.505503382,
    "expanded_elec_energy": -5481.082990267356,
    "expanded_hf_energy": -1531.7580859411564,
    "expanded_mp2_os_correction": -3.8302136180813724,
    "expanded_mp2_ss_correction": -0.12129858265807128,
    "expanded_nuc_repulsion_energy": 4019.8790501911053,
    "expanded_xc_energy": -70.5541458649059,
    "method": "RestrictedKSDFT",
    "mp2_tflops": 62.95504841980495,
    "mp2_time": 21.868,
    "n_atoms": 62,
    "nmers": [
      [
        {
          "fragments": [
            0
          ],
          "hf_energy": -1531.7580859411564,
          "mp2_os_correction": -3.8302136180813724,
          "mp2_ss_correction": -0.12129858265807128,
          "num_basis_fns": 2940,
          "num_iters": 18,
          "schema_version": "0.2.0"
        }
      ]
    ],
    "num_iters": 18,
    "ri_fock_time": 30.529733455000002,
    "ri_tflops": 31.812039898779652,
    "scf_tflops": 28.620213915515677,
    "scf_time": 55.393478685,
    "schema_version": "0.2.0",
    "tflops": 37.56047497423611,
    "total_time": 77.955199,
    "transforms_time": 3.3045388069999992,
    "xc_tflops": 34.28792988114589,
    "xc_time": 11.589704201
  },
  "schema_version": "0.2.0"
}
