{
  "calculation_time": 82.214556437,
  "qmmbe": {
    "b_formation_time": 9.848921677,
    "b_tflops": 23.512619706185934,
    "diag_time": 2.7295276960000003,
    "expanded_elec_energy": -6139.692641308662,
    "expanded_hf_energy": -1684.8531934697235,
    "expanded_mp2_os_correction": -4.203751325227798,
    "expanded_mp2_ss_correction": -0.1330228965346464,
    "expanded_nuc_repulsion_energy": 4532.4269614306,
    "expanded_xc_energy": -77.58751359166165,
    "homo": -0.2278566955105483,
    "lumo": -0.010327799359981668,
    "method": "RestrictedKSDFT",
    "mp2_tflops": 68.60948688225551,
    "mp2_time": 23.82447,
    "n_atoms": 68,
    "nmers": [
      [
        {
          "fragments": [
            0
          ],
          "hf_energy": -1684.8531934697235,
          "mp2_os_correction": -4.203751325227798,
          "mp2_ss_correction": -0.1330228965346464,
          "num_basis_fns": 3228,
          "num_iters": 16,
          "schema_version": "0.2.0"
        }
      ]
    ],
    "num_iters": 16,
    "ri_fock_time": 35.641793465999996,
    "ri_tflops": 37.605561422014446,
    "scf_tflops": 32.33004274140109,
    "scf_time": 57.671660007,
    "schema_version": "0.2.0",
    "tflops": 41.21603542067815,
    "total_time": 82.206523,
    "transforms_time": 0.14567402800000004,
    "xc_tflops": 23.9310705501264,
    "xc_time": 7.274906484000001
  },
  "schema_version": "0.2.0"
}
