{
  "calculation_time": 84.737121636,
  "qmmbe": {
    "b_formation_time": 8.769741363,
    "b_tflops": 25.83946160961281,
    "diag_time": 2.932700303,
    "expanded_elec_energy": -6094.083416555283,
    "expanded_hf_energy": -1684.8501289370074,
    "expanded_mp2_os_correction": -4.203165528196,
    "expanded_mp2_ss_correction": -0.13280740385223855,
    "expanded_nuc_repulsion_energy": 4486.816976133246,
    "expanded_xc_energy": -77.58368851496968,
    "homo": -0.2202075552920556,
    "lumo": -0.021434049944364507,
    "method": "RestrictedKSDFT",
    "mp2_tflops": 64.70240029728191,
    "mp2_time": 25.26312,
    "n_atoms": 68,
    "nmers": [
      [
        {
          "fragments": [
            0
          ],
          "hf_energy": -1684.8501289370074,
          "mp2_os_correction": -4.203165528196,
          "mp2_ss_correction": -0.13280740385223855,
          "num_basis_fns": 3228,
          "num_iters": 17,
          "schema_version": "0.2.0"
        }
      ]
    ],
    "num_iters": 17,
    "ri_fock_time": 37.313647342,
    "ri_tflops": 36.863249269169124,
    "scf_tflops": 31.664508497670315,
    "scf_time": 58.762813592,
    "schema_version": "0.2.0",
    "tflops": 40.38032701413096,
    "total_time": 84.729356,
    "transforms_time": 0.153540697,
    "xc_tflops": 21.558946479871054,
    "xc_time": 8.190024027
  },
  "schema_version": "0.2.0"
}
