{
  "calculation_time": 60.970830441,
  "qmmbe": {
    "b_formation_time": 5.894940533,
    "b_tflops": 28.347300187930834,
    "diag_time": 2.2098551690000003,
    "expanded_elec_energy": -5347.778402989734,
    "expanded_hf_energy": -1531.8184063946153,
    "expanded_mp2_os_correction": -3.8169370878314712,
    "expanded_mp2_ss_correction": -0.12061800376099778,
    "expanded_nuc_repulsion_energy": 3886.515373995966,
    "expanded_xc_energy": -70.55537740084742,
    "homo": -0.22680549439391534,
    "lumo": -0.010337838806686506,
    "method": "RestrictedKSDFT",
    "mp2_tflops": 62.83189478135825,
    "mp2_time": 16.64141,
    "n_atoms": 62,
    "nmers": [
      [
        {
          "fragments": [
            0
          ],
          "hf_energy": -1531.8184063946153,
          "mp2_os_correction": -3.8169370878314712,
          "mp2_ss_correction": -0.12061800376099778,
          "num_basis_fns": 2940,
          "num_iters": 16,
          "schema_version": "0.2.0"
        }
      ]
    ],
    "num_iters": 16,
    "ri_fock_time": 27.310658218,
    "ri_tflops": 33.78625225514365,
    "scf_tflops": 28.934177194851127,
    "scf_time": 43.706104912,
    "schema_version": "0.2.0",
    "tflops": 37.52486981839374,
    "total_time": 60.964006,
    "transforms_time": 0.12232518000000003,
    "xc_tflops": 21.44479483349744,
    "xc_time": 6.834809199
  },
  "schema_version": "0.2.0"
}
