{
  "calculation_time": 106.551366502,
  "qmmbe": {
    "b_formation_time": 11.908841891,
    "b_tflops": 22.54392702919394,
    "diag_time": 2.9428939769999993,
    "expanded_elec_energy": -6522.230870845147,
    "expanded_hf_energy": -1684.8372398354377,
    "expanded_mp2_os_correction": -4.216805311521335,
    "expanded_mp2_ss_correction": -0.13403777146400067,
    "expanded_nuc_repulsion_energy": 4914.990522530014,
    "expanded_xc_energy": -77.5968915203039,
    "homo": -0.21995261101106528,
    "lumo": -0.018000479432878976,
    "method": "RestrictedKSDFT",
    "mp2_tflops": 63.01493557933928,
    "mp2_time": 33.283946,
    "n_atoms": 68,
    "nmers": [
      [
        {
          "fragments": [
            0
          ],
          "hf_energy": -1684.8372398354377,
          "mp2_os_correction": -4.216805311521335,
          "mp2_ss_correction": -0.13403777146400067,
          "num_basis_fns": 3228,
          "num_iters": 17,
          "schema_version": "0.2.0"
        }
      ]
    ],
    "num_iters": 17,
    "ri_fock_time": 39.426805614,
    "ri_tflops": 34.88750312606586,
    "scf_tflops": 31.59794543273237,
    "scf_time": 72.422367156,
    "schema_version": "0.2.0",
    "tflops": 39.90344208854558,
    "total_time": 106.543755,
    "transforms_time": 3.6511455229999994,
    "xc_tflops": 38.0852302580696,
    "xc_time": 13.192033683
  },
  "schema_version": "0.2.0"
}
