{
  "calculation_time": 74.139053862,
  "qmmbe": {
    "b_formation_time": 6.892570663,
    "b_tflops": 25.93057570391368,
    "diag_time": 2.183345943,
    "expanded_elec_energy": -5503.834467198219,
    "expanded_hf_energy": -1531.7715433593812,
    "expanded_mp2_os_correction": -3.831531940084376,
    "expanded_mp2_ss_correction": -0.12112143034874337,
    "expanded_nuc_repulsion_energy": 4042.523891945927,
    "expanded_xc_energy": -70.46096810708977,
    "homo": -0.22210937552633994,
    "lumo": -0.01972049867843024,
    "method": "RestrictedKSDFT",
    "mp2_tflops": 62.51683883082214,
    "mp2_time": 22.02128,
    "n_atoms": 62,
    "nmers": [
      [
        {
          "fragments": [
            0
          ],
          "hf_energy": -1531.7715433593812,
          "mp2_os_correction": -3.831531940084376,
          "mp2_ss_correction": -0.12112143034874337,
          "num_basis_fns": 2940,
          "num_iters": 16,
          "schema_version": "0.2.0"
        }
      ]
    ],
    "num_iters": 16,
    "ri_fock_time": 27.840507103,
    "ri_tflops": 33.143248919367934,
    "scf_tflops": 29.44108149387125,
    "scf_time": 51.430599642,
    "schema_version": "0.2.0",
    "tflops": 38.37336913921143,
    "total_time": 74.131977,
    "transforms_time": 3.2425457050000013,
    "xc_tflops": 36.42843471953008,
    "xc_time": 9.910840442999998
  },
  "schema_version": "0.2.0"
}
