{
  "calculation_time": 58.480050089,
  "qmmbe": {
    "b_formation_time": 5.303405379,
    "b_tflops": 26.12987098490402,
    "diag_time": 1.962375363,
    "expanded_elec_energy": -4991.9247708719295,
    "expanded_hf_energy": -1454.7143695820318,
    "expanded_mp2_os_correction": -3.6161705848782857,
    "expanded_mp2_ss_correction": -0.11468450176769869,
    "expanded_nuc_repulsion_energy": 3604.138643386244,
    "expanded_xc_energy": -66.92824209634637,
    "method": "RestrictedKSDFT",
    "mp2_tflops": 61.522770421518125,
    "mp2_time": 17.180249,
    "n_atoms": 58,
    "nmers": [
      [
        {
          "fragments": [
            0
          ],
          "hf_energy": -1454.7143695820318,
          "mp2_os_correction": -3.6161705848782857,
          "mp2_ss_correction": -0.11468450176769869,
          "num_basis_fns": 2766,
          "num_iters": 16,
          "schema_version": "0.2.0"
        }
      ]
    ],
    "num_iters": 16,
    "ri_fock_time": 20.682287130999995,
    "ri_tflops": 35.14185364536839,
    "scf_tflops": 30.255833085636965,
    "scf_time": 40.701689673,
    "schema_version": "0.2.0",
    "tflops": 38.423545974231864,
    "total_time": 58.473202,
    "transforms_time": 2.743210541,
    "xc_tflops": 35.69905032633123,
    "xc_time": 8.958789225999999
  },
  "schema_version": "0.2.0"
}
