{
  "calculation_time": 88.625786518,
  "qmmbe": {
    "b_formation_time": 10.218714431,
    "b_tflops": 23.361872529698836,
    "diag_time": 3.076259066,
    "expanded_elec_energy": -6233.6990479277165,
    "expanded_hf_energy": -1684.8231558520297,
    "expanded_mp2_os_correction": -4.209601487044345,
    "expanded_mp2_ss_correction": -0.13345275617107757,
    "expanded_nuc_repulsion_energy": 4626.465845671696,
    "expanded_xc_energy": -77.58995359600928,
    "homo": -0.20689810358782285,
    "lumo": -0.037364946599184705,
    "method": "RestrictedKSDFT",
    "mp2_tflops": 66.68238797420452,
    "mp2_time": 24.383794,
    "n_atoms": 68,
    "nmers": [
      [
        {
          "fragments": [
            0
          ],
          "hf_energy": -1684.8231558520297,
          "mp2_os_correction": -4.209601487044345,
          "mp2_ss_correction": -0.13345275617107757,
          "num_basis_fns": 3228,
          "num_iters": 18,
          "schema_version": "0.2.0"
        }
      ]
    ],
    "num_iters": 18,
    "ri_fock_time": 39.58405898400001,
    "ri_tflops": 35.6374529063233,
    "scf_tflops": 30.749234594433656,
    "scf_time": 63.516383596,
    "schema_version": "0.2.0",
    "tflops": 39.268280237564866,
    "total_time": 88.618245,
    "transforms_time": 0.16206185900000003,
    "xc_tflops": 22.36649635094741,
    "xc_time": 8.757708255999999
  },
  "schema_version": "0.2.0"
}
