{
  "calculation_time": 71.596445603,
  "qmmbe": {
    "b_formation_time": 6.470099547,
    "b_tflops": 26.56059033856469,
    "diag_time": 2.2263093539999996,
    "expanded_elec_energy": -5519.843336433912,
    "expanded_hf_energy": -1530.6411844240638,
    "expanded_mp2_os_correction": -3.8078704568257904,
    "expanded_mp2_ss_correction": -0.121591446144923,
    "expanded_nuc_repulsion_energy": 4059.5358031615237,
    "expanded_xc_energy": -70.33365115167592,
    "method": "RestrictedKSDFT",
    "mp2_tflops": 61.715984625335615,
    "mp2_time": 20.703588,
    "n_atoms": 60,
    "nmers": [
      [
        {
          "fragments": [
            0
          ],
          "hf_energy": -1530.6411844240638,
          "mp2_os_correction": -3.8078704568257904,
          "mp2_ss_correction": -0.121591446144923,
          "num_basis_fns": 2880,
          "num_iters": 17,
          "schema_version": "0.2.0"
        }
      ]
    ],
    "num_iters": 17,
    "ri_fock_time": 26.604518999999996,
    "ri_tflops": 33.10068284215926,
    "scf_tflops": 29.456349333976803,
    "scf_time": 50.197012504999996,
    "schema_version": "0.2.0",
    "tflops": 37.95851696049947,
    "total_time": 71.589445,
    "transforms_time": 3.2760550779999997,
    "xc_tflops": 35.513616005165595,
    "xc_time": 10.748502018999998
  },
  "schema_version": "0.2.0"
}
