{
  "calculation_time": 90.36180662700001,
  "qmmbe": {
    "b_formation_time": 11.389277595,
    "b_tflops": 23.514785998020976,
    "diag_time": 2.9343442840000002,
    "expanded_elec_energy": -6517.276175126535,
    "expanded_hf_energy": -1684.820283249925,
    "expanded_mp2_os_correction": -4.2188900185497324,
    "expanded_mp2_ss_correction": -0.13415434497462947,
    "expanded_nuc_repulsion_energy": 4910.052951248178,
    "expanded_xc_energy": -77.5970593715679,
    "homo": -0.2134530139056906,
    "lumo": -0.02816352408430588,
    "method": "RestrictedKSDFT",
    "mp2_tflops": 64.42394080062064,
    "mp2_time": 25.078136,
    "n_atoms": 68,
    "nmers": [
      [
        {
          "fragments": [
            0
          ],
          "hf_energy": -1684.820283249925,
          "mp2_os_correction": -4.2188900185497324,
          "mp2_ss_correction": -0.13415434497462947,
          "num_basis_fns": 3228,
          "num_iters": 17,
          "schema_version": "0.2.0"
        }
      ]
    ],
    "num_iters": 17,
    "ri_fock_time": 39.613233874,
    "ri_tflops": 34.72331515483825,
    "scf_tflops": 30.51037933318509,
    "scf_time": 64.490559427,
    "schema_version": "0.2.0",
    "tflops": 38.491913314072825,
    "total_time": 90.353838,
    "transforms_time": 0.15400673299999995,
    "xc_tflops": 23.69685094896975,
    "xc_time": 8.893469839
  },
  "schema_version": "0.2.0"
}
