{
  "calculation_time": 73.30564768,
  "qmmbe": {
    "b_formation_time": 6.149189109,
    "b_tflops": 26.463625459060832,
    "diag_time": 2.335232843,
    "expanded_elec_energy": -5293.507667243994,
    "expanded_hf_energy": -1531.7966954914318,
    "expanded_mp2_os_correction": -3.822417332728814,
    "expanded_mp2_ss_correction": -0.12030082883868562,
    "expanded_nuc_repulsion_energy": 3832.1689578107216,
    "expanded_xc_energy": -70.4579860581597,
    "homo": -0.21409402435910152,
    "lumo": -0.0306456664532827,
    "method": "RestrictedKSDFT",
    "mp2_tflops": 62.88644216203831,
    "mp2_time": 21.891855,
    "n_atoms": 62,
    "nmers": [
      [
        {
          "fragments": [
            0
          ],
          "hf_energy": -1531.7966954914318,
          "mp2_os_correction": -3.822417332728814,
          "mp2_ss_correction": -0.12030082883868562,
          "num_basis_fns": 2940,
          "num_iters": 17,
          "schema_version": "0.2.0"
        }
      ]
    ],
    "num_iters": 17,
    "ri_fock_time": 28.228634742,
    "ri_tflops": 33.54639511615896,
    "scf_tflops": 29.469457981977456,
    "scf_time": 50.753828063,
    "schema_version": "0.2.0",
    "tflops": 38.66417611814785,
    "total_time": 73.298301,
    "transforms_time": 2.967996833,
    "xc_tflops": 35.44733805270934,
    "xc_time": 9.642814842
  },
  "schema_version": "0.2.0"
}
