{
  "calculation_time": 85.501191078,
  "qmmbe": {
    "b_formation_time": 6.714397612,
    "b_tflops": 27.535845983810944,
    "diag_time": 2.563190704,
    "expanded_elec_energy": -5631.70095724382,
    "expanded_hf_energy": -1607.7622574970821,
    "expanded_mp2_os_correction": -4.000192123981162,
    "expanded_mp2_ss_correction": -0.12679429874313086,
    "expanded_nuc_repulsion_energy": 4097.89476212758,
    "expanded_xc_energy": -73.95606238084225,
    "homo": -0.21019300477510022,
    "lumo": -0.03135903414687081,
    "method": "RestrictedKSDFT",
    "mp2_tflops": 37.04067547709642,
    "mp2_time": 34.454497,
    "n_atoms": 64,
    "nmers": [
      [
        {
          "fragments": [
            0
          ],
          "hf_energy": -1607.7622574970821,
          "mp2_os_correction": -4.000192123981162,
          "mp2_ss_correction": -0.12679429874313086,
          "num_basis_fns": 3054,
          "num_iters": 17,
          "schema_version": "0.2.0"
        }
      ]
    ],
    "num_iters": 17,
    "ri_fock_time": 32.054035591,
    "ri_tflops": 34.5541880901435,
    "scf_tflops": 29.64602990251879,
    "scf_time": 50.418017765,
    "schema_version": "0.2.0",
    "tflops": 32.00100845926346,
    "total_time": 85.494004,
    "transforms_time": 0.140929398,
    "xc_tflops": 20.986672221814988,
    "xc_time": 7.638283126999999
  },
  "schema_version": "0.2.0"
}
