{
  "calculation_time": 101.153477255,
  "qmmbe": {
    "b_formation_time": 10.338664564,
    "b_tflops": 22.544614707158807,
    "diag_time": 2.929630535,
    "expanded_elec_energy": -6186.68975786305,
    "expanded_hf_energy": -1684.8349943543637,
    "expanded_mp2_os_correction": -4.205790711261654,
    "expanded_mp2_ss_correction": -0.13310520004877704,
    "expanded_nuc_repulsion_energy": 4579.4411418595255,
    "expanded_xc_energy": -77.58637835083965,
    "homo": -0.21772507693437188,
    "lumo": -0.020417791597008187,
    "method": "RestrictedKSDFT",
    "mp2_tflops": 64.52663793912293,
    "mp2_time": 32.668846,
    "n_atoms": 68,
    "nmers": [
      [
        {
          "fragments": [
            0
          ],
          "hf_energy": -1684.8349943543637,
          "mp2_os_correction": -4.205790711261654,
          "mp2_ss_correction": -0.13310520004877704,
          "num_basis_fns": 3228,
          "num_iters": 17,
          "schema_version": "0.2.0"
        }
      ]
    ],
    "num_iters": 17,
    "ri_fock_time": 37.785875172,
    "ri_tflops": 36.40255413454495,
    "scf_tflops": 31.761340258342052,
    "scf_time": 67.719639323,
    "schema_version": "0.2.0",
    "tflops": 40.917680492047154,
    "total_time": 101.14606,
    "transforms_time": 3.7467400509999997,
    "xc_tflops": 36.05101281988406,
    "xc_time": 11.499770307
  },
  "schema_version": "0.2.0"
}
