{
  "calculation_time": 78.471677648,
  "qmmbe": {
    "b_formation_time": 7.615399423,
    "b_tflops": 27.733367321697212,
    "diag_time": 2.553736778,
    "expanded_elec_energy": -5957.315760978954,
    "expanded_hf_energy": -1607.7323653321514,
    "expanded_mp2_os_correction": -4.011687572266994,
    "expanded_mp2_ss_correction": -0.12780432653524687,
    "expanded_nuc_repulsion_energy": 4423.548745775432,
    "expanded_xc_energy": -73.96535012862884,
    "homo": -0.21221498131810096,
    "lumo": -0.028308744961769553,
    "method": "RestrictedKSDFT",
    "mp2_tflops": 51.5456403433828,
    "mp2_time": 24.603097,
    "n_atoms": 64,
    "nmers": [
      [
        {
          "fragments": [
            0
          ],
          "hf_energy": -1607.7323653321514,
          "mp2_os_correction": -4.011687572266994,
          "mp2_ss_correction": -0.12780432653524687,
          "num_basis_fns": 3054,
          "num_iters": 17,
          "schema_version": "0.2.0"
        }
      ]
    ],
    "num_iters": 17,
    "ri_fock_time": 33.410144435,
    "ri_tflops": 33.15164784453157,
    "scf_tflops": 28.933454105435708,
    "scf_time": 53.159575681,
    "schema_version": "0.2.0",
    "tflops": 35.36272747813227,
    "total_time": 78.46444,
    "transforms_time": 0.14026008699999998,
    "xc_tflops": 22.374357888585994,
    "xc_time": 8.087184811999999
  },
  "schema_version": "0.2.0"
}
