{
  "calculation_time": 100.531337581,
  "qmmbe": {
    "b_formation_time": 10.267658974,
    "b_tflops": 22.71396008503856,
    "diag_time": 2.9520418630000003,
    "expanded_elec_energy": -6182.194310397012,
    "expanded_hf_energy": -1684.8598749342773,
    "expanded_mp2_os_correction": -4.201011628295419,
    "expanded_mp2_ss_correction": -0.1330659618253857,
    "expanded_nuc_repulsion_energy": 4574.92691406498,
    "expanded_xc_energy": -77.59247860224608,
    "method": "RestrictedKSDFT",
    "mp2_tflops": 64.57326198936667,
    "mp2_time": 32.645257,
    "n_atoms": 68,
    "nmers": [
      [
        {
          "fragments": [
            0
          ],
          "hf_energy": -1684.8598749342773,
          "mp2_os_correction": -4.201011628295419,
          "mp2_ss_correction": -0.1330659618253857,
          "num_basis_fns": 3228,
          "num_iters": 17,
          "schema_version": "0.2.0"
        }
      ]
    ],
    "num_iters": 17,
    "ri_fock_time": 37.54204492,
    "ri_tflops": 36.63898355566423,
    "scf_tflops": 32.14599596248847,
    "scf_time": 67.110469512,
    "schema_version": "0.2.0",
    "tflops": 41.23248776626578,
    "total_time": 100.523607,
    "transforms_time": 3.2840552649999992,
    "xc_tflops": 35.70736482414602,
    "xc_time": 11.767979435999997
  },
  "schema_version": "0.2.0"
}
