{
  "calculation_time": 94.879960897,
  "qmmbe": {
    "b_formation_time": 8.567459556,
    "b_tflops": 25.690915661971058,
    "diag_time": 2.7588229160000006,
    "expanded_elec_energy": -5994.8920343774425,
    "expanded_hf_energy": -1684.8726143072572,
    "expanded_mp2_os_correction": -4.19780151271175,
    "expanded_mp2_ss_correction": -0.13260726757006921,
    "expanded_nuc_repulsion_energy": 4387.604248361905,
    "expanded_xc_energy": -77.58482829171965,
    "homo": -0.2285322768107255,
    "lumo": -0.013907705393277806,
    "method": "RestrictedKSDFT",
    "mp2_tflops": 65.43980676948455,
    "mp2_time": 32.357776,
    "n_atoms": 68,
    "nmers": [
      [
        {
          "fragments": [
            0
          ],
          "hf_energy": -1684.8726143072572,
          "mp2_os_correction": -4.19780151271175,
          "mp2_ss_correction": -0.13260726757006921,
          "num_basis_fns": 3228,
          "num_iters": 16,
          "schema_version": "0.2.0"
        }
      ]
    ],
    "num_iters": 16,
    "ri_fock_time": 35.084906477,
    "ri_tflops": 38.20245466680188,
    "scf_tflops": 32.53150442273743,
    "scf_time": 61.817821117,
    "schema_version": "0.2.0",
    "tflops": 42.62979697303129,
    "total_time": 94.872204,
    "transforms_time": 3.4337302859999994,
    "xc_tflops": 35.88650706573936,
    "xc_time": 10.008575875
  },
  "schema_version": "0.2.0"
}
