{
  "calculation_time": 51.118154142,
  "qmmbe": {
    "b_formation_time": 4.535651627,
    "b_tflops": 25.886674110349173,
    "diag_time": 1.773158237,
    "expanded_elec_energy": -4601.280799162092,
    "expanded_hf_energy": -1378.7397484106407,
    "expanded_mp2_os_correction": -3.4410660984614374,
    "expanded_mp2_ss_correction": -0.10830068264612205,
    "expanded_nuc_repulsion_energy": 3285.9784181034306,
    "expanded_xc_energy": -63.43736735197926,
    "homo": -0.22860133565414995,
    "lumo": -0.013228360791171635,
    "method": "RestrictedKSDFT",
    "mp2_tflops": 61.601314994743305,
    "mp2_time": 14.011854,
    "n_atoms": 56,
    "nmers": [
      [
        {
          "fragments": [
            0
          ],
          "hf_energy": -1378.7397484106407,
          "mp2_os_correction": -3.4410660984614374,
          "mp2_ss_correction": -0.10830068264612205,
          "num_basis_fns": 2652,
          "num_iters": 16,
          "schema_version": "0.2.0"
        }
      ]
    ],
    "num_iters": 16,
    "ri_fock_time": 18.26490043,
    "ri_tflops": 33.46729887521385,
    "scf_tflops": 28.64541042137142,
    "scf_time": 36.569776748,
    "schema_version": "0.2.0",
    "tflops": 36.788022444782236,
    "total_time": 51.111422,
    "transforms_time": 2.735887201,
    "xc_tflops": 33.85041374858458,
    "xc_time": 8.413081372999999
  },
  "schema_version": "0.2.0"
}
