{
  "calculation_time": 54.610060395,
  "qmmbe": {
    "b_formation_time": 4.869912726,
    "b_tflops": 26.340253545049674,
    "diag_time": 1.8768682819999998,
    "expanded_elec_energy": -4776.749297664241,
    "expanded_hf_energy": -1378.7149768721908,
    "expanded_mp2_os_correction": -3.444513961337751,
    "expanded_mp2_ss_correction": -0.10886290790198942,
    "expanded_nuc_repulsion_energy": 3461.5546673054187,
    "expanded_xc_energy": -63.52034651336875,
    "method": "RestrictedKSDFT",
    "mp2_tflops": 61.1103340000439,
    "mp2_time": 14.124428,
    "n_atoms": 56,
    "nmers": [
      [
        {
          "fragments": [
            0
          ],
          "hf_energy": -1378.7149768721908,
          "mp2_os_correction": -3.444513961337751,
          "mp2_ss_correction": -0.10886290790198942,
          "num_basis_fns": 2652,
          "num_iters": 17,
          "schema_version": "0.2.0"
        }
      ]
    ],
    "num_iters": 17,
    "ri_fock_time": 19.613767088,
    "ri_tflops": 31.985843495227297,
    "scf_tflops": 28.291859980104842,
    "scf_time": 39.884916434,
    "schema_version": "0.2.0",
    "tflops": 35.95987825822189,
    "total_time": 54.603843,
    "transforms_time": 2.9335173860000006,
    "xc_tflops": 36.25940829474221,
    "xc_time": 9.395504143
  },
  "schema_version": "0.2.0"
}
