{
  "calculation_time": 131.658994218,
  "qmmbe": {
    "b_formation_time": 14.065863447,
    "b_tflops": 17.178948237632213,
    "diag_time": 3.008913742,
    "expanded_elec_energy": -6245.2096003638835,
    "expanded_hf_energy": -1684.8387134433083,
    "expanded_mp2_os_correction": -4.21002669540116,
    "expanded_mp2_ss_correction": -0.13348944516233185,
    "expanded_nuc_repulsion_energy": 4637.961616041491,
    "expanded_xc_energy": -77.59072912091554,
    "homo": -0.22087096499643058,
    "lumo": -0.021253529043573926,
    "method": "RestrictedKSDFT",
    "mp2_tflops": 63.269350162577545,
    "mp2_time": 33.318035,
    "n_atoms": 68,
    "nmers": [
      [
        {
          "fragments": [
            0
          ],
          "hf_energy": -1684.8387134433083,
          "mp2_os_correction": -4.21002669540116,
          "mp2_ss_correction": -0.13348944516233185,
          "num_basis_fns": 3228,
          "num_iters": 17,
          "schema_version": "0.2.0"
        }
      ]
    ],
    "num_iters": 17,
    "ri_fock_time": 38.293336494999984,
    "ri_tflops": 35.92015153888096,
    "scf_tflops": 30.219522110015234,
    "scf_time": 75.011208429,
    "schema_version": "0.2.0",
    "tflops": 31.6448319567796,
    "total_time": 131.650035,
    "transforms_time": 3.090487212,
    "xc_tflops": 35.68583074802472,
    "xc_time": 12.125483152999998
  },
  "schema_version": "0.2.0"
}
