{
  "calculation_time": 107.360748497,
  "qmmbe": {
    "b_formation_time": 10.172919242,
    "b_tflops": 23.161852523850005,
    "diag_time": 2.9407673480000005,
    "expanded_elec_energy": -6208.495029517517,
    "expanded_hf_energy": -1684.843261775606,
    "expanded_mp2_os_correction": -4.205097147445529,
    "expanded_mp2_ss_correction": -0.1331477908342382,
    "expanded_nuc_repulsion_energy": 4601.241040465425,
    "expanded_xc_energy": -77.58927272351394,
    "homo": -0.21549502035391804,
    "lumo": -0.02310719229722738,
    "method": "RestrictedKSDFT",
    "mp2_tflops": 35.65076442772694,
    "mp2_time": 45.608286,
    "n_atoms": 68,
    "nmers": [
      [
        {
          "fragments": [
            0
          ],
          "hf_energy": -1684.843261775606,
          "mp2_os_correction": -4.205097147445529,
          "mp2_ss_correction": -0.1331477908342382,
          "num_basis_fns": 3228,
          "num_iters": 17,
          "schema_version": "0.2.0"
        }
      ]
    ],
    "num_iters": 17,
    "ri_fock_time": 37.865592588999995,
    "ri_tflops": 36.325916813182886,
    "scf_tflops": 31.294518087809312,
    "scf_time": 61.029559749,
    "schema_version": "0.2.0",
    "tflops": 31.94209908178882,
    "total_time": 107.353008,
    "transforms_time": 0.15371259600000003,
    "xc_tflops": 22.339312001737817,
    "xc_time": 8.237093559000002
  },
  "schema_version": "0.2.0"
}
