{
  "calculation_time": 72.695333424,
  "qmmbe": {
    "b_formation_time": 6.441541556,
    "b_tflops": 26.077631970781624,
    "diag_time": 2.1917531230000002,
    "expanded_elec_energy": -5345.7329928712425,
    "expanded_hf_energy": -1531.7645757962646,
    "expanded_mp2_os_correction": -3.8296620095896414,
    "expanded_mp2_ss_correction": -0.12072885453441856,
    "expanded_nuc_repulsion_energy": 3884.4240818368953,
    "expanded_xc_energy": -70.4556647619174,
    "homo": -0.21244736668389863,
    "lumo": -0.03205297192863588,
    "method": "RestrictedKSDFT",
    "mp2_tflops": 62.6832100527919,
    "mp2_time": 21.962834,
    "n_atoms": 62,
    "nmers": [
      [
        {
          "fragments": [
            0
          ],
          "hf_energy": -1531.7645757962646,
          "mp2_os_correction": -3.8296620095896414,
          "mp2_ss_correction": -0.12072885453441856,
          "num_basis_fns": 2940,
          "num_iters": 16,
          "schema_version": "0.2.0"
        }
      ]
    ],
    "num_iters": 16,
    "ri_fock_time": 27.542994706,
    "ri_tflops": 33.501251322041334,
    "scf_tflops": 29.46437340768823,
    "scf_time": 50.104123711,
    "schema_version": "0.2.0",
    "tflops": 38.65308249557057,
    "total_time": 72.688373,
    "transforms_time": 3.0567017519999995,
    "xc_tflops": 34.743931824170225,
    "xc_time": 9.690972799999999
  },
  "schema_version": "0.2.0"
}
