{
  "calculation_time": 83.207420366,
  "qmmbe": {
    "b_formation_time": 7.576615799,
    "b_tflops": 26.30523525524803,
    "diag_time": 2.386854303,
    "expanded_elec_energy": -5825.83404172343,
    "expanded_hf_energy": -1607.7608757924572,
    "expanded_mp2_os_correction": -4.0017475338502235,
    "expanded_mp2_ss_correction": -0.1271014483367335,
    "expanded_nuc_repulsion_energy": 4292.035562484527,
    "expanded_xc_energy": -73.96239655355393,
    "method": "RestrictedKSDFT",
    "mp2_tflops": 62.88380043922933,
    "mp2_time": 26.341446,
    "n_atoms": 64,
    "nmers": [
      [
        {
          "fragments": [
            0
          ],
          "hf_energy": -1607.7608757924572,
          "mp2_os_correction": -4.0017475338502235,
          "mp2_ss_correction": -0.1271014483367335,
          "num_basis_fns": 3054,
          "num_iters": 16,
          "schema_version": "0.2.0"
        }
      ]
    ],
    "num_iters": 16,
    "ri_fock_time": 31.221771946000004,
    "ri_tflops": 34.56397067280071,
    "scf_tflops": 30.42365906652858,
    "scf_time": 56.153713751,
    "schema_version": "0.2.0",
    "tflops": 39.79720588103696,
    "total_time": 83.199999,
    "transforms_time": 3.4505095439999995,
    "xc_tflops": 35.433674975678656,
    "xc_time": 10.441273347999998
  },
  "schema_version": "0.2.0"
}
