{
  "calculation_time": 64.040914248,
  "qmmbe": {
    "b_formation_time": 5.850442939,
    "b_tflops": 28.03395173758689,
    "diag_time": 2.3487603060000004,
    "expanded_elec_energy": -5319.641360922174,
    "expanded_hf_energy": -1531.7998303192458,
    "expanded_mp2_os_correction": -3.8188486230530203,
    "expanded_mp2_ss_correction": -0.12045496990718821,
    "expanded_nuc_repulsion_energy": 3858.391023668808,
    "expanded_xc_energy": -70.5494930658802,
    "homo": -0.2098024818887264,
    "lumo": -0.03182035506322067,
    "method": "RestrictedKSDFT",
    "mp2_tflops": 58.786033553269654,
    "mp2_time": 17.906641,
    "n_atoms": 62,
    "nmers": [
      [
        {
          "fragments": [
            0
          ],
          "hf_energy": -1531.7998303192458,
          "mp2_os_correction": -3.8188486230530203,
          "mp2_ss_correction": -0.12045496990718821,
          "num_basis_fns": 2940,
          "num_iters": 17,
          "schema_version": "0.2.0"
        }
      ]
    ],
    "num_iters": 17,
    "ri_fock_time": 28.449139527000003,
    "ri_tflops": 33.2863823085451,
    "scf_tflops": 28.247643643035044,
    "scf_time": 45.52888521,
    "schema_version": "0.2.0",
    "tflops": 36.19512619289391,
    "total_time": 64.033667,
    "transforms_time": 0.132217761,
    "xc_tflops": 20.528472406432915,
    "xc_time": 7.252343612
  },
  "schema_version": "0.2.0"
}
