{
  "calculation_time": 58.447433357,
  "qmmbe": {
    "b_formation_time": 6.152640851,
    "b_tflops": 26.775677573512894,
    "diag_time": 2.230028329,
    "expanded_elec_energy": -5430.069800794474,
    "expanded_hf_energy": -1530.661356030001,
    "expanded_mp2_os_correction": -3.799736659499437,
    "expanded_mp2_ss_correction": -0.12113459023465876,
    "expanded_nuc_repulsion_energy": 3969.742977098125,
    "expanded_xc_energy": -70.3345323336518,
    "homo": -0.22610635263507758,
    "lumo": -0.013204300432780059,
    "method": "RestrictedKSDFT",
    "mp2_tflops": 65.8798377278671,
    "mp2_time": 14.858488,
    "n_atoms": 60,
    "nmers": [
      [
        {
          "fragments": [
            0
          ],
          "hf_energy": -1530.661356030001,
          "mp2_os_correction": -3.799736659499437,
          "mp2_ss_correction": -0.12113459023465876,
          "num_basis_fns": 2880,
          "num_iters": 17,
          "schema_version": "0.2.0"
        }
      ]
    ],
    "num_iters": 17,
    "ri_fock_time": 25.973972996000004,
    "ri_tflops": 33.90423480334013,
    "scf_tflops": 28.79010350682766,
    "scf_time": 42.959099174,
    "schema_version": "0.2.0",
    "tflops": 37.38094319826507,
    "total_time": 58.440026,
    "transforms_time": 0.12499134499999998,
    "xc_tflops": 21.64933088225539,
    "xc_time": 7.143696268000001
  },
  "schema_version": "0.2.0"
}
