{
  "calculation_time": 41.801230767,
  "qmmbe": {
    "b_formation_time": 3.661663605,
    "b_tflops": 25.5309851861512,
    "diag_time": 1.516575167,
    "expanded_elec_energy": -4225.267424793465,
    "expanded_hf_energy": -1301.6419461901269,
    "expanded_mp2_os_correction": -3.2363352171931994,
    "expanded_mp2_ss_correction": -0.10234871905810622,
    "expanded_nuc_repulsion_energy": 2983.514256013359,
    "expanded_xc_energy": -59.88877741002131,
    "method": "RestrictedKSDFT",
    "mp2_tflops": 60.60680162072158,
    "mp2_time": 10.634331,
    "n_atoms": 52,
    "nmers": [
      [
        {
          "fragments": [
            0
          ],
          "hf_energy": -1301.6419461901269,
          "mp2_os_correction": -3.2363352171931994,
          "mp2_ss_correction": -0.10234871905810622,
          "num_basis_fns": 2478,
          "num_iters": 16,
          "schema_version": "0.2.0"
        }
      ]
    ],
    "num_iters": 16,
    "ri_fock_time": 14.27225942,
    "ri_tflops": 32.84250201518941,
    "scf_tflops": 28.26899714879542,
    "scf_time": 30.691592457,
    "schema_version": "0.2.0",
    "tflops": 35.5612478024313,
    "total_time": 41.795441,
    "transforms_time": 2.5108016349999995,
    "xc_tflops": 34.50828581588558,
    "xc_time": 8.006154645
  },
  "schema_version": "0.2.0"
}
