{
  "calculation_time": 62.470314449,
  "qmmbe": {
    "b_formation_time": 5.267470539,
    "b_tflops": 26.226550484700493,
    "diag_time": 2.186103905,
    "expanded_elec_energy": -4981.066221141084,
    "expanded_hf_energy": -1454.6868868709867,
    "expanded_mp2_os_correction": -3.6248476635638927,
    "expanded_mp2_ss_correction": -0.11473627625773984,
    "expanded_nuc_repulsion_energy": 3593.2190374404067,
    "expanded_xc_energy": -66.83970317030978,
    "homo": -0.20787170768381605,
    "lumo": -0.03534950936378719,
    "method": "RestrictedKSDFT",
    "mp2_tflops": 61.708064240624054,
    "mp2_time": 17.128663,
    "n_atoms": 58,
    "nmers": [
      [
        {
          "fragments": [
            0
          ],
          "hf_energy": -1454.6868868709867,
          "mp2_os_correction": -3.6248476635638927,
          "mp2_ss_correction": -0.11473627625773984,
          "num_basis_fns": 2766,
          "num_iters": 18,
          "schema_version": "0.2.0"
        }
      ]
    ],
    "num_iters": 18,
    "ri_fock_time": 22.620775766,
    "ri_tflops": 33.8275431630857,
    "scf_tflops": 28.86325852531616,
    "scf_time": 44.744777513,
    "schema_version": "0.2.0",
    "tflops": 37.04270676528698,
    "total_time": 62.464013,
    "transforms_time": 3.426584795,
    "xc_tflops": 34.338617766392986,
    "xc_time": 10.144448961999998
  },
  "schema_version": "0.2.0"
}
