{
  "calculation_time": 71.797524961,
  "qmmbe": {
    "b_formation_time": 6.13270801,
    "b_tflops": 26.886021499468715,
    "diag_time": 2.191301647,
    "expanded_elec_energy": -5327.5242511913775,
    "expanded_hf_energy": -1531.816039650273,
    "expanded_mp2_os_correction": -3.8164291198390594,
    "expanded_mp2_ss_correction": -0.12050695671087332,
    "expanded_nuc_repulsion_energy": 3866.262377101213,
    "expanded_xc_energy": -70.55416556010874,
    "method": "RestrictedKSDFT",
    "mp2_tflops": 63.2411198813216,
    "mp2_time": 21.769078,
    "n_atoms": 62,
    "nmers": [
      [
        {
          "fragments": [
            0
          ],
          "hf_energy": -1531.816039650273,
          "mp2_os_correction": -3.8164291198390594,
          "mp2_ss_correction": -0.12050695671087332,
          "num_basis_fns": 2940,
          "num_iters": 16,
          "schema_version": "0.2.0"
        }
      ]
    ],
    "num_iters": 16,
    "ri_fock_time": 27.573470822999997,
    "ri_tflops": 33.46422340990467,
    "scf_tflops": 29.472466118743093,
    "scf_time": 49.369920504,
    "schema_version": "0.2.0",
    "tflops": 38.94896538726748,
    "total_time": 71.790522,
    "transforms_time": 2.9085869090000007,
    "xc_tflops": 33.76373518468959,
    "xc_time": 9.661287967
  },
  "schema_version": "0.2.0"
}
