{
  "calculation_time": 56.013232004,
  "qmmbe": {
    "b_formation_time": 5.205282792,
    "b_tflops": 26.50373068751036,
    "diag_time": 1.8122140910000004,
    "expanded_elec_energy": -4965.058101353433,
    "expanded_hf_energy": -1454.6952345259683,
    "expanded_mp2_os_correction": -3.6217870402081322,
    "expanded_mp2_ss_correction": -0.11460729010636947,
    "expanded_nuc_repulsion_energy": 3577.207554851468,
    "expanded_xc_energy": -66.84468802400362,
    "homo": -0.21477692450577018,
    "lumo": -0.026467183077275094,
    "method": "RestrictedKSDFT",
    "mp2_tflops": 61.44002075383426,
    "mp2_time": 17.20339,
    "n_atoms": 58,
    "nmers": [
      [
        {
          "fragments": [
            0
          ],
          "hf_energy": -1454.6952345259683,
          "mp2_os_correction": -3.6217870402081322,
          "mp2_ss_correction": -0.11460729010636947,
          "num_basis_fns": 2766,
          "num_iters": 15,
          "schema_version": "0.2.0"
        }
      ]
    ],
    "num_iters": 15,
    "ri_fock_time": 18.738025193,
    "ri_tflops": 37.76375682718979,
    "scf_tflops": 31.7634157173751,
    "scf_time": 38.240071625,
    "schema_version": "0.2.0",
    "tflops": 39.69060428529554,
    "total_time": 56.006437,
    "transforms_time": 2.7074201120000008,
    "xc_tflops": 37.00356404927755,
    "xc_time": 8.546453121999999
  },
  "schema_version": "0.2.0"
}
