{
  "calculation_time": 101.449298584,
  "qmmbe": {
    "b_formation_time": 10.556910788,
    "b_tflops": 22.33837175155259,
    "diag_time": 2.941553718,
    "expanded_elec_energy": -6205.724337689344,
    "expanded_hf_energy": -1684.8400222679227,
    "expanded_mp2_os_correction": -4.207093619253143,
    "expanded_mp2_ss_correction": -0.13316458636654113,
    "expanded_nuc_repulsion_energy": 4598.4711191258875,
    "expanded_xc_energy": -77.58680370446633,
    "method": "RestrictedKSDFT",
    "mp2_tflops": 64.41402083707831,
    "mp2_time": 32.725961,
    "n_atoms": 68,
    "nmers": [
      [
        {
          "fragments": [
            0
          ],
          "hf_energy": -1684.8400222679227,
          "mp2_os_correction": -4.207093619253143,
          "mp2_ss_correction": -0.13316458636654113,
          "num_basis_fns": 3228,
          "num_iters": 17,
          "schema_version": "0.2.0"
        }
      ]
    ],
    "num_iters": 17,
    "ri_fock_time": 37.74518975399999,
    "ri_tflops": 36.441792329951696,
    "scf_tflops": 31.80226659628198,
    "scf_time": 67.956080512,
    "schema_version": "0.2.0",
    "tflops": 40.84951709785101,
    "total_time": 101.441703,
    "transforms_time": 3.553578615,
    "xc_tflops": 34.86171474927002,
    "xc_time": 11.949963277
  },
  "schema_version": "0.2.0"
}
