{
  "calculation_time": 57.260426737,
  "qmmbe": {
    "b_formation_time": 5.620271454,
    "b_tflops": 28.28800128158365,
    "diag_time": 2.24769951,
    "expanded_elec_energy": -5335.763817791799,
    "expanded_hf_energy": -1530.6559634661317,
    "expanded_mp2_os_correction": -3.8002665266920452,
    "expanded_mp2_ss_correction": -0.12104580024673815,
    "expanded_nuc_repulsion_energy": 3875.4394983098928,
    "expanded_xc_energy": -70.3316439842256,
    "homo": -0.21591404832333558,
    "lumo": -0.02539412824679129,
    "method": "RestrictedKSDFT",
    "mp2_tflops": 65.94152547489163,
    "mp2_time": 14.844587,
    "n_atoms": 60,
    "nmers": [
      [
        {
          "fragments": [
            0
          ],
          "hf_energy": -1530.6559634661317,
          "mp2_os_correction": -3.8002665266920452,
          "mp2_ss_correction": -0.12104580024673815,
          "num_basis_fns": 2880,
          "num_iters": 17,
          "schema_version": "0.2.0"
        }
      ]
    ],
    "num_iters": 17,
    "ri_fock_time": 25.404886,
    "ri_tflops": 34.66371308385324,
    "scf_tflops": 29.153062129747784,
    "scf_time": 41.83136754,
    "schema_version": "0.2.0",
    "tflops": 37.949704139042765,
    "total_time": 57.252987,
    "transforms_time": 0.12411909,
    "xc_tflops": 22.517428528807905,
    "xc_time": 6.607209941999999
  },
  "schema_version": "0.2.0"
}
