{
  "calculation_time": 121.808651537,
  "qmmbe": {
    "b_formation_time": 9.887918956,
    "b_tflops": 23.45811137856256,
    "diag_time": 2.940722025,
    "expanded_elec_energy": -6156.413764357224,
    "expanded_hf_energy": -1684.8412374208133,
    "expanded_mp2_os_correction": -4.205540268468942,
    "expanded_mp2_ss_correction": -0.1330710551492278,
    "expanded_nuc_repulsion_energy": 4549.159535709475,
    "expanded_xc_energy": -77.58700877306404,
    "homo": -0.2101594230916082,
    "lumo": -0.030554372403957232,
    "method": "RestrictedKSDFT",
    "mp2_tflops": 26.916974488799664,
    "mp2_time": 60.726922,
    "n_atoms": 68,
    "nmers": [
      [
        {
          "fragments": [
            0
          ],
          "hf_energy": -1684.8412374208133,
          "mp2_os_correction": -4.205540268468942,
          "mp2_ss_correction": -0.1330710551492278,
          "num_basis_fns": 3228,
          "num_iters": 17,
          "schema_version": "0.2.0"
        }
      ]
    ],
    "num_iters": 17,
    "ri_fock_time": 37.53286185499999,
    "ri_tflops": 36.64794791784972,
    "scf_tflops": 31.48013760909497,
    "scf_time": 60.386699382,
    "schema_version": "0.2.0",
    "tflops": 28.179458538130444,
    "total_time": 121.800856,
    "transforms_time": 0.153077213,
    "xc_tflops": 21.79602544412224,
    "xc_time": 8.370356226999998
  },
  "schema_version": "0.2.0"
}
