{
  "calculation_time": 98.167469018,
  "qmmbe": {
    "b_formation_time": 8.752141939,
    "b_tflops": 25.73540107816572,
    "diag_time": 2.8982511069999997,
    "expanded_elec_energy": -6065.398914976714,
    "expanded_hf_energy": -1684.8590805467377,
    "expanded_mp2_os_correction": -4.202235648135608,
    "expanded_mp2_ss_correction": -0.1330424871059997,
    "expanded_nuc_repulsion_energy": 4458.129204953158,
    "expanded_xc_energy": -77.58937052318129,
    "homo": -0.22121027260799397,
    "lumo": -0.01771622967926188,
    "method": "RestrictedKSDFT",
    "mp2_tflops": 65.7668321576658,
    "mp2_time": 32.196882,
    "n_atoms": 68,
    "nmers": [
      [
        {
          "fragments": [
            0
          ],
          "hf_energy": -1684.8590805467377,
          "mp2_os_correction": -4.202235648135608,
          "mp2_ss_correction": -0.1330424871059997,
          "num_basis_fns": 3228,
          "num_iters": 17,
          "schema_version": "0.2.0"
        }
      ]
    ],
    "num_iters": 17,
    "ri_fock_time": 37.304627206,
    "ri_tflops": 36.87216268143762,
    "scf_tflops": 31.95091420515202,
    "scf_time": 65.209344343,
    "schema_version": "0.2.0",
    "tflops": 42.00007927256093,
    "total_time": 98.159889,
    "transforms_time": 3.5647369120000008,
    "xc_tflops": 35.13951951763769,
    "xc_time": 11.286015422000002
  },
  "schema_version": "0.2.0"
}
