{
  "calculation_time": 48.518059954,
  "qmmbe": {
    "b_formation_time": 5.149618427,
    "b_tflops": 27.56537419826737,
    "diag_time": 1.9492559969999999,
    "expanded_elec_energy": -5036.107179422883,
    "expanded_hf_energy": -1454.6943295395379,
    "expanded_mp2_os_correction": -3.62167103304765,
    "expanded_mp2_ss_correction": -0.11492000755417713,
    "expanded_nuc_repulsion_energy": 3648.3390254365804,
    "expanded_xc_energy": -66.9261755532355,
    "homo": -0.21986477723237352,
    "lumo": -0.021651574681020323,
    "method": "RestrictedKSDFT",
    "mp2_tflops": 62.6819576328749,
    "mp2_time": 12.710458,
    "n_atoms": 58,
    "nmers": [
      [
        {
          "fragments": [
            0
          ],
          "hf_energy": -1454.6943295395379,
          "mp2_os_correction": -3.62167103304765,
          "mp2_ss_correction": -0.11492000755417713,
          "num_basis_fns": 2766,
          "num_iters": 16,
          "schema_version": "0.2.0"
        }
      ]
    ],
    "num_iters": 16,
    "ri_fock_time": 20.835907492,
    "ri_tflops": 34.88275745551999,
    "scf_tflops": 29.462161889976972,
    "scf_time": 35.252014918,
    "schema_version": "0.2.0",
    "tflops": 37.237488292445846,
    "total_time": 48.511409,
    "transforms_time": 0.11148749899999998,
    "xc_tflops": 23.763857164133203,
    "xc_time": 5.735044638
  },
  "schema_version": "0.2.0"
}
