{
  "calculation_time": 33.39762748,
  "qmmbe": {
    "expanded_hf_energy": -1225.6971617107024,
    "expanded_mp2_os_correction": -3.0537418446039997,
    "expanded_mp2_ss_correction": -0.09609624500631553,
    "method": "RestrictedKSDFT",
    "nmers": [
      [
        {
          "fragments": [
            0
          ],
          "hf_energy": -1225.6971617107024,
          "mp2_os_correction": -3.0537418446039997,
          "mp2_ss_correction": -0.09609624500631553,
          "num_basis_fns": 2364,
          "num_iters": 15,
          "schema_version": "0.2.0"
        }
      ]
    ],
    "num_iters": 15,
    "schema_version": "0.2.0"
  },
  "schema_version": "0.2.0"
}
