{
  "calculation_time": 49.090449157,
  "qmmbe": {
    "b_formation_time": 4.898124098,
    "b_tflops": 27.839859009660394,
    "diag_time": 2.04870136,
    "expanded_elec_energy": -4948.180542615046,
    "expanded_hf_energy": -1454.6906017284698,
    "expanded_mp2_os_correction": -3.6215727407419176,
    "expanded_mp2_ss_correction": -0.11475570473766997,
    "expanded_nuc_repulsion_energy": 3560.411332502189,
    "expanded_xc_energy": -66.92139161561286,
    "homo": -0.20163912235173004,
    "lumo": -0.03933929278114807,
    "method": "RestrictedKSDFT",
    "mp2_tflops": 63.201358404892396,
    "mp2_time": 12.605998,
    "n_atoms": 58,
    "nmers": [
      [
        {
          "fragments": [
            0
          ],
          "hf_energy": -1454.6906017284698,
          "mp2_os_correction": -3.6215727407419176,
          "mp2_ss_correction": -0.11475570473766997,
          "num_basis_fns": 2766,
          "num_iters": 17,
          "schema_version": "0.2.0"
        }
      ]
    ],
    "num_iters": 17,
    "ri_fock_time": 21.474223146999996,
    "ri_tflops": 34.73977069630048,
    "scf_tflops": 29.135327100107446,
    "scf_time": 35.933288699,
    "schema_version": "0.2.0",
    "tflops": 37.069031200004346,
    "total_time": 49.083951,
    "transforms_time": 0.11722413599999999,
    "xc_tflops": 22.942233186312166,
    "xc_time": 5.904233945999999
  },
  "schema_version": "0.2.0"
}
