{
  "calculation_time": 80.441173195,
  "qmmbe": {
    "b_formation_time": 8.350332432,
    "b_tflops": 26.587908112732247,
    "diag_time": 2.724371199,
    "expanded_elec_energy": -6021.064028882266,
    "expanded_hf_energy": -1684.8661002533142,
    "expanded_mp2_os_correction": -4.1991328724727515,
    "expanded_mp2_ss_correction": -0.13282562580212923,
    "expanded_nuc_repulsion_energy": 4413.787663303092,
    "expanded_xc_energy": -77.58973467414009,
    "homo": -0.22169046506488072,
    "lumo": -0.01959680140433428,
    "method": "RestrictedKSDFT",
    "mp2_tflops": 68.52392860816661,
    "mp2_time": 23.854216,
    "n_atoms": 68,
    "nmers": [
      [
        {
          "fragments": [
            0
          ],
          "hf_energy": -1684.8661002533142,
          "mp2_os_correction": -4.1991328724727515,
          "mp2_ss_correction": -0.13282562580212923,
          "num_basis_fns": 3228,
          "num_iters": 16,
          "schema_version": "0.2.0"
        }
      ]
    ],
    "num_iters": 16,
    "ri_fock_time": 35.495545567,
    "ri_tflops": 37.76050060948043,
    "scf_tflops": 32.38566989204968,
    "scf_time": 55.908619483,
    "schema_version": "0.2.0",
    "tflops": 41.93362295417,
    "total_time": 80.43346,
    "transforms_time": 0.144849984,
    "xc_tflops": 22.64156168588156,
    "xc_time": 7.432032775000001
  },
  "schema_version": "0.2.0"
}
