{
  "calculation_time": 80.763011032,
  "qmmbe": {
    "b_formation_time": 8.436186792,
    "b_tflops": 26.398149002371685,
    "diag_time": 2.757648724,
    "expanded_elec_energy": -6041.037856522609,
    "expanded_hf_energy": -1684.8647979807022,
    "expanded_mp2_os_correction": -4.199460130771489,
    "expanded_mp2_ss_correction": -0.13273569502595994,
    "expanded_nuc_repulsion_energy": 4433.758928805269,
    "expanded_xc_energy": -77.58587026336153,
    "homo": -0.2241623884261711,
    "lumo": -0.016118889384491922,
    "method": "RestrictedKSDFT",
    "mp2_tflops": 67.8596139177092,
    "mp2_time": 24.087739,
    "n_atoms": 68,
    "nmers": [
      [
        {
          "fragments": [
            0
          ],
          "hf_energy": -1684.8647979807022,
          "mp2_os_correction": -4.199460130771489,
          "mp2_ss_correction": -0.13273569502595994,
          "num_basis_fns": 3228,
          "num_iters": 16,
          "schema_version": "0.2.0"
        }
      ]
    ],
    "num_iters": 16,
    "ri_fock_time": 35.273294508,
    "ri_tflops": 37.998424905631104,
    "scf_tflops": 32.44446093004909,
    "scf_time": 55.992473493,
    "schema_version": "0.2.0",
    "tflops": 41.78568721300519,
    "total_time": 80.755305,
    "transforms_time": 0.14446661399999997,
    "xc_tflops": 23.40073827399648,
    "xc_time": 7.231547757999999
  },
  "schema_version": "0.2.0"
}
