{
  "calculation_time": 63.499848562,
  "qmmbe": {
    "b_formation_time": 6.56605663,
    "b_tflops": 27.789906864289716,
    "diag_time": 2.208992213,
    "expanded_elec_energy": -5532.070613474738,
    "expanded_hf_energy": -1531.8044301792777,
    "expanded_mp2_os_correction": -3.8262879908331016,
    "expanded_mp2_ss_correction": -0.12088190325050198,
    "expanded_nuc_repulsion_energy": 4070.7324613933106,
    "expanded_xc_energy": -70.46627809785029,
    "homo": -0.22961203724544363,
    "lumo": -0.009132074453161063,
    "method": "RestrictedKSDFT",
    "mp2_tflops": 59.80947373469571,
    "mp2_time": 17.482367,
    "n_atoms": 62,
    "nmers": [
      [
        {
          "fragments": [
            0
          ],
          "hf_energy": -1531.8044301792777,
          "mp2_os_correction": -3.8262879908331016,
          "mp2_ss_correction": -0.12088190325050198,
          "num_basis_fns": 2940,
          "num_iters": 16,
          "schema_version": "0.2.0"
        }
      ]
    ],
    "num_iters": 16,
    "ri_fock_time": 28.048049787999997,
    "ri_tflops": 32.89800410119552,
    "scf_tflops": 28.495428706148978,
    "scf_time": 45.35538828,
    "schema_version": "0.2.0",
    "tflops": 36.442040376094056,
    "total_time": 63.492783,
    "transforms_time": 0.12360359900000001,
    "xc_tflops": 23.54621114176026,
    "xc_time": 6.679774850000001
  },
  "schema_version": "0.2.0"
}
