{
  "calculation_time": 74.803715012,
  "qmmbe": {
    "b_formation_time": 6.387681455,
    "b_tflops": 26.73957460810168,
    "diag_time": 2.3548211180000003,
    "expanded_elec_energy": -5390.236992123276,
    "expanded_hf_energy": -1531.7966728653464,
    "expanded_mp2_os_correction": -3.823780119782744,
    "expanded_mp2_ss_correction": -0.12051350888734502,
    "expanded_nuc_repulsion_energy": 3928.9025962672404,
    "expanded_xc_energy": -70.4622770093111,
    "homo": -0.21465695291359893,
    "lumo": -0.028759768495857266,
    "method": "RestrictedKSDFT",
    "mp2_tflops": 62.943425705421824,
    "mp2_time": 21.872034,
    "n_atoms": 62,
    "nmers": [
      [
        {
          "fragments": [
            0
          ],
          "hf_energy": -1531.7966728653464,
          "mp2_os_correction": -3.823780119782744,
          "mp2_ss_correction": -0.12051350888734502,
          "num_basis_fns": 2940,
          "num_iters": 17,
          "schema_version": "0.2.0"
        }
      ]
    ],
    "num_iters": 17,
    "ri_fock_time": 28.409911566999998,
    "ri_tflops": 33.33234362280914,
    "scf_tflops": 29.105028697839657,
    "scf_time": 52.240436725,
    "schema_version": "0.2.0",
    "tflops": 38.25740376081341,
    "total_time": 74.796074,
    "transforms_time": 3.3991591070000005,
    "xc_tflops": 34.61270592332288,
    "xc_time": 10.434942431000001
  },
  "schema_version": "0.2.0"
}
