{
  "calculation_time": 75.866510746,
  "qmmbe": {
    "b_formation_time": 5.735125767,
    "b_tflops": 27.95330625003746,
    "diag_time": 2.189543834,
    "expanded_elec_energy": -5240.337563007835,
    "expanded_hf_energy": -1531.8092204172658,
    "expanded_mp2_os_correction": -3.8210318099526637,
    "expanded_mp2_ss_correction": -0.12041324996185675,
    "expanded_nuc_repulsion_energy": 3778.991608065064,
    "expanded_xc_energy": -70.46326547449456,
    "homo": -0.2237090964250653,
    "lumo": -0.019626432573668827,
    "method": "RestrictedKSDFT",
    "mp2_tflops": 32.7001794717402,
    "mp2_time": 32.191282,
    "n_atoms": 62,
    "nmers": [
      [
        {
          "fragments": [
            0
          ],
          "hf_energy": -1531.8092204172658,
          "mp2_os_correction": -3.8210318099526637,
          "mp2_ss_correction": -0.12041324996185675,
          "num_basis_fns": 2940,
          "num_iters": 16,
          "schema_version": "0.2.0"
        }
      ]
    ],
    "num_iters": 16,
    "ri_fock_time": 27.044408983000004,
    "ri_tflops": 34.11887227876863,
    "scf_tflops": 29.09670408561745,
    "scf_time": 43.071326338,
    "schema_version": "0.2.0",
    "tflops": 30.067635007140908,
    "total_time": 75.859277,
    "transforms_time": 0.12313201500000001,
    "xc_tflops": 20.596852098907743,
    "xc_time": 6.764925118
  },
  "schema_version": "0.2.0"
}
