{
  "calculation_time": 97.075439059,
  "qmmbe": {
    "b_formation_time": 8.427803055,
    "b_tflops": 25.7555299926823,
    "diag_time": 2.912321395,
    "expanded_elec_energy": -5962.79101960455,
    "expanded_hf_energy": -1684.8723307336843,
    "expanded_mp2_os_correction": -4.198007927130625,
    "expanded_mp2_ss_correction": -0.1326979085391839,
    "expanded_nuc_repulsion_energy": 4355.506061536931,
    "expanded_xc_energy": -77.58737266606593,
    "homo": -0.2165447966151784,
    "lumo": -0.027271896555243605,
    "method": "RestrictedKSDFT",
    "mp2_tflops": 65.50224463941971,
    "mp2_time": 32.326934,
    "n_atoms": 68,
    "nmers": [
      [
        {
          "fragments": [
            0
          ],
          "hf_energy": -1684.8723307336843,
          "mp2_os_correction": -4.198007927130625,
          "mp2_ss_correction": -0.1326979085391839,
          "num_basis_fns": 3228,
          "num_iters": 17,
          "schema_version": "0.2.0"
        }
      ]
    ],
    "num_iters": 17,
    "ri_fock_time": 36.752987008,
    "ri_tflops": 37.425589366402775,
    "scf_tflops": 32.12070248035187,
    "scf_time": 64.00798249,
    "schema_version": "0.2.0",
    "tflops": 42.11448061033097,
    "total_time": 97.067506,
    "transforms_time": 3.538155161999999,
    "xc_tflops": 35.26665751157528,
    "xc_time": 10.759280843
  },
  "schema_version": "0.2.0"
}
