{
  "calculation_time": 80.758204197,
  "qmmbe": {
    "b_formation_time": 6.96214672,
    "b_tflops": 26.34727961907416,
    "diag_time": 2.37954264,
    "expanded_elec_energy": -5600.7710198253835,
    "expanded_hf_energy": -1607.7816148979462,
    "expanded_mp2_os_correction": -3.9957877332367864,
    "expanded_mp2_ss_correction": -0.12665623706950016,
    "expanded_nuc_repulsion_energy": 4066.948262805967,
    "expanded_xc_energy": -73.9588578785295,
    "method": "RestrictedKSDFT",
    "mp2_tflops": 62.76786499954199,
    "mp2_time": 26.390101,
    "n_atoms": 64,
    "nmers": [
      [
        {
          "fragments": [
            0
          ],
          "hf_energy": -1607.7816148979462,
          "mp2_os_correction": -3.9957877332367864,
          "mp2_ss_correction": -0.12665623706950016,
          "num_basis_fns": 3054,
          "num_iters": 16,
          "schema_version": "0.2.0"
        }
      ]
    ],
    "num_iters": 16,
    "ri_fock_time": 29.716245954999998,
    "ri_tflops": 36.31509635884921,
    "scf_tflops": 31.405953517472696,
    "scf_time": 53.722378029,
    "schema_version": "0.2.0",
    "tflops": 40.68144319468898,
    "total_time": 80.750615,
    "transforms_time": 3.2141579040000003,
    "xc_tflops": 37.765932710889814,
    "xc_time": 9.527293794999999
  },
  "schema_version": "0.2.0"
}
