{
  "calculation_time": 72.317547468,
  "qmmbe": {
    "b_formation_time": 6.276038522,
    "b_tflops": 26.618300608205217,
    "diag_time": 2.213016912,
    "expanded_elec_energy": -5334.790935411946,
    "expanded_hf_energy": -1531.7745129285966,
    "expanded_mp2_os_correction": -3.826999768029066,
    "expanded_mp2_ss_correction": -0.120776730981706,
    "expanded_nuc_repulsion_energy": 3873.4759969431316,
    "expanded_xc_energy": -70.45957445978246,
    "homo": -0.21759364081573318,
    "lumo": -0.026550522342833137,
    "method": "RestrictedKSDFT",
    "mp2_tflops": 63.06651359339143,
    "mp2_time": 21.829347,
    "n_atoms": 62,
    "nmers": [
      [
        {
          "fragments": [
            0
          ],
          "hf_energy": -1531.7745129285966,
          "mp2_os_correction": -3.826999768029066,
          "mp2_ss_correction": -0.120776730981706,
          "num_basis_fns": 2940,
          "num_iters": 16,
          "schema_version": "0.2.0"
        }
      ]
    ],
    "num_iters": 16,
    "ri_fock_time": 27.669583722999995,
    "ri_tflops": 33.347982284256645,
    "scf_tflops": 29.414957528057254,
    "scf_time": 49.805565096,
    "schema_version": "0.2.0",
    "tflops": 38.787978179132764,
    "total_time": 72.310523,
    "transforms_time": 2.98921119,
    "xc_tflops": 33.87182196376307,
    "xc_time": 9.824051003
  },
  "schema_version": "0.2.0"
}
