{
  "calculation_time": 84.117739174,
  "qmmbe": {
    "b_formation_time": 10.486107464,
    "b_tflops": 22.788828664183523,
    "diag_time": 2.7524180350000003,
    "expanded_elec_energy": -6221.796186315962,
    "expanded_hf_energy": -1684.860012153185,
    "expanded_mp2_os_correction": -4.203389699709185,
    "expanded_mp2_ss_correction": -0.13309198415019477,
    "expanded_nuc_repulsion_energy": 4614.52637954656,
    "expanded_xc_energy": -77.59020538378309,
    "homo": -0.22731973705543518,
    "lumo": -0.016584694235069763,
    "method": "RestrictedKSDFT",
    "mp2_tflops": 67.3007321195877,
    "mp2_time": 24.159763,
    "n_atoms": 68,
    "nmers": [
      [
        {
          "fragments": [
            0
          ],
          "hf_energy": -1684.860012153185,
          "mp2_os_correction": -4.203389699709185,
          "mp2_ss_correction": -0.13309198415019477,
          "num_basis_fns": 3228,
          "num_iters": 16,
          "schema_version": "0.2.0"
        }
      ]
    ],
    "num_iters": 16,
    "ri_fock_time": 36.371108781000004,
    "ri_tflops": 36.85149509207336,
    "scf_tflops": 31.842165877765243,
    "scf_time": 59.253303114,
    "schema_version": "0.2.0",
    "tflops": 40.326842690439854,
    "total_time": 84.109939,
    "transforms_time": 0.146215749,
    "xc_tflops": 21.579182333442535,
    "xc_time": 8.293613799
  },
  "schema_version": "0.2.0"
}
