{
  "calculation_time": 56.275069877,
  "qmmbe": {
    "expanded_elec_energy": -5097.301229966952,
    "expanded_hf_energy": -1454.684611469661,
    "expanded_mp2_os_correction": -3.6234026986213785,
    "expanded_mp2_ss_correction": -0.11510522269242694,
    "expanded_nuc_repulsion_energy": 3709.5453127382207,
    "expanded_xc_energy": -66.92869424092996,
    "method": "RestrictedKSDFT",
    "n_atoms": 58,
    "nmers": [
      [
        {
          "fragments": [
            0
          ],
          "hf_energy": -1454.684611469661,
          "mp2_os_correction": -3.6234026986213785,
          "mp2_ss_correction": -0.11510522269242694,
          "num_basis_fns": 2766,
          "num_iters": 16,
          "schema_version": "0.2.0"
        }
      ]
    ],
    "num_iters": 16,
    "schema_version": "0.2.0"
  },
  "schema_version": "0.2.0"
}
