{
  "calculation_time": 86.947463276,
  "qmmbe": {
    "b_formation_time": 8.720222858,
    "b_tflops": 25.963430918583526,
    "diag_time": 2.9442317210000004,
    "expanded_elec_energy": -6107.109834531224,
    "expanded_hf_energy": -1684.8505965361617,
    "expanded_mp2_os_correction": -4.202602915522114,
    "expanded_mp2_ss_correction": -0.13283360477057843,
    "expanded_nuc_repulsion_energy": 4499.843591857982,
    "expanded_xc_energy": -77.58435386291951,
    "homo": -0.21388807361299952,
    "lumo": -0.02690396273941145,
    "method": "RestrictedKSDFT",
    "mp2_tflops": 59.557091044107295,
    "mp2_time": 27.445683,
    "n_atoms": 68,
    "nmers": [
      [
        {
          "fragments": [
            0
          ],
          "hf_energy": -1684.8505965361617,
          "mp2_os_correction": -4.202602915522114,
          "mp2_ss_correction": -0.13283360477057843,
          "num_basis_fns": 3228,
          "num_iters": 17,
          "schema_version": "0.2.0"
        }
      ]
    ],
    "num_iters": 17,
    "ri_fock_time": 37.300223726999995,
    "ri_tflops": 36.876515625678415,
    "scf_tflops": 31.64677369943714,
    "scf_time": 58.822246764,
    "schema_version": "0.2.0",
    "tflops": 39.35847345299729,
    "total_time": 86.939776,
    "transforms_time": 0.160342963,
    "xc_tflops": 21.09959971544133,
    "xc_time": 8.401077991
  },
  "schema_version": "0.2.0"
}
