{
  "calculation_time": 85.415133156,
  "qmmbe": {
    "b_formation_time": 7.438129512,
    "b_tflops": 26.62026830855483,
    "diag_time": 2.5411663829999998,
    "expanded_elec_energy": -5811.336049215985,
    "expanded_hf_energy": -1607.735151115302,
    "expanded_mp2_os_correction": -4.0057553825879815,
    "expanded_mp2_ss_correction": -0.12732119561354266,
    "expanded_nuc_repulsion_energy": 4277.562319836338,
    "expanded_xc_energy": -73.96142173565472,
    "method": "RestrictedKSDFT",
    "mp2_tflops": 62.8860158913222,
    "mp2_time": 26.340519,
    "n_atoms": 64,
    "nmers": [
      [
        {
          "fragments": [
            0
          ],
          "hf_energy": -1607.735151115302,
          "mp2_os_correction": -4.0057553825879815,
          "mp2_ss_correction": -0.12732119561354266,
          "num_basis_fns": 3054,
          "num_iters": 17,
          "schema_version": "0.2.0"
        }
      ]
    ],
    "num_iters": 17,
    "ri_fock_time": 32.67618361999999,
    "ri_tflops": 33.896285513494625,
    "scf_tflops": 30.018103679656768,
    "scf_time": 58.349396019,
    "schema_version": "0.2.0",
    "tflops": 39.35582361076326,
    "total_time": 85.407086,
    "transforms_time": 3.4049665029999994,
    "xc_tflops": 35.27862691837024,
    "xc_time": 11.126799673
  },
  "schema_version": "0.2.0"
}
