{
  "calculation_time": 84.574188367,
  "qmmbe": {
    "b_formation_time": 9.49114853,
    "b_tflops": 24.280493733331554,
    "diag_time": 2.931569795,
    "expanded_elec_energy": -6121.230324755361,
    "expanded_hf_energy": -1684.8504736911025,
    "expanded_mp2_os_correction": -4.204350698384477,
    "expanded_mp2_ss_correction": -0.13313985494179686,
    "expanded_nuc_repulsion_energy": 4513.969864426783,
    "expanded_xc_energy": -77.59001336252439,
    "homo": -0.22617606930699913,
    "lumo": -0.016190197039461146,
    "method": "RestrictedKSDFT",
    "mp2_tflops": 67.69235685395725,
    "mp2_time": 24.147255,
    "n_atoms": 68,
    "nmers": [
      [
        {
          "fragments": [
            0
          ],
          "hf_energy": -1684.8504736911025,
          "mp2_os_correction": -4.204350698384477,
          "mp2_ss_correction": -0.13313985494179686,
          "num_basis_fns": 3228,
          "num_iters": 17,
          "schema_version": "0.2.0"
        }
      ]
    ],
    "num_iters": 17,
    "ri_fock_time": 37.337168584000004,
    "ri_tflops": 36.840027139589374,
    "scf_tflops": 31.696308449505846,
    "scf_time": 59.726770573,
    "schema_version": "0.2.0",
    "tflops": 40.60005948680084,
    "total_time": 84.565987,
    "transforms_time": 0.15288369100000004,
    "xc_tflops": 22.127947586800673,
    "xc_time": 8.351614775999998
  },
  "schema_version": "0.2.0"
}
