{
  "calculation_time": 102.085972262,
  "qmmbe": {
    "b_formation_time": 10.467115112,
    "b_tflops": 23.111047179082554,
    "diag_time": 2.940721182,
    "expanded_elec_energy": -6274.727442227566,
    "expanded_hf_energy": -1684.8399166506374,
    "expanded_mp2_os_correction": -4.205559111954012,
    "expanded_mp2_ss_correction": -0.13311973709870192,
    "expanded_nuc_repulsion_energy": 4667.474717865233,
    "expanded_xc_energy": -77.58719228830489,
    "homo": -0.20858488417641774,
    "lumo": -0.029748245920761147,
    "method": "RestrictedKSDFT",
    "mp2_tflops": 64.12577980136493,
    "mp2_time": 32.873056,
    "n_atoms": 68,
    "nmers": [
      [
        {
          "fragments": [
            0
          ],
          "hf_energy": -1684.8399166506374,
          "mp2_os_correction": -4.205559111954012,
          "mp2_ss_correction": -0.13311973709870192,
          "num_basis_fns": 3228,
          "num_iters": 17,
          "schema_version": "0.2.0"
        }
      ]
    ],
    "num_iters": 17,
    "ri_fock_time": 37.964626103,
    "ri_tflops": 36.23116018838037,
    "scf_tflops": 31.751357547494806,
    "scf_time": 68.311944048,
    "schema_version": "0.2.0",
    "tflops": 40.72929920572388,
    "total_time": 102.07809,
    "transforms_time": 3.606835493999999,
    "xc_tflops": 36.65201935018065,
    "xc_time": 11.618498922
  },
  "schema_version": "0.2.0"
}
