{
  "calculation_time": 83.138986315,
  "qmmbe": {
    "b_formation_time": 7.44070375,
    "b_tflops": 26.43977406510614,
    "diag_time": 2.417512241,
    "expanded_elec_energy": -5801.367439829905,
    "expanded_hf_energy": -1607.7553755600657,
    "expanded_mp2_os_correction": -4.0022237339660665,
    "expanded_mp2_ss_correction": -0.12716993705415675,
    "expanded_nuc_repulsion_energy": 4267.574316129119,
    "expanded_xc_energy": -73.96225185927968,
    "method": "RestrictedKSDFT",
    "mp2_tflops": 62.24109376117224,
    "mp2_time": 26.613446,
    "n_atoms": 64,
    "nmers": [
      [
        {
          "fragments": [
            0
          ],
          "hf_energy": -1607.7553755600657,
          "mp2_os_correction": -4.0022237339660665,
          "mp2_ss_correction": -0.12716993705415675,
          "num_basis_fns": 3054,
          "num_iters": 16,
          "schema_version": "0.2.0"
        }
      ]
    ],
    "num_iters": 16,
    "ri_fock_time": 31.276549975000002,
    "ri_tflops": 34.503435025826114,
    "scf_tflops": 30.438390671719542,
    "scf_time": 55.785608827,
    "schema_version": "0.2.0",
    "tflops": 39.72857947904259,
    "total_time": 83.13192,
    "transforms_time": 3.1094631020000008,
    "xc_tflops": 34.59020463322032,
    "xc_time": 10.527159347
  },
  "schema_version": "0.2.0"
}
