{
  "calculation_time": 84.897239808,
  "qmmbe": {
    "b_formation_time": 9.900189646,
    "b_tflops": 23.47129874087909,
    "diag_time": 2.933325262,
    "expanded_elec_energy": -6170.522642116636,
    "expanded_hf_energy": -1684.8583129198355,
    "expanded_mp2_os_correction": -4.201024896615558,
    "expanded_mp2_ss_correction": -0.1328972836793216,
    "expanded_nuc_repulsion_energy": 4563.252656682129,
    "expanded_xc_energy": -77.58832748532808,
    "homo": -0.22271790039252076,
    "lumo": -0.019312320228825435,
    "method": "RestrictedKSDFT",
    "mp2_tflops": 68.93372697633784,
    "mp2_time": 23.712409,
    "n_atoms": 68,
    "nmers": [
      [
        {
          "fragments": [
            0
          ],
          "hf_energy": -1684.8583129198355,
          "mp2_os_correction": -4.201024896615558,
          "mp2_ss_correction": -0.1328972836793216,
          "num_basis_fns": 3228,
          "num_iters": 17,
          "schema_version": "0.2.0"
        }
      ]
    ],
    "num_iters": 17,
    "ri_fock_time": 37.61017974099999,
    "ri_tflops": 36.57260815933861,
    "scf_tflops": 31.442786466103932,
    "scf_time": 60.474313583,
    "schema_version": "0.2.0",
    "tflops": 40.44657666907853,
    "total_time": 84.889246,
    "transforms_time": 0.15332445700000003,
    "xc_tflops": 22.410457450784946,
    "xc_time": 8.163587402
  },
  "schema_version": "0.2.0"
}
