{
  "calculation_time": 71.456826236,
  "qmmbe": {
    "b_formation_time": 6.137063502,
    "b_tflops": 26.809551489459558,
    "diag_time": 2.1962846060000003,
    "expanded_elec_energy": -5314.719234790307,
    "expanded_hf_energy": -1531.810372924434,
    "expanded_mp2_os_correction": -3.8168622558057073,
    "expanded_mp2_ss_correction": -0.12056117780285788,
    "expanded_nuc_repulsion_energy": 3853.464035488516,
    "expanded_xc_energy": -70.55517362264254,
    "method": "RestrictedKSDFT",
    "mp2_tflops": 63.12557809854019,
    "mp2_time": 21.808921,
    "n_atoms": 62,
    "nmers": [
      [
        {
          "fragments": [
            0
          ],
          "hf_energy": -1531.810372924434,
          "mp2_os_correction": -3.8168622558057073,
          "mp2_ss_correction": -0.12056117780285788,
          "num_basis_fns": 2940,
          "num_iters": 16,
          "schema_version": "0.2.0"
        }
      ]
    ],
    "num_iters": 16,
    "ri_fock_time": 27.255407447,
    "ri_tflops": 33.854742021437815,
    "scf_tflops": 29.84589265537269,
    "scf_time": 49.032762981,
    "schema_version": "0.2.0",
    "tflops": 39.18327049642086,
    "total_time": 71.449947,
    "transforms_time": 2.737282542,
    "xc_tflops": 34.704905891891855,
    "xc_time": 9.514309932000002
  },
  "schema_version": "0.2.0"
}
