{
  "calculation_time": 80.03194061,
  "qmmbe": {
    "b_formation_time": 7.999762739,
    "b_tflops": 26.930822582583094,
    "diag_time": 2.7225121580000007,
    "expanded_elec_energy": -5956.612656535519,
    "expanded_hf_energy": -1684.882388223342,
    "expanded_mp2_os_correction": -4.195277747866032,
    "expanded_mp2_ss_correction": -0.13247257646975993,
    "expanded_nuc_repulsion_energy": 4349.316949225875,
    "expanded_xc_energy": -77.58668091369809,
    "homo": -0.22257698043814844,
    "lumo": -0.01838160859468255,
    "method": "RestrictedKSDFT",
    "mp2_tflops": 67.38367397629348,
    "mp2_time": 24.257879,
    "n_atoms": 68,
    "nmers": [
      [
        {
          "fragments": [
            0
          ],
          "hf_energy": -1684.882388223342,
          "mp2_os_correction": -4.195277747866032,
          "mp2_ss_correction": -0.13247257646975993,
          "num_basis_fns": 3228,
          "num_iters": 16,
          "schema_version": "0.2.0"
        }
      ]
    ],
    "num_iters": 16,
    "ri_fock_time": 35.09997350100001,
    "ri_tflops": 38.186055870907985,
    "scf_tflops": 32.60488601443424,
    "scf_time": 55.096514339,
    "schema_version": "0.2.0",
    "tflops": 42.02502092622172,
    "total_time": 80.024273,
    "transforms_time": 0.142166795,
    "xc_tflops": 21.811364516747965,
    "xc_time": 7.586533700999999
  },
  "schema_version": "0.2.0"
}
