{
  "calculation_time": 105.566068079,
  "qmmbe": {
    "b_formation_time": 9.633756238,
    "b_tflops": 23.900586173408637,
    "diag_time": 2.5404958639999995,
    "expanded_elec_energy": -6151.907801905715,
    "expanded_hf_energy": -1607.7358396494224,
    "expanded_mp2_os_correction": -4.016338123136457,
    "expanded_mp2_ss_correction": -0.12816626127304803,
    "expanded_nuc_repulsion_energy": 4618.141244161226,
    "expanded_xc_energy": -73.96928190493271,
    "homo": -0.20815708224762977,
    "lumo": -0.028707998939773202,
    "method": "RestrictedKSDFT",
    "mp2_tflops": 25.94352075598832,
    "mp2_time": 48.582113,
    "n_atoms": 64,
    "nmers": [
      [
        {
          "fragments": [
            0
          ],
          "hf_energy": -1607.7358396494224,
          "mp2_os_correction": -4.016338123136457,
          "mp2_ss_correction": -0.12816626127304803,
          "num_basis_fns": 3054,
          "num_iters": 17,
          "schema_version": "0.2.0"
        }
      ]
    ],
    "num_iters": 17,
    "ri_fock_time": 34.039239041,
    "ri_tflops": 32.538963241866554,
    "scf_tflops": 28.661374911752926,
    "scf_time": 56.221746227,
    "schema_version": "0.2.0",
    "tflops": 26.547677399198044,
    "total_time": 105.558877,
    "transforms_time": 0.14051555699999999,
    "xc_tflops": 25.389264230651644,
    "xc_time": 7.763862664
  },
  "schema_version": "0.2.0"
}
