{
  "calculation_time": 56.856158356,
  "qmmbe": {
    "expanded_elec_energy": -5079.76058933535,
    "expanded_hf_energy": -1454.6791836069685,
    "expanded_mp2_os_correction": -3.626738321659878,
    "expanded_mp2_ss_correction": -0.11489964576453915,
    "expanded_nuc_repulsion_energy": 3691.9212700918033,
    "expanded_xc_energy": -66.83986436342163,
    "method": "RestrictedKSDFT",
    "n_atoms": 58,
    "nmers": [
      [
        {
          "fragments": [
            0
          ],
          "hf_energy": -1454.6791836069685,
          "mp2_os_correction": -3.626738321659878,
          "mp2_ss_correction": -0.11489964576453915,
          "num_basis_fns": 2766,
          "num_iters": 16,
          "schema_version": "0.2.0"
        }
      ]
    ],
    "num_iters": 16,
    "schema_version": "0.2.0"
  },
  "schema_version": "0.2.0"
}
