{
  "calculation_time": 61.265060579,
  "qmmbe": {
    "b_formation_time": 5.895011286,
    "b_tflops": 28.083609419460576,
    "diag_time": 2.2169024270000004,
    "expanded_elec_energy": -5336.938183908531,
    "expanded_hf_energy": -1531.8145627429085,
    "expanded_mp2_os_correction": -3.8168071342980956,
    "expanded_mp2_ss_correction": -0.1205370006384985,
    "expanded_nuc_repulsion_energy": 3875.6776157582462,
    "expanded_xc_energy": -70.55399459262398,
    "homo": -0.22756956375722667,
    "lumo": -0.013973006477225746,
    "method": "RestrictedKSDFT",
    "mp2_tflops": 63.081617394720354,
    "mp2_time": 16.68728,
    "n_atoms": 62,
    "nmers": [
      [
        {
          "fragments": [
            0
          ],
          "hf_energy": -1531.8145627429085,
          "mp2_os_correction": -3.8168071342980956,
          "mp2_ss_correction": -0.1205370006384985,
          "num_basis_fns": 2940,
          "num_iters": 16,
          "schema_version": "0.2.0"
        }
      ]
    ],
    "num_iters": 16,
    "ri_fock_time": 27.663429635000004,
    "ri_tflops": 33.35540097457478,
    "scf_tflops": 28.67076094161669,
    "scf_time": 43.966308613,
    "schema_version": "0.2.0",
    "tflops": 37.348310129166094,
    "total_time": 61.257676,
    "transforms_time": 0.12417523500000001,
    "xc_tflops": 20.824984950953564,
    "xc_time": 6.911966642999999
  },
  "schema_version": "0.2.0"
}
