{
  "calculation_time": 97.553619863,
  "qmmbe": {
    "b_formation_time": 8.564296687,
    "b_tflops": 25.549795380177724,
    "diag_time": 2.93993195,
    "expanded_elec_energy": -5999.532734986959,
    "expanded_hf_energy": -1684.8756393196977,
    "expanded_mp2_os_correction": -4.196933402941052,
    "expanded_mp2_ss_correction": -0.13256364556328867,
    "expanded_nuc_repulsion_energy": 4392.243254262165,
    "expanded_xc_energy": -77.5861585949029,
    "method": "RestrictedKSDFT",
    "mp2_tflops": 65.26080124622011,
    "mp2_time": 32.446535,
    "n_atoms": 68,
    "nmers": [
      [
        {
          "fragments": [
            0
          ],
          "hf_energy": -1684.8756393196977,
          "mp2_os_correction": -4.196933402941052,
          "mp2_ss_correction": -0.13256364556328867,
          "num_basis_fns": 3228,
          "num_iters": 17,
          "schema_version": "0.2.0"
        }
      ]
    ],
    "num_iters": 17,
    "ri_fock_time": 36.87184308999999,
    "ri_tflops": 37.30494828784932,
    "scf_tflops": 32.03198007414868,
    "scf_time": 64.37406766,
    "schema_version": "0.2.0",
    "tflops": 42.03718357926487,
    "total_time": 97.546209,
    "transforms_time": 3.3219251760000006,
    "xc_tflops": 34.48964961071847,
    "xc_time": 11.048287548000001
  },
  "schema_version": "0.2.0"
}
