{
  "calculation_time": 99.102719302,
  "qmmbe": {
    "b_formation_time": 9.270979227,
    "b_tflops": 24.629628226359525,
    "diag_time": 2.935344405,
    "expanded_elec_energy": -6107.73073991416,
    "expanded_hf_energy": -1684.8591191342232,
    "expanded_mp2_os_correction": -4.2017864187680045,
    "expanded_mp2_ss_correction": -0.1331021715452612,
    "expanded_nuc_repulsion_energy": 4500.463350063961,
    "expanded_xc_energy": -77.59172928402424,
    "homo": -0.2263574405455186,
    "lumo": -0.012486714115080778,
    "method": "RestrictedKSDFT",
    "mp2_tflops": 65.57772600127515,
    "mp2_time": 32.289728,
    "n_atoms": 68,
    "nmers": [
      [
        {
          "fragments": [
            0
          ],
          "hf_energy": -1684.8591191342232,
          "mp2_os_correction": -4.2017864187680045,
          "mp2_ss_correction": -0.1331021715452612,
          "num_basis_fns": 3228,
          "num_iters": 17,
          "schema_version": "0.2.0"
        }
      ]
    ],
    "num_iters": 17,
    "ri_fock_time": 37.178671447,
    "ri_tflops": 36.99708003474146,
    "scf_tflops": 31.87771813646345,
    "scf_time": 66.071582879,
    "schema_version": "0.2.0",
    "tflops": 41.691555116119694,
    "total_time": 99.095231,
    "transforms_time": 3.656215380000001,
    "xc_tflops": 35.38872897217073,
    "xc_time": 11.369518054
  },
  "schema_version": "0.2.0"
}
