{
  "calculation_time": 99.606177385,
  "qmmbe": {
    "b_formation_time": 10.598287682,
    "b_tflops": 22.656664332491744,
    "diag_time": 2.766084744,
    "expanded_elec_energy": -6263.327577440338,
    "expanded_hf_energy": -1684.8593784674324,
    "expanded_mp2_os_correction": -4.203120300824063,
    "expanded_mp2_ss_correction": -0.1331101392437982,
    "expanded_nuc_repulsion_energy": 4656.059534678651,
    "expanded_xc_energy": -77.59133570574545,
    "homo": -0.23363094586568955,
    "lumo": -0.011587255975879798,
    "method": "RestrictedKSDFT",
    "mp2_tflops": 63.84483435873262,
    "mp2_time": 33.017717,
    "n_atoms": 68,
    "nmers": [
      [
        {
          "fragments": [
            0
          ],
          "hf_energy": -1684.8593784674324,
          "mp2_os_correction": -4.203120300824063,
          "mp2_ss_correction": -0.1331101392437982,
          "num_basis_fns": 3228,
          "num_iters": 16,
          "schema_version": "0.2.0"
        }
      ]
    ],
    "num_iters": 16,
    "ri_fock_time": 36.31129224899999,
    "ri_tflops": 36.91220323598108,
    "scf_tflops": 32.127693460959364,
    "scf_time": 65.805337348,
    "schema_version": "0.2.0",
    "tflops": 41.11773057067386,
    "total_time": 99.598572,
    "transforms_time": 3.5438111969999997,
    "xc_tflops": 36.14673935321793,
    "xc_time": 11.050623801999997
  },
  "schema_version": "0.2.0"
}
