{
  "calculation_time": 78.936144821,
  "qmmbe": {
    "b_formation_time": 10.349275765,
    "b_tflops": 17.911018539526566,
    "diag_time": 2.6309816319999997,
    "expanded_elec_energy": -5620.79532476091,
    "expanded_hf_energy": -1607.763676001612,
    "expanded_mp2_os_correction": -3.9975837527369436,
    "expanded_mp2_ss_correction": -0.12670020809721116,
    "expanded_nuc_repulsion_energy": 4086.991349056491,
    "expanded_xc_energy": -73.95970029719277,
    "homo": -0.22211609240115182,
    "lumo": -0.019642741074721144,
    "method": "RestrictedKSDFT",
    "mp2_tflops": 63.11686753435527,
    "mp2_time": 20.219916,
    "n_atoms": 64,
    "nmers": [
      [
        {
          "fragments": [
            0
          ],
          "hf_energy": -1607.763676001612,
          "mp2_os_correction": -3.9975837527369436,
          "mp2_ss_correction": -0.12670020809721116,
          "num_basis_fns": 3054,
          "num_iters": 17,
          "schema_version": "0.2.0"
        }
      ]
    ],
    "num_iters": 17,
    "ri_fock_time": 31.532918018,
    "ri_tflops": 35.12523561020625,
    "scf_tflops": 27.989169453309994,
    "scf_time": 56.876547276,
    "schema_version": "0.2.0",
    "tflops": 34.753436422910454,
    "total_time": 78.927905,
    "transforms_time": 0.22759101099999998,
    "xc_tflops": 23.155438733291934,
    "xc_time": 7.197338725000001
  },
  "schema_version": "0.2.0"
}
