{
  "calculation_time": 85.126786971,
  "qmmbe": {
    "b_formation_time": 9.92644115,
    "b_tflops": 23.25894471904344,
    "diag_time": 2.932632672,
    "expanded_elec_energy": -6142.068346184846,
    "expanded_hf_energy": -1684.8564631879815,
    "expanded_mp2_os_correction": -4.202328985657581,
    "expanded_mp2_ss_correction": -0.13295809434078876,
    "expanded_nuc_repulsion_energy": 4534.800275523035,
    "expanded_xc_energy": -77.58839252617122,
    "homo": -0.2156628082147179,
    "lumo": -0.023179715346488942,
    "method": "RestrictedKSDFT",
    "mp2_tflops": 68.00989058227084,
    "mp2_time": 24.034518,
    "n_atoms": 68,
    "nmers": [
      [
        {
          "fragments": [
            0
          ],
          "hf_energy": -1684.8564631879815,
          "mp2_os_correction": -4.202328985657581,
          "mp2_ss_correction": -0.13295809434078876,
          "num_basis_fns": 3228,
          "num_iters": 17,
          "schema_version": "0.2.0"
        }
      ]
    ],
    "num_iters": 17,
    "ri_fock_time": 37.449474419,
    "ri_tflops": 36.72954895335254,
    "scf_tflops": 31.566607546114,
    "scf_time": 60.294076407,
    "schema_version": "0.2.0",
    "tflops": 40.31330468303565,
    "total_time": 85.119121,
    "transforms_time": 0.15320218200000002,
    "xc_tflops": 22.62588882044949,
    "xc_time": 8.058941107999999
  },
  "schema_version": "0.2.0"
}
