{
  "calculation_time": 82.73947536,
  "qmmbe": {
    "b_formation_time": 9.734387242,
    "b_tflops": 23.723308545282958,
    "diag_time": 2.7612749070000002,
    "expanded_elec_energy": -6148.268297554374,
    "expanded_hf_energy": -1684.8637619644276,
    "expanded_mp2_os_correction": -4.202336861792961,
    "expanded_mp2_ss_correction": -0.13307741386670588,
    "expanded_nuc_repulsion_energy": 4540.995201816923,
    "expanded_xc_energy": -77.59066622697695,
    "homo": -0.22818652735969533,
    "lumo": -0.0118935954785984,
    "method": "RestrictedKSDFT",
    "mp2_tflops": 68.27411252260967,
    "mp2_time": 23.941502,
    "n_atoms": 68,
    "nmers": [
      [
        {
          "fragments": [
            0
          ],
          "hf_energy": -1684.8637619644276,
          "mp2_os_correction": -4.202336861792961,
          "mp2_ss_correction": -0.13307741386670588,
          "num_basis_fns": 3228,
          "num_iters": 16,
          "schema_version": "0.2.0"
        }
      ]
    ],
    "num_iters": 16,
    "ri_fock_time": 36.02352913,
    "ri_tflops": 37.20706121100734,
    "scf_tflops": 31.95777320018535,
    "scf_time": 58.080058038,
    "schema_version": "0.2.0",
    "tflops": 40.93460918557295,
    "total_time": 82.7319,
    "transforms_time": 0.14484071299999998,
    "xc_tflops": 22.479067124165194,
    "xc_time": 7.70097631
  },
  "schema_version": "0.2.0"
}
