{
  "calculation_time": 95.07274818,
  "qmmbe": {
    "b_formation_time": 10.037438499,
    "b_tflops": 23.822374804209495,
    "diag_time": 2.745949346,
    "expanded_elec_energy": -6252.362775197517,
    "expanded_hf_energy": -1607.7351386725309,
    "expanded_mp2_os_correction": -4.021610258266899,
    "expanded_mp2_ss_correction": -0.12868798040056167,
    "expanded_nuc_repulsion_energy": 4718.60353470209,
    "expanded_xc_energy": -73.97589817710325,
    "method": "RestrictedKSDFT",
    "mp2_tflops": 62.13075317437052,
    "mp2_time": 26.394221,
    "n_atoms": 64,
    "nmers": [
      [
        {
          "fragments": [
            0
          ],
          "hf_energy": -1607.7351386725309,
          "mp2_os_correction": -4.021610258266899,
          "mp2_ss_correction": -0.12868798040056167,
          "num_basis_fns": 3054,
          "num_iters": 18,
          "schema_version": "0.2.0"
        }
      ]
    ],
    "num_iters": 18,
    "ri_fock_time": 36.468253861,
    "ri_tflops": 31.151874352474522,
    "scf_tflops": 29.621786694132243,
    "scf_time": 67.763856832,
    "schema_version": "0.2.0",
    "tflops": 37.50649477678228,
    "total_time": 95.065286,
    "transforms_time": 3.42242858,
    "xc_tflops": 39.6420300263533,
    "xc_time": 13.723414558
  },
  "schema_version": "0.2.0"
}
