{
  "calculation_time": 46.355068629,
  "qmmbe": {
    "b_formation_time": 4.890968517,
    "b_tflops": 27.98809659249745,
    "diag_time": 1.8334951290000001,
    "expanded_elec_energy": -4956.814289819939,
    "expanded_hf_energy": -1454.6819829119506,
    "expanded_mp2_os_correction": -3.623117664928908,
    "expanded_mp2_ss_correction": -0.11491485386189722,
    "expanded_nuc_repulsion_energy": 3569.0555713602384,
    "expanded_xc_energy": -66.92326445224967,
    "homo": -0.20469124285409418,
    "lumo": -0.03759651563143374,
    "method": "RestrictedKSDFT",
    "mp2_tflops": 63.93009829319155,
    "mp2_time": 12.462298,
    "n_atoms": 58,
    "nmers": [
      [
        {
          "fragments": [
            0
          ],
          "hf_energy": -1454.6819829119506,
          "mp2_os_correction": -3.623117664928908,
          "mp2_ss_correction": -0.11491485386189722,
          "num_basis_fns": 2766,
          "num_iters": 15,
          "schema_version": "0.2.0"
        }
      ]
    ],
    "num_iters": 15,
    "ri_fock_time": 19.850166024000004,
    "ri_tflops": 35.64797523379182,
    "scf_tflops": 30.076695529423247,
    "scf_time": 33.335701432,
    "schema_version": "0.2.0",
    "tflops": 38.21811661064482,
    "total_time": 46.348462,
    "transforms_time": 0.10478518299999999,
    "xc_tflops": 22.440048664458722,
    "xc_time": 5.605109317
  },
  "schema_version": "0.2.0"
}
