{
  "calculation_time": 102.029918034,
  "qmmbe": {
    "b_formation_time": 10.259917646,
    "b_tflops": 23.557936277067853,
    "diag_time": 2.941887522,
    "expanded_elec_energy": -6255.587386571171,
    "expanded_hf_energy": -1684.8432940957075,
    "expanded_mp2_os_correction": -4.208061644466162,
    "expanded_mp2_ss_correction": -0.13340333442584276,
    "expanded_nuc_repulsion_energy": 4648.335696041347,
    "expanded_xc_energy": -77.59160356588305,
    "homo": -0.22297350448554565,
    "lumo": -0.018521359407798612,
    "method": "RestrictedKSDFT",
    "mp2_tflops": 63.992737161061974,
    "mp2_time": 32.941406,
    "n_atoms": 68,
    "nmers": [
      [
        {
          "fragments": [
            0
          ],
          "hf_energy": -1684.8432940957075,
          "mp2_os_correction": -4.208061644466162,
          "mp2_ss_correction": -0.13340333442584276,
          "num_basis_fns": 3228,
          "num_iters": 17,
          "schema_version": "0.2.0"
        }
      ]
    ],
    "num_iters": 17,
    "ri_fock_time": 38.09108247299999,
    "ri_tflops": 36.11087846623298,
    "scf_tflops": 31.781003883372723,
    "scf_time": 68.320676728,
    "schema_version": "0.2.0",
    "tflops": 40.87399711179284,
    "total_time": 102.022656,
    "transforms_time": 3.6559617770000004,
    "xc_tflops": 36.663554966709505,
    "xc_time": 11.918996532
  },
  "schema_version": "0.2.0"
}
