{
  "calculation_time": 49.43101651,
  "qmmbe": {
    "b_formation_time": 4.390924601,
    "b_tflops": 26.47631011080165,
    "diag_time": 1.686022219,
    "expanded_elec_energy": -4690.054331422814,
    "expanded_hf_energy": -1377.5936128009866,
    "expanded_mp2_os_correction": -3.420244456065376,
    "expanded_mp2_ss_correction": -0.10900717246738982,
    "expanded_nuc_repulsion_energy": 3375.7601354629246,
    "expanded_xc_energy": -63.299416841096985,
    "method": "RestrictedKSDFT",
    "mp2_tflops": 60.44840440780734,
    "mp2_time": 13.141581,
    "n_atoms": 54,
    "nmers": [
      [
        {
          "fragments": [
            0
          ],
          "hf_energy": -1377.5936128009866,
          "mp2_os_correction": -3.420244456065376,
          "mp2_ss_correction": -0.10900717246738982,
          "num_basis_fns": 2592,
          "num_iters": 16,
          "schema_version": "0.2.0"
        }
      ]
    ],
    "num_iters": 16,
    "ri_fock_time": 17.47247483,
    "ri_tflops": 32.271750309630065,
    "scf_tflops": 28.259849134695198,
    "scf_time": 35.73320402,
    "schema_version": "0.2.0",
    "tflops": 36.00591695042558,
    "total_time": 49.424696,
    "transforms_time": 2.7943245929999994,
    "xc_tflops": 35.44551298290407,
    "xc_time": 8.497853083000003
  },
  "schema_version": "0.2.0"
}
