{
  "calculation_time": 70.630256913,
  "qmmbe": {
    "b_formation_time": 7.509009077,
    "b_tflops": 27.3931852762239,
    "diag_time": 2.3831648889999997,
    "expanded_elec_energy": -5902.023119563357,
    "expanded_hf_energy": -1607.7567788900526,
    "expanded_mp2_os_correction": -4.004213660215872,
    "expanded_mp2_ss_correction": -0.12738307402043536,
    "expanded_nuc_repulsion_energy": 4368.231368216325,
    "expanded_xc_energy": -73.96502754302068,
    "homo": -0.2268386368106219,
    "lumo": -0.011546019138810712,
    "method": "RestrictedKSDFT",
    "mp2_tflops": 64.16646286789914,
    "mp2_time": 19.763944,
    "n_atoms": 64,
    "nmers": [
      [
        {
          "fragments": [
            0
          ],
          "hf_energy": -1607.7567788900526,
          "mp2_os_correction": -4.004213660215872,
          "mp2_ss_correction": -0.12738307402043536,
          "num_basis_fns": 3054,
          "num_iters": 16,
          "schema_version": "0.2.0"
        }
      ]
    ],
    "num_iters": 16,
    "ri_fock_time": 31.332986589,
    "ri_tflops": 34.44129021804127,
    "scf_tflops": 29.870270808222898,
    "scf_time": 50.185719097,
    "schema_version": "0.2.0",
    "tflops": 38.60423595129996,
    "total_time": 70.622991,
    "transforms_time": 0.13271809299999998,
    "xc_tflops": 24.122491453111977,
    "xc_time": 6.932430128000001
  },
  "schema_version": "0.2.0"
}
