{
  "calculation_time": 100.670929206,
  "qmmbe": {
    "b_formation_time": 10.099931821,
    "b_tflops": 22.906449779631636,
    "diag_time": 2.910271585,
    "expanded_elec_energy": -6156.859962107317,
    "expanded_hf_energy": -1684.8549169042708,
    "expanded_mp2_os_correction": -4.202064575640006,
    "expanded_mp2_ss_correction": -0.1330286010383411,
    "expanded_nuc_repulsion_energy": 4549.594756996833,
    "expanded_xc_energy": -77.58971179378658,
    "homo": -0.22072155601674734,
    "lumo": -0.020352860101131846,
    "method": "RestrictedKSDFT",
    "mp2_tflops": 64.79818302413673,
    "mp2_time": 32.531935,
    "n_atoms": 68,
    "nmers": [
      [
        {
          "fragments": [
            0
          ],
          "hf_energy": -1684.8549169042708,
          "mp2_os_correction": -4.202064575640006,
          "mp2_ss_correction": -0.1330286010383411,
          "num_basis_fns": 3228,
          "num_iters": 17,
          "schema_version": "0.2.0"
        }
      ]
    ],
    "num_iters": 17,
    "ri_fock_time": 37.72955714900001,
    "ri_tflops": 36.45688971428705,
    "scf_tflops": 31.7326115090636,
    "scf_time": 67.338242466,
    "schema_version": "0.2.0",
    "tflops": 41.04121792058122,
    "total_time": 100.663172,
    "transforms_time": 3.5719098810000007,
    "xc_tflops": 34.19434397958056,
    "xc_time": 11.950251949
  },
  "schema_version": "0.2.0"
}
