{
  "calculation_time": 94.744071562,
  "qmmbe": {
    "b_formation_time": 8.391332778,
    "b_tflops": 25.672869838153375,
    "diag_time": 2.736420635,
    "expanded_elec_energy": -5951.852224034485,
    "expanded_hf_energy": -1684.8900608372956,
    "expanded_mp2_os_correction": -4.194209940357207,
    "expanded_mp2_ss_correction": -0.1324100166419337,
    "expanded_nuc_repulsion_energy": 4344.548354190689,
    "expanded_xc_energy": -77.58619099349976,
    "homo": -0.22451448256431222,
    "lumo": -0.015248876268602982,
    "method": "RestrictedKSDFT",
    "mp2_tflops": 65.45603636503711,
    "mp2_time": 32.349754,
    "n_atoms": 68,
    "nmers": [
      [
        {
          "fragments": [
            0
          ],
          "hf_energy": -1684.8900608372956,
          "mp2_os_correction": -4.194209940357207,
          "mp2_ss_correction": -0.1324100166419337,
          "num_basis_fns": 3228,
          "num_iters": 16,
          "schema_version": "0.2.0"
        }
      ]
    ],
    "num_iters": 16,
    "ri_fock_time": 35.395690560000006,
    "ri_tflops": 37.86702640832941,
    "scf_tflops": 32.47265394061328,
    "scf_time": 61.698568636,
    "schema_version": "0.2.0",
    "tflops": 42.621676275801164,
    "total_time": 94.736356,
    "transforms_time": 3.442255981,
    "xc_tflops": 34.18330043384995,
    "xc_time": 10.463661672999999
  },
  "schema_version": "0.2.0"
}
