{
  "calculation_time": 72.39594874,
  "qmmbe": {
    "b_formation_time": 6.243519464,
    "b_tflops": 26.542553926949044,
    "diag_time": 2.1872745370000004,
    "expanded_elec_energy": -5322.62570457857,
    "expanded_hf_energy": -1531.8029375947963,
    "expanded_mp2_os_correction": -3.820113032790142,
    "expanded_mp2_ss_correction": -0.1206517212592863,
    "expanded_nuc_repulsion_energy": 3861.3752669445394,
    "expanded_xc_energy": -70.55249996076611,
    "method": "RestrictedKSDFT",
    "mp2_tflops": 63.25254184806244,
    "mp2_time": 21.765144,
    "n_atoms": 62,
    "nmers": [
      [
        {
          "fragments": [
            0
          ],
          "hf_energy": -1531.8029375947963,
          "mp2_os_correction": -3.820113032790142,
          "mp2_ss_correction": -0.1206517212592863,
          "num_basis_fns": 2940,
          "num_iters": 16,
          "schema_version": "0.2.0"
        }
      ]
    ],
    "num_iters": 16,
    "ri_fock_time": 27.693761509,
    "ri_tflops": 33.318868132358624,
    "scf_tflops": 29.234157499158066,
    "scf_time": 49.956567203,
    "schema_version": "0.2.0",
    "tflops": 38.69048028156493,
    "total_time": 72.388849,
    "transforms_time": 3.177968841,
    "xc_tflops": 33.06262494079074,
    "xc_time": 9.983486171
  },
  "schema_version": "0.2.0"
}
