{
  "calculation_time": 83.623379108,
  "qmmbe": {
    "b_formation_time": 9.628579191,
    "b_tflops": 23.934643368429246,
    "diag_time": 2.730872033,
    "expanded_elec_energy": -6140.743658463798,
    "expanded_hf_energy": -1684.8618005609358,
    "expanded_mp2_os_correction": -4.201146472054249,
    "expanded_mp2_ss_correction": -0.13272749516434273,
    "expanded_nuc_repulsion_energy": 4533.465301730265,
    "expanded_xc_energy": -77.58344382740306,
    "homo": -0.21657749950896377,
    "lumo": -0.023589215625088925,
    "method": "RestrictedKSDFT",
    "mp2_tflops": 64.5650160251557,
    "mp2_time": 25.316882,
    "n_atoms": 68,
    "nmers": [
      [
        {
          "fragments": [
            0
          ],
          "hf_energy": -1684.8618005609358,
          "mp2_os_correction": -4.201146472054249,
          "mp2_ss_correction": -0.13272749516434273,
          "num_basis_fns": 3228,
          "num_iters": 16,
          "schema_version": "0.2.0"
        }
      ]
    ],
    "num_iters": 16,
    "ri_fock_time": 35.763562957,
    "ri_tflops": 37.47752020647242,
    "scf_tflops": 32.23300931754298,
    "scf_time": 57.584811099,
    "schema_version": "0.2.0",
    "tflops": 40.516004097508855,
    "total_time": 83.615681,
    "transforms_time": 0.145708314,
    "xc_tflops": 23.182696619600893,
    "xc_time": 7.53726918
  },
  "schema_version": "0.2.0"
}
