{
  "calculation_time": 109.806515693,
  "qmmbe": {
    "b_formation_time": 8.396121181,
    "b_tflops": 26.85150807263557,
    "diag_time": 2.912955024,
    "expanded_elec_energy": -6066.703995741631,
    "expanded_hf_energy": -1684.835883347862,
    "expanded_mp2_os_correction": -4.204929637475129,
    "expanded_mp2_ss_correction": -0.13306706447528563,
    "expanded_nuc_repulsion_energy": 4459.454814056314,
    "expanded_xc_energy": -77.58670166254473,
    "homo": -0.21044986324300938,
    "lumo": -0.030195543711184665,
    "method": "RestrictedKSDFT",
    "mp2_tflops": 32.288062828701,
    "mp2_time": 50.625053,
    "n_atoms": 68,
    "nmers": [
      [
        {
          "fragments": [
            0
          ],
          "hf_energy": -1684.835883347862,
          "mp2_os_correction": -4.204929637475129,
          "mp2_ss_correction": -0.13306706447528563,
          "num_basis_fns": 3228,
          "num_iters": 17,
          "schema_version": "0.2.0"
        }
      ]
    ],
    "num_iters": 17,
    "ri_fock_time": 37.329808539,
    "ri_tflops": 36.84729005971117,
    "scf_tflops": 31.677812141087657,
    "scf_time": 58.512366687,
    "schema_version": "0.2.0",
    "tflops": 31.18203256680376,
    "total_time": 109.798914,
    "transforms_time": 0.15401860699999997,
    "xc_tflops": 22.29499394461157,
    "xc_time": 8.077215295000002
  },
  "schema_version": "0.2.0"
}
