{
  "calculation_time": 86.149208097,
  "qmmbe": {
    "b_formation_time": 7.684962144,
    "b_tflops": 26.17854328610054,
    "diag_time": 2.5691453149999997,
    "expanded_elec_energy": -5849.658335120334,
    "expanded_hf_energy": -1607.7470008289592,
    "expanded_mp2_os_correction": -4.005591872435519,
    "expanded_mp2_ss_correction": -0.12739507206406142,
    "expanded_nuc_repulsion_energy": 4315.8746140407975,
    "expanded_xc_energy": -73.96327974942224,
    "method": "RestrictedKSDFT",
    "mp2_tflops": 62.55312068251582,
    "mp2_time": 26.480695,
    "n_atoms": 64,
    "nmers": [
      [
        {
          "fragments": [
            0
          ],
          "hf_energy": -1607.7470008289592,
          "mp2_os_correction": -4.005591872435519,
          "mp2_ss_correction": -0.12739507206406142,
          "num_basis_fns": 3054,
          "num_iters": 17,
          "schema_version": "0.2.0"
        }
      ]
    ],
    "num_iters": 17,
    "ri_fock_time": 32.821159655,
    "ri_tflops": 33.746561053030774,
    "scf_tflops": 29.98691666251156,
    "scf_time": 58.960401652,
    "schema_version": "0.2.0",
    "tflops": 39.14027553195148,
    "total_time": 86.141526,
    "transforms_time": 3.419695441,
    "xc_tflops": 35.138006622960035,
    "xc_time": 11.407159584999999
  },
  "schema_version": "0.2.0"
}
