{
  "calculation_time": 102.010468889,
  "qmmbe": {
    "b_formation_time": 10.695783253,
    "b_tflops": 22.14249751686063,
    "diag_time": 2.9071252780000005,
    "expanded_elec_energy": -6209.959264574656,
    "expanded_hf_energy": -1684.838783463188,
    "expanded_mp2_os_correction": -4.207065183452729,
    "expanded_mp2_ss_correction": -0.13334863496504637,
    "expanded_nuc_repulsion_energy": 4602.7112512025415,
    "expanded_xc_energy": -77.59077009107352,
    "homo": -0.22161131160130845,
    "lumo": -0.017118997760540676,
    "method": "RestrictedKSDFT",
    "mp2_tflops": 64.45299085036855,
    "mp2_time": 32.706173,
    "n_atoms": 68,
    "nmers": [
      [
        {
          "fragments": [
            0
          ],
          "hf_energy": -1684.838783463188,
          "mp2_os_correction": -4.207065183452729,
          "mp2_ss_correction": -0.13334863496504637,
          "num_basis_fns": 3228,
          "num_iters": 17,
          "schema_version": "0.2.0"
        }
      ]
    ],
    "num_iters": 17,
    "ri_fock_time": 37.776430502,
    "ri_tflops": 36.41165531500031,
    "scf_tflops": 31.77458722647207,
    "scf_time": 68.538904576,
    "schema_version": "0.2.0",
    "tflops": 40.75151137308713,
    "total_time": 102.002881,
    "transforms_time": 3.7676543199999997,
    "xc_tflops": 35.97469028000696,
    "xc_time": 11.912986352
  },
  "schema_version": "0.2.0"
}
