{
  "calculation_time": 99.414100131,
  "qmmbe": {
    "b_formation_time": 9.213189678,
    "b_tflops": 24.753915516052178,
    "diag_time": 2.943156088,
    "expanded_elec_energy": -6122.397418978545,
    "expanded_hf_energy": -1684.8646198146337,
    "expanded_mp2_os_correction": -4.200725282607218,
    "expanded_mp2_ss_correction": -0.13293949170472544,
    "expanded_nuc_repulsion_energy": 4515.122118155847,
    "expanded_xc_energy": -77.58931899193543,
    "method": "RestrictedKSDFT",
    "mp2_tflops": 65.49675803259026,
    "mp2_time": 32.329647,
    "n_atoms": 68,
    "nmers": [
      [
        {
          "fragments": [
            0
          ],
          "hf_energy": -1684.8646198146337,
          "mp2_os_correction": -4.200725282607218,
          "mp2_ss_correction": -0.13293949170472544,
          "num_basis_fns": 3228,
          "num_iters": 17,
          "schema_version": "0.2.0"
        }
      ]
    ],
    "num_iters": 17,
    "ri_fock_time": 37.446242072000004,
    "ri_tflops": 36.7327188791137,
    "scf_tflops": 31.819753023490005,
    "scf_time": 66.312766334,
    "schema_version": "0.2.0",
    "tflops": 41.61036527352713,
    "total_time": 99.406279,
    "transforms_time": 3.6586044430000006,
    "xc_tflops": 35.35813330426871,
    "xc_time": 11.578069006999998
  },
  "schema_version": "0.2.0"
}
