{
  "calculation_time": 86.631125825,
  "qmmbe": {
    "b_formation_time": 7.719785966,
    "b_tflops": 26.347835725464723,
    "diag_time": 2.542340803,
    "expanded_elec_energy": -5876.151246599819,
    "expanded_hf_energy": -1607.742483984054,
    "expanded_mp2_os_correction": -4.006143057917354,
    "expanded_mp2_ss_correction": -0.1273963370247356,
    "expanded_nuc_repulsion_energy": 4342.3722265561155,
    "expanded_xc_energy": -73.96346394035001,
    "method": "RestrictedKSDFT",
    "mp2_tflops": 62.60086912795531,
    "mp2_time": 26.460497,
    "n_atoms": 64,
    "nmers": [
      [
        {
          "fragments": [
            0
          ],
          "hf_energy": -1607.742483984054,
          "mp2_os_correction": -4.006143057917354,
          "mp2_ss_correction": -0.1273963370247356,
          "num_basis_fns": 3054,
          "num_iters": 17,
          "schema_version": "0.2.0"
        }
      ]
    ],
    "num_iters": 17,
    "ri_fock_time": 33.051922786,
    "ri_tflops": 33.5109497641504,
    "scf_tflops": 29.95693745055699,
    "scf_time": 59.425646515,
    "schema_version": "0.2.0",
    "tflops": 39.08017139710943,
    "total_time": 86.623159,
    "transforms_time": 3.521766107999999,
    "xc_tflops": 35.54627520227119,
    "xc_time": 11.587123068999997
  },
  "schema_version": "0.2.0"
}
