{
  "calculation_time": 31.196082428,
  "qmmbe": {
    "b_formation_time": 3.140246992,
    "b_tflops": 27.360168414230266,
    "diag_time": 1.3807673599999999,
    "expanded_elec_energy": -4025.3560188414826,
    "expanded_hf_energy": -1225.631060262165,
    "expanded_mp2_os_correction": -3.0690424745996494,
    "expanded_mp2_ss_correction": -0.0966311962363655,
    "expanded_nuc_repulsion_energy": 2856.132634222171,
    "expanded_xc_energy": -56.407675642853356,
    "homo": -0.20854164938378314,
    "lumo": -0.03183954142716331,
    "method": "RestrictedKSDFT",
    "mp2_tflops": 55.84146673744775,
    "mp2_time": 6.749445,
    "n_atoms": 50,
    "nmers": [
      [
        {
          "fragments": [
            0
          ],
          "hf_energy": -1225.631060262165,
          "mp2_os_correction": -3.0690424745996494,
          "mp2_ss_correction": -0.0966311962363655,
          "num_basis_fns": 2364,
          "num_iters": 16,
          "schema_version": "0.2.0"
        }
      ]
    ],
    "num_iters": 16,
    "ri_fock_time": 13.504144164999996,
    "ri_tflops": 28.60274824675349,
    "scf_tflops": 24.299670123025965,
    "scf_time": 23.991243325,
    "schema_version": "0.2.0",
    "tflops": 30.658780705434523,
    "total_time": 31.190456,
    "transforms_time": 0.08513374600000001,
    "xc_tflops": 21.57096099034919,
    "xc_time": 4.8359222420000005
  },
  "schema_version": "0.2.0"
}
