{
  "calculation_time": 101.314590473,
  "qmmbe": {
    "b_formation_time": 10.646420339,
    "b_tflops": 22.155699627797684,
    "diag_time": 2.9382936109999993,
    "expanded_elec_energy": -6201.016592997132,
    "expanded_hf_energy": -1684.8438845035466,
    "expanded_mp2_os_correction": -4.205298509739647,
    "expanded_mp2_ss_correction": -0.13321128810758973,
    "expanded_nuc_repulsion_energy": 4593.764278749422,
    "expanded_xc_energy": -77.59157025583738,
    "homo": -0.2147754526901857,
    "lumo": -0.028905834688451273,
    "method": "RestrictedKSDFT",
    "mp2_tflops": 64.76372871210862,
    "mp2_time": 32.54925,
    "n_atoms": 68,
    "nmers": [
      [
        {
          "fragments": [
            0
          ],
          "hf_energy": -1684.8438845035466,
          "mp2_os_correction": -4.205298509739647,
          "mp2_ss_correction": -0.13321128810758973,
          "num_basis_fns": 3228,
          "num_iters": 17,
          "schema_version": "0.2.0"
        }
      ]
    ],
    "num_iters": 17,
    "ri_fock_time": 37.554550358,
    "ri_tflops": 36.626782995868666,
    "scf_tflops": 31.885718367944364,
    "scf_time": 68.000205947,
    "schema_version": "0.2.0",
    "tflops": 40.93055261426776,
    "total_time": 101.306609,
    "transforms_time": 3.68117701,
    "xc_tflops": 37.15060074859361,
    "xc_time": 11.286194941
  },
  "schema_version": "0.2.0"
}
