{
  "calculation_time": 101.798588073,
  "qmmbe": {
    "b_formation_time": 10.597379673,
    "b_tflops": 22.38631818219126,
    "diag_time": 2.909134695,
    "expanded_elec_energy": -6207.904397999466,
    "expanded_hf_energy": -1684.8363440369646,
    "expanded_mp2_os_correction": -4.2076496242910855,
    "expanded_mp2_ss_correction": -0.1333817035932905,
    "expanded_nuc_repulsion_energy": 4600.659060486572,
    "expanded_xc_energy": -77.59100652407113,
    "method": "RestrictedKSDFT",
    "mp2_tflops": 64.16365956905612,
    "mp2_time": 32.853654,
    "n_atoms": 68,
    "nmers": [
      [
        {
          "fragments": [
            0
          ],
          "hf_energy": -1684.8363440369646,
          "mp2_os_correction": -4.2076496242910855,
          "mp2_ss_correction": -0.1333817035932905,
          "num_basis_fns": 3228,
          "num_iters": 17,
          "schema_version": "0.2.0"
        }
      ]
    ],
    "num_iters": 17,
    "ri_fock_time": 37.847285234000005,
    "ri_tflops": 36.343488257229325,
    "scf_tflops": 31.88127675261936,
    "scf_time": 68.172010808,
    "schema_version": "0.2.0",
    "tflops": 40.82333134656222,
    "total_time": 101.790803,
    "transforms_time": 3.436030537000001,
    "xc_tflops": 34.99837745040344,
    "xc_time": 12.197358906000002
  },
  "schema_version": "0.2.0"
}
