{
  "calculation_time": 77.15087913,
  "qmmbe": {
    "b_formation_time": 7.11457066,
    "b_tflops": 25.02659646423921,
    "diag_time": 2.337740776,
    "expanded_elec_energy": -5498.812147607146,
    "expanded_hf_energy": -1531.787765009746,
    "expanded_mp2_os_correction": -3.8278970577107585,
    "expanded_mp2_ss_correction": -0.12106211987811556,
    "expanded_nuc_repulsion_energy": 4037.490043130189,
    "expanded_xc_energy": -70.4656605327894,
    "homo": -0.23249941118332934,
    "lumo": -0.013499773047475686,
    "method": "RestrictedKSDFT",
    "mp2_tflops": 61.25946574999173,
    "mp2_time": 22.473277,
    "n_atoms": 62,
    "nmers": [
      [
        {
          "fragments": [
            0
          ],
          "hf_energy": -1531.787765009746,
          "mp2_os_correction": -3.8278970577107585,
          "mp2_ss_correction": -0.12106211987811556,
          "num_basis_fns": 2940,
          "num_iters": 16,
          "schema_version": "0.2.0"
        }
      ]
    ],
    "num_iters": 16,
    "ri_fock_time": 29.476962209000007,
    "ri_tflops": 31.30325473886283,
    "scf_tflops": 27.978551656574766,
    "scf_time": 54.005286425,
    "schema_version": "0.2.0",
    "tflops": 36.884569001286266,
    "total_time": 77.143992,
    "transforms_time": 3.2372278889999997,
    "xc_tflops": 29.388078316586288,
    "xc_time": 12.333837234999997
  },
  "schema_version": "0.2.0"
}
