{
  "calculation_time": 102.299843031,
  "qmmbe": {
    "b_formation_time": 10.284641734,
    "b_tflops": 23.47119043241609,
    "diag_time": 2.909536681,
    "expanded_elec_energy": -6258.020261029645,
    "expanded_hf_energy": -1684.8238559943043,
    "expanded_mp2_os_correction": -4.210661308069126,
    "expanded_mp2_ss_correction": -0.13351623665773998,
    "expanded_nuc_repulsion_energy": 4650.787776985711,
    "expanded_xc_energy": -77.59137195037101,
    "homo": -0.20588523436444628,
    "lumo": -0.03464410208952603,
    "method": "RestrictedKSDFT",
    "mp2_tflops": 63.86864844582204,
    "mp2_time": 33.005403,
    "n_atoms": 68,
    "nmers": [
      [
        {
          "fragments": [
            0
          ],
          "hf_energy": -1684.8238559943043,
          "mp2_os_correction": -4.210661308069126,
          "mp2_ss_correction": -0.13351623665773998,
          "num_basis_fns": 3228,
          "num_iters": 17,
          "schema_version": "0.2.0"
        }
      ]
    ],
    "num_iters": 17,
    "ri_fock_time": 38.137576427,
    "ri_tflops": 36.06685528281118,
    "scf_tflops": 31.614386346119737,
    "scf_time": 68.462991803,
    "schema_version": "0.2.0",
    "tflops": 40.705726432872865,
    "total_time": 102.29198,
    "transforms_time": 3.670799346999999,
    "xc_tflops": 35.02805552564401,
    "xc_time": 12.308328976
  },
  "schema_version": "0.2.0"
}
