{
  "calculation_time": 98.61019647,
  "qmmbe": {
    "b_formation_time": 9.118524792,
    "b_tflops": 24.742012989378292,
    "diag_time": 2.935048155,
    "expanded_elec_energy": -6090.472440832567,
    "expanded_hf_energy": -1684.8706411285434,
    "expanded_mp2_os_correction": -4.199538556147332,
    "expanded_mp2_ss_correction": -0.13283664199673964,
    "expanded_nuc_repulsion_energy": 4483.190036400942,
    "expanded_xc_energy": -77.58823669691753,
    "homo": -0.2316865616118411,
    "lumo": -0.00941013516796203,
    "method": "RestrictedKSDFT",
    "mp2_tflops": 65.63441313813057,
    "mp2_time": 32.261839,
    "n_atoms": 68,
    "nmers": [
      [
        {
          "fragments": [
            0
          ],
          "hf_energy": -1684.8706411285434,
          "mp2_os_correction": -4.199538556147332,
          "mp2_ss_correction": -0.13283664199673964,
          "num_basis_fns": 3228,
          "num_iters": 17,
          "schema_version": "0.2.0"
        }
      ]
    ],
    "num_iters": 17,
    "ri_fock_time": 37.018327933,
    "ri_tflops": 37.15733151425849,
    "scf_tflops": 31.91726488766427,
    "scf_time": 65.639365561,
    "schema_version": "0.2.0",
    "tflops": 41.80722352222013,
    "total_time": 98.602343,
    "transforms_time": 3.6645297969999997,
    "xc_tflops": 35.49316650357567,
    "xc_time": 11.156357853000001
  },
  "schema_version": "0.2.0"
}
