{
  "calculation_time": 103.916944881,
  "qmmbe": {
    "b_formation_time": 10.816521341,
    "b_tflops": 23.74494907337067,
    "diag_time": 2.934397064,
    "expanded_elec_energy": -6422.864085223232,
    "expanded_hf_energy": -1684.8511194647288,
    "expanded_mp2_os_correction": -4.208212854994896,
    "expanded_mp2_ss_correction": -0.13362332623166268,
    "expanded_nuc_repulsion_energy": 4815.610795329063,
    "expanded_xc_energy": -77.5978295705597,
    "homo": -0.23602704574604152,
    "lumo": -0.003850486278219927,
    "method": "RestrictedKSDFT",
    "mp2_tflops": 63.48930434723011,
    "mp2_time": 33.202612,
    "n_atoms": 68,
    "nmers": [
      [
        {
          "fragments": [
            0
          ],
          "hf_energy": -1684.8511194647288,
          "mp2_os_correction": -4.208212854994896,
          "mp2_ss_correction": -0.13362332623166268,
          "num_basis_fns": 3228,
          "num_iters": 17,
          "schema_version": "0.2.0"
        }
      ]
    ],
    "num_iters": 17,
    "ri_fock_time": 38.80710044,
    "ri_tflops": 35.44461250116197,
    "scf_tflops": 31.88629193226464,
    "scf_time": 69.877877276,
    "schema_version": "0.2.0",
    "tflops": 40.62730406394177,
    "total_time": 103.909331,
    "transforms_time": 3.286453791999999,
    "xc_tflops": 37.92556412481462,
    "xc_time": 12.480122970000004
  },
  "schema_version": "0.2.0"
}
