{
  "calculation_time": 98.245004179,
  "qmmbe": {
    "b_formation_time": 10.348486233,
    "b_tflops": 22.481354909709914,
    "diag_time": 2.7334997939999996,
    "expanded_elec_energy": -6161.4649931246895,
    "expanded_hf_energy": -1684.8544753587546,
    "expanded_mp2_os_correction": -4.203229276529291,
    "expanded_mp2_ss_correction": -0.13311663484473873,
    "expanded_nuc_repulsion_energy": 4554.201753852987,
    "expanded_xc_energy": -77.59123608705235,
    "homo": -0.22907236280296747,
    "lumo": -0.013625786623825896,
    "method": "RestrictedKSDFT",
    "mp2_tflops": 64.70516075088766,
    "mp2_time": 32.578714,
    "n_atoms": 68,
    "nmers": [
      [
        {
          "fragments": [
            0
          ],
          "hf_energy": -1684.8544753587546,
          "mp2_os_correction": -4.203229276529291,
          "mp2_ss_correction": -0.13311663484473873,
          "num_basis_fns": 3228,
          "num_iters": 16,
          "schema_version": "0.2.0"
        }
      ]
    ],
    "num_iters": 16,
    "ri_fock_time": 35.974055537,
    "ri_tflops": 37.258232242338245,
    "scf_tflops": 32.34344738215531,
    "scf_time": 64.89122553,
    "schema_version": "0.2.0",
    "tflops": 41.53019727922004,
    "total_time": 98.237363,
    "transforms_time": 3.471769032,
    "xc_tflops": 35.094803945331975,
    "xc_time": 11.155933919
  },
  "schema_version": "0.2.0"
}
