{
  "calculation_time": 83.093157498,
  "qmmbe": {
    "b_formation_time": 7.552102757,
    "b_tflops": 26.331008812753634,
    "diag_time": 2.4149298249999998,
    "expanded_elec_energy": -5812.5507502519895,
    "expanded_hf_energy": -1607.7422720612724,
    "expanded_mp2_os_correction": -4.005350860861375,
    "expanded_mp2_ss_correction": -0.12728415947790278,
    "expanded_nuc_repulsion_energy": 4278.769764428648,
    "expanded_xc_energy": -73.96128623793115,
    "method": "RestrictedKSDFT",
    "mp2_tflops": 62.67238439366538,
    "mp2_time": 26.430304,
    "n_atoms": 64,
    "nmers": [
      [
        {
          "fragments": [
            0
          ],
          "hf_energy": -1607.7422720612724,
          "mp2_os_correction": -4.005350860861375,
          "mp2_ss_correction": -0.12728415947790278,
          "num_basis_fns": 3054,
          "num_iters": 16,
          "schema_version": "0.2.0"
        }
      ]
    ],
    "num_iters": 16,
    "ri_fock_time": 31.257644984999995,
    "ri_tflops": 34.524303107680716,
    "scf_tflops": 30.574679460621052,
    "scf_time": 55.965189451,
    "schema_version": "0.2.0",
    "tflops": 39.84429354997306,
    "total_time": 83.085693,
    "transforms_time": 3.1413636640000004,
    "xc_tflops": 34.907201078844736,
    "xc_time": 10.627508895
  },
  "schema_version": "0.2.0"
}
