{
  "calculation_time": 81.641846342,
  "qmmbe": {
    "b_formation_time": 8.515921123,
    "b_tflops": 26.124611526029984,
    "diag_time": 2.7605271420000004,
    "expanded_elec_energy": -6066.91553198906,
    "expanded_hf_energy": -1684.8617321082663,
    "expanded_mp2_os_correction": -4.200072205866988,
    "expanded_mp2_ss_correction": -0.13263849791192353,
    "expanded_nuc_repulsion_energy": 4459.636991968339,
    "expanded_xc_energy": -77.58319208754588,
    "homo": -0.21107073016905126,
    "lumo": -0.029580580980723005,
    "method": "RestrictedKSDFT",
    "mp2_tflops": 65.58502479008959,
    "mp2_time": 24.923137,
    "n_atoms": 68,
    "nmers": [
      [
        {
          "fragments": [
            0
          ],
          "hf_energy": -1684.8617321082663,
          "mp2_os_correction": -4.200072205866988,
          "mp2_ss_correction": -0.13263849791192353,
          "num_basis_fns": 3228,
          "num_iters": 16,
          "schema_version": "0.2.0"
        }
      ]
    ],
    "num_iters": 16,
    "ri_fock_time": 35.444981838000004,
    "ri_tflops": 37.81436928540056,
    "scf_tflops": 32.411929942717286,
    "scf_time": 56.003045884,
    "schema_version": "0.2.0",
    "tflops": 41.329108290124424,
    "total_time": 81.634178,
    "transforms_time": 0.14506527400000002,
    "xc_tflops": 22.362838456639,
    "xc_time": 7.550259927000001
  },
  "schema_version": "0.2.0"
}
