{
  "calculation_time": 43.129186709,
  "qmmbe": {
    "b_formation_time": 3.834738163,
    "b_tflops": 25.804488505726432,
    "diag_time": 1.534137897,
    "expanded_elec_energy": -4339.682243990826,
    "expanded_hf_energy": -1301.6448748148166,
    "expanded_mp2_os_correction": -3.2371906507702963,
    "expanded_mp2_ss_correction": -0.10266677887289336,
    "expanded_nuc_repulsion_energy": 3097.932460925238,
    "expanded_xc_energy": -59.89509174922899,
    "method": "RestrictedKSDFT",
    "mp2_tflops": 59.89964349570827,
    "mp2_time": 10.75988,
    "n_atoms": 52,
    "nmers": [
      [
        {
          "fragments": [
            0
          ],
          "hf_energy": -1301.6448748148166,
          "mp2_os_correction": -3.2371906507702963,
          "mp2_ss_correction": -0.10266677887289336,
          "num_basis_fns": 2478,
          "num_iters": 16,
          "schema_version": "0.2.0"
        }
      ]
    ],
    "num_iters": 16,
    "ri_fock_time": 15.224231430000001,
    "ri_tflops": 30.788858598076107,
    "scf_tflops": 27.376734876690605,
    "scf_time": 31.843344105,
    "schema_version": "0.2.0",
    "tflops": 34.68248105282558,
    "total_time": 43.122943,
    "transforms_time": 2.3406200260000007,
    "xc_tflops": 34.807165520753706,
    "xc_time": 8.048894318
  },
  "schema_version": "0.2.0"
}
