{
  "calculation_time": 48.532348362,
  "qmmbe": {
    "b_formation_time": 4.337913013,
    "b_tflops": 25.651700520544306,
    "diag_time": 1.65015113,
    "expanded_elec_energy": -4494.698676016667,
    "expanded_hf_energy": -1378.7553670935686,
    "expanded_mp2_os_correction": -3.436402303879725,
    "expanded_mp2_ss_correction": -0.10793131699216857,
    "expanded_nuc_repulsion_energy": 3179.3789263443614,
    "expanded_xc_energy": -63.43561742126266,
    "homo": -0.23675878782791857,
    "lumo": -0.011517546194144093,
    "method": "RestrictedKSDFT",
    "mp2_tflops": 60.97867955147531,
    "mp2_time": 14.154924,
    "n_atoms": 56,
    "nmers": [
      [
        {
          "fragments": [
            0
          ],
          "hf_energy": -1378.7553670935686,
          "mp2_os_correction": -3.436402303879725,
          "mp2_ss_correction": -0.10793131699216857,
          "num_basis_fns": 2652,
          "num_iters": 15,
          "schema_version": "0.2.0"
        }
      ]
    ],
    "num_iters": 15,
    "ri_fock_time": 17.008372235,
    "ri_tflops": 34.99399747643682,
    "scf_tflops": 29.423941265137618,
    "scf_time": 33.838678405,
    "schema_version": "0.2.0",
    "tflops": 37.613967453450634,
    "total_time": 48.525977,
    "transforms_time": 2.411691363,
    "xc_tflops": 34.8310250075017,
    "xc_time": 7.237814404
  },
  "schema_version": "0.2.0"
}
