{
  "calculation_time": 96.588468686,
  "qmmbe": {
    "b_formation_time": 8.177262919,
    "b_tflops": 26.115439194655544,
    "diag_time": 2.9165974959999996,
    "expanded_elec_energy": -5900.764598919506,
    "expanded_hf_energy": -1684.8848811252128,
    "expanded_mp2_os_correction": -4.194901152769224,
    "expanded_mp2_ss_correction": -0.13246525187111197,
    "expanded_nuc_repulsion_energy": 4293.466546939567,
    "expanded_xc_energy": -77.5868291452734,
    "homo": -0.21938774861314536,
    "lumo": -0.022015734685665762,
    "method": "RestrictedKSDFT",
    "mp2_tflops": 65.73355592111665,
    "mp2_time": 32.213181,
    "n_atoms": 68,
    "nmers": [
      [
        {
          "fragments": [
            0
          ],
          "hf_energy": -1684.8848811252128,
          "mp2_os_correction": -4.194901152769224,
          "mp2_ss_correction": -0.13246525187111197,
          "num_basis_fns": 3228,
          "num_iters": 17,
          "schema_version": "0.2.0"
        }
      ]
    ],
    "num_iters": 17,
    "ri_fock_time": 36.030323394,
    "ri_tflops": 38.176237962360375,
    "scf_tflops": 32.480847626217994,
    "scf_time": 63.68411812,
    "schema_version": "0.2.0",
    "tflops": 42.530216031243306,
    "total_time": 96.580907,
    "transforms_time": 3.8465927790000003,
    "xc_tflops": 35.98762648776195,
    "xc_time": 10.953219549999998
  },
  "schema_version": "0.2.0"
}
