{
  "calculation_time": 71.736064685,
  "qmmbe": {
    "b_formation_time": 6.175333355,
    "b_tflops": 26.522304981854376,
    "diag_time": 2.1816581229999996,
    "expanded_elec_energy": -5299.26531877704,
    "expanded_hf_energy": -1531.8076216377106,
    "expanded_mp2_os_correction": -3.817469010583313,
    "expanded_mp2_ss_correction": -0.12052610641932084,
    "expanded_nuc_repulsion_energy": 3838.0111114348983,
    "expanded_xc_energy": -70.5534142955687,
    "method": "RestrictedKSDFT",
    "mp2_tflops": 63.33003002869607,
    "mp2_time": 21.738514,
    "n_atoms": 62,
    "nmers": [
      [
        {
          "fragments": [
            0
          ],
          "hf_energy": -1531.8076216377106,
          "mp2_os_correction": -3.817469010583313,
          "mp2_ss_correction": -0.12052610641932084,
          "num_basis_fns": 2940,
          "num_iters": 16,
          "schema_version": "0.2.0"
        }
      ]
    ],
    "num_iters": 16,
    "ri_fock_time": 27.41530239100001,
    "ri_tflops": 33.65729017493074,
    "scf_tflops": 29.436155910767948,
    "scf_time": 49.378496478,
    "schema_version": "0.2.0",
    "tflops": 38.91931905361418,
    "total_time": 71.729336,
    "transforms_time": 3.189992788,
    "xc_tflops": 34.3411144404217,
    "xc_time": 9.402253845000002
  },
  "schema_version": "0.2.0"
}
