{
  "calculation_time": 32.830332336,
  "qmmbe": {
    "expanded_elec_energy": -3851.204682798533,
    "expanded_hf_energy": -1225.6860995264974,
    "expanded_mp2_os_correction": -3.058015126081555,
    "expanded_mp2_ss_correction": -0.0959588579193409,
    "expanded_nuc_repulsion_energy": 2681.929373244866,
    "expanded_xc_energy": -56.41078997283019,
    "method": "RestrictedKSDFT",
    "n_atoms": 50,
    "nmers": [
      [
        {
          "fragments": [
            0
          ],
          "hf_energy": -1225.6860995264974,
          "mp2_os_correction": -3.058015126081555,
          "mp2_ss_correction": -0.0959588579193409,
          "num_basis_fns": 2364,
          "num_iters": 15,
          "schema_version": "0.2.0"
        }
      ]
    ],
    "num_iters": 15,
    "schema_version": "0.2.0"
  },
  "schema_version": "0.2.0"
}
