{
  "calculation_time": 100.483006493,
  "qmmbe": {
    "b_formation_time": 10.318549038,
    "b_tflops": 22.561730619988356,
    "diag_time": 2.907395917,
    "expanded_elec_energy": -6181.705714713076,
    "expanded_hf_energy": -1684.8468406017112,
    "expanded_mp2_os_correction": -4.204644085792144,
    "expanded_mp2_ss_correction": -0.13310893680001326,
    "expanded_nuc_repulsion_energy": 4574.447678988209,
    "expanded_xc_energy": -77.588804876844,
    "homo": -0.21270851558020126,
    "lumo": -0.0266703387506417,
    "method": "RestrictedKSDFT",
    "mp2_tflops": 64.34831375906914,
    "mp2_time": 32.759379,
    "n_atoms": 68,
    "nmers": [
      [
        {
          "fragments": [
            0
          ],
          "hf_energy": -1684.8468406017112,
          "mp2_os_correction": -4.204644085792144,
          "mp2_ss_correction": -0.13310893680001326,
          "num_basis_fns": 3228,
          "num_iters": 17,
          "schema_version": "0.2.0"
        }
      ]
    ],
    "num_iters": 17,
    "ri_fock_time": 37.248000355,
    "ri_tflops": 36.92822039734669,
    "scf_tflops": 32.030771134402855,
    "scf_time": 66.931487354,
    "schema_version": "0.2.0",
    "tflops": 41.09927821055068,
    "total_time": 100.475039,
    "transforms_time": 3.5578103649999995,
    "xc_tflops": 37.586625600873475,
    "xc_time": 10.781238943000004
  },
  "schema_version": "0.2.0"
}
