{
  "calculation_time": 80.170592064,
  "qmmbe": {
    "b_formation_time": 8.194369768,
    "b_tflops": 26.885972704243727,
    "diag_time": 2.760725717,
    "expanded_elec_energy": -5990.211645493906,
    "expanded_hf_energy": -1684.8518863766735,
    "expanded_mp2_os_correction": -4.201955749042219,
    "expanded_mp2_ss_correction": -0.13299104636655076,
    "expanded_nuc_repulsion_energy": 4382.948037024418,
    "expanded_xc_energy": -77.58827790718578,
    "homo": -0.22574670979444075,
    "lumo": -0.011649313982973966,
    "method": "RestrictedKSDFT",
    "mp2_tflops": 68.4143359261651,
    "mp2_time": 23.892431,
    "n_atoms": 68,
    "nmers": [
      [
        {
          "fragments": [
            0
          ],
          "hf_energy": -1684.8518863766735,
          "mp2_os_correction": -4.201955749042219,
          "mp2_ss_correction": -0.13299104636655076,
          "num_basis_fns": 3228,
          "num_iters": 16,
          "schema_version": "0.2.0"
        }
      ]
    ],
    "num_iters": 16,
    "ri_fock_time": 35.192758404,
    "ri_tflops": 38.08537920756545,
    "scf_tflops": 32.49396175572454,
    "scf_time": 55.603466421,
    "schema_version": "0.2.0",
    "tflops": 42.06016617749967,
    "total_time": 80.163001,
    "transforms_time": 0.145485577,
    "xc_tflops": 23.301599067168723,
    "xc_time": 7.242025574999999
  },
  "schema_version": "0.2.0"
}
