{
  "calculation_time": 46.910639368,
  "qmmbe": {
    "b_formation_time": 4.734325936,
    "b_tflops": 28.368785374443213,
    "diag_time": 1.9556926509999997,
    "expanded_elec_energy": -4911.954417471712,
    "expanded_hf_energy": -1454.7063436185285,
    "expanded_mp2_os_correction": -3.6179010415093042,
    "expanded_mp2_ss_correction": -0.1146548466824861,
    "expanded_nuc_repulsion_energy": 3524.1724598679793,
    "expanded_xc_energy": -66.9243860147957,
    "homo": -0.22502790920017768,
    "lumo": -0.015746961359413655,
    "method": "RestrictedKSDFT",
    "mp2_tflops": 64.34946440190895,
    "mp2_time": 12.381088,
    "n_atoms": 58,
    "nmers": [
      [
        {
          "fragments": [
            0
          ],
          "hf_energy": -1454.7063436185285,
          "mp2_os_correction": -3.6179010415093042,
          "mp2_ss_correction": -0.1146548466824861,
          "num_basis_fns": 2766,
          "num_iters": 16,
          "schema_version": "0.2.0"
        }
      ]
    ],
    "num_iters": 16,
    "ri_fock_time": 20.218175326,
    "ri_tflops": 35.94854113637178,
    "scf_tflops": 30.014247989146778,
    "scf_time": 33.997304836,
    "schema_version": "0.2.0",
    "tflops": 38.18066680938198,
    "total_time": 46.903743,
    "transforms_time": 0.11074167,
    "xc_tflops": 24.36957973155326,
    "xc_time": 5.265108339999999
  },
  "schema_version": "0.2.0"
}
