{
  "calculation_time": 101.473171306,
  "qmmbe": {
    "b_formation_time": 10.841362079,
    "b_tflops": 21.58302121104685,
    "diag_time": 2.9431518970000003,
    "expanded_elec_energy": -6182.412736665523,
    "expanded_hf_energy": -1684.8686005637476,
    "expanded_mp2_os_correction": -4.201476447947999,
    "expanded_mp2_ss_correction": -0.13293233105788566,
    "expanded_nuc_repulsion_energy": 4575.133055042973,
    "expanded_xc_energy": -77.58891894119746,
    "method": "RestrictedKSDFT",
    "mp2_tflops": 64.51256987282204,
    "mp2_time": 32.67597,
    "n_atoms": 68,
    "nmers": [
      [
        {
          "fragments": [
            0
          ],
          "hf_energy": -1684.8686005637476,
          "mp2_os_correction": -4.201476447947999,
          "mp2_ss_correction": -0.13293233105788566,
          "num_basis_fns": 3228,
          "num_iters": 17,
          "schema_version": "0.2.0"
        }
      ]
    ],
    "num_iters": 17,
    "ri_fock_time": 37.531368104,
    "ri_tflops": 36.64940650866629,
    "scf_tflops": 31.908058614138632,
    "scf_time": 68.043950769,
    "schema_version": "0.2.0",
    "tflops": 40.8142653046276,
    "total_time": 101.465583,
    "transforms_time": 3.5470910370000004,
    "xc_tflops": 35.945232755222555,
    "xc_time": 11.568507410999997
  },
  "schema_version": "0.2.0"
}
