{
  "calculation_time": 84.370530546,
  "qmmbe": {
    "b_formation_time": 9.388760916,
    "b_tflops": 24.5106923406488,
    "diag_time": 2.903893518,
    "expanded_elec_energy": -6144.808858265878,
    "expanded_hf_energy": -1684.8308977810932,
    "expanded_mp2_os_correction": -4.20643651208646,
    "expanded_mp2_ss_correction": -0.13311733460554717,
    "expanded_nuc_repulsion_energy": 4537.563632820176,
    "expanded_xc_energy": -77.58567233539108,
    "homo": -0.21060119397116608,
    "lumo": -0.03157776079216418,
    "method": "RestrictedKSDFT",
    "mp2_tflops": 68.55030358618158,
    "mp2_time": 23.845039,
    "n_atoms": 68,
    "nmers": [
      [
        {
          "fragments": [
            0
          ],
          "hf_energy": -1684.8308977810932,
          "mp2_os_correction": -4.20643651208646,
          "mp2_ss_correction": -0.13311733460554717,
          "num_basis_fns": 3228,
          "num_iters": 17,
          "schema_version": "0.2.0"
        }
      ]
    ],
    "num_iters": 17,
    "ri_fock_time": 37.611503418,
    "ri_tflops": 36.57131938234887,
    "scf_tflops": 31.51484650784674,
    "scf_time": 59.809198561,
    "schema_version": "0.2.0",
    "tflops": 40.67642644596123,
    "total_time": 84.362818,
    "transforms_time": 0.152771798,
    "xc_tflops": 22.037100306899244,
    "xc_time": 8.314776055
  },
  "schema_version": "0.2.0"
}
