{
  "calculation_time": 88.992846567,
  "qmmbe": {
    "b_formation_time": 9.668943081,
    "b_tflops": 23.846557740191955,
    "diag_time": 2.902468777,
    "expanded_elec_energy": -6159.125344899353,
    "expanded_hf_energy": -1684.8561614357511,
    "expanded_mp2_os_correction": -4.202142290718253,
    "expanded_mp2_ss_correction": -0.13292675411988664,
    "expanded_nuc_repulsion_energy": 4551.856674562868,
    "expanded_xc_energy": -77.58749109926589,
    "homo": -0.20693895372149962,
    "lumo": -0.03312312644274639,
    "method": "RestrictedKSDFT",
    "mp2_tflops": 57.861931728290585,
    "mp2_time": 28.249746,
    "n_atoms": 68,
    "nmers": [
      [
        {
          "fragments": [
            0
          ],
          "hf_energy": -1684.8561614357511,
          "mp2_os_correction": -4.202142290718253,
          "mp2_ss_correction": -0.13292675411988664,
          "num_basis_fns": 3228,
          "num_iters": 17,
          "schema_version": "0.2.0"
        }
      ]
    ],
    "num_iters": 17,
    "ri_fock_time": 37.530496805999995,
    "ri_tflops": 36.650255685666345,
    "scf_tflops": 31.564192642480453,
    "scf_time": 60.031213611,
    "schema_version": "0.2.0",
    "tflops": 38.55954980283923,
    "total_time": 88.984714,
    "transforms_time": 0.15348049599999997,
    "xc_tflops": 21.952413385016552,
    "xc_time": 8.305215251
  },
  "schema_version": "0.2.0"
}
