{
  "calculation_time": 58.65525434,
  "qmmbe": {
    "b_formation_time": 5.27653347,
    "b_tflops": 26.39755627099244,
    "diag_time": 1.941134051,
    "expanded_elec_energy": -4999.842386413231,
    "expanded_hf_energy": -1454.7260079204136,
    "expanded_mp2_os_correction": -3.6140270524710925,
    "expanded_mp2_ss_correction": -0.1146503316946232,
    "expanded_nuc_repulsion_energy": 3612.0468391770614,
    "expanded_xc_energy": -66.93046068424405,
    "method": "RestrictedKSDFT",
    "mp2_tflops": 61.4865375717916,
    "mp2_time": 17.190375,
    "n_atoms": 58,
    "nmers": [
      [
        {
          "fragments": [
            0
          ],
          "hf_energy": -1454.7260079204136,
          "mp2_os_correction": -3.6140270524710925,
          "mp2_ss_correction": -0.1146503316946232,
          "num_basis_fns": 2766,
          "num_iters": 16,
          "schema_version": "0.2.0"
        }
      ]
    ],
    "num_iters": 16,
    "ri_fock_time": 20.654058105,
    "ri_tflops": 35.189883930516224,
    "scf_tflops": 30.479908560546598,
    "scf_time": 40.83722921,
    "schema_version": "0.2.0",
    "tflops": 38.52764070415174,
    "total_time": 58.648498,
    "transforms_time": 2.554322492,
    "xc_tflops": 36.41201431389244,
    "xc_time": 9.116109019
  },
  "schema_version": "0.2.0"
}
