{
  "calculation_time": 95.801187537,
  "qmmbe": {
    "b_formation_time": 8.137378764,
    "b_tflops": 26.10783879151186,
    "diag_time": 2.920084145,
    "expanded_elec_energy": -5916.701881290328,
    "expanded_hf_energy": -1684.8689637509578,
    "expanded_mp2_os_correction": -4.197993855281803,
    "expanded_mp2_ss_correction": -0.13246105432818525,
    "expanded_nuc_repulsion_energy": 4309.41418529571,
    "expanded_xc_energy": -77.58126775633986,
    "homo": -0.20927911138899769,
    "lumo": -0.033499328535447494,
    "method": "RestrictedKSDFT",
    "mp2_tflops": 65.6406105921157,
    "mp2_time": 32.258791,
    "n_atoms": 68,
    "nmers": [
      [
        {
          "fragments": [
            0
          ],
          "hf_energy": -1684.8689637509578,
          "mp2_os_correction": -4.197993855281803,
          "mp2_ss_correction": -0.13246105432818525,
          "num_basis_fns": 3228,
          "num_iters": 17,
          "schema_version": "0.2.0"
        }
      ]
    ],
    "num_iters": 17,
    "ri_fock_time": 36.29244056299999,
    "ri_tflops": 37.900513602619476,
    "scf_tflops": 32.38926048458599,
    "scf_time": 62.853508176,
    "schema_version": "0.2.0",
    "tflops": 42.55779553887081,
    "total_time": 95.79362,
    "transforms_time": 3.2779737090000007,
    "xc_tflops": 35.92925876648623,
    "xc_time": 10.118571675
  },
  "schema_version": "0.2.0"
}
