{
  "calculation_time": 80.166954745,
  "qmmbe": {
    "b_formation_time": 7.765372123,
    "b_tflops": 27.261081062430367,
    "diag_time": 2.7263940610000006,
    "expanded_elec_energy": -5884.965989541193,
    "expanded_hf_energy": -1684.8719775891254,
    "expanded_mp2_os_correction": -4.197651168154775,
    "expanded_mp2_ss_correction": -0.13249074799499147,
    "expanded_nuc_repulsion_energy": 4277.677088589501,
    "expanded_xc_energy": -77.58307663743325,
    "homo": -0.2125088784127961,
    "lumo": -0.029234109730859385,
    "method": "RestrictedKSDFT",
    "mp2_tflops": 66.10097961543539,
    "mp2_time": 24.7286,
    "n_atoms": 68,
    "nmers": [
      [
        {
          "fragments": [
            0
          ],
          "hf_energy": -1684.8719775891254,
          "mp2_os_correction": -4.197651168154775,
          "mp2_ss_correction": -0.13249074799499147,
          "num_basis_fns": 3228,
          "num_iters": 16,
          "schema_version": "0.2.0"
        }
      ]
    ],
    "num_iters": 16,
    "ri_fock_time": 35.064036120000004,
    "ri_tflops": 38.22519124922325,
    "scf_tflops": 32.61888997301151,
    "scf_time": 54.783031872,
    "schema_version": "0.2.0",
    "tflops": 41.87357637215871,
    "total_time": 80.159455,
    "transforms_time": 0.14430523800000003,
    "xc_tflops": 21.378515727251926,
    "xc_time": 7.5907369629999994
  },
  "schema_version": "0.2.0"
}
