{
  "calculation_time": 95.896552174,
  "qmmbe": {
    "b_formation_time": 9.184411356,
    "b_tflops": 24.684576074779198,
    "diag_time": 2.738627347,
    "expanded_elec_energy": -6093.970145857422,
    "expanded_hf_energy": -1684.851238598963,
    "expanded_mp2_os_correction": -4.202900240360929,
    "expanded_mp2_ss_correction": -0.13297292170505584,
    "expanded_nuc_repulsion_energy": 4486.706196472529,
    "expanded_xc_energy": -77.58728921407001,
    "homo": -0.21662214487247847,
    "lumo": -0.023226012260008592,
    "method": "RestrictedKSDFT",
    "mp2_tflops": 65.63087545786395,
    "mp2_time": 32.263578,
    "n_atoms": 68,
    "nmers": [
      [
        {
          "fragments": [
            0
          ],
          "hf_energy": -1684.851238598963,
          "mp2_os_correction": -4.202900240360929,
          "mp2_ss_correction": -0.13297292170505584,
          "num_basis_fns": 3228,
          "num_iters": 16,
          "schema_version": "0.2.0"
        }
      ]
    ],
    "num_iters": 16,
    "ri_fock_time": 35.477110334,
    "ri_tflops": 37.78012413970266,
    "scf_tflops": 32.474256967604404,
    "scf_time": 62.927409879,
    "schema_version": "0.2.0",
    "tflops": 42.37897360344609,
    "total_time": 95.889025,
    "transforms_time": 3.506358932000001,
    "xc_tflops": 36.156461127152696,
    "xc_time": 10.284898601999997
  },
  "schema_version": "0.2.0"
}
