{
  "calculation_time": 98.922411988,
  "qmmbe": {
    "b_formation_time": 9.1853056,
    "b_tflops": 24.5592755877161,
    "diag_time": 2.9067206079999997,
    "expanded_elec_energy": -6082.170938552126,
    "expanded_hf_energy": -1684.8456035482495,
    "expanded_mp2_os_correction": -4.202986247801223,
    "expanded_mp2_ss_correction": -0.13285440593469658,
    "expanded_nuc_repulsion_energy": 4474.910136175569,
    "expanded_xc_energy": -77.58480117169256,
    "homo": -0.21038060072594822,
    "lumo": -0.028155437808874806,
    "method": "RestrictedKSDFT",
    "mp2_tflops": 64.86121357663583,
    "mp2_time": 32.646428,
    "n_atoms": 68,
    "nmers": [
      [
        {
          "fragments": [
            0
          ],
          "hf_energy": -1684.8456035482495,
          "mp2_os_correction": -4.202986247801223,
          "mp2_ss_correction": -0.13285440593469658,
          "num_basis_fns": 3228,
          "num_iters": 17,
          "schema_version": "0.2.0"
        }
      ]
    ],
    "num_iters": 17,
    "ri_fock_time": 37.068714150999995,
    "ri_tflops": 37.10682484174892,
    "scf_tflops": 32.03819951159797,
    "scf_time": 65.535639083,
    "schema_version": "0.2.0",
    "tflops": 41.67803593944151,
    "total_time": 98.914521,
    "transforms_time": 3.530139149,
    "xc_tflops": 35.84576903867242,
    "xc_time": 11.053847026
  },
  "schema_version": "0.2.0"
}
