{
  "calculation_time": 52.087048925,
  "qmmbe": {
    "b_formation_time": 4.751871466,
    "b_tflops": 26.180708613067523,
    "diag_time": 1.7842281100000001,
    "expanded_elec_energy": -4706.500062173298,
    "expanded_hf_energy": -1378.7227231841257,
    "expanded_mp2_os_correction": -3.4458105683015376,
    "expanded_mp2_ss_correction": -0.10876145491982239,
    "expanded_nuc_repulsion_energy": 3391.215598394523,
    "expanded_xc_energy": -63.43825940535093,
    "homo": -0.23814170430122325,
    "lumo": -0.0029289847507691365,
    "method": "RestrictedKSDFT",
    "mp2_tflops": 61.41144252150161,
    "mp2_time": 14.055173,
    "n_atoms": 56,
    "nmers": [
      [
        {
          "fragments": [
            0
          ],
          "hf_energy": -1378.7227231841257,
          "mp2_os_correction": -3.4458105683015376,
          "mp2_ss_correction": -0.10876145491982239,
          "num_basis_fns": 2652,
          "num_iters": 16,
          "schema_version": "0.2.0"
        }
      ]
    ],
    "num_iters": 16,
    "ri_fock_time": 18.604049574999998,
    "ri_tflops": 32.85719483559439,
    "scf_tflops": 28.68363224565675,
    "scf_time": 37.436880372,
    "schema_version": "0.2.0",
    "tflops": 36.626616135673046,
    "total_time": 52.080757,
    "transforms_time": 2.812630379,
    "xc_tflops": 36.25163363417811,
    "xc_time": 8.405970459
  },
  "schema_version": "0.2.0"
}
