{
  "calculation_time": 68.660383411,
  "qmmbe": {
    "b_formation_time": 6.087240057,
    "b_tflops": 26.406317959729513,
    "diag_time": 2.059328488,
    "expanded_elec_energy": -5245.428796383424,
    "expanded_hf_energy": -1531.7991882357767,
    "expanded_mp2_os_correction": -3.823293199741612,
    "expanded_mp2_ss_correction": -0.12048566425588322,
    "expanded_nuc_repulsion_energy": 3784.0911878572288,
    "expanded_xc_energy": -70.46157970958134,
    "homo": -0.21355251211762843,
    "lumo": -0.02836602093795921,
    "method": "RestrictedKSDFT",
    "mp2_tflops": 63.67110071774524,
    "mp2_time": 21.622063,
    "n_atoms": 62,
    "nmers": [
      [
        {
          "fragments": [
            0
          ],
          "hf_energy": -1531.7991882357767,
          "mp2_os_correction": -3.823293199741612,
          "mp2_ss_correction": -0.12048566425588322,
          "num_basis_fns": 2940,
          "num_iters": 15,
          "schema_version": "0.2.0"
        }
      ]
    ],
    "num_iters": 15,
    "ri_fock_time": 25.771229799,
    "ri_tflops": 34.86370639336427,
    "scf_tflops": 30.218838212714733,
    "scf_time": 46.408673774,
    "schema_version": "0.2.0",
    "tflops": 39.83060899393424,
    "total_time": 68.653305,
    "transforms_time": 2.6525643409999993,
    "xc_tflops": 35.18120607383071,
    "xc_time": 8.342752673
  },
  "schema_version": "0.2.0"
}
