{
  "calculation_time": 73.125943639,
  "qmmbe": {
    "b_formation_time": 6.034865482,
    "b_tflops": 26.502585348676707,
    "diag_time": 2.3312847640000003,
    "expanded_elec_energy": -5242.155180894074,
    "expanded_hf_energy": -1531.8013992756196,
    "expanded_mp2_os_correction": -3.819065397811979,
    "expanded_mp2_ss_correction": -0.1205224560003196,
    "expanded_nuc_repulsion_energy": 3780.9043488429356,
    "expanded_xc_energy": -70.55056722448137,
    "method": "RestrictedKSDFT",
    "mp2_tflops": 62.90085727345145,
    "mp2_time": 21.886835,
    "n_atoms": 62,
    "nmers": [
      [
        {
          "fragments": [
            0
          ],
          "hf_energy": -1531.8013992756196,
          "mp2_os_correction": -3.819065397811979,
          "mp2_ss_correction": -0.1205224560003196,
          "num_basis_fns": 2940,
          "num_iters": 17,
          "schema_version": "0.2.0"
        }
      ]
    ],
    "num_iters": 17,
    "ri_fock_time": 27.84463264,
    "ri_tflops": 34.009027701191606,
    "scf_tflops": 29.306770887721434,
    "scf_time": 50.623221563,
    "schema_version": "0.2.0",
    "tflops": 38.60038430362132,
    "total_time": 73.119092,
    "transforms_time": 3.3953680609999997,
    "xc_tflops": 35.521415222261204,
    "xc_time": 9.379170408
  },
  "schema_version": "0.2.0"
}
