{
  "calculation_time": 82.289958263,
  "qmmbe": {
    "b_formation_time": 8.437351846,
    "b_tflops": 26.60735275845743,
    "diag_time": 2.7614500169999996,
    "expanded_elec_energy": -6054.310877946971,
    "expanded_hf_energy": -1684.852470597813,
    "expanded_mp2_os_correction": -4.202564891773084,
    "expanded_mp2_ss_correction": -0.13302785801047293,
    "expanded_nuc_repulsion_energy": 4447.0475140538865,
    "expanded_xc_energy": -77.58910670472834,
    "homo": -0.2242032167212869,
    "lumo": -0.016304029057611562,
    "method": "RestrictedKSDFT",
    "mp2_tflops": 64.10720092117661,
    "mp2_time": 25.497679,
    "n_atoms": 68,
    "nmers": [
      [
        {
          "fragments": [
            0
          ],
          "hf_energy": -1684.852470597813,
          "mp2_os_correction": -4.202564891773084,
          "mp2_ss_correction": -0.13302785801047293,
          "num_basis_fns": 3228,
          "num_iters": 16,
          "schema_version": "0.2.0"
        }
      ]
    ],
    "num_iters": 16,
    "ri_fock_time": 35.551610662,
    "ri_tflops": 37.70095384086449,
    "scf_tflops": 32.3583650212269,
    "scf_time": 56.094747295,
    "schema_version": "0.2.0",
    "tflops": 41.04946386077099,
    "total_time": 82.28194,
    "transforms_time": 0.14479328000000005,
    "xc_tflops": 22.60118929464226,
    "xc_time": 7.546099102
  },
  "schema_version": "0.2.0"
}
