{
  "calculation_time": 95.033405628,
  "qmmbe": {
    "b_formation_time": 8.512075578,
    "b_tflops": 25.962566999730182,
    "diag_time": 2.733297802,
    "expanded_elec_energy": -6029.474115109859,
    "expanded_hf_energy": -1684.8853828004676,
    "expanded_mp2_os_correction": -4.194978107646708,
    "expanded_mp2_ss_correction": -0.132476990389565,
    "expanded_nuc_repulsion_energy": 4422.175444332192,
    "expanded_xc_energy": -77.58671202280031,
    "homo": -0.2231300754849448,
    "lumo": -0.02001001532595913,
    "method": "RestrictedKSDFT",
    "mp2_tflops": 65.43693511294227,
    "mp2_time": 32.359204,
    "n_atoms": 68,
    "nmers": [
      [
        {
          "fragments": [
            0
          ],
          "hf_energy": -1684.8853828004676,
          "mp2_os_correction": -4.194978107646708,
          "mp2_ss_correction": -0.132476990389565,
          "num_basis_fns": 3228,
          "num_iters": 16,
          "schema_version": "0.2.0"
        }
      ]
    ],
    "num_iters": 16,
    "ri_fock_time": 35.14193347999999,
    "ri_tflops": 38.140461758581196,
    "scf_tflops": 32.84090010983309,
    "scf_time": 61.962275041,
    "schema_version": "0.2.0",
    "tflops": 42.802348288661044,
    "total_time": 95.025709,
    "transforms_time": 3.3515724080000004,
    "xc_tflops": 35.63513420528985,
    "xc_time": 10.699578322
  },
  "schema_version": "0.2.0"
}
