{
  "calculation_time": 73.638408824,
  "qmmbe": {
    "b_formation_time": 6.788591712,
    "b_tflops": 26.227031804729048,
    "diag_time": 2.19240036,
    "expanded_elec_energy": -5490.634063426711,
    "expanded_hf_energy": -1531.7875219003197,
    "expanded_mp2_os_correction": -3.8274028792614314,
    "expanded_mp2_ss_correction": -0.12088502739871719,
    "expanded_nuc_repulsion_energy": 4029.308859782541,
    "expanded_xc_energy": -70.4623182561497,
    "homo": -0.23300298533939756,
    "lumo": -0.011672081907033586,
    "method": "RestrictedKSDFT",
    "mp2_tflops": 62.85639482152876,
    "mp2_time": 21.902319,
    "n_atoms": 62,
    "nmers": [
      [
        {
          "fragments": [
            0
          ],
          "hf_energy": -1531.7875219003197,
          "mp2_os_correction": -3.8274028792614314,
          "mp2_ss_correction": -0.12088502739871719,
          "num_basis_fns": 2940,
          "num_iters": 16,
          "schema_version": "0.2.0"
        }
      ]
    ],
    "num_iters": 16,
    "ri_fock_time": 27.800308639999997,
    "ri_tflops": 33.19117312347077,
    "scf_tflops": 29.513762727676664,
    "scf_time": 51.053905551,
    "schema_version": "0.2.0",
    "tflops": 38.57718382737737,
    "total_time": 73.631567,
    "transforms_time": 3.1645111869999996,
    "xc_tflops": 35.753826950243074,
    "xc_time": 9.998915080000003
  },
  "schema_version": "0.2.0"
}
