{
  "calculation_time": 80.237325333,
  "qmmbe": {
    "b_formation_time": 7.884170863,
    "b_tflops": 27.228759518339732,
    "diag_time": 2.7256677590000002,
    "expanded_elec_energy": -5929.658977096729,
    "expanded_hf_energy": -1684.8636436572592,
    "expanded_mp2_os_correction": -4.199904739889445,
    "expanded_mp2_ss_correction": -0.1326511108417282,
    "expanded_nuc_repulsion_energy": 4322.379472102321,
    "expanded_xc_energy": -77.58413866285116,
    "homo": -0.21017510085147087,
    "lumo": -0.03145591759137377,
    "method": "RestrictedKSDFT",
    "mp2_tflops": 66.58439117737352,
    "mp2_time": 24.549069,
    "n_atoms": 68,
    "nmers": [
      [
        {
          "fragments": [
            0
          ],
          "hf_energy": -1684.8636436572592,
          "mp2_os_correction": -4.199904739889445,
          "mp2_ss_correction": -0.1326511108417282,
          "num_basis_fns": 3228,
          "num_iters": 16,
          "schema_version": "0.2.0"
        }
      ]
    ],
    "num_iters": 16,
    "ri_fock_time": 35.204010786999994,
    "ri_tflops": 38.073205842543594,
    "scf_tflops": 32.565619634405394,
    "scf_time": 55.021674302,
    "schema_version": "0.2.0",
    "tflops": 41.89742622988268,
    "total_time": 80.229804,
    "transforms_time": 0.144984182,
    "xc_tflops": 22.64266699420705,
    "xc_time": 7.250224564
  },
  "schema_version": "0.2.0"
}
