{
  "calculation_time": 58.068611198,
  "qmmbe": {
    "b_formation_time": 5.194967031,
    "b_tflops": 26.191609715523523,
    "diag_time": 1.930250361,
    "expanded_elec_energy": -4945.348340339397,
    "expanded_hf_energy": -1454.7051527619478,
    "expanded_mp2_os_correction": -3.6179793955494657,
    "expanded_mp2_ss_correction": -0.11468828590856343,
    "expanded_nuc_repulsion_energy": 3557.567970925221,
    "expanded_xc_energy": -66.92478334777212,
    "method": "RestrictedKSDFT",
    "mp2_tflops": 62.03797033396403,
    "mp2_time": 17.03758,
    "n_atoms": 58,
    "nmers": [
      [
        {
          "fragments": [
            0
          ],
          "hf_energy": -1454.7051527619478,
          "mp2_os_correction": -3.6179793955494657,
          "mp2_ss_correction": -0.11468828590856343,
          "num_basis_fns": 2766,
          "num_iters": 16,
          "schema_version": "0.2.0"
        }
      ]
    ],
    "num_iters": 16,
    "ri_fock_time": 20.477791030999995,
    "ri_tflops": 35.49278856829878,
    "scf_tflops": 29.97582893882139,
    "scf_time": 40.431538997,
    "schema_version": "0.2.0",
    "tflops": 38.414615258142625,
    "total_time": 58.061988,
    "transforms_time": 2.910385679,
    "xc_tflops": 34.42144755625432,
    "xc_time": 8.889384855000001
  },
  "schema_version": "0.2.0"
}
