{
  "calculation_time": 58.782988765,
  "qmmbe": {
    "b_formation_time": 6.124431186,
    "b_tflops": 27.437130760287396,
    "diag_time": 2.062424637,
    "expanded_elec_energy": -5362.198582333183,
    "expanded_hf_energy": -1531.8147875165969,
    "expanded_mp2_os_correction": -3.821172551369695,
    "expanded_mp2_ss_correction": -0.12061856221901501,
    "expanded_nuc_repulsion_energy": 3900.8521214090206,
    "expanded_xc_energy": -70.46832659243407,
    "homo": -0.23250267327755067,
    "lumo": -0.008944349693415335,
    "method": "RestrictedKSDFT",
    "mp2_tflops": 65.62884108859134,
    "mp2_time": 15.932194,
    "n_atoms": 62,
    "nmers": [
      [
        {
          "fragments": [
            0
          ],
          "hf_energy": -1531.8147875165969,
          "mp2_os_correction": -3.821172551369695,
          "mp2_ss_correction": -0.12061856221901501,
          "num_basis_fns": 2940,
          "num_iters": 15,
          "schema_version": "0.2.0"
        }
      ]
    ],
    "num_iters": 15,
    "ri_fock_time": 26.219156762999997,
    "ri_tflops": 34.26809828750007,
    "scf_tflops": 29.444020268730434,
    "scf_time": 42.24347673,
    "schema_version": "0.2.0",
    "tflops": 38.409989312517325,
    "total_time": 58.775787,
    "transforms_time": 0.11574106700000002,
    "xc_tflops": 21.456924846021405,
    "xc_time": 6.5264433660000005
  },
  "schema_version": "0.2.0"
}
