{
  "calculation_time": 51.348412024,
  "qmmbe": {
    "b_formation_time": 4.429181968,
    "b_tflops": 26.674331969687096,
    "diag_time": 1.800283162,
    "expanded_elec_energy": -4722.921717582029,
    "expanded_hf_energy": -1377.5849152524502,
    "expanded_mp2_os_correction": -3.4215520110322033,
    "expanded_mp2_ss_correction": -0.10903359993775584,
    "expanded_nuc_repulsion_energy": 3408.6356788506587,
    "expanded_xc_energy": -63.29887652108023,
    "method": "RestrictedKSDFT",
    "mp2_tflops": 59.809336494461114,
    "mp2_time": 13.282001,
    "n_atoms": 54,
    "nmers": [
      [
        {
          "fragments": [
            0
          ],
          "hf_energy": -1377.5849152524502,
          "mp2_os_correction": -3.4215520110322033,
          "mp2_ss_correction": -0.10903359993775584,
          "num_basis_fns": 2592,
          "num_iters": 17,
          "schema_version": "0.2.0"
        }
      ]
    ],
    "num_iters": 17,
    "ri_fock_time": 18.43025058,
    "ri_tflops": 31.407345652675765,
    "scf_tflops": 27.893865667504308,
    "scf_time": 37.509940421,
    "schema_version": "0.2.0",
    "tflops": 35.42309862944963,
    "total_time": 51.342091,
    "transforms_time": 2.7976689880000007,
    "xc_tflops": 35.6379830922938,
    "xc_time": 9.071378941999999
  },
  "schema_version": "0.2.0"
}
