{
  "calculation_time": 85.226314844,
  "qmmbe": {
    "b_formation_time": 10.229517056,
    "b_tflops": 23.070639038814072,
    "diag_time": 2.8963367,
    "expanded_elec_energy": -6198.841850804067,
    "expanded_hf_energy": -1684.859959447177,
    "expanded_mp2_os_correction": -4.2028232100898375,
    "expanded_mp2_ss_correction": -0.13309924957581545,
    "expanded_nuc_repulsion_energy": 4591.573458506218,
    "expanded_xc_energy": -77.59156714932847,
    "homo": -0.22852835890268952,
    "lumo": -0.011117414594445403,
    "method": "RestrictedKSDFT",
    "mp2_tflops": 69.2216272436616,
    "mp2_time": 23.489335,
    "n_atoms": 68,
    "nmers": [
      [
        {
          "fragments": [
            0
          ],
          "hf_energy": -1684.859959447177,
          "mp2_os_correction": -4.2028232100898375,
          "mp2_ss_correction": -0.13309924957581545,
          "num_basis_fns": 3228,
          "num_iters": 17,
          "schema_version": "0.2.0"
        }
      ]
    ],
    "num_iters": 17,
    "ri_fock_time": 37.677276768,
    "ri_tflops": 36.507478365265705,
    "scf_tflops": 31.356125025625666,
    "scf_time": 61.012734945,
    "schema_version": "0.2.0",
    "tflops": 40.255032852888256,
    "total_time": 85.218891,
    "transforms_time": 0.15440691899999998,
    "xc_tflops": 23.010965352281136,
    "xc_time": 8.034045708
  },
  "schema_version": "0.2.0"
}
