{
  "calculation_time": 59.093475563,
  "qmmbe": {
    "b_formation_time": 5.160021224,
    "b_tflops": 27.778210306927992,
    "diag_time": 2.0754890730000004,
    "expanded_elec_energy": -5054.798993419985,
    "expanded_hf_energy": -1454.7004581896176,
    "expanded_mp2_os_correction": -3.6239738586370436,
    "expanded_mp2_ss_correction": -0.11488547138666513,
    "expanded_nuc_repulsion_energy": 3666.941626070005,
    "expanded_xc_energy": -66.84309083963757,
    "homo": -0.23018039433475496,
    "lumo": -0.012239918197087139,
    "method": "RestrictedKSDFT",
    "mp2_tflops": 36.86554843330137,
    "mp2_time": 21.611409,
    "n_atoms": 58,
    "nmers": [
      [
        {
          "fragments": [
            0
          ],
          "hf_energy": -1454.7004581896176,
          "mp2_os_correction": -3.6239738586370436,
          "mp2_ss_correction": -0.11488547138666513,
          "num_basis_fns": 2766,
          "num_iters": 17,
          "schema_version": "0.2.0"
        }
      ]
    ],
    "num_iters": 17,
    "ri_fock_time": 22.066836886999997,
    "ri_tflops": 33.80682024470198,
    "scf_tflops": 28.691045014425704,
    "scf_time": 36.901817278,
    "schema_version": "0.2.0",
    "tflops": 31.022933920800025,
    "total_time": 59.086975,
    "transforms_time": 0.11730198099999999,
    "xc_tflops": 23.468641668146052,
    "xc_time": 6.045982638999999
  },
  "schema_version": "0.2.0"
}
