{
  "calculation_time": 68.855512396,
  "qmmbe": {
    "b_formation_time": 5.908669904,
    "b_tflops": 26.885997843754314,
    "diag_time": 2.242238974,
    "expanded_elec_energy": -5334.303796789893,
    "expanded_hf_energy": -1530.6638308052209,
    "expanded_mp2_os_correction": -3.7998930458141245,
    "expanded_mp2_ss_correction": -0.12101541211533876,
    "expanded_nuc_repulsion_energy": 3873.9706400944656,
    "expanded_xc_energy": -70.33067410979388,
    "method": "RestrictedKSDFT",
    "mp2_tflops": 63.977000902616346,
    "mp2_time": 20.091766,
    "n_atoms": 60,
    "nmers": [
      [
        {
          "fragments": [
            0
          ],
          "hf_energy": -1530.6638308052209,
          "mp2_os_correction": -3.7998930458141245,
          "mp2_ss_correction": -0.12101541211533876,
          "num_basis_fns": 2880,
          "num_iters": 17,
          "schema_version": "0.2.0"
        }
      ]
    ],
    "num_iters": 17,
    "ri_fock_time": 25.438380414,
    "ri_tflops": 34.61807178366383,
    "scf_tflops": 30.106758353607532,
    "scf_time": 48.110996345,
    "schema_version": "0.2.0",
    "tflops": 39.140193994321265,
    "total_time": 68.848633,
    "transforms_time": 3.157415861,
    "xc_tflops": 35.176981351026775,
    "xc_time": 10.357540045999999
  },
  "schema_version": "0.2.0"
}
