{
  "calculation_time": 63.619246657,
  "qmmbe": {
    "b_formation_time": 6.107713938,
    "b_tflops": 28.262534109865182,
    "diag_time": 2.331206597,
    "expanded_elec_energy": -5421.241382385987,
    "expanded_hf_energy": -1531.7991472870465,
    "expanded_mp2_os_correction": -3.824101527121612,
    "expanded_mp2_ss_correction": -0.12063311014238154,
    "expanded_nuc_repulsion_energy": 3959.90421941994,
    "expanded_xc_energy": -70.46198432099968,
    "homo": -0.23806355745625413,
    "lumo": -0.00908162121994875,
    "method": "RestrictedKSDFT",
    "mp2_tflops": 61.97963572561946,
    "mp2_time": 16.870241,
    "n_atoms": 62,
    "nmers": [
      [
        {
          "fragments": [
            0
          ],
          "hf_energy": -1531.7991472870465,
          "mp2_os_correction": -3.824101527121612,
          "mp2_ss_correction": -0.12063311014238154,
          "num_basis_fns": 2940,
          "num_iters": 17,
          "schema_version": "0.2.0"
        }
      ]
    ],
    "num_iters": 17,
    "ri_fock_time": 28.918936877000004,
    "ri_tflops": 32.74563441500553,
    "scf_tflops": 28.19843374727938,
    "scf_time": 46.117986334,
    "schema_version": "0.2.0",
    "tflops": 36.59068194407682,
    "total_time": 63.612096,
    "transforms_time": 0.13021569899999996,
    "xc_tflops": 21.121132485159226,
    "xc_time": 7.407627825999999
  },
  "schema_version": "0.2.0"
}
