{
  "calculation_time": 88.398647146,
  "qmmbe": {
    "b_formation_time": 10.280716945,
    "b_tflops": 24.226114563971002,
    "diag_time": 2.9356966,
    "expanded_elec_energy": -6350.934844922309,
    "expanded_hf_energy": -1684.8447172518431,
    "expanded_mp2_os_correction": -4.207133839020261,
    "expanded_mp2_ss_correction": -0.1335575470826907,
    "expanded_nuc_repulsion_energy": 4743.687345965337,
    "expanded_xc_energy": -77.59721829487137,
    "homo": -0.23045903806980597,
    "lumo": -0.007844481870408575,
    "method": "RestrictedKSDFT",
    "mp2_tflops": 63.581411248401075,
    "mp2_time": 25.57304,
    "n_atoms": 68,
    "nmers": [
      [
        {
          "fragments": [
            0
          ],
          "hf_energy": -1684.8447172518431,
          "mp2_os_correction": -4.207133839020261,
          "mp2_ss_correction": -0.1335575470826907,
          "num_basis_fns": 3228,
          "num_iters": 17,
          "schema_version": "0.2.0"
        }
      ]
    ],
    "num_iters": 17,
    "ri_fock_time": 38.502776530999995,
    "ri_tflops": 35.72476213714521,
    "scf_tflops": 30.958153553462942,
    "scf_time": 62.081666401,
    "schema_version": "0.2.0",
    "tflops": 39.0725676002558,
    "total_time": 88.391106,
    "transforms_time": 0.15449559799999998,
    "xc_tflops": 22.58954187786072,
    "xc_time": 8.633361440000002
  },
  "schema_version": "0.2.0"
}
