{
  "calculation_time": 70.824064128,
  "qmmbe": {
    "b_formation_time": 6.322626846,
    "b_tflops": 26.663214208609013,
    "diag_time": 2.2547074900000004,
    "expanded_elec_energy": -5480.431398912251,
    "expanded_hf_energy": -1530.637885159912,
    "expanded_mp2_os_correction": -3.8059404586972803,
    "expanded_mp2_ss_correction": -0.12141580303543724,
    "expanded_nuc_repulsion_energy": 4020.1271134192275,
    "expanded_xc_energy": -70.33359966688852,
    "method": "RestrictedKSDFT",
    "mp2_tflops": 61.86056081181072,
    "mp2_time": 20.655205,
    "n_atoms": 60,
    "nmers": [
      [
        {
          "fragments": [
            0
          ],
          "hf_energy": -1530.637885159912,
          "mp2_os_correction": -3.8059404586972803,
          "mp2_ss_correction": -0.12141580303543724,
          "num_basis_fns": 2880,
          "num_iters": 17,
          "schema_version": "0.2.0"
        }
      ]
    ],
    "num_iters": 17,
    "ri_fock_time": 26.396510371999995,
    "ri_tflops": 33.361518883424935,
    "scf_tflops": 29.659886740911613,
    "scf_time": 49.504373089,
    "schema_version": "0.2.0",
    "tflops": 38.227643566517955,
    "total_time": 70.817343,
    "transforms_time": 3.071509444,
    "xc_tflops": 35.0010415149936,
    "xc_time": 10.703821327000002
  },
  "schema_version": "0.2.0"
}
