{
  "calculation_time": 80.03674776,
  "qmmbe": {
    "b_formation_time": 7.931505088,
    "b_tflops": 26.627550464609122,
    "diag_time": 2.731589847,
    "expanded_elec_energy": -5874.956090406065,
    "expanded_hf_energy": -1684.877112328303,
    "expanded_mp2_os_correction": -4.196727453350022,
    "expanded_mp2_ss_correction": -0.13247827614145308,
    "expanded_nuc_repulsion_energy": 4267.662297845513,
    "expanded_xc_energy": -77.58331976775087,
    "homo": -0.2180176303576175,
    "lumo": -0.02406549526228331,
    "method": "RestrictedKSDFT",
    "mp2_tflops": 66.12812763462833,
    "mp2_time": 24.718447,
    "n_atoms": 68,
    "nmers": [
      [
        {
          "fragments": [
            0
          ],
          "hf_energy": -1684.877112328303,
          "mp2_os_correction": -4.196727453350022,
          "mp2_ss_correction": -0.13247827614145308,
          "num_basis_fns": 3228,
          "num_iters": 16,
          "schema_version": "0.2.0"
        }
      ]
    ],
    "num_iters": 16,
    "ri_fock_time": 34.79139525000001,
    "ri_tflops": 38.5247408741583,
    "scf_tflops": 32.85122528459909,
    "scf_time": 54.69784153,
    "schema_version": "0.2.0",
    "tflops": 41.948706149786595,
    "total_time": 80.029172,
    "transforms_time": 0.144082551,
    "xc_tflops": 23.45896692649866,
    "xc_time": 6.96539963
  },
  "schema_version": "0.2.0"
}
