{
  "calculation_time": 101.870881418,
  "qmmbe": {
    "b_formation_time": 10.595136634,
    "b_tflops": 22.34480268414215,
    "diag_time": 2.9432188619999997,
    "expanded_elec_energy": -6217.230491460496,
    "expanded_hf_energy": -1684.844410197087,
    "expanded_mp2_os_correction": -4.204442679243848,
    "expanded_mp2_ss_correction": -0.1331480656998596,
    "expanded_nuc_repulsion_energy": 4609.975178995735,
    "expanded_xc_energy": -77.5890977323267,
    "homo": -0.22160109008249954,
    "lumo": -0.01752232103942233,
    "method": "RestrictedKSDFT",
    "mp2_tflops": 64.6778314041108,
    "mp2_time": 32.592473,
    "n_atoms": 68,
    "nmers": [
      [
        {
          "fragments": [
            0
          ],
          "hf_energy": -1684.844410197087,
          "mp2_os_correction": -4.204442679243848,
          "mp2_ss_correction": -0.1331480656998596,
          "num_basis_fns": 3228,
          "num_iters": 17,
          "schema_version": "0.2.0"
        }
      ]
    ],
    "num_iters": 17,
    "ri_fock_time": 37.828858296,
    "ri_tflops": 36.36119165180655,
    "scf_tflops": 31.707612608410336,
    "scf_time": 68.483387073,
    "schema_version": "0.2.0",
    "tflops": 40.7828916352593,
    "total_time": 101.863113,
    "transforms_time": 3.717308662,
    "xc_tflops": 35.8267670225009,
    "xc_time": 11.895362015000002
  },
  "schema_version": "0.2.0"
}
