{
  "calculation_time": 48.580123318,
  "qmmbe": {
    "b_formation_time": 4.349052805,
    "b_tflops": 25.975606598215126,
    "diag_time": 1.687977014,
    "expanded_elec_energy": -4625.099844148548,
    "expanded_hf_energy": -1377.6003705475148,
    "expanded_mp2_os_correction": -3.4200853408223324,
    "expanded_mp2_ss_correction": -0.10889346701197622,
    "expanded_nuc_repulsion_energy": 3310.795704531574,
    "expanded_xc_energy": -63.29623093054059,
    "method": "RestrictedKSDFT",
    "mp2_tflops": 60.45661612923634,
    "mp2_time": 13.139796,
    "n_atoms": 54,
    "nmers": [
      [
        {
          "fragments": [
            0
          ],
          "hf_energy": -1377.6003705475148,
          "mp2_os_correction": -3.4200853408223324,
          "mp2_ss_correction": -0.10889346701197622,
          "num_basis_fns": 2592,
          "num_iters": 16,
          "schema_version": "0.2.0"
        }
      ]
    ],
    "num_iters": 16,
    "ri_fock_time": 16.679643676999998,
    "ri_tflops": 33.805718870516856,
    "scf_tflops": 29.332368027857836,
    "scf_time": 34.930601728,
    "schema_version": "0.2.0",
    "tflops": 36.783767692636765,
    "total_time": 48.573976,
    "transforms_time": 2.740684749,
    "xc_tflops": 36.19019782455295,
    "xc_time": 8.61462106
  },
  "schema_version": "0.2.0"
}
