{
  "calculation_time": 72.594776307,
  "qmmbe": {
    "b_formation_time": 7.447907083,
    "b_tflops": 27.59309608225358,
    "diag_time": 2.5583943099999997,
    "expanded_elec_energy": -5904.809559683065,
    "expanded_hf_energy": -1607.73830649331,
    "expanded_mp2_os_correction": -4.006186367452699,
    "expanded_mp2_ss_correction": -0.12740561406512518,
    "expanded_nuc_repulsion_energy": 4371.035950350205,
    "expanded_xc_energy": -73.96469716044948,
    "homo": -0.21373467425237094,
    "lumo": -0.027458768305685447,
    "method": "RestrictedKSDFT",
    "mp2_tflops": 64.96537718396786,
    "mp2_time": 19.520898,
    "n_atoms": 64,
    "nmers": [
      [
        {
          "fragments": [
            0
          ],
          "hf_energy": -1607.73830649331,
          "mp2_os_correction": -4.006186367452699,
          "mp2_ss_correction": -0.12740561406512518,
          "num_basis_fns": 3054,
          "num_iters": 17,
          "schema_version": "0.2.0"
        }
      ]
    ],
    "num_iters": 17,
    "ri_fock_time": 32.926906821,
    "ri_tflops": 33.638183207170314,
    "scf_tflops": 29.19949577447701,
    "scf_time": 52.379000291,
    "schema_version": "0.2.0",
    "tflops": 38.068049342127516,
    "total_time": 72.587607,
    "transforms_time": 0.14062989499999998,
    "xc_tflops": 22.758720615955518,
    "xc_time": 7.7089539920000005
  },
  "schema_version": "0.2.0"
}
