{
  "calculation_time": 49.428653652,
  "qmmbe": {
    "b_formation_time": 5.093775511,
    "b_tflops": 27.378344353717637,
    "diag_time": 2.0728155520000002,
    "expanded_elec_energy": -5001.250898019044,
    "expanded_hf_energy": -1454.684884743004,
    "expanded_mp2_os_correction": -3.624925644152002,
    "expanded_mp2_ss_correction": -0.11468569765099258,
    "expanded_nuc_repulsion_energy": 3613.4039989804487,
    "expanded_xc_energy": -66.83798570440858,
    "homo": -0.20606913317758888,
    "lumo": -0.038216905471280434,
    "method": "RestrictedKSDFT",
    "mp2_tflops": 63.67723004982929,
    "mp2_time": 12.51179,
    "n_atoms": 58,
    "nmers": [
      [
        {
          "fragments": [
            0
          ],
          "hf_energy": -1454.684884743004,
          "mp2_os_correction": -3.624925644152002,
          "mp2_ss_correction": -0.11468569765099258,
          "num_basis_fns": 2766,
          "num_iters": 17,
          "schema_version": "0.2.0"
        }
      ]
    ],
    "num_iters": 17,
    "ri_fock_time": 21.584509345000008,
    "ri_tflops": 34.56226760052709,
    "scf_tflops": 29.024759506344065,
    "scf_time": 36.343881767,
    "schema_version": "0.2.0",
    "tflops": 36.93309712288054,
    "total_time": 49.421994,
    "transforms_time": 0.11773957200000001,
    "xc_tflops": 23.55817733216219,
    "xc_time": 5.863092504999998
  },
  "schema_version": "0.2.0"
}
