{
  "calculation_time": 12.292471626,
  "qmmbe": {
    "b_formation_time": 1.080703958,
    "b_tflops": 15.67559113430396,
    "diag_time": 0.508149008,
    "expanded_elec_energy": -2062.8048950293387,
    "expanded_hf_energy": -766.4654143550545,
    "expanded_mp2_os_correction": -1.9162563366326502,
    "expanded_mp2_ss_correction": -0.05944363674663659,
    "expanded_nuc_repulsion_energy": 1331.675634692863,
    "expanded_xc_energy": -35.33615401857878,
    "homo": -0.23102847539403298,
    "lumo": -0.031382027815623416,
    "method": "RestrictedKSDFT",
    "mp2_tflops": 37.483755401631385,
    "mp2_time": 1.732874,
    "n_atoms": 32,
    "nmers": [
      [
        {
          "fragments": [
            0
          ],
          "hf_energy": -766.4654143550545,
          "mp2_os_correction": -1.9162563366326502,
          "mp2_ss_correction": -0.05944363674663659,
          "num_basis_fns": 1500,
          "num_iters": 15,
          "schema_version": "0.2.0"
        }
      ]
    ],
    "num_iters": 15,
    "ri_fock_time": 2.546999097,
    "ri_tflops": 24.0196805757407,
    "scf_tflops": 20.601806427959776,
    "scf_time": 10.256480171,
    "schema_version": "0.2.0",
    "tflops": 21.352425156729716,
    "total_time": 12.287063,
    "transforms_time": 1.587225425,
    "xc_tflops": 29.35819237821341,
    "xc_time": 4.039090707
  },
  "schema_version": "0.2.0"
}
