{
  "calculation_time": 19.285846432,
  "qmmbe": {
    "b_formation_time": 1.546762203,
    "b_tflops": 5.261414653246477,
    "diag_time": 2.9133778610000003,
    "expanded_elec_energy": -4601.464100663492,
    "expanded_hf_energy": -1385.4348205915517,
    "expanded_nuc_repulsion_energy": 3420.651505965208,
    "expanded_xc_energy": -204.6222258932676,
    "homo": -0.1673868224126014,
    "lumo": -0.10947023639086745,
    "method": "RestrictedKSDFT",
    "mp2_tflops": 0.0,
    "mp2_time": 6.9533558049544e-310,
    "n_atoms": 56,
    "nmers": [
      [
        {
          "fragments": [
            0
          ],
          "hf_energy": -1385.4348205915517,
          "num_basis_fns": 1236,
          "num_iters": 16,
          "schema_version": "0.2.0"
        }
      ]
    ],
    "num_iters": 16,
    "ri_fock_time": 0.147360083,
    "ri_tflops": 2.014368053687918,
    "scf_tflops": 33.07033135989427,
    "scf_time": 19.136902323,
    "schema_version": "0.2.0",
    "tflops": 30.211221403866084,
    "total_time": 19.281974,
    "transforms_time": 0.06990221399999999,
    "xc_tflops": 42.59115475618528,
    "xc_time": 13.469075366999999
  },
  "schema_version": "0.2.0"
}
