{
  "calculation_time": 32.704553658,
  "qmmbe": {
    "b_formation_time": 2.224488898,
    "b_tflops": 7.2060781774420875,
    "diag_time": 4.569257393,
    "expanded_elec_energy": -6121.21739881469,
    "expanded_hf_energy": -1693.0368598787975,
    "expanded_nuc_repulsion_energy": 4678.134272048166,
    "expanded_xc_energy": -249.95373311227394,
    "homo": -0.1846326629078926,
    "lumo": -0.08863727885562613,
    "method": "RestrictedKSDFT",
    "mp2_tflops": 0.0,
    "mp2_time": 6.95335580499235e-310,
    "n_atoms": 68,
    "nmers": [
      [
        {
          "fragments": [
            0
          ],
          "hf_energy": -1693.0368598787975,
          "num_basis_fns": 1508,
          "num_iters": 17,
          "schema_version": "0.2.0"
        }
      ]
    ],
    "num_iters": 17,
    "ri_fock_time": 0.27460088,
    "ri_tflops": 2.08583835495356,
    "scf_tflops": 36.52493061154762,
    "scf_time": 32.498586036,
    "schema_version": "0.2.0",
    "tflops": 34.013308167912356,
    "total_time": 32.700134,
    "transforms_time": 0.090688705,
    "xc_tflops": 45.86716551767191,
    "xc_time": 23.867932623999998
  },
  "schema_version": "0.2.0"
}
