{
  "calculation_time": 30.753812139,
  "qmmbe": {
    "b_formation_time": 2.132884141,
    "b_tflops": 6.797184371641873,
    "diag_time": 4.241106931,
    "expanded_elec_energy": -5878.256708280279,
    "expanded_hf_energy": -1693.0550477528427,
    "expanded_nuc_repulsion_energy": 4435.136920126435,
    "expanded_xc_energy": -249.93525959899893,
    "homo": -0.17858429754579772,
    "lumo": -0.0948238365485341,
    "method": "RestrictedKSDFT",
    "mp2_tflops": 0.0,
    "mp2_time": 6.95335580499077e-310,
    "n_atoms": 68,
    "nmers": [
      [
        {
          "fragments": [
            0
          ],
          "hf_energy": -1693.0550477528427,
          "num_basis_fns": 1508,
          "num_iters": 16,
          "schema_version": "0.2.0"
        }
      ]
    ],
    "num_iters": 16,
    "ri_fock_time": 0.255705322,
    "ri_tflops": 2.1082099948784014,
    "scf_tflops": 36.919648704480565,
    "scf_time": 30.568985574,
    "schema_version": "0.2.0",
    "tflops": 34.301815276913004,
    "total_time": 30.749393,
    "transforms_time": 0.08722014900000001,
    "xc_tflops": 46.296172016948894,
    "xc_time": 22.439876122
  },
  "schema_version": "0.2.0"
}
