{
  "calculation_time": 31.541731591,
  "qmmbe": {
    "b_formation_time": 3.999193202,
    "b_tflops": 2.9018530549312533,
    "diag_time": 4.094388926,
    "expanded_elec_energy": -5370.640777035261,
    "expanded_hf_energy": -1615.5823721914267,
    "expanded_nuc_repulsion_energy": 3993.301268856725,
    "expanded_xc_energy": -238.24286401289112,
    "homo": -0.1688652975779741,
    "lumo": -0.10750488550358644,
    "method": "RestrictedKSDFT",
    "mp2_tflops": 0.0,
    "mp2_time": 6.95335580499235e-310,
    "n_atoms": 64,
    "nmers": [
      [
        {
          "fragments": [
            0
          ],
          "hf_energy": -1615.5823721914267,
          "num_basis_fns": 1434,
          "num_iters": 16,
          "schema_version": "0.2.0"
        }
      ]
    ],
    "num_iters": 16,
    "ri_fock_time": 0.25917257,
    "ri_tflops": 1.7884573712719676,
    "scf_tflops": 35.65816455787066,
    "scf_time": 29.621958278,
    "schema_version": "0.2.0",
    "tflops": 29.524585902625823,
    "total_time": 29.90875,
    "transforms_time": 0.269365874,
    "xc_tflops": 46.036308598176205,
    "xc_time": 19.245271236
  },
  "schema_version": "0.2.0"
}
