{
  "calculation_time": 30.718928163,
  "qmmbe": {
    "b_formation_time": 2.181398902,
    "b_tflops": 6.698290800698312,
    "diag_time": 4.327531527,
    "expanded_elec_energy": -5924.392567245248,
    "expanded_hf_energy": -1693.0616329069069,
    "expanded_nuc_repulsion_energy": 4481.2622769341215,
    "expanded_xc_energy": -249.93134259578056,
    "homo": -0.16907917659254681,
    "lumo": -0.10488861204631619,
    "method": "RestrictedKSDFT",
    "mp2_tflops": 0.0,
    "mp2_time": 6.95335580499077e-310,
    "n_atoms": 68,
    "nmers": [
      [
        {
          "fragments": [
            0
          ],
          "hf_energy": -1693.0616329069069,
          "num_basis_fns": 1508,
          "num_iters": 16,
          "schema_version": "0.2.0"
        }
      ]
    ],
    "num_iters": 16,
    "ri_fock_time": 0.25676005700000004,
    "ri_tflops": 2.099549758177534,
    "scf_tflops": 37.012595674599574,
    "scf_time": 30.530506714,
    "schema_version": "0.2.0",
    "tflops": 34.330005680534924,
    "total_time": 30.714265,
    "transforms_time": 0.08556534800000003,
    "xc_tflops": 46.68221859330245,
    "xc_time": 22.244969170999997
  },
  "schema_version": "0.2.0"
}
