{
  "calculation_time": 26.525522815,
  "qmmbe": {
    "b_formation_time": 1.991353549,
    "b_tflops": 6.63114379940174,
    "diag_time": 3.6462742309999996,
    "expanded_elec_energy": -5664.307183074206,
    "expanded_hf_energy": -1615.5682649671676,
    "expanded_nuc_repulsion_energy": 4286.997429017331,
    "expanded_xc_energy": -238.25851091029324,
    "homo": -0.17771460652753837,
    "lumo": -0.09724773653763899,
    "method": "RestrictedKSDFT",
    "mp2_tflops": 0.0,
    "mp2_time": 6.95335580501764e-310,
    "n_atoms": 64,
    "nmers": [
      [
        {
          "fragments": [
            0
          ],
          "hf_energy": -1615.5682649671676,
          "num_basis_fns": 1434,
          "num_iters": 16,
          "schema_version": "0.2.0"
        }
      ]
    ],
    "num_iters": 16,
    "ri_fock_time": 0.230033752,
    "ri_tflops": 2.0150047078656526,
    "scf_tflops": 36.6644237225871,
    "scf_time": 26.323994074,
    "schema_version": "0.2.0",
    "tflops": 33.80089970256456,
    "total_time": 26.521284,
    "transforms_time": 0.08313169999999996,
    "xc_tflops": 46.24038666501383,
    "xc_time": 19.075459972000004
  },
  "schema_version": "0.2.0"
}
