{
  "calculation_time": 30.951422478,
  "qmmbe": {
    "b_formation_time": 2.189270626,
    "b_tflops": 6.781944479527311,
    "diag_time": 4.300425142,
    "expanded_elec_energy": -5955.899855965268,
    "expanded_hf_energy": -1693.0550306888908,
    "expanded_nuc_repulsion_energy": 4512.786879362609,
    "expanded_xc_energy": -249.94205408623193,
    "homo": -0.17244605109412264,
    "lumo": -0.1017177290098902,
    "method": "RestrictedKSDFT",
    "mp2_tflops": 0.0,
    "mp2_time": 6.95335580499235e-310,
    "n_atoms": 68,
    "nmers": [
      [
        {
          "fragments": [
            0
          ],
          "hf_energy": -1693.0550306888908,
          "num_basis_fns": 1508,
          "num_iters": 16,
          "schema_version": "0.2.0"
        }
      ]
    ],
    "num_iters": 16,
    "ri_fock_time": 0.25783817400000003,
    "ri_tflops": 2.090770762222354,
    "scf_tflops": 36.73384964171105,
    "scf_time": 30.747907574,
    "schema_version": "0.2.0",
    "tflops": 34.087369659457,
    "total_time": 30.947027,
    "transforms_time": 0.08569590800000002,
    "xc_tflops": 46.16913034804322,
    "xc_time": 22.497236189
  },
  "schema_version": "0.2.0"
}
