{
  "calculation_time": 23.093535812,
  "qmmbe": {
    "b_formation_time": 1.804025984,
    "b_tflops": 6.357722890955877,
    "diag_time": 3.2702294689999993,
    "expanded_elec_energy": -5317.399759668214,
    "expanded_hf_energy": -1539.2320913473923,
    "expanded_nuc_repulsion_energy": 4005.446795849131,
    "expanded_xc_energy": -227.27912752830946,
    "homo": -0.17092646256930005,
    "lumo": -0.10311153673765466,
    "method": "RestrictedKSDFT",
    "mp2_tflops": 0.0,
    "mp2_time": 6.9533558049544e-310,
    "n_atoms": 62,
    "nmers": [
      [
        {
          "fragments": [
            0
          ],
          "hf_energy": -1539.2320913473923,
          "num_basis_fns": 1372,
          "num_iters": 16,
          "schema_version": "0.2.0"
        }
      ]
    ],
    "num_iters": 16,
    "ri_fock_time": 0.196315534,
    "ri_tflops": 2.068061415455794,
    "scf_tflops": 37.536948470086585,
    "scf_time": 22.91806974,
    "schema_version": "0.2.0",
    "tflops": 34.40637515378067,
    "total_time": 23.089295,
    "transforms_time": 0.08138132499999999,
    "xc_tflops": 47.782472781832354,
    "xc_time": 16.363834438
  },
  "schema_version": "0.2.0"
}
