{
  "calculation_time": 23.1296228,
  "qmmbe": {
    "b_formation_time": 1.741988024,
    "b_tflops": 5.791031601004852,
    "diag_time": 3.241255464000001,
    "expanded_elec_energy": -5056.918586378209,
    "expanded_hf_energy": -1539.2568963322274,
    "expanded_nuc_repulsion_energy": 3744.9326154852724,
    "expanded_xc_energy": -227.27092543929123,
    "homo": -0.16842619986064322,
    "lumo": -0.10759571960145439,
    "method": "RestrictedKSDFT",
    "mp2_tflops": 0.0,
    "mp2_time": 6.9533558049528e-310,
    "n_atoms": 62,
    "nmers": [
      [
        {
          "fragments": [
            0
          ],
          "hf_energy": -1539.2568963322274,
          "num_basis_fns": 1372,
          "num_iters": 16,
          "schema_version": "0.2.0"
        }
      ]
    ],
    "num_iters": 16,
    "ri_fock_time": 0.19693212499999996,
    "ri_tflops": 2.061586351744288,
    "scf_tflops": 37.42501524447599,
    "scf_time": 22.974205853,
    "schema_version": "0.2.0",
    "tflops": 34.43087920865748,
    "total_time": 23.125592,
    "transforms_time": 0.08298573799999998,
    "xc_tflops": 47.4394592350026,
    "xc_time": 16.549917181999998
  },
  "schema_version": "0.2.0"
}
