{
  "calculation_time": 28.124160518,
  "qmmbe": {
    "b_formation_time": 2.017598662,
    "b_tflops": 6.744404776789052,
    "diag_time": 3.9096947429999998,
    "expanded_elec_energy": -5727.535026093417,
    "expanded_hf_energy": -1615.5695880172373,
    "expanded_nuc_repulsion_energy": 4350.2288099810285,
    "expanded_xc_energy": -238.26337190484838,
    "homo": -0.1764515460644554,
    "lumo": -0.09869573744641726,
    "method": "RestrictedKSDFT",
    "mp2_tflops": 0.0,
    "mp2_time": 6.95335580499235e-310,
    "n_atoms": 64,
    "nmers": [
      [
        {
          "fragments": [
            0
          ],
          "hf_energy": -1615.5695880172373,
          "num_basis_fns": 1434,
          "num_iters": 17,
          "schema_version": "0.2.0"
        }
      ]
    ],
    "num_iters": 17,
    "ri_fock_time": 0.23548251499999998,
    "ri_tflops": 2.091403841920068,
    "scf_tflops": 36.43852092286689,
    "scf_time": 27.918096902,
    "schema_version": "0.2.0",
    "tflops": 33.72986344300103,
    "total_time": 28.11976,
    "transforms_time": 0.08730368000000001,
    "xc_tflops": 45.87318746501927,
    "xc_time": 20.351880162000004
  },
  "schema_version": "0.2.0"
}
