{
  "calculation_time": 30.64078353,
  "qmmbe": {
    "b_formation_time": 2.160906675,
    "b_tflops": 6.506873665451563,
    "diag_time": 4.243779065,
    "expanded_elec_energy": -5826.773024972061,
    "expanded_hf_energy": -1693.0460047466452,
    "expanded_nuc_repulsion_energy": 4383.653278183872,
    "expanded_xc_energy": -249.9262579584567,
    "homo": -0.1667223931702766,
    "lumo": -0.11085748411862477,
    "method": "RestrictedKSDFT",
    "mp2_tflops": 0.0,
    "mp2_time": 6.95335580499235e-310,
    "n_atoms": 68,
    "nmers": [
      [
        {
          "fragments": [
            0
          ],
          "hf_energy": -1693.0460047466452,
          "num_basis_fns": 1508,
          "num_iters": 16,
          "schema_version": "0.2.0"
        }
      ]
    ],
    "num_iters": 16,
    "ri_fock_time": 0.25764029299999996,
    "ri_tflops": 2.092376581732889,
    "scf_tflops": 37.09250434716233,
    "scf_time": 30.441997484,
    "schema_version": "0.2.0",
    "tflops": 34.41304057176221,
    "total_time": 30.636459,
    "transforms_time": 0.08449538799999999,
    "xc_tflops": 46.629978028301736,
    "xc_time": 22.278568017000005
  },
  "schema_version": "0.2.0"
}
