{
  "calculation_time": 19.992637257,
  "qmmbe": {
    "b_formation_time": 1.489387665,
    "b_tflops": 5.50527535592018,
    "diag_time": 2.696701533,
    "expanded_elec_energy": -4612.791441452859,
    "expanded_hf_energy": -1385.4243904087052,
    "expanded_nuc_repulsion_energy": 3431.9801528828852,
    "expanded_xc_energy": -204.61310183873195,
    "homo": -0.161690097630578,
    "lumo": -0.11493882209431085,
    "method": "RestrictedKSDFT",
    "mp2_tflops": 0.0,
    "mp2_time": 6.9533558049544e-310,
    "n_atoms": 56,
    "nmers": [
      [
        {
          "fragments": [
            0
          ],
          "hf_energy": -1385.4243904087052,
          "num_basis_fns": 1236,
          "num_iters": 17,
          "schema_version": "0.2.0"
        }
      ]
    ],
    "num_iters": 17,
    "ri_fock_time": 0.14957291299999997,
    "ri_tflops": 2.108602269503169,
    "scf_tflops": 33.54228740933685,
    "scf_time": 19.828051045,
    "schema_version": "0.2.0",
    "tflops": 30.827246952096335,
    "total_time": 19.988772,
    "transforms_time": 0.080898983,
    "xc_tflops": 42.144200659974025,
    "xc_time": 14.407571391
  },
  "schema_version": "0.2.0"
}
