{
  "calculation_time": 30.913859323,
  "qmmbe": {
    "b_formation_time": 2.218006891,
    "b_tflops": 7.011113039258812,
    "diag_time": 4.334947746,
    "expanded_elec_energy": -6059.026805118197,
    "expanded_hf_energy": -1693.0497736189286,
    "expanded_nuc_repulsion_energy": 4615.913094106356,
    "expanded_xc_energy": -249.93606260708714,
    "homo": -0.1794504035047659,
    "lumo": -0.09518661211746354,
    "method": "RestrictedKSDFT",
    "mp2_tflops": 0.0,
    "mp2_time": 6.95335580501764e-310,
    "n_atoms": 68,
    "nmers": [
      [
        {
          "fragments": [
            0
          ],
          "hf_energy": -1693.0497736189286,
          "num_basis_fns": 1508,
          "num_iters": 16,
          "schema_version": "0.2.0"
        }
      ]
    ],
    "num_iters": 16,
    "ri_fock_time": 0.25589415099999996,
    "ri_tflops": 2.10665430795251,
    "scf_tflops": 36.694688130364135,
    "scf_time": 30.714468312,
    "schema_version": "0.2.0",
    "tflops": 34.05179606688395,
    "total_time": 30.909326,
    "transforms_time": 0.083728091,
    "xc_tflops": 46.146638182444605,
    "xc_time": 22.441709986000003
  },
  "schema_version": "0.2.0"
}
