{
  "calculation_time": 32.680629586,
  "qmmbe": {
    "b_formation_time": 2.227398873,
    "b_tflops": 6.809848565026189,
    "diag_time": 4.523350990999999,
    "expanded_elec_energy": -5989.086474771439,
    "expanded_hf_energy": -1693.045579500531,
    "expanded_nuc_repulsion_energy": 4545.979582145372,
    "expanded_xc_energy": -249.93868687446405,
    "homo": -0.1684455867763167,
    "lumo": -0.10652617343123909,
    "method": "RestrictedKSDFT",
    "mp2_tflops": 0.0,
    "mp2_time": 6.95335580499077e-310,
    "n_atoms": 68,
    "nmers": [
      [
        {
          "fragments": [
            0
          ],
          "hf_energy": -1693.045579500531,
          "num_basis_fns": 1508,
          "num_iters": 17,
          "schema_version": "0.2.0"
        }
      ]
    ],
    "num_iters": 17,
    "ri_fock_time": 0.275422403,
    "ri_tflops": 2.079616768894432,
    "scf_tflops": 36.65667425340982,
    "scf_time": 32.489415545,
    "schema_version": "0.2.0",
    "tflops": 34.13998854158564,
    "total_time": 32.676329,
    "transforms_time": 0.08788500100000002,
    "xc_tflops": 45.93175641136726,
    "xc_time": 23.925309442
  },
  "schema_version": "0.2.0"
}
