{
  "calculation_time": 32.773584137,
  "qmmbe": {
    "b_formation_time": 2.226002339,
    "b_tflops": 6.759267127903948,
    "diag_time": 4.4959030480000015,
    "expanded_elec_energy": -5978.202051916633,
    "expanded_hf_energy": -1693.0356856654523,
    "expanded_nuc_repulsion_energy": 4535.099773252469,
    "expanded_xc_energy": -249.93340700128903,
    "homo": -0.1644520127057092,
    "lumo": -0.11197965937458532,
    "method": "RestrictedKSDFT",
    "mp2_tflops": 0.0,
    "mp2_time": 6.9533558049892e-310,
    "n_atoms": 68,
    "nmers": [
      [
        {
          "fragments": [
            0
          ],
          "hf_energy": -1693.0356856654523,
          "num_basis_fns": 1508,
          "num_iters": 17,
          "schema_version": "0.2.0"
        }
      ]
    ],
    "num_iters": 17,
    "ri_fock_time": 0.27385787500000003,
    "ri_tflops": 2.091497452129138,
    "scf_tflops": 36.55117079382056,
    "scf_time": 32.566771526,
    "schema_version": "0.2.0",
    "tflops": 34.02426307356411,
    "total_time": 32.769163,
    "transforms_time": 0.08723485199999999,
    "xc_tflops": 45.749223541712325,
    "xc_time": 24.010078052
  },
  "schema_version": "0.2.0"
}
