{
  "calculation_time": 26.422305483,
  "qmmbe": {
    "b_formation_time": 2.032559235,
    "b_tflops": 6.46711287185094,
    "diag_time": 3.6961146520000003,
    "expanded_elec_energy": -5658.566029036378,
    "expanded_hf_energy": -1615.5654964020794,
    "expanded_nuc_repulsion_energy": 4281.258763942019,
    "expanded_xc_energy": -238.2582313077208,
    "homo": -0.16761663982998187,
    "lumo": -0.1078238050583418,
    "method": "RestrictedKSDFT",
    "mp2_tflops": 0.0,
    "mp2_time": 6.95335580499235e-310,
    "n_atoms": 64,
    "nmers": [
      [
        {
          "fragments": [
            0
          ],
          "hf_energy": -1615.5654964020794,
          "num_basis_fns": 1434,
          "num_iters": 16,
          "schema_version": "0.2.0"
        }
      ]
    ],
    "num_iters": 16,
    "ri_fock_time": 0.221850984,
    "ri_tflops": 2.0893262896142937,
    "scf_tflops": 36.893316067817246,
    "scf_time": 26.225006255,
    "schema_version": "0.2.0",
    "tflops": 33.95595721238507,
    "total_time": 26.418199,
    "transforms_time": 0.081965301,
    "xc_tflops": 46.700450319104064,
    "xc_time": 18.902136172000002
  },
  "schema_version": "0.2.0"
}
