{
  "calculation_time": 30.548479988,
  "qmmbe": {
    "b_formation_time": 2.079061354,
    "b_tflops": 6.661917289769411,
    "diag_time": 4.262129045,
    "expanded_elec_energy": -5783.663114411482,
    "expanded_hf_energy": -1693.0642885626096,
    "expanded_nuc_repulsion_energy": 4340.525605282143,
    "expanded_xc_energy": -249.92677943327107,
    "homo": -0.17570068218748036,
    "lumo": -0.10365664269742716,
    "method": "RestrictedKSDFT",
    "mp2_tflops": 0.0,
    "mp2_time": 6.95335580499077e-310,
    "n_atoms": 68,
    "nmers": [
      [
        {
          "fragments": [
            0
          ],
          "hf_energy": -1693.0642885626096,
          "num_basis_fns": 1508,
          "num_iters": 16,
          "schema_version": "0.2.0"
        }
      ]
    ],
    "num_iters": 16,
    "ri_fock_time": 0.25584866199999995,
    "ri_tflops": 2.1070288637428956,
    "scf_tflops": 37.15857754856726,
    "scf_time": 30.355149223,
    "schema_version": "0.2.0",
    "tflops": 34.56469037753842,
    "total_time": 30.544124,
    "transforms_time": 0.08703376300000004,
    "xc_tflops": 46.74448374281796,
    "xc_time": 22.259620608999995
  },
  "schema_version": "0.2.0"
}
