{
  "calculation_time": 26.377106563,
  "qmmbe": {
    "b_formation_time": 1.922812887,
    "b_tflops": 6.5329447678389725,
    "diag_time": 3.6176600899999993,
    "expanded_elec_energy": -5572.6985175719165,
    "expanded_hf_energy": -1615.5625180154695,
    "expanded_nuc_repulsion_energy": 4195.3865160217165,
    "expanded_xc_energy": -238.25051646526953,
    "homo": -0.168411124352755,
    "lumo": -0.1059638412825472,
    "method": "RestrictedKSDFT",
    "mp2_tflops": 0.0,
    "mp2_time": 6.95335580499077e-310,
    "n_atoms": 64,
    "nmers": [
      [
        {
          "fragments": [
            0
          ],
          "hf_energy": -1615.5625180154695,
          "num_basis_fns": 1434,
          "num_iters": 16,
          "schema_version": "0.2.0"
        }
      ]
    ],
    "num_iters": 16,
    "ri_fock_time": 0.221782574,
    "ri_tflops": 2.0899707532837994,
    "scf_tflops": 36.8740551160598,
    "scf_time": 26.199202536,
    "schema_version": "0.2.0",
    "tflops": 34.080590197671256,
    "total_time": 26.372919,
    "transforms_time": 0.083767145,
    "xc_tflops": 46.35076431552142,
    "xc_time": 19.09489523
  },
  "schema_version": "0.2.0"
}
