{
  "calculation_time": 30.804941744,
  "qmmbe": {
    "b_formation_time": 2.155403294,
    "b_tflops": 6.882269621562524,
    "diag_time": 4.289484197999999,
    "expanded_elec_energy": -5963.683286416689,
    "expanded_hf_energy": -1693.0483339048214,
    "expanded_nuc_repulsion_energy": 4520.568307267122,
    "expanded_xc_energy": -249.9333547552541,
    "homo": -0.16671917453075996,
    "lumo": -0.11008085852501827,
    "method": "RestrictedKSDFT",
    "mp2_tflops": 0.0,
    "mp2_time": 6.9533558049892e-310,
    "n_atoms": 68,
    "nmers": [
      [
        {
          "fragments": [
            0
          ],
          "hf_energy": -1693.0483339048214,
          "num_basis_fns": 1508,
          "num_iters": 16,
          "schema_version": "0.2.0"
        }
      ]
    ],
    "num_iters": 16,
    "ri_fock_time": 0.25672454499999997,
    "ri_tflops": 2.0998401831192264,
    "scf_tflops": 36.84935497123165,
    "scf_time": 30.613828527,
    "schema_version": "0.2.0",
    "tflops": 34.221612394598935,
    "total_time": 30.800381,
    "transforms_time": 0.08413378499999996,
    "xc_tflops": 46.26785462032514,
    "xc_time": 22.431067171000002
  },
  "schema_version": "0.2.0"
}
