{
  "calculation_time": 26.450327616,
  "qmmbe": {
    "b_formation_time": 1.957017095,
    "b_tflops": 6.235937071956951,
    "diag_time": 3.7299668600000007,
    "expanded_elec_energy": -5491.748112957348,
    "expanded_hf_energy": -1615.5765985022806,
    "expanded_nuc_repulsion_energy": 4114.426134868642,
    "expanded_xc_energy": -238.25462041357497,
    "homo": -0.17942335850432145,
    "lumo": -0.09224091795582631,
    "method": "RestrictedKSDFT",
    "mp2_tflops": 0.0,
    "mp2_time": 6.95335580499235e-310,
    "n_atoms": 64,
    "nmers": [
      [
        {
          "fragments": [
            0
          ],
          "hf_energy": -1615.5765985022806,
          "num_basis_fns": 1434,
          "num_iters": 16,
          "schema_version": "0.2.0"
        }
      ]
    ],
    "num_iters": 16,
    "ri_fock_time": 0.222365855,
    "ri_tflops": 2.0844886156105216,
    "scf_tflops": 36.76550551654249,
    "scf_time": 26.276532837,
    "schema_version": "0.2.0",
    "tflops": 33.96528147961486,
    "total_time": 26.446023,
    "transforms_time": 0.080145987,
    "xc_tflops": 46.480438174555374,
    "xc_time": 19.037305392999997
  },
  "schema_version": "0.2.0"
}
