{
  "calculation_time": 35.025875104,
  "qmmbe": {
    "b_formation_time": 4.188822675,
    "b_tflops": 3.388965420391781,
    "diag_time": 4.7789730950000004,
    "expanded_elec_energy": -5839.54612228502,
    "expanded_hf_energy": -1693.0652442190753,
    "expanded_nuc_repulsion_energy": 4396.412615963232,
    "expanded_xc_energy": -249.93173789728786,
    "homo": -0.17202280071868906,
    "lumo": -0.10259059883362165,
    "method": "RestrictedKSDFT",
    "mp2_tflops": 0.0,
    "mp2_time": 6.95335580499077e-310,
    "n_atoms": 68,
    "nmers": [
      [
        {
          "fragments": [
            0
          ],
          "hf_energy": -1693.0652442190753,
          "num_basis_fns": 1508,
          "num_iters": 16,
          "schema_version": "0.2.0"
        }
      ]
    ],
    "num_iters": 16,
    "ri_fock_time": 0.29193329500000004,
    "ri_tflops": 1.8465879871084931,
    "scf_tflops": 36.2677665750563,
    "scf_time": 33.204488825,
    "schema_version": "0.2.0",
    "tflops": 31.011172657231043,
    "total_time": 33.466091,
    "transforms_time": 0.2809518900000001,
    "xc_tflops": 46.81767712134838,
    "xc_time": 22.203752593
  },
  "schema_version": "0.2.0"
}
