{
  "calculation_time": 21.544295119,
  "qmmbe": {
    "b_formation_time": 1.64788464,
    "b_tflops": 5.834689048976147,
    "diag_time": 3.08545975,
    "expanded_elec_energy": -4954.0737446669755,
    "expanded_hf_energy": -1461.755378319547,
    "expanded_nuc_repulsion_energy": 3707.913364795592,
    "expanded_xc_energy": -215.59499844816327,
    "homo": -0.16984771078657204,
    "lumo": -0.10600082739609905,
    "method": "RestrictedKSDFT",
    "mp2_tflops": 0.0,
    "mp2_time": 6.9533558049544e-310,
    "n_atoms": 58,
    "nmers": [
      [
        {
          "fragments": [
            0
          ],
          "hf_energy": -1461.755378319547,
          "num_basis_fns": 1298,
          "num_iters": 17,
          "schema_version": "0.2.0"
        }
      ]
    ],
    "num_iters": 17,
    "ri_fock_time": 0.187864366,
    "ri_tflops": 1.9441608758097317,
    "scf_tflops": 35.668350175624624,
    "scf_time": 21.384130723,
    "schema_version": "0.2.0",
    "tflops": 32.75220274431791,
    "total_time": 21.540174,
    "transforms_time": 0.07969980600000001,
    "xc_tflops": 45.535976368868205,
    "xc_time": 15.261581969999998
  },
  "schema_version": "0.2.0"
}
