{
  "calculation_time": 37.584807638,
  "qmmbe": {
    "b_formation_time": 4.267240384,
    "b_tflops": 3.4968435832350804,
    "diag_time": 5.00981396,
    "expanded_elec_energy": -5951.980301011592,
    "expanded_hf_energy": -1693.0464400380733,
    "expanded_nuc_repulsion_energy": 4508.86975608296,
    "expanded_xc_energy": -249.93589510944102,
    "homo": -0.17577220201271918,
    "lumo": -0.09979106388857933,
    "method": "RestrictedKSDFT",
    "mp2_tflops": 0.0,
    "mp2_time": 6.95335580499077e-310,
    "n_atoms": 68,
    "nmers": [
      [
        {
          "fragments": [
            0
          ],
          "hf_energy": -1693.0464400380733,
          "num_basis_fns": 1508,
          "num_iters": 17,
          "schema_version": "0.2.0"
        }
      ]
    ],
    "num_iters": 17,
    "ri_fock_time": 0.312150023,
    "ri_tflops": 1.8349287381215411,
    "scf_tflops": 35.20446093679683,
    "scf_time": 35.80295936,
    "schema_version": "0.2.0",
    "tflops": 30.513019210902144,
    "total_time": 36.016961,
    "transforms_time": 0.29103110099999996,
    "xc_tflops": 44.909983538992456,
    "xc_time": 24.455370283999997
  },
  "schema_version": "0.2.0"
}
