{
  "calculation_time": 32.757806012,
  "qmmbe": {
    "b_formation_time": 2.190243158,
    "b_tflops": 6.617435440234349,
    "diag_time": 4.5848654,
    "expanded_elec_energy": -5878.569794930316,
    "expanded_hf_energy": -1693.0549476308743,
    "expanded_nuc_repulsion_energy": 4435.45064019298,
    "expanded_xc_energy": -249.93579289353886,
    "homo": -0.1698829662176557,
    "lumo": -0.10674792217148998,
    "method": "RestrictedKSDFT",
    "mp2_tflops": 0.0,
    "mp2_time": 6.95335580499077e-310,
    "n_atoms": 68,
    "nmers": [
      [
        {
          "fragments": [
            0
          ],
          "hf_energy": -1693.0549476308743,
          "num_basis_fns": 1508,
          "num_iters": 17,
          "schema_version": "0.2.0"
        }
      ]
    ],
    "num_iters": 17,
    "ri_fock_time": 0.273575343,
    "ri_tflops": 2.093657423680905,
    "scf_tflops": 36.55365251591097,
    "scf_time": 32.574644785,
    "schema_version": "0.2.0",
    "tflops": 34.07215640799515,
    "total_time": 32.75348,
    "transforms_time": 0.08789571599999998,
    "xc_tflops": 45.91482521106863,
    "xc_time": 23.958017855999994
  },
  "schema_version": "0.2.0"
}
