{
  "calculation_time": 16.970552365,
  "qmmbe": {
    "b_formation_time": 1.696120508,
    "b_tflops": 3.85963779705917,
    "diag_time": 2.2743174909999997,
    "expanded_elec_energy": -4220.260729712888,
    "expanded_hf_energy": -1307.9556588595988,
    "expanded_nuc_repulsion_energy": 3105.239991200648,
    "expanded_xc_energy": -192.9349203473589,
    "homo": -0.1688879873399268,
    "lumo": -0.10589162174901279,
    "method": "RestrictedKSDFT",
    "mp2_tflops": 0.0,
    "mp2_time": 6.9533558049544e-310,
    "n_atoms": 52,
    "nmers": [
      [
        {
          "fragments": [
            0
          ],
          "hf_energy": -1307.9556588595988,
          "num_basis_fns": 1162,
          "num_iters": 16,
          "schema_version": "0.2.0"
        }
      ]
    ],
    "num_iters": 16,
    "ri_fock_time": 0.12262688399999999,
    "ri_tflops": 2.0112242929046458,
    "scf_tflops": 31.61395508960983,
    "scf_time": 16.834581737,
    "schema_version": "0.2.0",
    "tflops": 28.271045458549533,
    "total_time": 16.966812,
    "transforms_time": 0.066358221,
    "xc_tflops": 39.90687883368861,
    "xc_time": 11.840395095000002
  },
  "schema_version": "0.2.0"
}
