{
  "calculation_time": 32.710525502,
  "qmmbe": {
    "b_formation_time": 2.23516012,
    "b_tflops": 6.976937458343699,
    "diag_time": 4.542430987,
    "expanded_elec_energy": -6066.382054596096,
    "expanded_hf_energy": -1693.02837684371,
    "expanded_nuc_repulsion_energy": 4623.2846043780455,
    "expanded_xc_energy": -249.93092662565934,
    "homo": -0.1706544899407023,
    "lumo": -0.10423726904355915,
    "method": "RestrictedKSDFT",
    "mp2_tflops": 0.0,
    "mp2_time": 6.95335580499077e-310,
    "n_atoms": 68,
    "nmers": [
      [
        {
          "fragments": [
            0
          ],
          "hf_energy": -1693.02837684371,
          "num_basis_fns": 1508,
          "num_iters": 17,
          "schema_version": "0.2.0"
        }
      ]
    ],
    "num_iters": 17,
    "ri_fock_time": 0.27389954199999994,
    "ri_tflops": 2.0911792828335583,
    "scf_tflops": 36.56528973610576,
    "scf_time": 32.508216633,
    "schema_version": "0.2.0",
    "tflops": 34.032860497315724,
    "total_time": 32.705963,
    "transforms_time": 0.09133472299999999,
    "xc_tflops": 45.95767387546593,
    "xc_time": 23.848184036000003
  },
  "schema_version": "0.2.0"
}
