{
  "calculation_time": 26.43174489,
  "qmmbe": {
    "b_formation_time": 2.039390442,
    "b_tflops": 6.755849853569138,
    "diag_time": 3.6925085060000002,
    "expanded_elec_energy": -5756.684693273062,
    "expanded_hf_energy": -1615.5554131814913,
    "expanded_nuc_repulsion_energy": 4379.395968295663,
    "expanded_xc_energy": -238.266688204092,
    "homo": -0.17504109397626147,
    "lumo": -0.0997723561969495,
    "method": "RestrictedKSDFT",
    "mp2_tflops": 0.0,
    "mp2_time": 6.95335580499235e-310,
    "n_atoms": 64,
    "nmers": [
      [
        {
          "fragments": [
            0
          ],
          "hf_energy": -1615.5554131814913,
          "num_basis_fns": 1434,
          "num_iters": 16,
          "schema_version": "0.2.0"
        }
      ]
    ],
    "num_iters": 16,
    "ri_fock_time": 0.229554227,
    "ri_tflops": 2.0192139317391007,
    "scf_tflops": 36.80648410242423,
    "scf_time": 26.240658929,
    "schema_version": "0.2.0",
    "tflops": 33.89206526146659,
    "total_time": 26.427615,
    "transforms_time": 0.08069104800000002,
    "xc_tflops": 46.45915260773544,
    "xc_time": 18.957163951000002
  },
  "schema_version": "0.2.0"
}
