{
  "calculation_time": 26.581302164,
  "qmmbe": {
    "b_formation_time": 1.976356592,
    "b_tflops": 6.640100396066582,
    "diag_time": 3.6287270039999995,
    "expanded_elec_energy": -5650.359159448842,
    "expanded_hf_energy": -1615.557735619801,
    "expanded_nuc_repulsion_energy": 4273.065423297667,
    "expanded_xc_energy": -238.26399946862605,
    "homo": -0.18043845559242377,
    "lumo": -0.0927452718004339,
    "method": "RestrictedKSDFT",
    "mp2_tflops": 0.0,
    "mp2_time": 6.95335580501764e-310,
    "n_atoms": 64,
    "nmers": [
      [
        {
          "fragments": [
            0
          ],
          "hf_energy": -1615.557735619801,
          "num_basis_fns": 1434,
          "num_iters": 16,
          "schema_version": "0.2.0"
        }
      ]
    ],
    "num_iters": 16,
    "ri_fock_time": 0.222039197,
    "ri_tflops": 2.087555258308739,
    "scf_tflops": 36.57927233139753,
    "scf_time": 26.384140401,
    "schema_version": "0.2.0",
    "tflops": 33.736260370650136,
    "total_time": 26.577145,
    "transforms_time": 0.08435817599999998,
    "xc_tflops": 45.93282585629162,
    "xc_time": 19.208409016
  },
  "schema_version": "0.2.0"
}
