{
  "calculation_time": 22.118994262,
  "qmmbe": {
    "b_formation_time": 1.755564939,
    "b_tflops": 6.286255208244393,
    "diag_time": 3.1781742599999996,
    "expanded_elec_energy": -5267.738499052029,
    "expanded_hf_energy": -1538.078689264823,
    "expanded_nuc_repulsion_energy": 3956.2258731066995,
    "expanded_xc_energy": -226.56606331949394,
    "homo": -0.17537698562272505,
    "lumo": -0.10014582496451277,
    "method": "RestrictedKSDFT",
    "mp2_tflops": 0.0,
    "mp2_time": 6.9533558049544e-310,
    "n_atoms": 60,
    "nmers": [
      [
        {
          "fragments": [
            0
          ],
          "hf_energy": -1538.078689264823,
          "num_basis_fns": 1360,
          "num_iters": 16,
          "schema_version": "0.2.0"
        }
      ]
    ],
    "num_iters": 16,
    "ri_fock_time": 0.18184428200000002,
    "ri_tflops": 2.1742256157386346,
    "scf_tflops": 37.45867559369671,
    "scf_time": 21.947271728,
    "schema_version": "0.2.0",
    "tflops": 34.31743742514015,
    "total_time": 22.114822,
    "transforms_time": 0.08171678299999997,
    "xc_tflops": 47.88182353130089,
    "xc_time": 15.598323147
  },
  "schema_version": "0.2.0"
}
