{
  "calculation_time": 30.957188474,
  "qmmbe": {
    "b_formation_time": 2.069814078,
    "b_tflops": 6.58037605097012,
    "diag_time": 4.269544673999999,
    "expanded_elec_energy": -5753.993720932291,
    "expanded_hf_energy": -1693.0758833742047,
    "expanded_nuc_repulsion_energy": 4310.849348370195,
    "expanded_xc_energy": -249.9315108121092,
    "homo": -0.17063489753030098,
    "lumo": -0.10826564568806284,
    "method": "RestrictedKSDFT",
    "mp2_tflops": 0.0,
    "mp2_time": 6.95335580499077e-310,
    "n_atoms": 68,
    "nmers": [
      [
        {
          "fragments": [
            0
          ],
          "hf_energy": -1693.0758833742047,
          "num_basis_fns": 1508,
          "num_iters": 16,
          "schema_version": "0.2.0"
        }
      ]
    ],
    "num_iters": 16,
    "ri_fock_time": 0.258478682,
    "ri_tflops": 2.085589849858488,
    "scf_tflops": 36.58567907185451,
    "scf_time": 30.779470448,
    "schema_version": "0.2.0",
    "tflops": 34.106239070656,
    "total_time": 30.952662,
    "transforms_time": 0.08417450900000001,
    "xc_tflops": 45.81455912263956,
    "xc_time": 22.714932717
  },
  "schema_version": "0.2.0"
}
