{
  "calculation_time": 22.863626344,
  "qmmbe": {
    "b_formation_time": 1.779459173,
    "b_tflops": 6.252497841576498,
    "diag_time": 3.3011468519999996,
    "expanded_elec_energy": -5266.199807193525,
    "expanded_hf_energy": -1539.2498292866123,
    "expanded_nuc_repulsion_energy": 3954.234832575964,
    "expanded_xc_energy": -227.2848546690513,
    "homo": -0.1828660491058864,
    "lumo": -0.09187212121232886,
    "method": "RestrictedKSDFT",
    "mp2_tflops": 0.0,
    "mp2_time": 6.9533558049544e-310,
    "n_atoms": 62,
    "nmers": [
      [
        {
          "fragments": [
            0
          ],
          "hf_energy": -1539.2498292866123,
          "num_basis_fns": 1372,
          "num_iters": 16,
          "schema_version": "0.2.0"
        }
      ]
    ],
    "num_iters": 16,
    "ri_fock_time": 0.20358330200000002,
    "ri_tflops": 1.9942332064149346,
    "scf_tflops": 37.91694646264174,
    "scf_time": 22.67973724,
    "schema_version": "0.2.0",
    "tflops": 34.790866058889165,
    "total_time": 22.859391,
    "transforms_time": 0.08223504799999998,
    "xc_tflops": 48.47828986738924,
    "xc_time": 16.154865989999998
  },
  "schema_version": "0.2.0"
}
