{
  "calculation_time": 32.166520429,
  "qmmbe": {
    "b_formation_time": 2.191027621,
    "b_tflops": 7.118195906157406,
    "diag_time": 4.550788259999999,
    "expanded_elec_energy": -6056.350816872111,
    "expanded_hf_energy": -1693.0425557604099,
    "expanded_nuc_repulsion_energy": 4613.251545378495,
    "expanded_xc_energy": -249.9432842667943,
    "homo": -0.1794452865249412,
    "lumo": -0.0960468453226054,
    "method": "RestrictedKSDFT",
    "mp2_tflops": 0.0,
    "mp2_time": 6.95335580501764e-310,
    "n_atoms": 68,
    "nmers": [
      [
        {
          "fragments": [
            0
          ],
          "hf_energy": -1693.0425557604099,
          "num_basis_fns": 1508,
          "num_iters": 17,
          "schema_version": "0.2.0"
        }
      ]
    ],
    "num_iters": 17,
    "ri_fock_time": 0.27165138899999997,
    "ri_tflops": 2.108485621650917,
    "scf_tflops": 37.19874245189338,
    "scf_time": 31.965614597,
    "schema_version": "0.2.0",
    "tflops": 34.61050896979883,
    "total_time": 32.161938,
    "transforms_time": 0.09008055699999999,
    "xc_tflops": 46.92366225927885,
    "xc_time": 23.358998478000004
  },
  "schema_version": "0.2.0"
}
