{
  "calculation_time": 23.207072534999998,
  "qmmbe": {
    "b_formation_time": 1.771628024,
    "b_tflops": 5.9405368177648565,
    "diag_time": 3.3099669269999996,
    "expanded_elec_energy": -5144.5912847840245,
    "expanded_hf_energy": -1539.2584136095554,
    "expanded_nuc_repulsion_energy": 3832.6171080989375,
    "expanded_xc_energy": -227.28423692446836,
    "homo": -0.17399949816682,
    "lumo": -0.1006837035898084,
    "method": "RestrictedKSDFT",
    "mp2_tflops": 0.0,
    "mp2_time": 6.9533558049528e-310,
    "n_atoms": 62,
    "nmers": [
      [
        {
          "fragments": [
            0
          ],
          "hf_energy": -1539.2584136095554,
          "num_basis_fns": 1372,
          "num_iters": 16,
          "schema_version": "0.2.0"
        }
      ]
    ],
    "num_iters": 16,
    "ri_fock_time": 0.20268433400000002,
    "ri_tflops": 2.003078250339762,
    "scf_tflops": 37.28359575346621,
    "scf_time": 23.043838715,
    "schema_version": "0.2.0",
    "tflops": 34.28502822138169,
    "total_time": 23.202979,
    "transforms_time": 0.08075064699999998,
    "xc_tflops": 47.425938535106525,
    "xc_time": 16.530359535
  },
  "schema_version": "0.2.0"
}
