{
  "calculation_time": 30.887066747,
  "qmmbe": {
    "b_formation_time": 2.192290789,
    "b_tflops": 6.760110272331214,
    "diag_time": 4.268159173999999,
    "expanded_elec_energy": -5938.98647517789,
    "expanded_hf_energy": -1693.0536818646,
    "expanded_nuc_repulsion_energy": 4495.873492058456,
    "expanded_xc_energy": -249.94069874516617,
    "homo": -0.17144216120709999,
    "lumo": -0.10446208323734302,
    "method": "RestrictedKSDFT",
    "mp2_tflops": 0.0,
    "mp2_time": 6.95335580499077e-310,
    "n_atoms": 68,
    "nmers": [
      [
        {
          "fragments": [
            0
          ],
          "hf_energy": -1693.0536818646,
          "num_basis_fns": 1508,
          "num_iters": 16,
          "schema_version": "0.2.0"
        }
      ]
    ],
    "num_iters": 16,
    "ri_fock_time": 0.256022889,
    "ri_tflops": 2.1055950024218344,
    "scf_tflops": 36.78806119544784,
    "scf_time": 30.697358731,
    "schema_version": "0.2.0",
    "tflops": 34.12748081760332,
    "total_time": 30.882493,
    "transforms_time": 0.08449262400000003,
    "xc_tflops": 46.14761490610052,
    "xc_time": 22.487656262
  },
  "schema_version": "0.2.0"
}
