{
  "calculation_time": 35.213943081,
  "qmmbe": {
    "b_formation_time": 4.150799728,
    "b_tflops": 3.3577775804653327,
    "diag_time": 4.775710306,
    "expanded_elec_energy": -5784.152400245731,
    "expanded_hf_energy": -1693.0605849476349,
    "expanded_nuc_repulsion_energy": 4341.020623696701,
    "expanded_xc_energy": -249.92880839860467,
    "homo": -0.1667276233501876,
    "lumo": -0.10922808257139417,
    "method": "RestrictedKSDFT",
    "mp2_tflops": 0.0,
    "mp2_time": 6.95335580499235e-310,
    "n_atoms": 68,
    "nmers": [
      [
        {
          "fragments": [
            0
          ],
          "hf_energy": -1693.0605849476349,
          "num_basis_fns": 1508,
          "num_iters": 16,
          "schema_version": "0.2.0"
        }
      ]
    ],
    "num_iters": 16,
    "ri_fock_time": 0.29302920599999993,
    "ri_tflops": 1.8396818629198353,
    "scf_tflops": 36.046321548118875,
    "scf_time": 33.318141835,
    "schema_version": "0.2.0",
    "tflops": 30.853474980948736,
    "total_time": 33.655085,
    "transforms_time": 0.26802091899999986,
    "xc_tflops": 46.358741777426054,
    "xc_time": 22.439420758
  },
  "schema_version": "0.2.0"
}
