{
  "calculation_time": 31.217807682,
  "qmmbe": {
    "b_formation_time": 2.137589456,
    "b_tflops": 6.534053598677556,
    "diag_time": 4.818139686,
    "expanded_elec_energy": -5814.323792168075,
    "expanded_hf_energy": -1693.0628351914638,
    "expanded_nuc_repulsion_energy": 4371.1962887178515,
    "expanded_xc_energy": -249.9353317412406,
    "homo": -0.16423261326341326,
    "lumo": -0.11215219075248199,
    "method": "RestrictedKSDFT",
    "mp2_tflops": 0.0,
    "mp2_time": 6.9533558049892e-310,
    "n_atoms": 68,
    "nmers": [
      [
        {
          "fragments": [
            0
          ],
          "hf_energy": -1693.0628351914638,
          "num_basis_fns": 1508,
          "num_iters": 16,
          "schema_version": "0.2.0"
        }
      ]
    ],
    "num_iters": 16,
    "ri_fock_time": 0.256712143,
    "ri_tflops": 2.099941628331933,
    "scf_tflops": 36.329723308388694,
    "scf_time": 31.039287583,
    "schema_version": "0.2.0",
    "tflops": 33.821476839833295,
    "total_time": 31.213429,
    "transforms_time": 0.08299540200000004,
    "xc_tflops": 46.50455683686874,
    "xc_time": 22.370807845999998
  },
  "schema_version": "0.2.0"
}
