{
  "calculation_time": 30.973163704,
  "qmmbe": {
    "b_formation_time": 2.153001105,
    "b_tflops": 6.79636452482731,
    "diag_time": 4.263681194000001,
    "expanded_elec_energy": -5920.455463609674,
    "expanded_hf_energy": -1693.0561096482702,
    "expanded_nuc_repulsion_energy": 4477.33431146727,
    "expanded_xc_energy": -249.93495750586624,
    "homo": -0.17381745048597969,
    "lumo": -0.10060274054239936,
    "method": "RestrictedKSDFT",
    "mp2_tflops": 0.0,
    "mp2_time": 6.95335580499235e-310,
    "n_atoms": 68,
    "nmers": [
      [
        {
          "fragments": [
            0
          ],
          "hf_energy": -1693.0561096482702,
          "num_basis_fns": 1508,
          "num_iters": 16,
          "schema_version": "0.2.0"
        }
      ]
    ],
    "num_iters": 16,
    "ri_fock_time": 0.25644845299999997,
    "ri_tflops": 2.1021008677482644,
    "scf_tflops": 36.61180308161418,
    "scf_time": 30.786757227,
    "schema_version": "0.2.0",
    "tflops": 34.01723441182061,
    "total_time": 30.968686,
    "transforms_time": 0.08633724300000002,
    "xc_tflops": 45.87222342720334,
    "xc_time": 22.616387031000002
  },
  "schema_version": "0.2.0"
}
