{
  "calculation_time": 26.546354343,
  "qmmbe": {
    "b_formation_time": 1.981287162,
    "b_tflops": 6.5457540441015585,
    "diag_time": 3.6748923980000003,
    "expanded_elec_energy": -5631.87031356558,
    "expanded_hf_energy": -1615.556464613967,
    "expanded_nuc_repulsion_energy": 4254.561297285906,
    "expanded_xc_energy": -238.24744833429344,
    "homo": -0.16258463179240845,
    "lumo": -0.11215881651420072,
    "method": "RestrictedKSDFT",
    "mp2_tflops": 0.0,
    "mp2_time": 6.95335580501764e-310,
    "n_atoms": 64,
    "nmers": [
      [
        {
          "fragments": [
            0
          ],
          "hf_energy": -1615.556464613967,
          "num_basis_fns": 1434,
          "num_iters": 16,
          "schema_version": "0.2.0"
        }
      ]
    ],
    "num_iters": 16,
    "ri_fock_time": 0.22134693200000002,
    "ri_tflops": 2.0940841106756336,
    "scf_tflops": 36.676469331448494,
    "scf_time": 26.364342641,
    "schema_version": "0.2.0",
    "tflops": 33.82230837593443,
    "total_time": 26.541909,
    "transforms_time": 0.08446807300000002,
    "xc_tflops": 46.22118536160357,
    "xc_time": 19.115848826
  },
  "schema_version": "0.2.0"
}
