{
  "calculation_time": 17.363073962,
  "qmmbe": {
    "b_formation_time": 1.733217294,
    "b_tflops": 3.8613755908046,
    "diag_time": 2.619326244,
    "expanded_elec_energy": -4255.982144262836,
    "expanded_hf_energy": -1307.9523647123572,
    "expanded_nuc_repulsion_energy": 3140.961672891114,
    "expanded_xc_energy": -192.93189334063507,
    "homo": -0.17239087335843106,
    "lumo": -0.10122805395770826,
    "method": "RestrictedKSDFT",
    "mp2_tflops": 0.0,
    "mp2_time": 6.9533558049544e-310,
    "n_atoms": 52,
    "nmers": [
      [
        {
          "fragments": [
            0
          ],
          "hf_energy": -1307.9523647123572,
          "num_basis_fns": 1162,
          "num_iters": 16,
          "schema_version": "0.2.0"
        }
      ]
    ],
    "num_iters": 16,
    "ri_fock_time": 0.119037763,
    "ri_tflops": 2.071864943093731,
    "scf_tflops": 30.79030657436997,
    "scf_time": 17.225723156,
    "schema_version": "0.2.0",
    "tflops": 27.56477482627046,
    "total_time": 17.359485,
    "transforms_time": 0.06499954,
    "xc_tflops": 39.750060321062676,
    "xc_time": 11.854300443
  },
  "schema_version": "0.2.0"
}
