{
  "calculation_time": 26.171192692,
  "qmmbe": {
    "b_formation_time": 1.909552727,
    "b_tflops": 6.242362374482892,
    "diag_time": 3.645032819,
    "expanded_elec_energy": -5429.991958590228,
    "expanded_hf_energy": -1615.5713585752958,
    "expanded_nuc_repulsion_energy": 4052.66333031135,
    "expanded_xc_energy": -238.24273029641773,
    "homo": -0.1712023150453932,
    "lumo": -0.10729723135039855,
    "method": "RestrictedKSDFT",
    "mp2_tflops": 0.0,
    "mp2_time": 6.95335580501764e-310,
    "n_atoms": 64,
    "nmers": [
      [
        {
          "fragments": [
            0
          ],
          "hf_energy": -1615.5713585752958,
          "num_basis_fns": 1434,
          "num_iters": 16,
          "schema_version": "0.2.0"
        }
      ]
    ],
    "num_iters": 16,
    "ri_fock_time": 0.221314089,
    "ri_tflops": 2.0943948726553963,
    "scf_tflops": 37.18009009401434,
    "scf_time": 25.98925674,
    "schema_version": "0.2.0",
    "tflops": 34.343620643129725,
    "total_time": 26.167028,
    "transforms_time": 0.083908951,
    "xc_tflops": 46.94385435938672,
    "xc_time": 18.864109688
  },
  "schema_version": "0.2.0"
}
