{
  "calculation_time": 30.826067354,
  "qmmbe": {
    "b_formation_time": 2.16995204,
    "b_tflops": 6.9171309116601485,
    "diag_time": 4.253182562,
    "expanded_elec_energy": -5983.919103438893,
    "expanded_hf_energy": -1693.0583905186734,
    "expanded_nuc_repulsion_energy": 4540.792359232524,
    "expanded_xc_energy": -249.9316463123043,
    "homo": -0.17890121461011466,
    "lumo": -0.09475612713116942,
    "method": "RestrictedKSDFT",
    "mp2_tflops": 0.0,
    "mp2_time": 6.95335580499077e-310,
    "n_atoms": 68,
    "nmers": [
      [
        {
          "fragments": [
            0
          ],
          "hf_energy": -1693.0583905186734,
          "num_basis_fns": 1508,
          "num_iters": 16,
          "schema_version": "0.2.0"
        }
      ]
    ],
    "num_iters": 16,
    "ri_fock_time": 0.25762114799999997,
    "ri_tflops": 2.092532075759557,
    "scf_tflops": 36.73976776547272,
    "scf_time": 30.630023652,
    "schema_version": "0.2.0",
    "tflops": 34.11832713478028,
    "total_time": 30.821684,
    "transforms_time": 0.083791545,
    "xc_tflops": 46.06799374170849,
    "xc_time": 22.470637512
  },
  "schema_version": "0.2.0"
}
