{
  "calculation_time": 31.371658737,
  "qmmbe": {
    "b_formation_time": 2.175333202,
    "b_tflops": 6.599445482732075,
    "diag_time": 4.836397061,
    "expanded_elec_energy": -5859.503787737873,
    "expanded_hf_energy": -1693.0646358579743,
    "expanded_nuc_repulsion_energy": 4416.3823540377525,
    "expanded_xc_energy": -249.94320215785413,
    "homo": -0.17849387303820774,
    "lumo": -0.09527976951307011,
    "method": "RestrictedKSDFT",
    "mp2_tflops": 0.0,
    "mp2_time": 6.9533558049892e-310,
    "n_atoms": 68,
    "nmers": [
      [
        {
          "fragments": [
            0
          ],
          "hf_energy": -1693.0646358579743,
          "num_basis_fns": 1508,
          "num_iters": 16,
          "schema_version": "0.2.0"
        }
      ]
    ],
    "num_iters": 16,
    "ri_fock_time": 0.25747627300000003,
    "ri_tflops": 2.0937094874912994,
    "scf_tflops": 36.15852335843925,
    "scf_time": 31.188513865,
    "schema_version": "0.2.0",
    "tflops": 33.63801330567158,
    "total_time": 31.367151,
    "transforms_time": 0.08415938199999998,
    "xc_tflops": 46.4456478329809,
    "xc_time": 22.379049544
  },
  "schema_version": "0.2.0"
}
