{
  "calculation_time": 31.189774653,
  "qmmbe": {
    "b_formation_time": 2.195006086,
    "b_tflops": 6.631103005800049,
    "diag_time": 4.804765223,
    "expanded_elec_energy": -5927.829216125228,
    "expanded_hf_energy": -1693.0576796081555,
    "expanded_nuc_repulsion_energy": 4484.706978841504,
    "expanded_xc_energy": -249.9354423244307,
    "homo": -0.17809983097847823,
    "lumo": -0.0973949093096069,
    "method": "RestrictedKSDFT",
    "mp2_tflops": 0.0,
    "mp2_time": 6.95335580501764e-310,
    "n_atoms": 68,
    "nmers": [
      [
        {
          "fragments": [
            0
          ],
          "hf_energy": -1693.0576796081555,
          "num_basis_fns": 1508,
          "num_iters": 16,
          "schema_version": "0.2.0"
        }
      ]
    ],
    "num_iters": 16,
    "ri_fock_time": 0.25561248,
    "ri_tflops": 2.108975726005241,
    "scf_tflops": 36.42266673636842,
    "scf_time": 31.006086257,
    "schema_version": "0.2.0",
    "tflops": 33.807508280748294,
    "total_time": 31.185397,
    "transforms_time": 0.08072552799999999,
    "xc_tflops": 46.6930280661486,
    "xc_time": 22.238204791999994
  },
  "schema_version": "0.2.0"
}
