{
  "calculation_time": 32.504729437,
  "qmmbe": {
    "b_formation_time": 2.277263589,
    "b_tflops": 7.356119009297522,
    "diag_time": 4.541334988999999,
    "expanded_elec_energy": -6219.328264905442,
    "expanded_hf_energy": -1693.0286315213234,
    "expanded_nuc_repulsion_energy": 4776.2457980152085,
    "expanded_xc_energy": -249.9461646310902,
    "homo": -0.167100454799958,
    "lumo": -0.10414350189075497,
    "method": "RestrictedKSDFT",
    "mp2_tflops": 0.0,
    "mp2_time": 6.9533558049892e-310,
    "n_atoms": 68,
    "nmers": [
      [
        {
          "fragments": [
            0
          ],
          "hf_energy": -1693.0286315213234,
          "num_basis_fns": 1508,
          "num_iters": 17,
          "schema_version": "0.2.0"
        }
      ]
    ],
    "num_iters": 17,
    "ri_fock_time": 0.27166760500000003,
    "ri_tflops": 2.1083597648972536,
    "scf_tflops": 36.746957202387826,
    "scf_time": 32.297054985,
    "schema_version": "0.2.0",
    "tflops": 34.150513419682525,
    "total_time": 32.50034,
    "transforms_time": 0.089930399,
    "xc_tflops": 46.20082887513706,
    "xc_time": 23.628997321
  },
  "schema_version": "0.2.0"
}
