{
  "calculation_time": 32.348280269,
  "qmmbe": {
    "b_formation_time": 4.035514651,
    "b_tflops": 3.2639597371849565,
    "diag_time": 4.389615196999999,
    "expanded_elec_energy": -5660.922355056063,
    "expanded_hf_energy": -1615.5504454537152,
    "expanded_nuc_repulsion_energy": 4283.621816215867,
    "expanded_xc_energy": -238.2499066135189,
    "homo": -0.16966752802703608,
    "lumo": -0.10698755689200623,
    "method": "RestrictedKSDFT",
    "mp2_tflops": 0.0,
    "mp2_time": 6.95335580499235e-310,
    "n_atoms": 64,
    "nmers": [
      [
        {
          "fragments": [
            0
          ],
          "hf_energy": -1615.5504454537152,
          "num_basis_fns": 1434,
          "num_iters": 17,
          "schema_version": "0.2.0"
        }
      ]
    ],
    "num_iters": 17,
    "ri_fock_time": 0.27175143199999996,
    "ri_tflops": 1.8122776132270761,
    "scf_tflops": 35.765267820180995,
    "scf_time": 30.465165976,
    "schema_version": "0.2.0",
    "tflops": 30.230895039918153,
    "total_time": 30.798105,
    "transforms_time": 0.2664935420000001,
    "xc_tflops": 46.368882253152435,
    "xc_time": 20.143214785999998
  },
  "schema_version": "0.2.0"
}
