{
  "calculation_time": 23.066408735,
  "qmmbe": {
    "b_formation_time": 1.85945133,
    "b_tflops": 6.45809776702034,
    "diag_time": 3.2605880259999998,
    "expanded_elec_energy": -5405.911899560904,
    "expanded_hf_energy": -1539.2481408820622,
    "expanded_nuc_repulsion_energy": 4093.9536708714213,
    "expanded_xc_energy": -227.28991219257932,
    "homo": -0.1731297460932617,
    "lumo": -0.09678530152649313,
    "method": "RestrictedKSDFT",
    "mp2_tflops": 0.0,
    "mp2_time": 6.9533558049528e-310,
    "n_atoms": 62,
    "nmers": [
      [
        {
          "fragments": [
            0
          ],
          "hf_energy": -1539.2481408820622,
          "num_basis_fns": 1372,
          "num_iters": 16,
          "schema_version": "0.2.0"
        }
      ]
    ],
    "num_iters": 16,
    "ri_fock_time": 0.20196313899999999,
    "ri_tflops": 2.0102310903377276,
    "scf_tflops": 37.54787565327738,
    "scf_time": 22.884443106,
    "schema_version": "0.2.0",
    "tflops": 34.34428603691624,
    "total_time": 23.062255,
    "transforms_time": 0.08266066899999999,
    "xc_tflops": 47.820916437782046,
    "xc_time": 16.290344277
  },
  "schema_version": "0.2.0"
}
