{
  "calculation_time": 31.52079075,
  "qmmbe": {
    "b_formation_time": 2.22347989,
    "b_tflops": 7.038935957793618,
    "diag_time": 4.832565231,
    "expanded_elec_energy": -6073.313405189152,
    "expanded_hf_energy": -1693.0470512630077,
    "expanded_nuc_repulsion_energy": 4630.2110449857055,
    "expanded_xc_energy": -249.94469105956114,
    "homo": -0.17965401711000978,
    "lumo": -0.09522788038230363,
    "method": "RestrictedKSDFT",
    "mp2_tflops": 0.0,
    "mp2_time": 6.95335580501764e-310,
    "n_atoms": 68,
    "nmers": [
      [
        {
          "fragments": [
            0
          ],
          "hf_energy": -1693.0470512630077,
          "num_basis_fns": 1508,
          "num_iters": 16,
          "schema_version": "0.2.0"
        }
      ]
    ],
    "num_iters": 16,
    "ri_fock_time": 0.25734946700000005,
    "ri_tflops": 2.0947411388421484,
    "scf_tflops": 35.991267228508526,
    "scf_time": 31.304017051,
    "schema_version": "0.2.0",
    "tflops": 33.417030132825545,
    "total_time": 31.516341,
    "transforms_time": 0.08294176499999999,
    "xc_tflops": 46.04790829031257,
    "xc_time": 22.501926872
  },
  "schema_version": "0.2.0"
}
