{
  "calculation_time": 24.514918072,
  "qmmbe": {
    "b_formation_time": 1.896049922,
    "b_tflops": 6.819689436508413,
    "diag_time": 3.5061528280000003,
    "expanded_elec_energy": -5551.163932590931,
    "expanded_hf_energy": -1539.2291694088024,
    "expanded_nuc_repulsion_energy": 4239.219309143962,
    "expanded_xc_energy": -227.2845459618336,
    "homo": -0.17523554842166317,
    "lumo": -0.0993169049403869,
    "method": "RestrictedKSDFT",
    "mp2_tflops": 0.0,
    "mp2_time": 6.9533558049544e-310,
    "n_atoms": 62,
    "nmers": [
      [
        {
          "fragments": [
            0
          ],
          "hf_energy": -1539.2291694088024,
          "num_basis_fns": 1372,
          "num_iters": 17,
          "schema_version": "0.2.0"
        }
      ]
    ],
    "num_iters": 17,
    "ri_fock_time": 0.20910146199999996,
    "ri_tflops": 2.062956008600265,
    "scf_tflops": 37.13556412237235,
    "scf_time": 24.305123027,
    "schema_version": "0.2.0",
    "tflops": 34.10494613820627,
    "total_time": 24.510493,
    "transforms_time": 0.086716085,
    "xc_tflops": 47.35994102641406,
    "xc_time": 17.354870504
  },
  "schema_version": "0.2.0"
}
