{
  "calculation_time": 32.573019824,
  "qmmbe": {
    "b_formation_time": 2.259976965,
    "b_tflops": 6.944336082037898,
    "diag_time": 4.515908863,
    "expanded_elec_energy": -6073.766940562136,
    "expanded_hf_energy": -1693.0390630536474,
    "expanded_nuc_repulsion_energy": 4630.667417510849,
    "expanded_xc_energy": -249.93954000236022,
    "homo": -0.1692243557648152,
    "lumo": -0.10670600515903723,
    "method": "RestrictedKSDFT",
    "mp2_tflops": 0.0,
    "mp2_time": 6.9533558049892e-310,
    "n_atoms": 68,
    "nmers": [
      [
        {
          "fragments": [
            0
          ],
          "hf_energy": -1693.0390630536474,
          "num_basis_fns": 1508,
          "num_iters": 17,
          "schema_version": "0.2.0"
        }
      ]
    ],
    "num_iters": 17,
    "ri_fock_time": 0.27240774599999995,
    "ri_tflops": 2.1026312805657152,
    "scf_tflops": 36.772886769178555,
    "scf_time": 32.374615208,
    "schema_version": "0.2.0",
    "tflops": 34.17652630668745,
    "total_time": 32.56864,
    "transforms_time": 0.09217416599999999,
    "xc_tflops": 46.182844774964245,
    "xc_time": 23.730302546000004
  },
  "schema_version": "0.2.0"
}
