{
  "calculation_time": 23.990052695,
  "qmmbe": {
    "b_formation_time": 3.528483198,
    "b_tflops": 2.479981456548798,
    "diag_time": 3.0942325449999997,
    "expanded_elec_energy": -4724.430224045507,
    "expanded_hf_energy": -1385.439724420956,
    "expanded_nuc_repulsion_energy": 3543.629143834273,
    "expanded_xc_energy": -204.63864420972155,
    "homo": -0.18412613780204015,
    "lumo": -0.0875063139700887,
    "method": "RestrictedKSDFT",
    "mp2_tflops": 0.0,
    "mp2_time": 6.9533558049544e-310,
    "n_atoms": 56,
    "nmers": [
      [
        {
          "fragments": [
            0
          ],
          "hf_energy": -1385.439724420956,
          "num_basis_fns": 1236,
          "num_iters": 17,
          "schema_version": "0.2.0"
        }
      ]
    ],
    "num_iters": 17,
    "ri_fock_time": 0.18659628500000006,
    "ri_tflops": 1.6902254179819278,
    "scf_tflops": 32.99799145107757,
    "scf_time": 22.11213488,
    "schema_version": "0.2.0",
    "tflops": 26.7529179518649,
    "total_time": 22.423257,
    "transforms_time": 0.25920243599999987,
    "xc_tflops": 43.132138228825674,
    "xc_time": 14.016162660000003
  },
  "schema_version": "0.2.0"
}
