{
  "calculation_time": 32.552809946000004,
  "qmmbe": {
    "b_formation_time": 2.232040349,
    "b_tflops": 7.220496317305597,
    "diag_time": 4.551240963000001,
    "expanded_elec_energy": -6139.605495811699,
    "expanded_hf_energy": -1693.0133061610204,
    "expanded_nuc_repulsion_energy": 4696.531671847401,
    "expanded_xc_energy": -249.93948219672257,
    "homo": -0.1767043861334194,
    "lumo": -0.09562916821840158,
    "method": "RestrictedKSDFT",
    "mp2_tflops": 0.0,
    "mp2_time": 6.9533558049892e-310,
    "n_atoms": 68,
    "nmers": [
      [
        {
          "fragments": [
            0
          ],
          "hf_energy": -1693.0133061610204,
          "num_basis_fns": 1508,
          "num_iters": 17,
          "schema_version": "0.2.0"
        }
      ]
    ],
    "num_iters": 17,
    "ri_fock_time": 0.27306528799999996,
    "ri_tflops": 2.0975681383860114,
    "scf_tflops": 36.7245418185761,
    "scf_time": 32.347805759,
    "schema_version": "0.2.0",
    "tflops": 34.17595035311912,
    "total_time": 32.54837,
    "transforms_time": 0.091989293,
    "xc_tflops": 46.13006396143104,
    "xc_time": 23.733157285
  },
  "schema_version": "0.2.0"
}
