{
  "calculation_time": 30.624538104,
  "qmmbe": {
    "b_formation_time": 2.169441013,
    "b_tflops": 6.7645044835482695,
    "diag_time": 4.290499991,
    "expanded_elec_energy": -5919.491035692681,
    "expanded_hf_energy": -1693.0568558286939,
    "expanded_nuc_repulsion_energy": 4476.377133461171,
    "expanded_xc_energy": -249.94295359718367,
    "homo": -0.18309933415508206,
    "lumo": -0.0915453620646702,
    "method": "RestrictedKSDFT",
    "mp2_tflops": 0.0,
    "mp2_time": 6.95335580501764e-310,
    "n_atoms": 68,
    "nmers": [
      [
        {
          "fragments": [
            0
          ],
          "hf_energy": -1693.0568558286939,
          "num_basis_fns": 1508,
          "num_iters": 16,
          "schema_version": "0.2.0"
        }
      ]
    ],
    "num_iters": 16,
    "ri_fock_time": 0.256246445,
    "ri_tflops": 2.1037580270977028,
    "scf_tflops": 37.12603112672669,
    "scf_time": 30.420966232,
    "schema_version": "0.2.0",
    "tflops": 34.44273636838634,
    "total_time": 30.620144,
    "transforms_time": 0.08186930400000003,
    "xc_tflops": 46.74711282554285,
    "xc_time": 22.217514728
  },
  "schema_version": "0.2.0"
}
