{
  "calculation_time": 32.546628894,
  "qmmbe": {
    "b_formation_time": 2.13712802,
    "b_tflops": 6.777266966780961,
    "diag_time": 4.555495972,
    "expanded_elec_energy": -5890.569984571191,
    "expanded_hf_energy": -1693.050253583099,
    "expanded_nuc_repulsion_energy": 4447.447990390528,
    "expanded_xc_energy": -249.92825940243605,
    "homo": -0.166848812091164,
    "lumo": -0.11057002071418842,
    "method": "RestrictedKSDFT",
    "mp2_tflops": 0.0,
    "mp2_time": 6.95335580499077e-310,
    "n_atoms": 68,
    "nmers": [
      [
        {
          "fragments": [
            0
          ],
          "hf_energy": -1693.050253583099,
          "num_basis_fns": 1508,
          "num_iters": 17,
          "schema_version": "0.2.0"
        }
      ]
    ],
    "num_iters": 17,
    "ri_fock_time": 0.272248594,
    "ri_tflops": 2.103860443841264,
    "scf_tflops": 36.73144025911478,
    "scf_time": 32.361749754,
    "schema_version": "0.2.0",
    "tflops": 34.28737832135336,
    "total_time": 32.542102,
    "transforms_time": 0.09144989000000002,
    "xc_tflops": 46.160750015536344,
    "xc_time": 23.826008810999994
  },
  "schema_version": "0.2.0"
}
