{
  "calculation_time": 30.547455579,
  "qmmbe": {
    "b_formation_time": 2.090663731,
    "b_tflops": 6.5108930014838435,
    "diag_time": 4.320527185,
    "expanded_elec_energy": -5721.671041040258,
    "expanded_hf_energy": -1693.0662777809393,
    "expanded_nuc_repulsion_energy": 4278.530794824877,
    "expanded_xc_energy": -249.9260315655583,
    "homo": -0.1713592210493042,
    "lumo": -0.1066456440524329,
    "method": "RestrictedKSDFT",
    "mp2_tflops": 0.0,
    "mp2_time": 6.9533558049797e-310,
    "n_atoms": 68,
    "nmers": [
      [
        {
          "fragments": [
            0
          ],
          "hf_energy": -1693.0662777809393,
          "num_basis_fns": 1508,
          "num_iters": 16,
          "schema_version": "0.2.0"
        }
      ]
    ],
    "num_iters": 16,
    "ri_fock_time": 0.255483107,
    "ri_tflops": 2.1100436812207706,
    "scf_tflops": 37.14392866486912,
    "scf_time": 30.370646981,
    "schema_version": "0.2.0",
    "tflops": 34.55843076525523,
    "total_time": 30.542937,
    "transforms_time": 0.08451599599999997,
    "xc_tflops": 46.856024972327845,
    "xc_time": 22.207135971
  },
  "schema_version": "0.2.0"
}
