{
  "calculation_time": 31.171555101,
  "qmmbe": {
    "b_formation_time": 2.223500617,
    "b_tflops": 7.22638507790079,
    "diag_time": 4.232275984999999,
    "expanded_elec_energy": -6134.594219384795,
    "expanded_hf_energy": -1693.019761781473,
    "expanded_nuc_repulsion_energy": 4691.521190145681,
    "expanded_xc_energy": -249.9467325423596,
    "homo": -0.18111992243318287,
    "lumo": -0.09288657344908557,
    "method": "RestrictedKSDFT",
    "mp2_tflops": 0.0,
    "mp2_time": 6.95335580499077e-310,
    "n_atoms": 68,
    "nmers": [
      [
        {
          "fragments": [
            0
          ],
          "hf_energy": -1693.019761781473,
          "num_basis_fns": 1508,
          "num_iters": 16,
          "schema_version": "0.2.0"
        }
      ]
    ],
    "num_iters": 16,
    "ri_fock_time": 0.25642951999999997,
    "ri_tflops": 2.1022560724833865,
    "scf_tflops": 36.34923016150504,
    "scf_time": 30.948675995,
    "schema_version": "0.2.0",
    "tflops": 33.72032332699423,
    "total_time": 31.167267,
    "transforms_time": 0.08768793099999997,
    "xc_tflops": 45.4700485379905,
    "xc_time": 22.729685033999996
  },
  "schema_version": "0.2.0"
}
