{
  "calculation_time": 31.246592179,
  "qmmbe": {
    "b_formation_time": 2.171794105,
    "b_tflops": 6.651754176035946,
    "diag_time": 4.27358043,
    "expanded_elec_energy": -5881.979806520223,
    "expanded_hf_energy": -1693.0599601002916,
    "expanded_nuc_repulsion_energy": 4438.857537737566,
    "expanded_xc_energy": -249.9376913176349,
    "homo": -0.17719621609467756,
    "lumo": -0.09795761060420148,
    "method": "RestrictedKSDFT",
    "mp2_tflops": 0.0,
    "mp2_time": 6.95335580499077e-310,
    "n_atoms": 68,
    "nmers": [
      [
        {
          "fragments": [
            0
          ],
          "hf_energy": -1693.0599601002916,
          "num_basis_fns": 1508,
          "num_iters": 16,
          "schema_version": "0.2.0"
        }
      ]
    ],
    "num_iters": 16,
    "ri_fock_time": 0.25695276,
    "ri_tflops": 2.0979751903968653,
    "scf_tflops": 36.33882137462786,
    "scf_time": 31.059986176,
    "schema_version": "0.2.0",
    "tflops": 33.76499934081539,
    "total_time": 31.242074,
    "transforms_time": 0.084966982,
    "xc_tflops": 45.47970958769113,
    "xc_time": 22.847038024999993
  },
  "schema_version": "0.2.0"
}
