{
  "calculation_time": 18.566085407,
  "qmmbe": {
    "b_formation_time": 1.451675952,
    "b_tflops": 5.165329627635796,
    "diag_time": 2.566579842,
    "expanded_elec_energy": -4465.4101954468215,
    "expanded_hf_energy": -1385.437406974429,
    "expanded_nuc_repulsion_energy": 3284.5818702421097,
    "expanded_xc_energy": -204.60908176971733,
    "homo": -0.16168307033122262,
    "lumo": -0.11548508698271719,
    "method": "RestrictedKSDFT",
    "mp2_tflops": 0.0,
    "mp2_time": 6.9533558049544e-310,
    "n_atoms": 56,
    "nmers": [
      [
        {
          "fragments": [
            0
          ],
          "hf_energy": -1385.437406974429,
          "num_basis_fns": 1236,
          "num_iters": 16,
          "schema_version": "0.2.0"
        }
      ]
    ],
    "num_iters": 16,
    "ri_fock_time": 0.14745199100000003,
    "ri_tflops": 2.013112482041697,
    "scf_tflops": 34.320539101428615,
    "scf_time": 18.425947479,
    "schema_version": "0.2.0",
    "tflops": 31.459708103491042,
    "total_time": 18.562133,
    "transforms_time": 0.07187454199999997,
    "xc_tflops": 43.419783612648125,
    "xc_time": 13.259439774
  },
  "schema_version": "0.2.0"
}
