{
  "calculation_time": 32.846106798,
  "qmmbe": {
    "b_formation_time": 2.19815935,
    "b_tflops": 6.886875609399291,
    "diag_time": 4.545587539,
    "expanded_elec_energy": -5995.8328215596985,
    "expanded_hf_energy": -1693.0433399942663,
    "expanded_nuc_repulsion_energy": 4552.725416947704,
    "expanded_xc_energy": -249.93593538227142,
    "homo": -0.17412647115736382,
    "lumo": -0.10147236093682803,
    "method": "RestrictedKSDFT",
    "mp2_tflops": 0.0,
    "mp2_time": 6.95335580499077e-310,
    "n_atoms": 68,
    "nmers": [
      [
        {
          "fragments": [
            0
          ],
          "hf_energy": -1693.0433399942663,
          "num_basis_fns": 1508,
          "num_iters": 17,
          "schema_version": "0.2.0"
        }
      ]
    ],
    "num_iters": 17,
    "ri_fock_time": 0.27172563899999996,
    "ri_tflops": 2.107909470434625,
    "scf_tflops": 36.39804130993359,
    "scf_time": 32.652498149,
    "schema_version": "0.2.0",
    "tflops": 33.938783086517596,
    "total_time": 32.841646,
    "transforms_time": 0.09018700900000001,
    "xc_tflops": 45.6178225868494,
    "xc_time": 24.069563887999998
  },
  "schema_version": "0.2.0"
}
