{
  "calculation_time": 27.063732202,
  "qmmbe": {
    "b_formation_time": 2.02264542,
    "b_tflops": 6.405641316281724,
    "diag_time": 3.679389504,
    "expanded_elec_energy": -5625.491522995361,
    "expanded_hf_energy": -1615.5575904318155,
    "expanded_nuc_repulsion_energy": 4248.188926795535,
    "expanded_xc_energy": -238.2549942319891,
    "homo": -0.1774753420992488,
    "lumo": -0.09573733600344458,
    "method": "RestrictedKSDFT",
    "mp2_tflops": 0.0,
    "mp2_time": 6.95335580499235e-310,
    "n_atoms": 64,
    "nmers": [
      [
        {
          "fragments": [
            0
          ],
          "hf_energy": -1615.5575904318155,
          "num_basis_fns": 1434,
          "num_iters": 16,
          "schema_version": "0.2.0"
        }
      ]
    ],
    "num_iters": 16,
    "ri_fock_time": 0.22241451800000003,
    "ri_tflops": 2.084032541652699,
    "scf_tflops": 35.932484390412455,
    "scf_time": 26.867232514,
    "schema_version": "0.2.0",
    "tflops": 33.15731326033953,
    "total_time": 27.059436,
    "transforms_time": 0.078577771,
    "xc_tflops": 45.03290896365166,
    "xc_time": 19.609755491999998
  },
  "schema_version": "0.2.0"
}
