{
  "calculation_time": 31.013872437,
  "qmmbe": {
    "b_formation_time": 2.263942615,
    "b_tflops": 7.233926351851458,
    "diag_time": 4.285401596,
    "expanded_elec_energy": -6177.006310615502,
    "expanded_hf_energy": -1693.041126124309,
    "expanded_nuc_repulsion_energy": 4733.920717397199,
    "expanded_xc_energy": -249.95553290600589,
    "homo": -0.183909895926375,
    "lumo": -0.09242095778966979,
    "method": "RestrictedKSDFT",
    "mp2_tflops": 0.0,
    "mp2_time": 6.9533558049892e-310,
    "n_atoms": 68,
    "nmers": [
      [
        {
          "fragments": [
            0
          ],
          "hf_energy": -1693.041126124309,
          "num_basis_fns": 1508,
          "num_iters": 16,
          "schema_version": "0.2.0"
        }
      ]
    ],
    "num_iters": 16,
    "ri_fock_time": 0.258402166,
    "ri_tflops": 2.0862074181839483,
    "scf_tflops": 36.605308628674365,
    "scf_time": 30.809435362,
    "schema_version": "0.2.0",
    "tflops": 33.904985310370115,
    "total_time": 31.009383,
    "transforms_time": 0.083224036,
    "xc_tflops": 45.94198672140464,
    "xc_time": 22.498204817
  },
  "schema_version": "0.2.0"
}
