{
  "calculation_time": 26.666062085,
  "qmmbe": {
    "b_formation_time": 2.032830889,
    "b_tflops": 6.617384812465824,
    "diag_time": 3.6306805920000005,
    "expanded_elec_energy": -5701.605239668352,
    "expanded_hf_energy": -1615.5639006583006,
    "expanded_nuc_repulsion_energy": 4324.306669421076,
    "expanded_xc_energy": -238.2653304110244,
    "homo": -0.18464182144160848,
    "lumo": -0.09091392186910227,
    "method": "RestrictedKSDFT",
    "mp2_tflops": 0.0,
    "mp2_time": 6.95335580501764e-310,
    "n_atoms": 64,
    "nmers": [
      [
        {
          "fragments": [
            0
          ],
          "hf_energy": -1615.5639006583006,
          "num_basis_fns": 1434,
          "num_iters": 16,
          "schema_version": "0.2.0"
        }
      ]
    ],
    "num_iters": 16,
    "ri_fock_time": 0.22999618399999996,
    "ri_tflops": 2.01533384244323,
    "scf_tflops": 36.5103196158021,
    "scf_time": 26.480141066,
    "schema_version": "0.2.0",
    "tflops": 33.62252532619206,
    "total_time": 26.661862,
    "transforms_time": 0.083258712,
    "xc_tflops": 45.891039524323034,
    "xc_time": 19.214988257
  },
  "schema_version": "0.2.0"
}
