{
  "calculation_time": 20.158554345,
  "qmmbe": {
    "b_formation_time": 1.617113857,
    "b_tflops": 5.487998515216482,
    "diag_time": 2.8890129170000005,
    "expanded_elec_energy": -4806.844538150446,
    "expanded_hf_energy": -1461.7684928968406,
    "expanded_nuc_repulsion_energy": 3560.6702780370542,
    "expanded_xc_energy": -215.59423278344877,
    "homo": -0.1703039806858985,
    "lumo": -0.10410819793696878,
    "method": "RestrictedKSDFT",
    "mp2_tflops": 0.0,
    "mp2_time": 6.9533558049544e-310,
    "n_atoms": 58,
    "nmers": [
      [
        {
          "fragments": [
            0
          ],
          "hf_energy": -1461.7684928968406,
          "num_basis_fns": 1298,
          "num_iters": 16,
          "schema_version": "0.2.0"
        }
      ]
    ],
    "num_iters": 16,
    "ri_fock_time": 0.16965094500000003,
    "ri_tflops": 2.026242351482333,
    "scf_tflops": 36.23234317082322,
    "scf_time": 20.008169324,
    "schema_version": "0.2.0",
    "tflops": 33.100296237872456,
    "total_time": 20.154356,
    "transforms_time": 0.07675258899999998,
    "xc_tflops": 46.29027171270435,
    "xc_time": 14.201232272999999
  },
  "schema_version": "0.2.0"
}
