{
  "calculation_time": 22.192930883,
  "qmmbe": {
    "b_formation_time": 1.757694916,
    "b_tflops": 6.336875031844263,
    "diag_time": 3.2541990680000006,
    "expanded_elec_energy": -5289.027302826414,
    "expanded_hf_energy": -1538.0806750751233,
    "expanded_nuc_repulsion_energy": 3977.511234537146,
    "expanded_xc_energy": -226.56460678585546,
    "homo": -0.17373936154933967,
    "lumo": -0.0999677727576127,
    "method": "RestrictedKSDFT",
    "mp2_tflops": 0.0,
    "mp2_time": 6.9533558049544e-310,
    "n_atoms": 60,
    "nmers": [
      [
        {
          "fragments": [
            0
          ],
          "hf_energy": -1538.0806750751233,
          "num_basis_fns": 1360,
          "num_iters": 16,
          "schema_version": "0.2.0"
        }
      ]
    ],
    "num_iters": 16,
    "ri_fock_time": 0.183689088,
    "ri_tflops": 2.152389672706089,
    "scf_tflops": 37.26747309075166,
    "scf_time": 22.021621892,
    "schema_version": "0.2.0",
    "tflops": 34.153085917024086,
    "total_time": 22.188699,
    "transforms_time": 0.07922256499999998,
    "xc_tflops": 47.774150202474125,
    "xc_time": 15.608392775999999
  },
  "schema_version": "0.2.0"
}
