{
  "calculation_time": 30.827909723,
  "qmmbe": {
    "b_formation_time": 2.149781883,
    "b_tflops": 6.680002236249193,
    "diag_time": 4.261266690999999,
    "expanded_elec_energy": -5869.418156278238,
    "expanded_hf_energy": -1693.0560237252191,
    "expanded_nuc_repulsion_energy": 4426.300101344229,
    "expanded_xc_energy": -249.93796879121024,
    "homo": -0.17291344423552626,
    "lumo": -0.10494425867148267,
    "method": "RestrictedKSDFT",
    "mp2_tflops": 0.0,
    "mp2_time": 6.9533558049797e-310,
    "n_atoms": 68,
    "nmers": [
      [
        {
          "fragments": [
            0
          ],
          "hf_energy": -1693.0560237252191,
          "num_basis_fns": 1508,
          "num_iters": 16,
          "schema_version": "0.2.0"
        }
      ]
    ],
    "num_iters": 16,
    "ri_fock_time": 0.257960027,
    "ri_tflops": 2.0897831414167127,
    "scf_tflops": 36.847822229960016,
    "scf_time": 30.624210401,
    "schema_version": "0.2.0",
    "tflops": 34.24320088596443,
    "total_time": 30.823269,
    "transforms_time": 0.08534803099999999,
    "xc_tflops": 46.27680372502161,
    "xc_time": 22.46802751
  },
  "schema_version": "0.2.0"
}
