{
  "calculation_time": 31.208669249,
  "qmmbe": {
    "b_formation_time": 2.157237251,
    "b_tflops": 6.559763848557795,
    "diag_time": 4.3341419210000005,
    "expanded_elec_energy": -5834.395752520506,
    "expanded_hf_energy": -1693.0616024375674,
    "expanded_nuc_repulsion_energy": 4391.26608582413,
    "expanded_xc_energy": -249.93193574119115,
    "homo": -0.17047999031186767,
    "lumo": -0.10725559224035448,
    "method": "RestrictedKSDFT",
    "mp2_tflops": 0.0,
    "mp2_time": 6.95335580501764e-310,
    "n_atoms": 68,
    "nmers": [
      [
        {
          "fragments": [
            0
          ],
          "hf_energy": -1693.0616024375674,
          "num_basis_fns": 1508,
          "num_iters": 16,
          "schema_version": "0.2.0"
        }
      ]
    ],
    "num_iters": 16,
    "ri_fock_time": 0.254523935,
    "ri_tflops": 2.117995368820618,
    "scf_tflops": 36.39178347264339,
    "scf_time": 31.026242396,
    "schema_version": "0.2.0",
    "tflops": 33.81777303040421,
    "total_time": 31.204051,
    "transforms_time": 0.08534853100000002,
    "xc_tflops": 45.623595906927434,
    "xc_time": 22.789406425000003
  },
  "schema_version": "0.2.0"
}
