{
  "calculation_time": 30.73167194,
  "qmmbe": {
    "b_formation_time": 2.180260541,
    "b_tflops": 6.7351643370332415,
    "diag_time": 4.236666368000001,
    "expanded_elec_energy": -5943.050431790589,
    "expanded_hf_energy": -1693.0595405423853,
    "expanded_nuc_repulsion_energy": 4499.923812692779,
    "expanded_xc_energy": -249.93292144457578,
    "homo": -0.180560400132009,
    "lumo": -0.09595790345240823,
    "method": "RestrictedKSDFT",
    "mp2_tflops": 0.0,
    "mp2_time": 6.95335580501764e-310,
    "n_atoms": 68,
    "nmers": [
      [
        {
          "fragments": [
            0
          ],
          "hf_energy": -1693.0595405423853,
          "num_basis_fns": 1508,
          "num_iters": 16,
          "schema_version": "0.2.0"
        }
      ]
    ],
    "num_iters": 16,
    "ri_fock_time": 0.257589207,
    "ri_tflops": 2.0927915492359896,
    "scf_tflops": 37.02511368452219,
    "scf_time": 30.5311777,
    "schema_version": "0.2.0",
    "tflops": 34.3468260067462,
    "total_time": 30.727105,
    "transforms_time": 0.08703038599999999,
    "xc_tflops": 46.51100668549044,
    "xc_time": 22.345616291999995
  },
  "schema_version": "0.2.0"
}
