{
  "calculation_time": 26.526942484,
  "qmmbe": {
    "b_formation_time": 2.055852052,
    "b_tflops": 6.651855381797677,
    "diag_time": 3.7120090510000003,
    "expanded_elec_energy": -5736.954490164232,
    "expanded_hf_energy": -1615.5518604938957,
    "expanded_nuc_repulsion_energy": 4359.666397621844,
    "expanded_xc_energy": -238.26376795150776,
    "homo": -0.17791146807034666,
    "lumo": -0.0973277652947194,
    "method": "RestrictedKSDFT",
    "mp2_tflops": 0.0,
    "mp2_time": 6.95335580501764e-310,
    "n_atoms": 64,
    "nmers": [
      [
        {
          "fragments": [
            0
          ],
          "hf_energy": -1615.5518604938957,
          "num_basis_fns": 1434,
          "num_iters": 16,
          "schema_version": "0.2.0"
        }
      ]
    ],
    "num_iters": 16,
    "ri_fock_time": 0.221945026,
    "ri_tflops": 2.088441005422667,
    "scf_tflops": 36.71541969177763,
    "scf_time": 26.336407453,
    "schema_version": "0.2.0",
    "tflops": 33.77402646000859,
    "total_time": 26.522713,
    "transforms_time": 0.08049354600000001,
    "xc_tflops": 46.390478691062235,
    "xc_time": 18.989222471999998
  },
  "schema_version": "0.2.0"
}
