{
  "calculation_time": 22.912004081,
  "qmmbe": {
    "b_formation_time": 1.786487218,
    "b_tflops": 6.193775520847863,
    "diag_time": 3.2886530130000002,
    "expanded_elec_energy": -5255.339518959139,
    "expanded_hf_energy": -1539.2484805048655,
    "expanded_nuc_repulsion_energy": 3943.374067900349,
    "expanded_xc_energy": -227.28302944607532,
    "homo": -0.17254204103131002,
    "lumo": -0.10032444730845463,
    "method": "RestrictedKSDFT",
    "mp2_tflops": 0.0,
    "mp2_time": 6.9533558049528e-310,
    "n_atoms": 62,
    "nmers": [
      [
        {
          "fragments": [
            0
          ],
          "hf_energy": -1539.2484805048655,
          "num_basis_fns": 1372,
          "num_iters": 16,
          "schema_version": "0.2.0"
        }
      ]
    ],
    "num_iters": 16,
    "ri_fock_time": 0.20432282699999998,
    "ri_tflops": 1.98701528889868,
    "scf_tflops": 37.79908743466113,
    "scf_time": 22.742289201,
    "schema_version": "0.2.0",
    "tflops": 34.67249455946478,
    "total_time": 22.907868,
    "transforms_time": 0.08132297600000002,
    "xc_tflops": 48.260965651111555,
    "xc_time": 16.207521504000002
  },
  "schema_version": "0.2.0"
}
