{
  "calculation_time": 30.960931893,
  "qmmbe": {
    "b_formation_time": 2.174868635,
    "b_tflops": 6.6510183773963885,
    "diag_time": 4.314615719,
    "expanded_elec_energy": -5876.801338907473,
    "expanded_hf_energy": -1693.0595637393074,
    "expanded_nuc_repulsion_energy": 4433.678604143235,
    "expanded_xc_energy": -249.93682897506937,
    "homo": -0.17611471698117834,
    "lumo": -0.09837047157204433,
    "method": "RestrictedKSDFT",
    "mp2_tflops": 0.0,
    "mp2_time": 6.95335580499077e-310,
    "n_atoms": 68,
    "nmers": [
      [
        {
          "fragments": [
            0
          ],
          "hf_energy": -1693.0595637393074,
          "num_basis_fns": 1508,
          "num_iters": 16,
          "schema_version": "0.2.0"
        }
      ]
    ],
    "num_iters": 16,
    "ri_fock_time": 0.256625468,
    "ri_tflops": 2.1006508815563074,
    "scf_tflops": 36.679547119825735,
    "scf_time": 30.773401984,
    "schema_version": "0.2.0",
    "tflops": 34.05048299047488,
    "total_time": 30.956297,
    "transforms_time": 0.084584267,
    "xc_tflops": 46.119649217785394,
    "xc_time": 22.512145185999998
  },
  "schema_version": "0.2.0"
}
