{
  "calculation_time": 32.631143085,
  "qmmbe": {
    "b_formation_time": 2.231177177,
    "b_tflops": 6.8431309435395855,
    "diag_time": 4.530679575,
    "expanded_elec_energy": -6005.085669106311,
    "expanded_hf_energy": -1693.0283284544819,
    "expanded_nuc_repulsion_energy": 4561.987534989883,
    "expanded_xc_energy": -249.93019433805398,
    "homo": -0.16567926831518243,
    "lumo": -0.11073783576241426,
    "method": "RestrictedKSDFT",
    "mp2_tflops": 0.0,
    "mp2_time": 6.9533558049797e-310,
    "n_atoms": 68,
    "nmers": [
      [
        {
          "fragments": [
            0
          ],
          "hf_energy": -1693.0283284544819,
          "num_basis_fns": 1508,
          "num_iters": 17,
          "schema_version": "0.2.0"
        }
      ]
    ],
    "num_iters": 17,
    "ri_fock_time": 0.27287845299999997,
    "ri_tflops": 2.0990043058035077,
    "scf_tflops": 36.69679739524733,
    "scf_time": 32.436503496,
    "schema_version": "0.2.0",
    "tflops": 34.14941061177116,
    "total_time": 32.626752,
    "transforms_time": 0.08876809100000001,
    "xc_tflops": 46.04971788870263,
    "xc_time": 23.831771573
  },
  "schema_version": "0.2.0"
}
