{
  "calculation_time": 30.7059836,
  "qmmbe": {
    "b_formation_time": 2.081919033,
    "b_tflops": 6.731377223713579,
    "diag_time": 4.322560389999999,
    "expanded_elec_energy": -5795.932415037563,
    "expanded_hf_energy": -1693.0688298132875,
    "expanded_nuc_repulsion_energy": 4352.8041249121925,
    "expanded_xc_energy": -249.94053968791664,
    "homo": -0.18164567777949753,
    "lumo": -0.09791800273809578,
    "method": "RestrictedKSDFT",
    "mp2_tflops": 0.0,
    "mp2_time": 6.95335580501764e-310,
    "n_atoms": 68,
    "nmers": [
      [
        {
          "fragments": [
            0
          ],
          "hf_energy": -1693.0688298132875,
          "num_basis_fns": 1508,
          "num_iters": 16,
          "schema_version": "0.2.0"
        }
      ]
    ],
    "num_iters": 16,
    "ri_fock_time": 0.25585881499999996,
    "ri_tflops": 2.106945252537029,
    "scf_tflops": 36.90918358666296,
    "scf_time": 30.506627671,
    "schema_version": "0.2.0",
    "tflops": 34.36149768700844,
    "total_time": 30.701463,
    "transforms_time": 0.08375626400000001,
    "xc_tflops": 46.45381397889979,
    "xc_time": 22.378419068
  },
  "schema_version": "0.2.0"
}
