{
  "calculation_time": 30.953914924,
  "qmmbe": {
    "b_formation_time": 2.219950567,
    "b_tflops": 6.994208652387528,
    "diag_time": 4.2288422489999995,
    "expanded_elec_energy": -6045.067849016965,
    "expanded_hf_energy": -1693.054946770503,
    "expanded_nuc_repulsion_energy": 4601.960746775247,
    "expanded_xc_energy": -249.94784452878486,
    "homo": -0.17292676776930713,
    "lumo": -0.10020188604919178,
    "method": "RestrictedKSDFT",
    "mp2_tflops": 0.0,
    "mp2_time": 6.95335580499077e-310,
    "n_atoms": 68,
    "nmers": [
      [
        {
          "fragments": [
            0
          ],
          "hf_energy": -1693.054946770503,
          "num_basis_fns": 1508,
          "num_iters": 16,
          "schema_version": "0.2.0"
        }
      ]
    ],
    "num_iters": 16,
    "ri_fock_time": 0.257499184,
    "ri_tflops": 2.0935231996074983,
    "scf_tflops": 36.70269548178845,
    "scf_time": 30.753882394,
    "schema_version": "0.2.0",
    "tflops": 34.022079460475936,
    "total_time": 30.94934,
    "transforms_time": 0.08949639300000004,
    "xc_tflops": 46.011385152272865,
    "xc_time": 22.517364637
  },
  "schema_version": "0.2.0"
}
