{
  "calculation_time": 31.01055357,
  "qmmbe": {
    "b_formation_time": 2.280701098,
    "b_tflops": 7.262775451621236,
    "diag_time": 4.215155607000001,
    "expanded_elec_energy": -6201.610181548136,
    "expanded_hf_energy": -1693.0257688259474,
    "expanded_nuc_repulsion_energy": 4758.528686135386,
    "expanded_xc_energy": -249.9442734131974,
    "homo": -0.17740047040097937,
    "lumo": -0.09637601849070161,
    "method": "RestrictedKSDFT",
    "mp2_tflops": 0.0,
    "mp2_time": 6.95335580499235e-310,
    "n_atoms": 68,
    "nmers": [
      [
        {
          "fragments": [
            0
          ],
          "hf_energy": -1693.0257688259474,
          "num_basis_fns": 1508,
          "num_iters": 16,
          "schema_version": "0.2.0"
        }
      ]
    ],
    "num_iters": 16,
    "ri_fock_time": 0.257838362,
    "ri_tflops": 2.0907692377598956,
    "scf_tflops": 36.63506472657024,
    "scf_time": 30.802754289,
    "schema_version": "0.2.0",
    "tflops": 33.88835445342913,
    "total_time": 31.005976,
    "transforms_time": 0.08660475200000001,
    "xc_tflops": 45.90491555110572,
    "xc_time": 22.498657326
  },
  "schema_version": "0.2.0"
}
