{
  "calculation_time": 30.876492384,
  "qmmbe": {
    "b_formation_time": 2.146227834,
    "b_tflops": 6.655522072093302,
    "diag_time": 4.235695491,
    "expanded_elec_energy": -5857.114327852009,
    "expanded_hf_energy": -1693.0573358346753,
    "expanded_nuc_repulsion_energy": 4413.997069360469,
    "expanded_xc_energy": -249.94007734313507,
    "homo": -0.17257968118206643,
    "lumo": -0.10163976022049946,
    "method": "RestrictedKSDFT",
    "mp2_tflops": 0.0,
    "mp2_time": 6.9533558049892e-310,
    "n_atoms": 68,
    "nmers": [
      [
        {
          "fragments": [
            0
          ],
          "hf_energy": -1693.0573358346753,
          "num_basis_fns": 1508,
          "num_iters": 16,
          "schema_version": "0.2.0"
        }
      ]
    ],
    "num_iters": 16,
    "ri_fock_time": 0.256310426,
    "ri_tflops": 2.1032328805227767,
    "scf_tflops": 36.780695442999196,
    "scf_time": 30.678630359,
    "schema_version": "0.2.0",
    "tflops": 34.1626234142299,
    "total_time": 30.872069,
    "transforms_time": 0.08815738999999999,
    "xc_tflops": 46.05217450329857,
    "xc_time": 22.561461979999997
  },
  "schema_version": "0.2.0"
}
