{
  "calculation_time": 30.805019477,
  "qmmbe": {
    "b_formation_time": 2.209208543,
    "b_tflops": 6.9631716092816145,
    "diag_time": 4.256393437,
    "expanded_elec_energy": -6028.819216707721,
    "expanded_hf_energy": -1693.051271079193,
    "expanded_nuc_repulsion_energy": 4585.71651928022,
    "expanded_xc_energy": -249.94857365169202,
    "homo": -0.18160449495172834,
    "lumo": -0.09246288087917198,
    "method": "RestrictedKSDFT",
    "mp2_tflops": 0.0,
    "mp2_time": 6.95335580499235e-310,
    "n_atoms": 68,
    "nmers": [
      [
        {
          "fragments": [
            0
          ],
          "hf_energy": -1693.051271079193,
          "num_basis_fns": 1508,
          "num_iters": 16,
          "schema_version": "0.2.0"
        }
      ]
    ],
    "num_iters": 16,
    "ri_fock_time": 0.2567516219999999,
    "ri_tflops": 2.0996187341866146,
    "scf_tflops": 36.83525410143116,
    "scf_time": 30.60838625,
    "schema_version": "0.2.0",
    "tflops": 34.159788184720156,
    "total_time": 30.800456,
    "transforms_time": 0.08384684799999999,
    "xc_tflops": 46.257963748658156,
    "xc_time": 22.382763477000005
  },
  "schema_version": "0.2.0"
}
