{
  "calculation_time": 30.802175903,
  "qmmbe": {
    "b_formation_time": 2.184058391,
    "b_tflops": 6.866474504560074,
    "diag_time": 4.2767237499999995,
    "expanded_elec_energy": -5981.30682457311,
    "expanded_hf_energy": -1693.0552539435894,
    "expanded_nuc_repulsion_energy": 4538.190051671839,
    "expanded_xc_energy": -249.93848104231802,
    "homo": -0.1791883818317551,
    "lumo": -0.09522343620278512,
    "method": "RestrictedKSDFT",
    "mp2_tflops": 0.0,
    "mp2_time": 6.95335580501764e-310,
    "n_atoms": 68,
    "nmers": [
      [
        {
          "fragments": [
            0
          ],
          "hf_energy": -1693.0552539435894,
          "num_basis_fns": 1508,
          "num_iters": 16,
          "schema_version": "0.2.0"
        }
      ]
    ],
    "num_iters": 16,
    "ri_fock_time": 0.257491161,
    "ri_tflops": 2.093588430338391,
    "scf_tflops": 36.88389393337722,
    "scf_time": 30.608443289,
    "schema_version": "0.2.0",
    "tflops": 34.23775668377502,
    "total_time": 30.797777,
    "transforms_time": 0.08394080500000002,
    "xc_tflops": 46.33325781537577,
    "xc_time": 22.404429870000005
  },
  "schema_version": "0.2.0"
}
