{
  "calculation_time": 31.028151137,
  "qmmbe": {
    "b_formation_time": 2.30701993,
    "b_tflops": 7.202078759786007,
    "diag_time": 4.247958355000001,
    "expanded_elec_energy": -6193.959581500489,
    "expanded_hf_energy": -1693.042031268777,
    "expanded_nuc_repulsion_energy": 4750.852074520817,
    "expanded_xc_energy": -249.93452428910544,
    "homo": -0.16697796356105257,
    "lumo": -0.10858158005700826,
    "method": "RestrictedKSDFT",
    "mp2_tflops": 0.0,
    "mp2_time": 6.9533558049892e-310,
    "n_atoms": 68,
    "nmers": [
      [
        {
          "fragments": [
            0
          ],
          "hf_energy": -1693.042031268777,
          "num_basis_fns": 1508,
          "num_iters": 16,
          "schema_version": "0.2.0"
        }
      ]
    ],
    "num_iters": 16,
    "ri_fock_time": 0.258003312,
    "ri_tflops": 2.08943254024584,
    "scf_tflops": 36.561471388301406,
    "scf_time": 30.816587906,
    "schema_version": "0.2.0",
    "tflops": 33.79011091355907,
    "total_time": 31.023625,
    "transforms_time": 0.08684120999999997,
    "xc_tflops": 45.8425515973964,
    "xc_time": 22.474778276999995
  },
  "schema_version": "0.2.0"
}
