{
  "calculation_time": 26.524194065,
  "qmmbe": {
    "b_formation_time": 2.029436579,
    "b_tflops": 6.9800554180294005,
    "diag_time": 3.6616755359999993,
    "expanded_elec_energy": -5808.693680036162,
    "expanded_hf_energy": -1615.5556223418203,
    "expanded_nuc_repulsion_energy": 4431.396788032106,
    "expanded_xc_energy": -238.2587303377645,
    "homo": -0.16848006002414803,
    "lumo": -0.10796453766916368,
    "method": "RestrictedKSDFT",
    "mp2_tflops": 0.0,
    "mp2_time": 6.9533558049528e-310,
    "n_atoms": 64,
    "nmers": [
      [
        {
          "fragments": [
            0
          ],
          "hf_energy": -1615.5556223418203,
          "num_basis_fns": 1434,
          "num_iters": 16,
          "schema_version": "0.2.0"
        }
      ]
    ],
    "num_iters": 16,
    "ri_fock_time": 0.22218792,
    "ri_tflops": 2.086157938955457,
    "scf_tflops": 36.60279539662937,
    "scf_time": 26.329242883,
    "schema_version": "0.2.0",
    "tflops": 33.71933370077208,
    "total_time": 26.520007,
    "transforms_time": 0.081450761,
    "xc_tflops": 46.113632472154606,
    "xc_time": 19.059336521000002
  },
  "schema_version": "0.2.0"
}
