{
  "calculation_time": 30.747069131,
  "qmmbe": {
    "b_formation_time": 2.202357652,
    "b_tflops": 6.822702691335622,
    "diag_time": 4.239300887000001,
    "expanded_elec_energy": -5968.320019147486,
    "expanded_hf_energy": -1693.0241706202976,
    "expanded_nuc_repulsion_energy": 4525.23142542772,
    "expanded_xc_energy": -249.93557690053132,
    "homo": -0.1681524561219633,
    "lumo": -0.10554066616486944,
    "method": "RestrictedKSDFT",
    "mp2_tflops": 0.0,
    "mp2_time": 6.9533558049892e-310,
    "n_atoms": 68,
    "nmers": [
      [
        {
          "fragments": [
            0
          ],
          "hf_energy": -1693.0241706202976,
          "num_basis_fns": 1508,
          "num_iters": 16,
          "schema_version": "0.2.0"
        }
      ]
    ],
    "num_iters": 16,
    "ri_fock_time": 0.256314708,
    "ri_tflops": 2.103197743861035,
    "scf_tflops": 36.905345758806696,
    "scf_time": 30.556324078,
    "schema_version": "0.2.0",
    "tflops": 34.20353178311651,
    "total_time": 30.742706,
    "transforms_time": 0.08743623200000002,
    "xc_tflops": 46.387614921507414,
    "xc_time": 22.313982486999993
  },
  "schema_version": "0.2.0"
}
