{
  "calculation_time": 31.16804037,
  "qmmbe": {
    "b_formation_time": 2.204295384,
    "b_tflops": 6.774369152129931,
    "diag_time": 4.3171610430000005,
    "expanded_elec_energy": -5979.154749858253,
    "expanded_hf_energy": -1693.0631753437626,
    "expanded_nuc_repulsion_energy": 4536.0255863807015,
    "expanded_xc_energy": -249.93401186621105,
    "homo": -0.18005251381070775,
    "lumo": -0.0949758923254729,
    "method": "RestrictedKSDFT",
    "mp2_tflops": 0.0,
    "mp2_time": 6.95335580501764e-310,
    "n_atoms": 68,
    "nmers": [
      [
        {
          "fragments": [
            0
          ],
          "hf_energy": -1693.0631753437626,
          "num_basis_fns": 1508,
          "num_iters": 16,
          "schema_version": "0.2.0"
        }
      ]
    ],
    "num_iters": 16,
    "ri_fock_time": 0.253424973,
    "ri_tflops": 2.1271799270705656,
    "scf_tflops": 36.4099469763416,
    "scf_time": 30.962102093,
    "schema_version": "0.2.0",
    "tflops": 33.82222324706044,
    "total_time": 31.163653,
    "transforms_time": 0.08088341699999999,
    "xc_tflops": 45.68002476812608,
    "xc_time": 22.717317176
  },
  "schema_version": "0.2.0"
}
