{
  "calculation_time": 110.190010145,
  "qmmbe": {
    "b_formation_time": 13.771921701,
    "b_tflops": 17.122805940617365,
    "diag_time": 2.96060492,
    "expanded_elec_energy": -6188.548906951916,
    "expanded_hf_energy": -1684.8289573708064,
    "expanded_mp2_os_correction": -4.2086461425111015,
    "expanded_mp2_ss_correction": -0.1334230969296082,
    "expanded_nuc_repulsion_energy": 4581.3107333356775,
    "expanded_xc_energy": -77.5907837545677,
    "homo": -0.22651145657912633,
    "lumo": -0.016895633867893462,
    "method": "RestrictedKSDFT",
    "mp2_tflops": 40.06199090277,
    "mp2_time": 40.586353,
    "n_atoms": 68,
    "nmers": [
      [
        {
          "fragments": [
            0
          ],
          "hf_energy": -1684.8289573708064,
          "mp2_os_correction": -4.2086461425111015,
          "mp2_ss_correction": -0.1334230969296082,
          "num_basis_fns": 3228,
          "num_iters": 17,
          "schema_version": "0.2.0"
        }
      ]
    ],
    "num_iters": 17,
    "ri_fock_time": 37.66331105600001,
    "ri_tflops": 36.52101548970855,
    "scf_tflops": 29.65725001065558,
    "scf_time": 67.572662644,
    "schema_version": "0.2.0",
    "tflops": 31.160532808614835,
    "total_time": 110.181313,
    "transforms_time": 0.23509045300000003,
    "xc_tflops": 23.801630825531337,
    "xc_time": 7.879966199999999
  },
  "schema_version": "0.2.0"
}
