{
  "calculation_time": 105.163859874,
  "qmmbe": {
    "b_formation_time": 10.12342047,
    "b_tflops": 23.29070329002427,
    "diag_time": 2.9141886559999994,
    "expanded_elec_energy": -6203.756453046718,
    "expanded_hf_energy": -1684.8641240069057,
    "expanded_mp2_os_correction": -4.201206879859377,
    "expanded_mp2_ss_correction": -0.13286166662787138,
    "expanded_nuc_repulsion_energy": 4596.480954282057,
    "expanded_xc_energy": -77.58862524224449,
    "homo": -0.21572191557171475,
    "lumo": -0.024083871595119707,
    "method": "RestrictedKSDFT",
    "mp2_tflops": 37.30062090702604,
    "mp2_time": 43.590967,
    "n_atoms": 68,
    "nmers": [
      [
        {
          "fragments": [
            0
          ],
          "hf_energy": -1684.8641240069057,
          "mp2_os_correction": -4.201206879859377,
          "mp2_ss_correction": -0.13286166662787138,
          "num_basis_fns": 3228,
          "num_iters": 17,
          "schema_version": "0.2.0"
        }
      ]
    ],
    "num_iters": 17,
    "ri_fock_time": 37.754722046000005,
    "ri_tflops": 36.432591525743156,
    "scf_tflops": 31.354476734204567,
    "scf_time": 60.860509194,
    "schema_version": "0.2.0",
    "tflops": 32.60974093735363,
    "total_time": 105.156048,
    "transforms_time": 0.153680441,
    "xc_tflops": 21.432867573587014,
    "xc_time": 8.568029258
  },
  "schema_version": "0.2.0"
}
