{
  "calculation_time": 71.02073938,
  "qmmbe": {
    "b_formation_time": 6.883295389,
    "b_tflops": 27.675475715008574,
    "diag_time": 2.575886235,
    "expanded_elec_energy": -5712.944265766118,
    "expanded_hf_energy": -1607.7463650281634,
    "expanded_mp2_os_correction": -4.003537066833064,
    "expanded_mp2_ss_correction": -0.12714418350135967,
    "expanded_nuc_repulsion_energy": 4179.157426159556,
    "expanded_xc_energy": -73.95952542160099,
    "homo": -0.20908556493084432,
    "lumo": -0.03047615282794949,
    "method": "RestrictedKSDFT",
    "mp2_tflops": 64.31745825559317,
    "mp2_time": 19.717542,
    "n_atoms": 64,
    "nmers": [
      [
        {
          "fragments": [
            0
          ],
          "hf_energy": -1607.7463650281634,
          "mp2_os_correction": -4.003537066833064,
          "mp2_ss_correction": -0.12714418350135967,
          "num_basis_fns": 3054,
          "num_iters": 17,
          "schema_version": "0.2.0"
        }
      ]
    ],
    "num_iters": 17,
    "ri_fock_time": 31.933746447999997,
    "ri_tflops": 34.684350340116914,
    "scf_tflops": 29.721646693329077,
    "scf_time": 50.679471176,
    "schema_version": "0.2.0",
    "tflops": 38.56988533285201,
    "total_time": 71.013387,
    "transforms_time": 0.14024658599999998,
    "xc_tflops": 22.670565269693196,
    "xc_time": 7.32126383
  },
  "schema_version": "0.2.0"
}
