{
  "calculation_time": 82.266557182,
  "qmmbe": {
    "b_formation_time": 8.150412502,
    "b_tflops": 26.655858232422013,
    "diag_time": 2.7611587360000005,
    "expanded_elec_energy": -5959.438392725986,
    "expanded_hf_energy": -1684.8473363701087,
    "expanded_mp2_os_correction": -4.201752008258062,
    "expanded_mp2_ss_correction": -0.13270052550198985,
    "expanded_nuc_repulsion_energy": 4352.173714982958,
    "expanded_xc_energy": -77.58265862708045,
    "homo": -0.21356316220522437,
    "lumo": -0.02792914553085798,
    "method": "RestrictedKSDFT",
    "mp2_tflops": 63.184265137382056,
    "mp2_time": 25.870126,
    "n_atoms": 68,
    "nmers": [
      [
        {
          "fragments": [
            0
          ],
          "hf_energy": -1684.8473363701087,
          "mp2_os_correction": -4.201752008258062,
          "mp2_ss_correction": -0.13270052550198985,
          "num_basis_fns": 3228,
          "num_iters": 16,
          "schema_version": "0.2.0"
        }
      ]
    ],
    "num_iters": 16,
    "ri_fock_time": 35.48198773199999,
    "ri_tflops": 37.774928487666955,
    "scf_tflops": 32.378130643229625,
    "scf_time": 55.723620805,
    "schema_version": "0.2.0",
    "tflops": 40.931788045609956,
    "total_time": 82.258835,
    "transforms_time": 0.14464546899999997,
    "xc_tflops": 21.0777227082329,
    "xc_time": 7.940117224000001
  },
  "schema_version": "0.2.0"
}
