{
  "calculation_time": 80.461417907,
  "qmmbe": {
    "b_formation_time": 8.308156276,
    "b_tflops": 26.87304421207495,
    "diag_time": 2.75565624,
    "expanded_elec_energy": -6052.328883240751,
    "expanded_hf_energy": -1684.8818779292114,
    "expanded_mp2_os_correction": -4.196201549425732,
    "expanded_mp2_ss_correction": -0.13262867478327214,
    "expanded_nuc_repulsion_energy": 4445.036005999536,
    "expanded_xc_energy": -77.58900068799733,
    "homo": -0.23025414538480174,
    "lumo": -0.011593792563184439,
    "method": "RestrictedKSDFT",
    "mp2_tflops": 68.52167080976828,
    "mp2_time": 23.855008,
    "n_atoms": 68,
    "nmers": [
      [
        {
          "fragments": [
            0
          ],
          "hf_energy": -1684.8818779292114,
          "mp2_os_correction": -4.196201549425732,
          "mp2_ss_correction": -0.13262867478327214,
          "num_basis_fns": 3228,
          "num_iters": 16,
          "schema_version": "0.2.0"
        }
      ]
    ],
    "num_iters": 16,
    "ri_fock_time": 35.424363959999994,
    "ri_tflops": 37.8363782070979,
    "scf_tflops": 32.39425062192432,
    "scf_time": 55.930596895,
    "schema_version": "0.2.0",
    "tflops": 41.961986571826706,
    "total_time": 80.453564,
    "transforms_time": 0.146612426,
    "xc_tflops": 22.69970083957118,
    "xc_time": 7.4955887610000005
  },
  "schema_version": "0.2.0"
}
