{
  "calculation_time": 74.267682332,
  "qmmbe": {
    "b_formation_time": 5.754510259,
    "b_tflops": 28.27243919149993,
    "diag_time": 2.18764198,
    "expanded_elec_energy": -5276.2698247239505,
    "expanded_hf_energy": -1531.8062180283894,
    "expanded_mp2_os_correction": -3.821250887126869,
    "expanded_mp2_ss_correction": -0.12034584568810772,
    "expanded_nuc_repulsion_energy": 3814.92481443197,
    "expanded_xc_energy": -70.4612077364088,
    "homo": -0.230988693214021,
    "lumo": -0.012169345977658052,
    "method": "RestrictedKSDFT",
    "mp2_tflops": 34.991783181795455,
    "mp2_time": 30.083083,
    "n_atoms": 62,
    "nmers": [
      [
        {
          "fragments": [
            0
          ],
          "hf_energy": -1531.8062180283894,
          "mp2_os_correction": -3.821250887126869,
          "mp2_ss_correction": -0.12034584568810772,
          "num_basis_fns": 2940,
          "num_iters": 16,
          "schema_version": "0.2.0"
        }
      ]
    ],
    "num_iters": 16,
    "ri_fock_time": 27.244854180000004,
    "ri_tflops": 33.86785562187802,
    "scf_tflops": 28.812797764769073,
    "scf_time": 43.600790708,
    "schema_version": "0.2.0",
    "tflops": 30.79252790473138,
    "total_time": 74.260715,
    "transforms_time": 0.12255266399999999,
    "xc_tflops": 20.34719255630699,
    "xc_time": 7.022995907999999
  },
  "schema_version": "0.2.0"
}
