{
  "calculation_time": 35.945735792,
  "qmmbe": {
    "b_formation_time": 3.50146845,
    "b_tflops": 27.714482722928434,
    "diag_time": 1.6159434700000002,
    "expanded_elec_energy": -4301.951090508735,
    "expanded_hf_energy": -1301.6502242003992,
    "expanded_mp2_os_correction": -3.235449954769186,
    "expanded_mp2_ss_correction": -0.10246008406903143,
    "expanded_nuc_repulsion_energy": 3060.1940187320224,
    "expanded_xc_energy": -59.893152423686175,
    "homo": -0.2218795395447545,
    "lumo": -0.017757843227694994,
    "method": "RestrictedKSDFT",
    "mp2_tflops": 57.693804454568706,
    "mp2_time": 8.310632,
    "n_atoms": 52,
    "nmers": [
      [
        {
          "fragments": [
            0
          ],
          "hf_energy": -1301.6502242003992,
          "mp2_os_correction": -3.235449954769186,
          "mp2_ss_correction": -0.10246008406903143,
          "num_basis_fns": 2478,
          "num_iters": 17,
          "schema_version": "0.2.0"
        }
      ]
    ],
    "num_iters": 17,
    "ri_fock_time": 15.456451302000003,
    "ri_tflops": 31.128904437153313,
    "scf_tflops": 26.10537166618039,
    "scf_time": 27.162630671,
    "schema_version": "0.2.0",
    "tflops": 32.831515448509855,
    "total_time": 35.939775,
    "transforms_time": 0.098796879,
    "xc_tflops": 21.431720688919018,
    "xc_time": 5.556060739
  },
  "schema_version": "0.2.0"
}
