{
  "calculation_time": 87.038023113,
  "qmmbe": {
    "b_formation_time": 9.952648826,
    "b_tflops": 23.497642169262647,
    "diag_time": 2.904553054,
    "expanded_elec_energy": -6189.295425865523,
    "expanded_hf_energy": -1684.8528695157004,
    "expanded_mp2_os_correction": -4.20448205901687,
    "expanded_mp2_ss_correction": -0.133207699310925,
    "expanded_nuc_repulsion_energy": 4582.0344368047,
    "expanded_xc_energy": -77.59188045487757,
    "homo": -0.21881411985116214,
    "lumo": -0.02355142522959401,
    "method": "RestrictedKSDFT",
    "mp2_tflops": 62.623086166441084,
    "mp2_time": 25.964388,
    "n_atoms": 68,
    "nmers": [
      [
        {
          "fragments": [
            0
          ],
          "hf_energy": -1684.8528695157004,
          "mp2_os_correction": -4.20448205901687,
          "mp2_ss_correction": -0.133207699310925,
          "num_basis_fns": 3228,
          "num_iters": 17,
          "schema_version": "0.2.0"
        }
      ]
    ],
    "num_iters": 17,
    "ri_fock_time": 37.466593184000004,
    "ri_tflops": 36.71276861802563,
    "scf_tflops": 31.57040271266823,
    "scf_time": 60.389892015,
    "schema_version": "0.2.0",
    "tflops": 39.384579007523755,
    "total_time": 87.030326,
    "transforms_time": 0.150658087,
    "xc_tflops": 23.758797273870606,
    "xc_time": 7.753177174
  },
  "schema_version": "0.2.0"
}
