{
  "calculation_time": 83.73716779,
  "qmmbe": {
    "b_formation_time": 8.438173265,
    "b_tflops": 26.70999518091645,
    "diag_time": 2.9329333149999997,
    "expanded_elec_energy": -6088.336066909585,
    "expanded_hf_energy": -1684.86649624689,
    "expanded_mp2_os_correction": -4.199855391089692,
    "expanded_mp2_ss_correction": -0.13282552643862308,
    "expanded_nuc_repulsion_energy": 4481.057723610684,
    "expanded_xc_energy": -77.58815294798914,
    "homo": -0.22264052856549738,
    "lumo": -0.01881478715283948,
    "method": "RestrictedKSDFT",
    "mp2_tflops": 66.94791979263374,
    "mp2_time": 24.415766,
    "n_atoms": 68,
    "nmers": [
      [
        {
          "fragments": [
            0
          ],
          "hf_energy": -1684.86649624689,
          "mp2_os_correction": -4.199855391089692,
          "mp2_ss_correction": -0.13282552643862308,
          "num_basis_fns": 3228,
          "num_iters": 17,
          "schema_version": "0.2.0"
        }
      ]
    ],
    "num_iters": 17,
    "ri_fock_time": 37.248995208,
    "ri_tflops": 36.92723187374993,
    "scf_tflops": 31.59645022020122,
    "scf_time": 58.609966572,
    "schema_version": "0.2.0",
    "tflops": 40.87162067384391,
    "total_time": 83.729543,
    "transforms_time": 0.15318826600000002,
    "xc_tflops": 21.085564345370653,
    "xc_time": 8.466636511
  },
  "schema_version": "0.2.0"
}
