{
  "calculation_time": 42.107049628,
  "qmmbe": {
    "b_formation_time": 4.290636306,
    "b_tflops": 27.76054591565282,
    "diag_time": 1.754135534,
    "expanded_elec_energy": -4625.525225340377,
    "expanded_hf_energy": -1378.7311106220302,
    "expanded_mp2_os_correction": -3.443509793589244,
    "expanded_mp2_ss_correction": -0.10852249824134395,
    "expanded_nuc_repulsion_energy": 3310.2315313448407,
    "expanded_xc_energy": -63.437416626494134,
    "homo": -0.2235627967023177,
    "lumo": -0.018597069652385955,
    "method": "RestrictedKSDFT",
    "mp2_tflops": 62.02728244652914,
    "mp2_time": 10.427975,
    "n_atoms": 56,
    "nmers": [
      [
        {
          "fragments": [
            0
          ],
          "hf_energy": -1378.7311106220302,
          "mp2_os_correction": -3.443509793589244,
          "mp2_ss_correction": -0.10852249824134395,
          "num_basis_fns": 2652,
          "num_iters": 16,
          "schema_version": "0.2.0"
        }
      ]
    ],
    "num_iters": 16,
    "ri_fock_time": 18.289670375,
    "ri_tflops": 33.421973665112155,
    "scf_tflops": 28.047744274310524,
    "scf_time": 31.165280487,
    "schema_version": "0.2.0",
    "tflops": 35.701484197391686,
    "total_time": 42.100351,
    "transforms_time": 0.10273139100000002,
    "xc_tflops": 22.09578200670633,
    "xc_time": 5.5090276760000005
  },
  "schema_version": "0.2.0"
}
