{
  "calculation_time": 47.971894746,
  "qmmbe": {
    "b_formation_time": 4.971469814,
    "b_tflops": 27.819831474604626,
    "diag_time": 1.9530568990000003,
    "expanded_elec_energy": -4985.474022855229,
    "expanded_hf_energy": -1454.7142325193006,
    "expanded_mp2_os_correction": -3.6167319309074233,
    "expanded_mp2_ss_correction": -0.11477474706001516,
    "expanded_nuc_repulsion_energy": 3597.6890788468904,
    "expanded_xc_energy": -66.92928851096192,
    "homo": -0.23068767521061365,
    "lumo": -0.00861774599135512,
    "method": "RestrictedKSDFT",
    "mp2_tflops": 63.93587505490843,
    "mp2_time": 12.461179,
    "n_atoms": 58,
    "nmers": [
      [
        {
          "fragments": [
            0
          ],
          "hf_energy": -1454.7142325193006,
          "mp2_os_correction": -3.6167319309074233,
          "mp2_ss_correction": -0.11477474706001516,
          "num_basis_fns": 2766,
          "num_iters": 16,
          "schema_version": "0.2.0"
        }
      ]
    ],
    "num_iters": 16,
    "ri_fock_time": 20.842670978,
    "ri_tflops": 34.87143793500649,
    "scf_tflops": 29.4065879244378,
    "scf_time": 34.954092553,
    "schema_version": "0.2.0",
    "tflops": 37.49861182132121,
    "total_time": 47.965287,
    "transforms_time": 0.11068040900000001,
    "xc_tflops": 22.615730766387898,
    "xc_time": 5.850740655000001
  },
  "schema_version": "0.2.0"
}
