{
  "calculation_time": 81.591793383,
  "qmmbe": {
    "b_formation_time": 8.309238455,
    "b_tflops": 26.40316510301617,
    "diag_time": 2.7613511969999998,
    "expanded_elec_energy": -5995.648189200246,
    "expanded_hf_energy": -1684.8703735483302,
    "expanded_mp2_os_correction": -4.199365704642242,
    "expanded_mp2_ss_correction": -0.13277873882854418,
    "expanded_nuc_repulsion_energy": 4388.365373621294,
    "expanded_xc_energy": -77.58755796937822,
    "homo": -0.21876728896741024,
    "lumo": -0.020921096571536114,
    "method": "RestrictedKSDFT",
    "mp2_tflops": 65.55013663862047,
    "mp2_time": 24.936403,
    "n_atoms": 68,
    "nmers": [
      [
        {
          "fragments": [
            0
          ],
          "hf_energy": -1684.8703735483302,
          "mp2_os_correction": -4.199365704642242,
          "mp2_ss_correction": -0.13277873882854418,
          "num_basis_fns": 3228,
          "num_iters": 16,
          "schema_version": "0.2.0"
        }
      ]
    ],
    "num_iters": 16,
    "ri_fock_time": 35.503882049000005,
    "ri_tflops": 37.751633675628646,
    "scf_tflops": 32.28286703694753,
    "scf_time": 55.970381741,
    "schema_version": "0.2.0",
    "tflops": 41.284648049799735,
    "total_time": 81.584066,
    "transforms_time": 0.144729273,
    "xc_tflops": 21.67232715558492,
    "xc_time": 7.672258105
  },
  "schema_version": "0.2.0"
}
