{
  "calculation_time": 72.742055653,
  "qmmbe": {
    "b_formation_time": 7.46863823,
    "b_tflops": 26.668684811898302,
    "diag_time": 2.535117236,
    "expanded_elec_energy": -5810.7108729958345,
    "expanded_hf_energy": -1607.7400372424693,
    "expanded_mp2_os_correction": -4.005518743698772,
    "expanded_mp2_ss_correction": -0.1273188718978606,
    "expanded_nuc_repulsion_energy": 4276.932250760399,
    "expanded_xc_energy": -73.96141500703405,
    "homo": -0.22042734755684934,
    "lumo": -0.020950692023478882,
    "method": "RestrictedKSDFT",
    "mp2_tflops": 62.89891496164707,
    "mp2_time": 20.162231,
    "n_atoms": 64,
    "nmers": [
      [
        {
          "fragments": [
            0
          ],
          "hf_energy": -1607.7400372424693,
          "mp2_os_correction": -4.005518743698772,
          "mp2_ss_correction": -0.1273188718978606,
          "num_basis_fns": 3054,
          "num_iters": 17,
          "schema_version": "0.2.0"
        }
      ]
    ],
    "num_iters": 17,
    "ri_fock_time": 32.48842021,
    "ri_tflops": 34.092185533046454,
    "scf_tflops": 29.449187350395885,
    "scf_time": 51.926696487,
    "schema_version": "0.2.0",
    "tflops": 37.85854769783678,
    "total_time": 72.734661,
    "transforms_time": 0.139853583,
    "xc_tflops": 22.929311075930354,
    "xc_time": 7.492184590999998
  },
  "schema_version": "0.2.0"
}
