{
  "calculation_time": 82.125180826,
  "qmmbe": {
    "b_formation_time": 6.43782396,
    "b_tflops": 28.09264442314387,
    "diag_time": 2.402378282,
    "expanded_elec_energy": -5553.565915602932,
    "expanded_hf_energy": -1607.7746343298122,
    "expanded_mp2_os_correction": -3.997956691939758,
    "expanded_mp2_ss_correction": -0.12674173640523648,
    "expanded_nuc_repulsion_energy": 4019.748389948133,
    "expanded_xc_energy": -73.95710867501282,
    "homo": -0.21079359637558295,
    "lumo": -0.02750296152133384,
    "method": "RestrictedKSDFT",
    "mp2_tflops": 36.901962589453774,
    "mp2_time": 34.584008,
    "n_atoms": 64,
    "nmers": [
      [
        {
          "fragments": [
            0
          ],
          "hf_energy": -1607.7746343298122,
          "mp2_os_correction": -3.997956691939758,
          "mp2_ss_correction": -0.12674173640523648,
          "num_basis_fns": 3054,
          "num_iters": 16,
          "schema_version": "0.2.0"
        }
      ]
    ],
    "num_iters": 16,
    "ri_fock_time": 29.380360689999993,
    "ri_tflops": 36.73026164196789,
    "scf_tflops": 31.2249535071833,
    "scf_time": 46.930639356,
    "schema_version": "0.2.0",
    "tflops": 32.884451226574946,
    "total_time": 82.117759,
    "transforms_time": 0.13154780700000002,
    "xc_tflops": 21.831462097512965,
    "xc_time": 7.224941631
  },
  "schema_version": "0.2.0"
}
