{
  "calculation_time": 59.488851794,
  "qmmbe": {
    "b_formation_time": 5.514092495,
    "b_tflops": 28.026675153569403,
    "diag_time": 2.079135718,
    "expanded_elec_energy": -5209.974063309548,
    "expanded_hf_energy": -1454.6878673315093,
    "expanded_mp2_os_correction": -3.6297074958396887,
    "expanded_mp2_ss_correction": -0.1152811776128122,
    "expanded_nuc_repulsion_energy": 3822.1296532844085,
    "expanded_xc_energy": -66.84345730636973,
    "homo": -0.2264638012583351,
    "lumo": -0.015461573515851803,
    "method": "RestrictedKSDFT",
    "mp2_tflops": 38.4144283274806,
    "mp2_time": 20.740032,
    "n_atoms": 58,
    "nmers": [
      [
        {
          "fragments": [
            0
          ],
          "hf_energy": -1454.6878673315093,
          "mp2_os_correction": -3.6297074958396887,
          "mp2_ss_correction": -0.1152811776128122,
          "num_basis_fns": 2766,
          "num_iters": 17,
          "schema_version": "0.2.0"
        }
      ]
    ],
    "num_iters": 17,
    "ri_fock_time": 22.60235089,
    "ri_tflops": 33.005843190589275,
    "scf_tflops": 28.277095659112717,
    "scf_time": 38.134646194,
    "schema_version": "0.2.0",
    "tflops": 31.178181136142506,
    "total_time": 59.482271,
    "transforms_time": 0.11850185400000002,
    "xc_tflops": 24.417352222899133,
    "xc_time": 6.238902167999999
  },
  "schema_version": "0.2.0"
}
