{
  "calculation_time": 14.674504393,
  "qmmbe": {
    "b_formation_time": 1.300248999,
    "b_tflops": 24.367758205986515,
    "diag_time": 0.7528073759999999,
    "expanded_elec_energy": -2659.0964634193624,
    "expanded_hf_energy": -919.51253982608,
    "expanded_mp2_os_correction": -2.30032280310548,
    "expanded_mp2_ss_correction": -0.07181689526780759,
    "expanded_nuc_repulsion_energy": 1781.9433950882324,
    "expanded_xc_energy": -42.35947149494997,
    "homo": -0.24061601002225844,
    "lumo": -0.0272993283145108,
    "method": "RestrictedKSDFT",
    "mp2_tflops": 38.83997568584285,
    "mp2_time": 2.551405,
    "n_atoms": 38,
    "nmers": [
      [
        {
          "fragments": [
            0
          ],
          "hf_energy": -919.51253982608,
          "mp2_os_correction": -2.30032280310548,
          "mp2_ss_correction": -0.07181689526780759,
          "num_basis_fns": 1788,
          "num_iters": 16,
          "schema_version": "0.2.0"
        }
      ]
    ],
    "num_iters": 16,
    "ri_fock_time": 5.783392675000001,
    "ri_tflops": 21.910679468633518,
    "scf_tflops": 18.494385349741517,
    "scf_time": 11.851453895,
    "schema_version": "0.2.0",
    "tflops": 21.763643544424582,
    "total_time": 14.670031,
    "transforms_time": 0.055578023000000004,
    "xc_tflops": 19.022868785444217,
    "xc_time": 3.1860444559999994
  },
  "schema_version": "0.2.0"
}
