{
  "calculation_time": 84.55626923,
  "qmmbe": {
    "b_formation_time": 6.590286361,
    "b_tflops": 28.103633956507522,
    "diag_time": 2.576036487,
    "expanded_elec_energy": -5648.45807997938,
    "expanded_hf_energy": -1607.766170627224,
    "expanded_mp2_os_correction": -3.9989710093577058,
    "expanded_mp2_ss_correction": -0.12672361485981945,
    "expanded_nuc_repulsion_energy": 4114.647745392321,
    "expanded_xc_energy": -73.95583604016443,
    "homo": -0.20448510829981842,
    "lumo": -0.03787450541333565,
    "method": "RestrictedKSDFT",
    "mp2_tflops": 37.157721555050266,
    "mp2_time": 34.345965,
    "n_atoms": 64,
    "nmers": [
      [
        {
          "fragments": [
            0
          ],
          "hf_energy": -1607.766170627224,
          "mp2_os_correction": -3.9989710093577058,
          "mp2_ss_correction": -0.12672361485981945,
          "num_basis_fns": 3054,
          "num_iters": 17,
          "schema_version": "0.2.0"
        }
      ]
    ],
    "num_iters": 17,
    "ri_fock_time": 31.130155240000008,
    "ri_tflops": 35.57968684449027,
    "scf_tflops": 30.312391415363695,
    "scf_time": 49.565873628,
    "schema_version": "0.2.0",
    "tflops": 32.44923073981819,
    "total_time": 84.548568,
    "transforms_time": 0.13920134,
    "xc_tflops": 22.02271493304069,
    "xc_time": 7.611614907
  },
  "schema_version": "0.2.0"
}
