{
  "calculation_time": 85.890975129,
  "qmmbe": {
    "b_formation_time": 9.621164005,
    "b_tflops": 24.027701844758646,
    "diag_time": 2.9031801699999997,
    "expanded_elec_energy": -6133.5701041657485,
    "expanded_hf_energy": -1684.8508313717655,
    "expanded_mp2_os_correction": -4.2050635346277145,
    "expanded_mp2_ss_correction": -0.13319209165566398,
    "expanded_nuc_repulsion_energy": 4526.309312258015,
    "expanded_xc_energy": -77.59003946403195,
    "homo": -0.21881427058397648,
    "lumo": -0.022615083526118854,
    "method": "RestrictedKSDFT",
    "mp2_tflops": 64.47739544900007,
    "mp2_time": 25.351287,
    "n_atoms": 68,
    "nmers": [
      [
        {
          "fragments": [
            0
          ],
          "hf_energy": -1684.8508313717655,
          "mp2_os_correction": -4.2050635346277145,
          "mp2_ss_correction": -0.13319209165566398,
          "num_basis_fns": 3228,
          "num_iters": 17,
          "schema_version": "0.2.0"
        }
      ]
    ],
    "num_iters": 17,
    "ri_fock_time": 37.37631075500001,
    "ri_tflops": 36.80144658916012,
    "scf_tflops": 31.668444147692338,
    "scf_time": 59.840249317,
    "schema_version": "0.2.0",
    "tflops": 39.965306828723875,
    "total_time": 85.883034,
    "transforms_time": 0.16378797600000009,
    "xc_tflops": 23.672801896739514,
    "xc_time": 7.732521248
  },
  "schema_version": "0.2.0"
}
