{
  "calculation_time": 85.307582984,
  "qmmbe": {
    "b_formation_time": 10.026591221,
    "b_tflops": 23.51454771740993,
    "diag_time": 2.9373075280000007,
    "expanded_elec_energy": -6197.637485640806,
    "expanded_hf_energy": -1684.8487020506327,
    "expanded_mp2_os_correction": -4.204871394370332,
    "expanded_mp2_ss_correction": -0.13324124255073266,
    "expanded_nuc_repulsion_energy": 4590.380888858609,
    "expanded_xc_energy": -77.59210526843614,
    "homo": -0.2190649773164246,
    "lumo": -0.01991473250494586,
    "method": "RestrictedKSDFT",
    "mp2_tflops": 67.72523256060381,
    "mp2_time": 24.008328,
    "n_atoms": 68,
    "nmers": [
      [
        {
          "fragments": [
            0
          ],
          "hf_energy": -1684.8487020506327,
          "mp2_os_correction": -4.204871394370332,
          "mp2_ss_correction": -0.13324124255073266,
          "num_basis_fns": 3228,
          "num_iters": 17,
          "schema_version": "0.2.0"
        }
      ]
    ],
    "num_iters": 17,
    "ri_fock_time": 37.572504302,
    "ri_tflops": 36.609280962852125,
    "scf_tflops": 31.53329471751933,
    "scf_time": 60.570029041,
    "schema_version": "0.2.0",
    "tflops": 40.23414732021559,
    "total_time": 85.299542,
    "transforms_time": 0.153524649,
    "xc_tflops": 23.391562559643432,
    "xc_time": 7.975564950999999
  },
  "schema_version": "0.2.0"
}
