{
  "calculation_time": 84.711452734,
  "qmmbe": {
    "b_formation_time": 9.401179619,
    "b_tflops": 24.430075803250535,
    "diag_time": 2.907327128,
    "expanded_elec_energy": -6140.919868634563,
    "expanded_hf_energy": -1684.8472142737355,
    "expanded_mp2_os_correction": -4.203835652127704,
    "expanded_mp2_ss_correction": -0.13298321642626218,
    "expanded_nuc_repulsion_energy": 4533.65821729064,
    "expanded_xc_energy": -77.58556292981302,
    "homo": -0.20356501207166636,
    "lumo": -0.03840361578931503,
    "method": "RestrictedKSDFT",
    "mp2_tflops": 66.66719195907432,
    "mp2_time": 24.518575,
    "n_atoms": 68,
    "nmers": [
      [
        {
          "fragments": [
            0
          ],
          "hf_energy": -1684.8472142737355,
          "mp2_os_correction": -4.203835652127704,
          "mp2_ss_correction": -0.13298321642626218,
          "num_basis_fns": 3228,
          "num_iters": 17,
          "schema_version": "0.2.0"
        }
      ]
    ],
    "num_iters": 17,
    "ri_fock_time": 37.21503456999999,
    "ri_tflops": 36.96092987694936,
    "scf_tflops": 31.6947355842551,
    "scf_time": 59.504682264,
    "schema_version": "0.2.0",
    "tflops": 40.48231990113513,
    "total_time": 84.703734,
    "transforms_time": 0.15412122699999994,
    "xc_tflops": 22.8676672559856,
    "xc_time": 7.922378492
  },
  "schema_version": "0.2.0"
}
