{
  "calculation_time": 83.455008312,
  "qmmbe": {
    "b_formation_time": 8.332604746,
    "b_tflops": 26.81648625468308,
    "diag_time": 2.903848798,
    "expanded_elec_energy": -6049.211812238704,
    "expanded_hf_energy": -1684.8599927907544,
    "expanded_mp2_os_correction": -4.201383521337582,
    "expanded_mp2_ss_correction": -0.1327161344204279,
    "expanded_nuc_repulsion_energy": 4441.935932331206,
    "expanded_xc_energy": -77.58411288325618,
    "homo": -0.21127382160072355,
    "lumo": -0.028881435259976034,
    "method": "RestrictedKSDFT",
    "mp2_tflops": 65.83264524834013,
    "mp2_time": 24.829396,
    "n_atoms": 68,
    "nmers": [
      [
        {
          "fragments": [
            0
          ],
          "hf_energy": -1684.8599927907544,
          "mp2_os_correction": -4.201383521337582,
          "mp2_ss_correction": -0.1327161344204279,
          "num_basis_fns": 3228,
          "num_iters": 17,
          "schema_version": "0.2.0"
        }
      ]
    ],
    "num_iters": 17,
    "ri_fock_time": 36.897192712,
    "ri_tflops": 37.2793207831951,
    "scf_tflops": 31.914269136995824,
    "scf_time": 57.940798664,
    "schema_version": "0.2.0",
    "tflops": 40.95030123739073,
    "total_time": 83.446754,
    "transforms_time": 0.15357385899999995,
    "xc_tflops": 22.685308445912355,
    "xc_time": 7.746317018
  },
  "schema_version": "0.2.0"
}
