{
  "calculation_time": 47.697167572,
  "qmmbe": {
    "b_formation_time": 4.934181215,
    "b_tflops": 27.75988937383444,
    "diag_time": 1.9414881580000003,
    "expanded_elec_energy": -4959.212045530676,
    "expanded_hf_energy": -1454.676680349147,
    "expanded_mp2_os_correction": -3.6254736657830686,
    "expanded_mp2_ss_correction": -0.11459072922498245,
    "expanded_nuc_repulsion_energy": 3571.3735192342488,
    "expanded_xc_energy": -66.83815405271994,
    "homo": -0.2062165295512952,
    "lumo": -0.036480836308567625,
    "method": "RestrictedKSDFT",
    "mp2_tflops": 64.40324520722213,
    "mp2_time": 12.370749,
    "n_atoms": 58,
    "nmers": [
      [
        {
          "fragments": [
            0
          ],
          "hf_energy": -1454.676680349147,
          "mp2_os_correction": -3.6254736657830686,
          "mp2_ss_correction": -0.11459072922498245,
          "num_basis_fns": 2766,
          "num_iters": 16,
          "schema_version": "0.2.0"
        }
      ]
    ],
    "num_iters": 16,
    "ri_fock_time": 20.690611769000004,
    "ri_tflops": 35.127714710593864,
    "scf_tflops": 29.545629879115445,
    "scf_time": 34.77575637,
    "schema_version": "0.2.0",
    "tflops": 37.690375136162764,
    "total_time": 47.690463,
    "transforms_time": 0.110724511,
    "xc_tflops": 22.099406777928923,
    "xc_time": 5.986281248
  },
  "schema_version": "0.2.0"
}
