{
  "calculation_time": 91.535141191,
  "qmmbe": {
    "b_formation_time": 11.114499358,
    "b_tflops": 23.405809188062577,
    "diag_time": 3.081884306,
    "expanded_elec_energy": -6423.701049349998,
    "expanded_hf_energy": -1684.8444905036677,
    "expanded_mp2_os_correction": -4.210248448608545,
    "expanded_mp2_ss_correction": -0.13352157928756617,
    "expanded_nuc_repulsion_energy": 4816.448828917218,
    "expanded_xc_energy": -77.59227007088691,
    "homo": -0.20281570233305996,
    "lumo": -0.03440987230765442,
    "method": "RestrictedKSDFT",
    "mp2_tflops": 63.65589136944535,
    "mp2_time": 25.380716,
    "n_atoms": 68,
    "nmers": [
      [
        {
          "fragments": [
            0
          ],
          "hf_energy": -1684.8444905036677,
          "mp2_os_correction": -4.210248448608545,
          "mp2_ss_correction": -0.13352157928756617,
          "num_basis_fns": 3228,
          "num_iters": 18,
          "schema_version": "0.2.0"
        }
      ]
    ],
    "num_iters": 18,
    "ri_fock_time": 39.99488329,
    "ri_tflops": 35.27139559963807,
    "scf_tflops": 30.495241779475727,
    "scf_time": 65.386248462,
    "schema_version": "0.2.0",
    "tflops": 38.31082386886144,
    "total_time": 91.527097,
    "transforms_time": 0.16267903799999997,
    "xc_tflops": 25.07299534561623,
    "xc_time": 8.431802995
  },
  "schema_version": "0.2.0"
}
