{
  "calculation_time": 80.996916724,
  "qmmbe": {
    "b_formation_time": 8.328066056,
    "b_tflops": 26.73888421171476,
    "diag_time": 2.726590894,
    "expanded_elec_energy": -6030.786841785517,
    "expanded_hf_energy": -1684.8716442914606,
    "expanded_mp2_os_correction": -4.198646992872805,
    "expanded_mp2_ss_correction": -0.13281107746532553,
    "expanded_nuc_repulsion_energy": 4423.5049872858635,
    "expanded_xc_energy": -77.5897897918071,
    "homo": -0.2332241764147323,
    "lumo": -0.008695861395906711,
    "method": "RestrictedKSDFT",
    "mp2_tflops": 67.27183103658989,
    "mp2_time": 24.298203,
    "n_atoms": 68,
    "nmers": [
      [
        {
          "fragments": [
            0
          ],
          "hf_energy": -1684.8716442914606,
          "mp2_os_correction": -4.198646992872805,
          "mp2_ss_correction": -0.13281107746532553,
          "num_basis_fns": 3228,
          "num_iters": 16,
          "schema_version": "0.2.0"
        }
      ]
    ],
    "num_iters": 16,
    "ri_fock_time": 35.514929219,
    "ri_tflops": 37.73989311006116,
    "scf_tflops": 32.33271530334504,
    "scf_time": 56.010498176,
    "schema_version": "0.2.0",
    "tflops": 41.666665265219756,
    "total_time": 80.989099,
    "transforms_time": 0.14470109,
    "xc_tflops": 21.822701282598214,
    "xc_time": 7.767669008
  },
  "schema_version": "0.2.0"
}
