{
  "calculation_time": 48.373054776,
  "qmmbe": {
    "b_formation_time": 5.005991709,
    "b_tflops": 28.126041440661126,
    "diag_time": 1.9335513759999998,
    "expanded_elec_energy": -5028.683892899022,
    "expanded_hf_energy": -1454.692158732191,
    "expanded_mp2_os_correction": -3.6237800073751196,
    "expanded_mp2_ss_correction": -0.11472275152500558,
    "expanded_nuc_repulsion_energy": 3640.8323883772446,
    "expanded_xc_energy": -66.84065421041376,
    "homo": -0.21932828990226222,
    "lumo": -0.023949942518113256,
    "method": "RestrictedKSDFT",
    "mp2_tflops": 63.129695267553046,
    "mp2_time": 12.620311,
    "n_atoms": 58,
    "nmers": [
      [
        {
          "fragments": [
            0
          ],
          "hf_energy": -1454.692158732191,
          "mp2_os_correction": -3.6237800073751196,
          "mp2_ss_correction": -0.11472275152500558,
          "num_basis_fns": 2766,
          "num_iters": 16,
          "schema_version": "0.2.0"
        }
      ]
    ],
    "num_iters": 16,
    "ri_fock_time": 20.995110789,
    "ri_tflops": 34.61824587226702,
    "scf_tflops": 29.269102023204503,
    "scf_time": 35.169604455,
    "schema_version": "0.2.0",
    "tflops": 37.26203273314583,
    "total_time": 48.366258,
    "transforms_time": 0.11097432500000001,
    "xc_tflops": 21.6558162778536,
    "xc_time": 6.149652778
  },
  "schema_version": "0.2.0"
}
