{
  "calculation_time": 72.986011525,
  "qmmbe": {
    "b_formation_time": 7.325302527,
    "b_tflops": 27.588562924879184,
    "diag_time": 2.552504003,
    "expanded_elec_energy": -5862.996242590687,
    "expanded_hf_energy": -1607.7565252268923,
    "expanded_mp2_os_correction": -4.003583609817017,
    "expanded_mp2_ss_correction": -0.1272446458365684,
    "expanded_nuc_repulsion_energy": 4329.203147879633,
    "expanded_xc_energy": -73.96343051583871,
    "homo": -0.2210489480863114,
    "lumo": -0.01716213482144965,
    "method": "RestrictedKSDFT",
    "mp2_tflops": 62.96562112792614,
    "mp2_time": 20.140872,
    "n_atoms": 64,
    "nmers": [
      [
        {
          "fragments": [
            0
          ],
          "hf_energy": -1607.7565252268923,
          "mp2_os_correction": -4.003583609817017,
          "mp2_ss_correction": -0.1272446458365684,
          "num_basis_fns": 3054,
          "num_iters": 17,
          "schema_version": "0.2.0"
        }
      ]
    ],
    "num_iters": 17,
    "ri_fock_time": 32.919150578,
    "ri_tflops": 33.64610886498506,
    "scf_tflops": 29.132988406206827,
    "scf_time": 52.173240835,
    "schema_version": "0.2.0",
    "tflops": 37.757652565205106,
    "total_time": 72.978738,
    "transforms_time": 0.13966353599999998,
    "xc_tflops": 21.31836936191736,
    "xc_time": 8.014984014
  },
  "schema_version": "0.2.0"
}
