{
  "calculation_time": 86.618768134,
  "qmmbe": {
    "b_formation_time": 10.170482105,
    "b_tflops": 23.213168904535426,
    "diag_time": 2.92881684,
    "expanded_elec_energy": -6211.962314788464,
    "expanded_hf_energy": -1684.8507751482407,
    "expanded_mp2_os_correction": -4.2051363580299705,
    "expanded_mp2_ss_correction": -0.13300716897337736,
    "expanded_nuc_repulsion_energy": 4604.69709014725,
    "expanded_xc_energy": -77.58555050702633,
    "homo": -0.20766951489310223,
    "lumo": -0.033481953783504576,
    "method": "RestrictedKSDFT",
    "mp2_tflops": 64.33282821037359,
    "mp2_time": 25.274339,
    "n_atoms": 68,
    "nmers": [
      [
        {
          "fragments": [
            0
          ],
          "hf_energy": -1684.8507751482407,
          "mp2_os_correction": -4.2051363580299705,
          "mp2_ss_correction": -0.13300716897337736,
          "num_basis_fns": 3228,
          "num_iters": 17,
          "schema_version": "0.2.0"
        }
      ]
    ],
    "num_iters": 17,
    "ri_fock_time": 37.41870437199999,
    "ri_tflops": 36.75975396676645,
    "scf_tflops": 31.56822464343363,
    "scf_time": 60.609503883,
    "schema_version": "0.2.0",
    "tflops": 39.61198292004836,
    "total_time": 86.610852,
    "transforms_time": 0.15405947100000006,
    "xc_tflops": 23.255197977649214,
    "xc_time": 7.961752603000002
  },
  "schema_version": "0.2.0"
}
