{
  "calculation_time": 61.997097813,
  "qmmbe": {
    "b_formation_time": 6.182597324,
    "b_tflops": 27.710288986656316,
    "diag_time": 2.185387066,
    "expanded_elec_energy": -5403.281036613338,
    "expanded_hf_energy": -1531.7782376354533,
    "expanded_mp2_os_correction": -3.827901017364438,
    "expanded_mp2_ss_correction": -0.120810161118523,
    "expanded_nuc_repulsion_energy": 3941.962293037505,
    "expanded_xc_energy": -70.45949405962011,
    "homo": -0.21709819248603116,
    "lumo": -0.028730038421660904,
    "method": "RestrictedKSDFT",
    "mp2_tflops": 61.84326728535428,
    "mp2_time": 16.907435,
    "n_atoms": 62,
    "nmers": [
      [
        {
          "fragments": [
            0
          ],
          "hf_energy": -1531.7782376354533,
          "mp2_os_correction": -3.827901017364438,
          "mp2_ss_correction": -0.120810161118523,
          "num_basis_fns": 2940,
          "num_iters": 16,
          "schema_version": "0.2.0"
        }
      ]
    ],
    "num_iters": 16,
    "ri_fock_time": 27.779417314999996,
    "ri_tflops": 33.216131834022235,
    "scf_tflops": 28.600287886630195,
    "scf_time": 44.467111672,
    "schema_version": "0.2.0",
    "tflops": 36.98202523658214,
    "total_time": 61.990194,
    "transforms_time": 0.12424301300000003,
    "xc_tflops": 21.578239027692927,
    "xc_time": 6.828908927
  },
  "schema_version": "0.2.0"
}
