{
  "calculation_time": 49.948751705,
  "qmmbe": {
    "b_formation_time": 5.109986966,
    "b_tflops": 27.850888401229632,
    "diag_time": 2.0595057700000003,
    "expanded_elec_energy": -5048.903995817479,
    "expanded_hf_energy": -1454.7107387799883,
    "expanded_mp2_os_correction": -3.6176372994009234,
    "expanded_mp2_ss_correction": -0.11489664013811048,
    "expanded_nuc_repulsion_energy": 3661.124482559194,
    "expanded_xc_energy": -66.93122552170323,
    "homo": -0.23458659665394344,
    "lumo": -0.0047873702293945025,
    "method": "RestrictedKSDFT",
    "mp2_tflops": 63.065711657945464,
    "mp2_time": 12.633114,
    "n_atoms": 58,
    "nmers": [
      [
        {
          "fragments": [
            0
          ],
          "hf_energy": -1454.7107387799883,
          "mp2_os_correction": -3.6176372994009234,
          "mp2_ss_correction": -0.11489664013811048,
          "num_basis_fns": 2766,
          "num_iters": 17,
          "schema_version": "0.2.0"
        }
      ]
    ],
    "num_iters": 17,
    "ri_fock_time": 21.869035138,
    "ri_tflops": 34.11259725453956,
    "scf_tflops": 28.83067272600934,
    "scf_time": 36.734152011,
    "schema_version": "0.2.0",
    "tflops": 36.68441354432115,
    "total_time": 49.941906,
    "transforms_time": 0.11753548900000002,
    "xc_tflops": 23.393875489415276,
    "xc_time": 6.093530897000001
  },
  "schema_version": "0.2.0"
}
