{
  "calculation_time": 116.101531933,
  "qmmbe": {
    "b_formation_time": 13.888650998,
    "b_tflops": 17.15202691841908,
    "diag_time": 3.00283239,
    "expanded_elec_energy": -6242.875807277902,
    "expanded_hf_energy": -1684.8522811897033,
    "expanded_mp2_os_correction": -4.204311532764785,
    "expanded_mp2_ss_correction": -0.13309168109881833,
    "expanded_nuc_repulsion_energy": 4635.612377573756,
    "expanded_xc_energy": -77.58885148555737,
    "homo": -0.22725440523730633,
    "lumo": -0.015308357711659473,
    "method": "RestrictedKSDFT",
    "mp2_tflops": 35.28711482514748,
    "mp2_time": 46.078296,
    "n_atoms": 68,
    "nmers": [
      [
        {
          "fragments": [
            0
          ],
          "hf_energy": -1684.8522811897033,
          "mp2_os_correction": -4.204311532764785,
          "mp2_ss_correction": -0.13309168109881833,
          "num_basis_fns": 3228,
          "num_iters": 17,
          "schema_version": "0.2.0"
        }
      ]
    ],
    "num_iters": 17,
    "ri_fock_time": 37.998059597,
    "ri_tflops": 36.19927969738892,
    "scf_tflops": 29.425309893266864,
    "scf_time": 68.09572183,
    "schema_version": "0.2.0",
    "tflops": 29.59219736774246,
    "total_time": 116.093188,
    "transforms_time": 0.2340891060000001,
    "xc_tflops": 22.70954998119924,
    "xc_time": 8.247440663999999
  },
  "schema_version": "0.2.0"
}
