{
  "calculation_time": 9.882558409,
  "qmmbe": {
    "b_formation_time": 1.01453593,
    "b_tflops": 23.60946534086378,
    "diag_time": 0.569411708,
    "expanded_elec_energy": -2333.3242975692156,
    "expanded_hf_energy": -843.6141161356921,
    "expanded_mp2_os_correction": -2.112326030460358,
    "expanded_mp2_ss_correction": -0.06538796839956473,
    "expanded_nuc_repulsion_energy": 1528.676202400319,
    "expanded_xc_energy": -38.96602096679555,
    "homo": -0.2459333142121973,
    "lumo": 0.0037965879646653477,
    "method": "RestrictedKSDFT",
    "mp2_tflops": 48.4321851162227,
    "mp2_time": 1.4356,
    "n_atoms": 36,
    "nmers": [
      [
        {
          "fragments": [
            0
          ],
          "hf_energy": -843.6141161356921,
          "mp2_os_correction": -2.112326030460358,
          "mp2_ss_correction": -0.06538796839956473,
          "num_basis_fns": 1674,
          "num_iters": 14,
          "schema_version": "0.2.0"
        }
      ]
    ],
    "num_iters": 14,
    "ri_fock_time": 3.3619341130000002,
    "ri_tflops": 27.206563574507506,
    "scf_tflops": 20.29425730788395,
    "scf_time": 8.214375113,
    "schema_version": "0.2.0",
    "tflops": 23.588461410220212,
    "total_time": 9.878533,
    "transforms_time": 0.045367447,
    "xc_tflops": 18.302601735745487,
    "xc_time": 2.5905947780000003
  },
  "schema_version": "0.2.0"
}
