{
  "calculation_time": 46.31474479,
  "qmmbe": {
    "b_formation_time": 4.786984546,
    "b_tflops": 27.720229790185748,
    "diag_time": 1.9495685830000002,
    "expanded_elec_energy": -4878.917288303239,
    "expanded_hf_energy": -1454.697490019053,
    "expanded_mp2_os_correction": -3.622858939919994,
    "expanded_mp2_ss_correction": -0.11452473819750503,
    "expanded_nuc_repulsion_energy": 3491.0592263782164,
    "expanded_xc_energy": -66.8394280940307,
    "homo": -0.2065894240280307,
    "lumo": -0.03425073785300547,
    "method": "RestrictedKSDFT",
    "mp2_tflops": 63.1987263792255,
    "mp2_time": 12.606522,
    "n_atoms": 58,
    "nmers": [
      [
        {
          "fragments": [
            0
          ],
          "hf_energy": -1454.697490019053,
          "mp2_os_correction": -3.622858939919994,
          "mp2_ss_correction": -0.11452473819750503,
          "num_basis_fns": 2766,
          "num_iters": 16,
          "schema_version": "0.2.0"
        }
      ]
    ],
    "num_iters": 16,
    "ri_fock_time": 19.115402136000004,
    "ri_tflops": 38.02242308260315,
    "scf_tflops": 31.180018160255173,
    "scf_time": 33.164640403,
    "schema_version": "0.2.0",
    "tflops": 38.77402397341883,
    "total_time": 46.308277,
    "transforms_time": 0.110540875,
    "xc_tflops": 21.556701184751603,
    "xc_time": 6.2465200990000005
  },
  "schema_version": "0.2.0"
}
