{
  "calculation_time": 85.39814835,
  "qmmbe": {
    "b_formation_time": 8.183369894,
    "b_tflops": 26.7822881033504,
    "diag_time": 3.116627553,
    "expanded_elec_energy": -5998.283145495341,
    "expanded_hf_energy": -1684.8642197322802,
    "expanded_mp2_os_correction": -4.199011351878373,
    "expanded_mp2_ss_correction": -0.13259544676479543,
    "expanded_nuc_repulsion_energy": 4391.003557569818,
    "expanded_xc_energy": -77.58463180675756,
    "homo": -0.21369983290022496,
    "lumo": -0.02715701254256154,
    "method": "RestrictedKSDFT",
    "mp2_tflops": 66.39476006449895,
    "mp2_time": 24.619183,
    "n_atoms": 68,
    "nmers": [
      [
        {
          "fragments": [
            0
          ],
          "hf_energy": -1684.8642197322802,
          "mp2_os_correction": -4.199011351878373,
          "mp2_ss_correction": -0.13259544676479543,
          "num_basis_fns": 3228,
          "num_iters": 18,
          "schema_version": "0.2.0"
        }
      ]
    ],
    "num_iters": 18,
    "ri_fock_time": 38.49075006899999,
    "ri_tflops": 36.64971058747575,
    "scf_tflops": 31.274644559425145,
    "scf_time": 60.118951763,
    "schema_version": "0.2.0",
    "tflops": 40.45152878478889,
    "total_time": 85.390259,
    "transforms_time": 0.16228425500000002,
    "xc_tflops": 20.444123649684563,
    "xc_time": 8.864338521
  },
  "schema_version": "0.2.0"
}
