{
  "calculation_time": 85.513166822,
  "qmmbe": {
    "b_formation_time": 10.017995037,
    "b_tflops": 23.279958871332788,
    "diag_time": 2.9323804260000004,
    "expanded_elec_energy": -6170.8373955064835,
    "expanded_hf_energy": -1684.8522593045386,
    "expanded_mp2_os_correction": -4.20330159599011,
    "expanded_mp2_ss_correction": -0.13303425456184784,
    "expanded_nuc_repulsion_energy": 4563.5753233509095,
    "expanded_xc_energy": -77.5901871489645,
    "homo": -0.2161931587429096,
    "lumo": -0.02558221583871681,
    "method": "RestrictedKSDFT",
    "mp2_tflops": 67.6837906433545,
    "mp2_time": 24.023036,
    "n_atoms": 68,
    "nmers": [
      [
        {
          "fragments": [
            0
          ],
          "hf_energy": -1684.8522593045386,
          "mp2_os_correction": -4.20330159599011,
          "mp2_ss_correction": -0.13303425456184784,
          "num_basis_fns": 3228,
          "num_iters": 17,
          "schema_version": "0.2.0"
        }
      ]
    ],
    "num_iters": 17,
    "ri_fock_time": 37.81807437500001,
    "ri_tflops": 36.371560138957705,
    "scf_tflops": 31.33879229961128,
    "scf_time": 60.810954995,
    "schema_version": "0.2.0",
    "tflops": 40.074924541312804,
    "total_time": 85.505839,
    "transforms_time": 0.15316078799999996,
    "xc_tflops": 21.760343463477845,
    "xc_time": 8.447124807
  },
  "schema_version": "0.2.0"
}
