{
  "calculation_time": 90.987764666,
  "qmmbe": {
    "b_formation_time": 12.355822111,
    "b_tflops": 22.68172136313205,
    "diag_time": 2.94084187,
    "expanded_elec_energy": -6615.931746948123,
    "expanded_hf_energy": -1684.8324746012704,
    "expanded_mp2_os_correction": -4.220754638546739,
    "expanded_mp2_ss_correction": -0.13438775748601708,
    "expanded_nuc_repulsion_energy": 5008.698519742935,
    "expanded_xc_energy": -77.59924739608223,
    "homo": -0.22477180168330096,
    "lumo": -0.009947455878138856,
    "method": "RestrictedKSDFT",
    "mp2_tflops": 67.07001947031122,
    "mp2_time": 24.088738,
    "n_atoms": 68,
    "nmers": [
      [
        {
          "fragments": [
            0
          ],
          "hf_energy": -1684.8324746012704,
          "mp2_os_correction": -4.220754638546739,
          "mp2_ss_correction": -0.13438775748601708,
          "num_basis_fns": 3228,
          "num_iters": 17,
          "schema_version": "0.2.0"
        }
      ]
    ],
    "num_iters": 17,
    "ri_fock_time": 39.879149669,
    "ri_tflops": 34.49178442282859,
    "scf_tflops": 30.32480985954252,
    "scf_time": 66.058974995,
    "schema_version": "0.2.0",
    "tflops": 38.46095899250926,
    "total_time": 90.980115,
    "transforms_time": 0.15377420399999994,
    "xc_tflops": 25.522666972670873,
    "xc_time": 8.607511418
  },
  "schema_version": "0.2.0"
}
