{
  "calculation_time": 50.180051405,
  "qmmbe": {
    "b_formation_time": 5.123889224,
    "b_tflops": 28.36262524738845,
    "diag_time": 2.0736509940000003,
    "expanded_elec_energy": -5088.58354895877,
    "expanded_hf_energy": -1454.6689324760919,
    "expanded_mp2_os_correction": -3.629145759062295,
    "expanded_mp2_ss_correction": -0.11509830428415865,
    "expanded_nuc_repulsion_energy": 3700.7542047660404,
    "expanded_xc_energy": -66.83958828336233,
    "homo": -0.21225022894701095,
    "lumo": -0.028725515996241336,
    "method": "RestrictedKSDFT",
    "mp2_tflops": 64.60004662751156,
    "mp2_time": 12.333062,
    "n_atoms": 58,
    "nmers": [
      [
        {
          "fragments": [
            0
          ],
          "hf_energy": -1454.6689324760919,
          "mp2_os_correction": -3.629145759062295,
          "mp2_ss_correction": -0.11509830428415865,
          "num_basis_fns": 2766,
          "num_iters": 17,
          "schema_version": "0.2.0"
        }
      ]
    ],
    "num_iters": 17,
    "ri_fock_time": 22.241379625000008,
    "ri_tflops": 33.541515885526714,
    "scf_tflops": 28.42083456607941,
    "scf_time": 37.265262741,
    "schema_version": "0.2.0",
    "tflops": 36.62465613473888,
    "total_time": 50.173575,
    "transforms_time": 0.11770627000000002,
    "xc_tflops": 21.910887559158706,
    "xc_time": 6.595097355
  },
  "schema_version": "0.2.0"
}
