{
  "calculation_time": 89.576985175,
  "qmmbe": {
    "b_formation_time": 10.280197508,
    "b_tflops": 24.790921360603882,
    "diag_time": 2.949216624,
    "expanded_elec_energy": -6387.653771216676,
    "expanded_hf_energy": -1684.8327685108231,
    "expanded_mp2_os_correction": -4.211976870931973,
    "expanded_mp2_ss_correction": -0.13357932260594158,
    "expanded_nuc_repulsion_energy": 4780.412337592941,
    "expanded_xc_energy": -77.59133488708792,
    "homo": -0.21563497725666456,
    "lumo": -0.020552602903058746,
    "method": "RestrictedKSDFT",
    "mp2_tflops": 61.04200841248116,
    "mp2_time": 26.636901,
    "n_atoms": 68,
    "nmers": [
      [
        {
          "fragments": [
            0
          ],
          "hf_energy": -1684.8327685108231,
          "mp2_os_correction": -4.211976870931973,
          "mp2_ss_correction": -0.13357932260594158,
          "num_basis_fns": 3228,
          "num_iters": 17,
          "schema_version": "0.2.0"
        }
      ]
    ],
    "num_iters": 17,
    "ri_fock_time": 38.566352746999996,
    "ri_tflops": 35.665872414043655,
    "scf_tflops": 30.982630878993376,
    "scf_time": 62.169081585,
    "schema_version": "0.2.0",
    "tflops": 38.670766839095364,
    "total_time": 89.569264,
    "transforms_time": 0.15360488500000002,
    "xc_tflops": 23.787364062670555,
    "xc_time": 8.378383522000002
  },
  "schema_version": "0.2.0"
}
