{
  "calculation_time": 89.051924911,
  "qmmbe": {
    "b_formation_time": 6.981738028,
    "b_tflops": 26.684400590942367,
    "diag_time": 2.3314444229999998,
    "expanded_elec_energy": -5580.012876102769,
    "expanded_hf_energy": -1531.7452785036876,
    "expanded_mp2_os_correction": -3.8376079893290904,
    "expanded_mp2_ss_correction": -0.12137988801009467,
    "expanded_nuc_repulsion_energy": 4118.725479548672,
    "expanded_xc_energy": -70.45788194959107,
    "homo": -0.20924008325752808,
    "lumo": -0.031501096716537225,
    "method": "RestrictedKSDFT",
    "mp2_tflops": 25.994713149649957,
    "mp2_time": 40.224005,
    "n_atoms": 62,
    "nmers": [
      [
        {
          "fragments": [
            0
          ],
          "hf_energy": -1531.7452785036876,
          "mp2_os_correction": -3.8376079893290904,
          "mp2_ss_correction": -0.12137988801009467,
          "num_basis_fns": 2940,
          "num_iters": 17,
          "schema_version": "0.2.0"
        }
      ]
    ],
    "num_iters": 17,
    "ri_fock_time": 29.635133536999994,
    "ri_tflops": 31.95426815308108,
    "scf_tflops": 27.64776676500429,
    "scf_time": 48.1642231,
    "schema_version": "0.2.0",
    "tflops": 26.40295755154249,
    "total_time": 89.044954,
    "transforms_time": 0.13025409,
    "xc_tflops": 22.012054692722412,
    "xc_time": 7.5405591240000005
  },
  "schema_version": "0.2.0"
}
