{
  "calculation_time": 71.71196645,
  "qmmbe": {
    "b_formation_time": 7.114309375,
    "b_tflops": 27.591040676839274,
    "diag_time": 2.5648775139999995,
    "expanded_elec_energy": -5784.4234728990095,
    "expanded_hf_energy": -1607.74510618521,
    "expanded_mp2_os_correction": -4.003256320750588,
    "expanded_mp2_ss_correction": -0.12722965220376514,
    "expanded_nuc_repulsion_energy": 4250.639973777784,
    "expanded_xc_energy": -73.96160706398423,
    "homo": -0.218439154831002,
    "lumo": -0.020038797450227082,
    "method": "RestrictedKSDFT",
    "mp2_tflops": 65.01411219413961,
    "mp2_time": 19.506264,
    "n_atoms": 64,
    "nmers": [
      [
        {
          "fragments": [
            0
          ],
          "hf_energy": -1607.74510618521,
          "mp2_os_correction": -4.003256320750588,
          "mp2_ss_correction": -0.12722965220376514,
          "num_basis_fns": 3054,
          "num_iters": 17,
          "schema_version": "0.2.0"
        }
      ]
    ],
    "num_iters": 17,
    "ri_fock_time": 32.578214191,
    "ri_tflops": 33.99821865560943,
    "scf_tflops": 29.392662377541367,
    "scf_time": 51.546310097,
    "schema_version": "0.2.0",
    "tflops": 38.286369833902484,
    "total_time": 71.704641,
    "transforms_time": 0.139364354,
    "xc_tflops": 22.112415060748592,
    "xc_time": 7.647685908000001
  },
  "schema_version": "0.2.0"
}
