{
  "calculation_time": 9.144487558,
  "qmmbe": {
    "b_formation_time": 0.918420995,
    "b_tflops": 22.550508663159427,
    "diag_time": 0.548344499,
    "expanded_elec_energy": -2180.4735693707535,
    "expanded_hf_energy": -805.6312656131839,
    "expanded_mp2_os_correction": -2.0231071448114277,
    "expanded_mp2_ss_correction": -0.06224719924894721,
    "expanded_nuc_repulsion_energy": 1412.1135608576856,
    "expanded_xc_energy": -37.271257100116046,
    "homo": -0.2336218520804315,
    "lumo": -0.005688160996671646,
    "method": "RestrictedKSDFT",
    "mp2_tflops": 46.54763466658048,
    "mp2_time": 1.237578,
    "n_atoms": 35,
    "nmers": [
      [
        {
          "fragments": [
            0
          ],
          "hf_energy": -805.6312656131839,
          "mp2_os_correction": -2.0231071448114277,
          "mp2_ss_correction": -0.06224719924894721,
          "num_basis_fns": 1617,
          "num_iters": 14,
          "schema_version": "0.2.0"
        }
      ]
    ],
    "num_iters": 14,
    "ri_fock_time": 3.152123434,
    "ri_tflops": 25.161078224097235,
    "scf_tflops": 19.093569893307944,
    "scf_time": 7.681283965,
    "schema_version": "0.2.0",
    "tflops": 21.99515983083351,
    "total_time": 9.140498,
    "transforms_time": 0.04408222800000001,
    "xc_tflops": 17.10565975649018,
    "xc_time": 2.4973612999999997
  },
  "schema_version": "0.2.0"
}
