{
  "calculation_time": 83.785407072,
  "qmmbe": {
    "b_formation_time": 9.803461703,
    "b_tflops": 24.628565551868512,
    "diag_time": 2.75834538,
    "expanded_elec_energy": -6255.49564908831,
    "expanded_hf_energy": -1684.8346884521518,
    "expanded_mp2_os_correction": -4.209184272290215,
    "expanded_mp2_ss_correction": -0.13350541856703219,
    "expanded_nuc_repulsion_energy": 4648.253285105626,
    "expanded_xc_energy": -77.59232446946791,
    "homo": -0.2265268437017537,
    "lumo": -0.017204852429600386,
    "method": "RestrictedKSDFT",
    "mp2_tflops": 65.83677938070163,
    "mp2_time": 24.696985,
    "n_atoms": 68,
    "nmers": [
      [
        {
          "fragments": [
            0
          ],
          "hf_energy": -1684.8346884521518,
          "mp2_os_correction": -4.209184272290215,
          "mp2_ss_correction": -0.13350541856703219,
          "num_basis_fns": 3228,
          "num_iters": 16,
          "schema_version": "0.2.0"
        }
      ]
    ],
    "num_iters": 16,
    "ri_fock_time": 36.194737989000004,
    "ri_tflops": 37.03106787687021,
    "scf_tflops": 32.01556558596701,
    "scf_time": 58.356360321,
    "schema_version": "0.2.0",
    "tflops": 40.56204466777315,
    "total_time": 83.777581,
    "transforms_time": 0.14523021,
    "xc_tflops": 23.73984118664328,
    "xc_time": 7.700182083
  },
  "schema_version": "0.2.0"
}
