{
  "calculation_time": 83.736537381,
  "qmmbe": {
    "b_formation_time": 8.735580702,
    "b_tflops": 25.95775115389095,
    "diag_time": 2.9368584,
    "expanded_elec_energy": -6096.372327565064,
    "expanded_hf_energy": -1684.863646322159,
    "expanded_mp2_os_correction": -4.199972471146417,
    "expanded_mp2_ss_correction": -0.13275650731475838,
    "expanded_nuc_repulsion_energy": 4489.0950069465,
    "expanded_xc_energy": -77.586325703595,
    "homo": -0.2220550693495767,
    "lumo": -0.018505285358010604,
    "method": "RestrictedKSDFT",
    "mp2_tflops": 67.96952094766117,
    "mp2_time": 24.048793,
    "n_atoms": 68,
    "nmers": [
      [
        {
          "fragments": [
            0
          ],
          "hf_energy": -1684.863646322159,
          "mp2_os_correction": -4.199972471146417,
          "mp2_ss_correction": -0.13275650731475838,
          "num_basis_fns": 3228,
          "num_iters": 17,
          "schema_version": "0.2.0"
        }
      ]
    ],
    "num_iters": 17,
    "ri_fock_time": 37.294403122000006,
    "ri_tflops": 36.88227101022045,
    "scf_tflops": 31.621985844489487,
    "scf_time": 58.96809731,
    "schema_version": "0.2.0",
    "tflops": 40.90537866206055,
    "total_time": 83.728844,
    "transforms_time": 0.15397738799999997,
    "xc_tflops": 21.579026194708067,
    "xc_time": 8.343896158
  },
  "schema_version": "0.2.0"
}
