{
  "calculation_time": 87.612108766,
  "qmmbe": {
    "b_formation_time": 10.310848817,
    "b_tflops": 24.498957605043508,
    "diag_time": 2.901369853,
    "expanded_elec_energy": -6364.855802517851,
    "expanded_hf_energy": -1684.857358014273,
    "expanded_mp2_os_correction": -4.207268463026714,
    "expanded_mp2_ss_correction": -0.13335493343116367,
    "expanded_nuc_repulsion_energy": 4757.590798593554,
    "expanded_xc_energy": -77.59235408997566,
    "homo": -0.22226076313827928,
    "lumo": -0.019552650753780668,
    "method": "RestrictedKSDFT",
    "mp2_tflops": 65.35172325063559,
    "mp2_time": 24.88029,
    "n_atoms": 68,
    "nmers": [
      [
        {
          "fragments": [
            0
          ],
          "hf_energy": -1684.857358014273,
          "mp2_os_correction": -4.207268463026714,
          "mp2_ss_correction": -0.13335493343116367,
          "num_basis_fns": 3228,
          "num_iters": 17,
          "schema_version": "0.2.0"
        }
      ]
    ],
    "num_iters": 17,
    "ri_fock_time": 38.384632515,
    "ri_tflops": 35.83472151288627,
    "scf_tflops": 31.098123670991555,
    "scf_time": 61.951085914,
    "schema_version": "0.2.0",
    "tflops": 39.48681873286585,
    "total_time": 87.604417,
    "transforms_time": 0.15380264300000002,
    "xc_tflops": 24.420120507843112,
    "xc_time": 8.070249411999999
  },
  "schema_version": "0.2.0"
}
