{
  "calculation_time": 84.556128428,
  "qmmbe": {
    "b_formation_time": 5.885623247,
    "b_tflops": 28.33527165243372,
    "diag_time": 2.178929904,
    "expanded_elec_energy": -5348.751915371132,
    "expanded_hf_energy": -1531.8120426913067,
    "expanded_mp2_os_correction": -3.8202724485851474,
    "expanded_mp2_ss_correction": -0.12032997207261738,
    "expanded_nuc_repulsion_energy": 3887.401666519266,
    "expanded_xc_energy": -70.46179383944113,
    "homo": -0.231709768629463,
    "lumo": -0.010986970849959773,
    "method": "RestrictedKSDFT",
    "mp2_tflops": 25.915039777510312,
    "mp2_time": 40.347683,
    "n_atoms": 62,
    "nmers": [
      [
        {
          "fragments": [
            0
          ],
          "hf_energy": -1531.8120426913067,
          "mp2_os_correction": -3.8202724485851474,
          "mp2_ss_correction": -0.12032997207261738,
          "num_basis_fns": 2940,
          "num_iters": 16,
          "schema_version": "0.2.0"
        }
      ]
    ],
    "num_iters": 16,
    "ri_fock_time": 27.202781719,
    "ri_tflops": 33.92023644268981,
    "scf_tflops": 28.95049589902275,
    "scf_time": 43.604138902,
    "schema_version": "0.2.0",
    "tflops": 27.024981331922277,
    "total_time": 84.548847,
    "transforms_time": 0.123956127,
    "xc_tflops": 21.639242179468024,
    "xc_time": 6.684505529
  },
  "schema_version": "0.2.0"
}
