{
  "calculation_time": 61.982133705,
  "qmmbe": {
    "b_formation_time": 5.91194915,
    "b_tflops": 27.728619223665685,
    "diag_time": 2.3335262670000003,
    "expanded_elec_energy": -5306.195847589656,
    "expanded_hf_energy": -1531.7780373786793,
    "expanded_mp2_os_correction": -3.8255518348822792,
    "expanded_mp2_ss_correction": -0.12043069559394852,
    "expanded_nuc_repulsion_energy": 3844.875154700366,
    "expanded_xc_energy": -70.45734448938879,
    "homo": -0.20785542670393337,
    "lumo": -0.03514298120291154,
    "method": "RestrictedKSDFT",
    "mp2_tflops": 66.72325673089773,
    "mp2_time": 15.776517,
    "n_atoms": 62,
    "nmers": [
      [
        {
          "fragments": [
            0
          ],
          "hf_energy": -1531.7780373786793,
          "mp2_os_correction": -3.8255518348822792,
          "mp2_ss_correction": -0.12043069559394852,
          "num_basis_fns": 2940,
          "num_iters": 17,
          "schema_version": "0.2.0"
        }
      ]
    ],
    "num_iters": 17,
    "ri_fock_time": 28.634999731,
    "ri_tflops": 33.07033153625923,
    "scf_tflops": 28.22133521908266,
    "scf_time": 45.616654621,
    "schema_version": "0.2.0",
    "tflops": 37.41780780455852,
    "total_time": 61.97489,
    "transforms_time": 0.131332226,
    "xc_tflops": 20.658502427971037,
    "xc_time": 7.231192313
  },
  "schema_version": "0.2.0"
}
