{
  "calculation_time": 48.130738879,
  "qmmbe": {
    "b_formation_time": 5.001248235,
    "b_tflops": 28.155923096632293,
    "diag_time": 1.940909264,
    "expanded_elec_energy": -5021.835955587814,
    "expanded_hf_energy": -1454.6855269482664,
    "expanded_mp2_os_correction": -3.626130828107477,
    "expanded_mp2_ss_correction": -0.11491023008324394,
    "expanded_nuc_repulsion_energy": 3633.9910158541406,
    "expanded_xc_energy": -66.84058721459289,
    "homo": -0.21422608725897854,
    "lumo": -0.025311077421605703,
    "method": "RestrictedKSDFT",
    "mp2_tflops": 63.7031353215265,
    "mp2_time": 12.506704,
    "n_atoms": 58,
    "nmers": [
      [
        {
          "fragments": [
            0
          ],
          "hf_energy": -1454.6855269482664,
          "mp2_os_correction": -3.626130828107477,
          "mp2_ss_correction": -0.11491023008324394,
          "num_basis_fns": 2766,
          "num_iters": 16,
          "schema_version": "0.2.0"
        }
      ]
    ],
    "num_iters": 16,
    "ri_fock_time": 20.882311783999995,
    "ri_tflops": 34.80524162875358,
    "scf_tflops": 29.396236372364285,
    "scf_time": 35.055362793,
    "schema_version": "0.2.0",
    "tflops": 37.45085269874941,
    "total_time": 48.124096,
    "transforms_time": 0.11072318800000001,
    "xc_tflops": 22.516286535234148,
    "xc_time": 5.925367779000001
  },
  "schema_version": "0.2.0"
}
