{
  "calculation_time": 71.673435703,
  "qmmbe": {
    "b_formation_time": 6.897981975,
    "b_tflops": 27.905363728138184,
    "diag_time": 2.5661244090000004,
    "expanded_elec_energy": -5741.8946104897805,
    "expanded_hf_energy": -1607.7662619399177,
    "expanded_mp2_os_correction": -3.999765676764873,
    "expanded_mp2_ss_correction": -0.1269511515257418,
    "expanded_nuc_repulsion_energy": 4208.089121827391,
    "expanded_xc_energy": -73.96077327752825,
    "homo": -0.21265744186634072,
    "lumo": -0.026270179337180476,
    "method": "RestrictedKSDFT",
    "mp2_tflops": 63.48476769591119,
    "mp2_time": 19.976171,
    "n_atoms": 64,
    "nmers": [
      [
        {
          "fragments": [
            0
          ],
          "hf_energy": -1607.7662619399177,
          "mp2_os_correction": -3.999765676764873,
          "mp2_ss_correction": -0.1269511515257418,
          "num_basis_fns": 3054,
          "num_iters": 17,
          "schema_version": "0.2.0"
        }
      ]
    ],
    "num_iters": 17,
    "ri_fock_time": 32.313972871999994,
    "ri_tflops": 34.27623257165728,
    "scf_tflops": 29.48197696350396,
    "scf_time": 51.036571203,
    "schema_version": "0.2.0",
    "tflops": 38.233561734873085,
    "total_time": 71.665838,
    "transforms_time": 0.14339170599999998,
    "xc_tflops": 20.94416515041634,
    "xc_time": 7.893742849000001
  },
  "schema_version": "0.2.0"
}
