{
  "calculation_time": 85.211871747,
  "qmmbe": {
    "b_formation_time": 9.878705212,
    "b_tflops": 23.510764153996906,
    "diag_time": 2.9406418839999997,
    "expanded_elec_energy": -6155.27710427554,
    "expanded_hf_energy": -1684.8718860917747,
    "expanded_mp2_os_correction": -4.2007898640278,
    "expanded_mp2_ss_correction": -0.13295795035527486,
    "expanded_nuc_repulsion_energy": 4547.995852443476,
    "expanded_xc_energy": -77.59063425971046,
    "homo": -0.2233998332228053,
    "lumo": -0.012443540541041392,
    "method": "RestrictedKSDFT",
    "mp2_tflops": 68.02150272142859,
    "mp2_time": 24.030414,
    "n_atoms": 68,
    "nmers": [
      [
        {
          "fragments": [
            0
          ],
          "hf_energy": -1684.8718860917747,
          "mp2_os_correction": -4.2007898640278,
          "mp2_ss_correction": -0.13295795035527486,
          "num_basis_fns": 3228,
          "num_iters": 17,
          "schema_version": "0.2.0"
        }
      ]
    ],
    "num_iters": 17,
    "ri_fock_time": 37.617856828,
    "ri_tflops": 36.565144387653255,
    "scf_tflops": 31.447480749601013,
    "scf_time": 60.458263551,
    "schema_version": "0.2.0",
    "tflops": 40.299899577725974,
    "total_time": 85.204001,
    "transforms_time": 0.15378335199999996,
    "xc_tflops": 22.30693641295636,
    "xc_time": 8.212041433
  },
  "schema_version": "0.2.0"
}
