{
  "calculation_time": 81.334706199,
  "qmmbe": {
    "b_formation_time": 8.301452146,
    "b_tflops": 26.680856337410248,
    "diag_time": 2.7581370410000003,
    "expanded_elec_energy": -6019.841572510139,
    "expanded_hf_energy": -1684.8577787179145,
    "expanded_mp2_os_correction": -4.200737543051973,
    "expanded_mp2_ss_correction": -0.13296422634764984,
    "expanded_nuc_repulsion_energy": 4412.573008119911,
    "expanded_xc_energy": -77.58921432768665,
    "homo": -0.23465045511907234,
    "lumo": -0.0024800403746926703,
    "method": "RestrictedKSDFT",
    "mp2_tflops": 65.65904785999916,
    "mp2_time": 24.895044,
    "n_atoms": 68,
    "nmers": [
      [
        {
          "fragments": [
            0
          ],
          "hf_energy": -1684.8577787179145,
          "mp2_os_correction": -4.200737543051973,
          "mp2_ss_correction": -0.13296422634764984,
          "num_basis_fns": 3228,
          "num_iters": 16,
          "schema_version": "0.2.0"
        }
      ]
    ],
    "num_iters": 16,
    "ri_fock_time": 35.45714292700001,
    "ri_tflops": 37.80139795177649,
    "scf_tflops": 32.45027683699881,
    "scf_time": 55.760700854,
    "schema_version": "0.2.0",
    "tflops": 41.4698666060693,
    "total_time": 81.327055,
    "transforms_time": 0.14431746400000003,
    "xc_tflops": 23.195150089465,
    "xc_time": 7.266286911
  },
  "schema_version": "0.2.0"
}
