{
  "calculation_time": 58.399003996,
  "qmmbe": {
    "b_formation_time": 6.02323103,
    "b_tflops": 28.139719710933953,
    "diag_time": 2.234397639,
    "expanded_elec_energy": -5485.126210293218,
    "expanded_hf_energy": -1530.6432065215977,
    "expanded_mp2_os_correction": -3.8047021496845517,
    "expanded_mp2_ss_correction": -0.1213893404289224,
    "expanded_nuc_repulsion_energy": 4024.8174840866504,
    "expanded_xc_energy": -70.33448031503042,
    "homo": -0.210120583462812,
    "lumo": -0.03305492664569534,
    "method": "RestrictedKSDFT",
    "mp2_tflops": 65.94224510666791,
    "mp2_time": 14.844423,
    "n_atoms": 60,
    "nmers": [
      [
        {
          "fragments": [
            0
          ],
          "hf_energy": -1530.6432065215977,
          "mp2_os_correction": -3.8047021496845517,
          "mp2_ss_correction": -0.1213893404289224,
          "num_basis_fns": 2880,
          "num_iters": 17,
          "schema_version": "0.2.0"
        }
      ]
    ],
    "num_iters": 17,
    "ri_fock_time": 25.943822042,
    "ri_tflops": 33.9436370557263,
    "scf_tflops": 28.80897599999116,
    "scf_time": 42.923027425,
    "schema_version": "0.2.0",
    "tflops": 37.521778200580286,
    "total_time": 58.391978,
    "transforms_time": 0.12595934399999997,
    "xc_tflops": 23.272693421660257,
    "xc_time": 6.715045849999999
  },
  "schema_version": "0.2.0"
}
