{
  "calculation_time": 85.473592891,
  "qmmbe": {
    "b_formation_time": 8.292674507,
    "b_tflops": 26.855693773350705,
    "diag_time": 2.950802242,
    "expanded_elec_energy": -6051.394806502154,
    "expanded_hf_energy": -1684.860853699416,
    "expanded_mp2_os_correction": -4.200553862092824,
    "expanded_mp2_ss_correction": -0.13273814850021556,
    "expanded_nuc_repulsion_energy": 4444.119120293357,
    "expanded_xc_energy": -77.58516749061897,
    "homo": -0.22025550541054312,
    "lumo": -0.02146493241973523,
    "method": "RestrictedKSDFT",
    "mp2_tflops": 61.171929377148885,
    "mp2_time": 26.721155,
    "n_atoms": 68,
    "nmers": [
      [
        {
          "fragments": [
            0
          ],
          "hf_energy": -1684.860853699416,
          "mp2_os_correction": -4.200553862092824,
          "mp2_ss_correction": -0.13273814850021556,
          "num_basis_fns": 3228,
          "num_iters": 17,
          "schema_version": "0.2.0"
        }
      ]
    ],
    "num_iters": 17,
    "ri_fock_time": 36.970154353,
    "ri_tflops": 37.20574899353643,
    "scf_tflops": 31.823313534324,
    "scf_time": 58.077735985,
    "schema_version": "0.2.0",
    "tflops": 39.98024300684326,
    "total_time": 85.465666,
    "transforms_time": 0.15616925,
    "xc_tflops": 22.20381733075628,
    "xc_time": 7.922125911999999
  },
  "schema_version": "0.2.0"
}
