{
  "calculation_time": 90.90233608,
  "qmmbe": {
    "b_formation_time": 12.998711798,
    "b_tflops": 17.750077289784066,
    "diag_time": 2.813251856999999,
    "expanded_elec_energy": -6140.592468140715,
    "expanded_hf_energy": -1684.8474583327263,
    "expanded_mp2_os_correction": -4.20407946554509,
    "expanded_mp2_ss_correction": -0.13321754243779366,
    "expanded_nuc_repulsion_energy": 4533.336185562835,
    "expanded_xc_energy": -77.59117575484674,
    "homo": -0.23123884580476287,
    "lumo": -0.0055667868611009004,
    "method": "RestrictedKSDFT",
    "mp2_tflops": 66.31068655574106,
    "mp2_time": 24.650398,
    "n_atoms": 68,
    "nmers": [
      [
        {
          "fragments": [
            0
          ],
          "hf_energy": -1684.8474583327263,
          "mp2_os_correction": -4.20407946554509,
          "mp2_ss_correction": -0.13321754243779366,
          "num_basis_fns": 3228,
          "num_iters": 16,
          "schema_version": "0.2.0"
        }
      ]
    ],
    "num_iters": 16,
    "ri_fock_time": 36.087345247,
    "ri_tflops": 37.141265011391766,
    "scf_tflops": 30.149162593534808,
    "scf_time": 64.296002881,
    "schema_version": "0.2.0",
    "tflops": 37.26709676248952,
    "total_time": 90.893923,
    "transforms_time": 0.227893377,
    "xc_tflops": 22.05255399855605,
    "xc_time": 7.877841355999999
  },
  "schema_version": "0.2.0"
}
