{
  "calculation_time": 36.34899262,
  "qmmbe": {
    "b_formation_time": 4.342498663,
    "b_tflops": 2.5730871101378163,
    "diag_time": 6.041225603,
    "expanded_elec_energy": -5273.428202756188,
    "expanded_hf_energy": -1538.0972152266359,
    "expanded_nuc_repulsion_energy": 3961.3838386107614,
    "expanded_xc_energy": -226.05285108120955,
    "homo": -0.17789349327635964,
    "lumo": -0.10599098375756907,
    "method": "RestrictedKSDFT",
    "mp2_tflops": 0.0,
    "mp2_time": 6.9533558049718e-310,
    "n_atoms": 62,
    "nmers": [
      [
        {
          "fragments": [
            0
          ],
          "hf_energy": -1538.0972152266359,
          "num_basis_fns": 1372,
          "num_iters": 17,
          "schema_version": "0.2.0"
        }
      ]
    ],
    "num_iters": 17,
    "ri_fock_time": 3.6286700210000005,
    "ri_tflops": 0.11887747162006274,
    "scf_tflops": 0.03784312855109736,
    "scf_time": 34.335422429,
    "schema_version": "0.2.0",
    "tflops": 0.3480523307737312,
    "total_time": 34.690146,
    "transforms_time": 0.30293653300000006,
    "xc_tflops": 0.0,
    "xc_time": 20.414724494999998
  },
  "schema_version": "0.2.0"
}
