{
  "calculation_time": 33.86540862,
  "qmmbe": {
    "b_formation_time": 2.548565662,
    "b_tflops": 4.257715947267597,
    "diag_time": 5.429515769,
    "expanded_elec_energy": -5219.211720416016,
    "expanded_hf_energy": -1538.0946709151249,
    "expanded_nuc_repulsion_energy": 3907.162098954488,
    "expanded_xc_energy": -226.04504945359724,
    "homo": -0.17329175560710255,
    "lumo": -0.10971811546223034,
    "method": "RestrictedKSDFT",
    "mp2_tflops": 0.0,
    "mp2_time": 6.9533558049718e-310,
    "n_atoms": 62,
    "nmers": [
      [
        {
          "fragments": [
            0
          ],
          "hf_energy": -1538.0946709151249,
          "num_basis_fns": 1372,
          "num_iters": 17,
          "schema_version": "0.2.0"
        }
      ]
    ],
    "num_iters": 17,
    "ri_fock_time": 4.23172601,
    "ri_tflops": 0.10193644778055941,
    "scf_tflops": 0.03597577505733187,
    "scf_time": 33.658805933,
    "schema_version": "0.2.0",
    "tflops": 0.3528988841613747,
    "total_time": 33.861257,
    "transforms_time": 0.09381762899999997,
    "xc_tflops": 0.0,
    "xc_time": 22.735481213000003
  },
  "schema_version": "0.2.0"
}
