{
  "calculation_time": 37.89608274,
  "qmmbe": {
    "b_formation_time": 2.795537772,
    "b_tflops": 5.460419039706683,
    "diag_time": 7.8985496490000004,
    "expanded_elec_energy": -6009.0991043817685,
    "expanded_hf_energy": -1691.7811783876728,
    "expanded_nuc_repulsion_energy": 4565.916329964742,
    "expanded_xc_energy": -248.59840397064585,
    "homo": -0.1871178210522451,
    "lumo": -0.09626049584036497,
    "method": "RestrictedKSDFT",
    "mp2_tflops": 0.0,
    "mp2_time": 6.9533558049544e-310,
    "n_atoms": 68,
    "nmers": [
      [
        {
          "fragments": [
            0
          ],
          "hf_energy": -1691.7811783876728,
          "num_basis_fns": 1508,
          "num_iters": 17,
          "schema_version": "0.2.0"
        }
      ]
    ],
    "num_iters": 17,
    "ri_fock_time": 4.962426113,
    "ri_tflops": 0.11542198004873347,
    "scf_tflops": 0.04243341641756861,
    "scf_time": 37.669366299000004,
    "schema_version": "0.2.0",
    "tflops": 0.4412968016740678,
    "total_time": 37.891659,
    "transforms_time": 0.09622199699999999,
    "xc_tflops": 0.0,
    "xc_time": 23.405645100999998
  },
  "schema_version": "0.2.0"
}
