{
  "calculation_time": 24.820443748,
  "qmmbe": {
    "b_formation_time": 1.748606473,
    "b_tflops": 4.016453350168972,
    "diag_time": 4.709874818,
    "expanded_elec_energy": -4357.100228059391,
    "expanded_hf_energy": -1384.4200664771956,
    "expanded_nuc_repulsion_energy": 3176.181268973339,
    "expanded_xc_energy": -203.5011073911432,
    "homo": -0.17158849658018135,
    "lumo": -0.11416748052682535,
    "method": "RestrictedKSDFT",
    "mp2_tflops": 0.0,
    "mp2_time": 6.9533558049623e-310,
    "n_atoms": 56,
    "nmers": [
      [
        {
          "fragments": [
            0
          ],
          "hf_energy": -1384.4200664771956,
          "num_basis_fns": 1236,
          "num_iters": 18,
          "schema_version": "0.2.0"
        }
      ]
    ],
    "num_iters": 18,
    "ri_fock_time": 1.658609842,
    "ri_tflops": 0.2013385641250765,
    "scf_tflops": 0.03785654362228911,
    "scf_time": 24.655195998,
    "schema_version": "0.2.0",
    "tflops": 0.3173321737143966,
    "total_time": 24.816602,
    "transforms_time": 0.09064129300000001,
    "xc_tflops": 0.0,
    "xc_time": 15.942301578
  },
  "schema_version": "0.2.0"
}
