{
  "calculation_time": 32.860533947,
  "qmmbe": {
    "b_formation_time": 2.428741074,
    "b_tflops": 5.217755087282722,
    "diag_time": 6.188318661999999,
    "expanded_elec_energy": -5589.939671496764,
    "expanded_hf_energy": -1614.354828404933,
    "expanded_nuc_repulsion_energy": 4212.537665040492,
    "expanded_xc_energy": -236.95282194866093,
    "homo": -0.1721344474945548,
    "lumo": -0.11197874236385304,
    "method": "RestrictedKSDFT",
    "mp2_tflops": 0.0,
    "mp2_time": 6.9533558049544e-310,
    "n_atoms": 64,
    "nmers": [
      [
        {
          "fragments": [
            0
          ],
          "hf_energy": -1614.354828404933,
          "num_basis_fns": 1434,
          "num_iters": 18,
          "schema_version": "0.2.0"
        }
      ]
    ],
    "num_iters": 18,
    "ri_fock_time": 3.681646751,
    "ri_tflops": 0.14163742889302527,
    "scf_tflops": 0.044674503399147344,
    "scf_time": 32.624795978,
    "schema_version": "0.2.0",
    "tflops": 0.4260989827472498,
    "total_time": 32.856042,
    "transforms_time": 0.10565570699999999,
    "xc_tflops": 0.0,
    "xc_time": 20.825602235
  },
  "schema_version": "0.2.0"
}
