{
  "calculation_time": 28.39703475,
  "qmmbe": {
    "b_formation_time": 2.041345638,
    "b_tflops": 4.69826691513963,
    "diag_time": 4.834587299,
    "expanded_elec_energy": -4972.128674292293,
    "expanded_hf_energy": -1459.4949213411141,
    "expanded_nuc_repulsion_energy": 3726.3649314400686,
    "expanded_xc_energy": -213.7311784888898,
    "homo": -0.18379972796492666,
    "lumo": -0.0964007249254626,
    "method": "RestrictedKSDFT",
    "mp2_tflops": 0.0,
    "mp2_time": 6.9533558049623e-310,
    "n_atoms": 56,
    "nmers": [
      [
        {
          "fragments": [
            0
          ],
          "hf_energy": -1459.4949213411141,
          "num_basis_fns": 1286,
          "num_iters": 17,
          "schema_version": "0.2.0"
        }
      ]
    ],
    "num_iters": 17,
    "ri_fock_time": 2.5365451840000004,
    "ri_tflops": 0.14001042459805832,
    "scf_tflops": 0.03559190366636663,
    "scf_time": 28.191489056,
    "schema_version": "0.2.0",
    "tflops": 0.36968175539776926,
    "total_time": 28.393122,
    "transforms_time": 0.17215787499999993,
    "xc_tflops": 0.0,
    "xc_time": 18.074295119
  },
  "schema_version": "0.2.0"
}
