{
  "calculation_time": 30.839814379,
  "qmmbe": {
    "b_formation_time": 2.468171059,
    "b_tflops": 4.677422956670363,
    "diag_time": 4.9680483870000005,
    "expanded_elec_energy": -5331.814627485593,
    "expanded_hf_energy": -1538.0953106369514,
    "expanded_nuc_repulsion_energy": 4019.767486096458,
    "expanded_xc_energy": -226.04816924781684,
    "homo": -0.17303979999726712,
    "lumo": -0.10897120440643136,
    "method": "RestrictedKSDFT",
    "mp2_tflops": 0.0,
    "mp2_time": 6.9533558049718e-310,
    "n_atoms": 62,
    "nmers": [
      [
        {
          "fragments": [
            0
          ],
          "hf_energy": -1538.0953106369514,
          "num_basis_fns": 1372,
          "num_iters": 17,
          "schema_version": "0.2.0"
        }
      ]
    ],
    "num_iters": 17,
    "ri_fock_time": 4.057961777,
    "ri_tflops": 0.10630142449466447,
    "scf_tflops": 0.039636045642555434,
    "scf_time": 30.617612174,
    "schema_version": "0.2.0",
    "tflops": 0.41002015530714336,
    "total_time": 30.835585,
    "transforms_time": 0.172851428,
    "xc_tflops": 0.0,
    "xc_time": 20.162098805000003
  },
  "schema_version": "0.2.0"
}
