{
  "calculation_time": 34.725117695,
  "qmmbe": {
    "b_formation_time": 2.757948739,
    "b_tflops": 4.9875981975312556,
    "diag_time": 6.943234135,
    "expanded_elec_energy": -5772.714720793974,
    "expanded_hf_energy": -1691.802922036958,
    "expanded_nuc_repulsion_energy": 4329.48964558121,
    "expanded_xc_energy": -248.57784682419413,
    "homo": -0.17877790700748086,
    "lumo": -0.10609623701206865,
    "method": "RestrictedKSDFT",
    "mp2_tflops": 0.0,
    "mp2_time": 6.9533558049797e-310,
    "n_atoms": 68,
    "nmers": [
      [
        {
          "fragments": [
            0
          ],
          "hf_energy": -1691.802922036958,
          "num_basis_fns": 1508,
          "num_iters": 17,
          "schema_version": "0.2.0"
        }
      ]
    ],
    "num_iters": 17,
    "ri_fock_time": 3.5958194409999997,
    "ri_tflops": 0.15928860088945718,
    "scf_tflops": 0.046702275926149735,
    "scf_time": 34.500375336,
    "schema_version": "0.2.0",
    "tflops": 0.43813213128348627,
    "total_time": 34.720578,
    "transforms_time": 0.26967306999999996,
    "xc_tflops": 0.0,
    "xc_time": 20.912881046
  },
  "schema_version": "0.2.0"
}
