{
  "calculation_time": 37.625302661,
  "qmmbe": {
    "b_formation_time": 2.997164501,
    "b_tflops": 5.127716642171721,
    "diag_time": 7.318841509,
    "expanded_elec_energy": -6037.5728141211275,
    "expanded_hf_energy": -1691.7712235958222,
    "expanded_nuc_repulsion_energy": 4594.38859442089,
    "expanded_xc_energy": -248.5870038955843,
    "homo": -0.18112122536118397,
    "lumo": -0.10508812587617279,
    "method": "RestrictedKSDFT",
    "mp2_tflops": 0.0,
    "mp2_time": 6.9533558049797e-310,
    "n_atoms": 68,
    "nmers": [
      [
        {
          "fragments": [
            0
          ],
          "hf_energy": -1691.7712235958222,
          "num_basis_fns": 1508,
          "num_iters": 17,
          "schema_version": "0.2.0"
        }
      ]
    ],
    "num_iters": 17,
    "ri_fock_time": 4.338183225000001,
    "ri_tflops": 0.13203062620943123,
    "scf_tflops": 0.0430281951587984,
    "scf_time": 37.377011821,
    "schema_version": "0.2.0",
    "tflops": 0.44723441884378845,
    "total_time": 37.620699,
    "transforms_time": 0.18626301600000003,
    "xc_tflops": 0.0,
    "xc_time": 23.552442216
  },
  "schema_version": "0.2.0"
}
