{
  "calculation_time": 28.462981271,
  "qmmbe": {
    "b_formation_time": 2.099068814,
    "b_tflops": 5.071717883566251,
    "diag_time": 4.885785283999999,
    "expanded_elec_energy": -5195.888880195435,
    "expanded_hf_energy": -1536.9303578918114,
    "expanded_nuc_repulsion_energy": 3884.296498385385,
    "expanded_xc_energy": -225.33797608176096,
    "homo": -0.1716802573644678,
    "lumo": -0.11249104612162897,
    "method": "RestrictedKSDFT",
    "mp2_tflops": 0.0,
    "mp2_time": 6.9533558049718e-310,
    "n_atoms": 60,
    "nmers": [
      [
        {
          "fragments": [
            0
          ],
          "hf_energy": -1536.9303578918114,
          "num_basis_fns": 1360,
          "num_iters": 18,
          "schema_version": "0.2.0"
        }
      ]
    ],
    "num_iters": 18,
    "ri_fock_time": 2.5970201840000007,
    "ri_tflops": 0.1712700620273654,
    "scf_tflops": 0.0442485973472763,
    "scf_time": 28.269550912,
    "schema_version": "0.2.0",
    "tflops": 0.41389981462691877,
    "total_time": 28.458806,
    "transforms_time": 0.10103626900000001,
    "xc_tflops": 0.0,
    "xc_time": 17.574168459
  },
  "schema_version": "0.2.0"
}
