{
  "calculation_time": 40.071341308,
  "qmmbe": {
    "b_formation_time": 2.970353424,
    "b_tflops": 5.230683087446634,
    "diag_time": 7.711965852999999,
    "expanded_elec_energy": -6048.894762766464,
    "expanded_hf_energy": -1691.77584738406,
    "expanded_nuc_repulsion_energy": 4605.711554646695,
    "expanded_xc_energy": -248.59263926429097,
    "homo": -0.17471228616388126,
    "lumo": -0.10877957310103212,
    "method": "RestrictedKSDFT",
    "mp2_tflops": 0.0,
    "mp2_time": 6.9533558049797e-310,
    "n_atoms": 68,
    "nmers": [
      [
        {
          "fragments": [
            0
          ],
          "hf_energy": -1691.77584738406,
          "num_basis_fns": 1508,
          "num_iters": 17,
          "schema_version": "0.2.0"
        }
      ]
    ],
    "num_iters": 17,
    "ri_fock_time": 4.826333677,
    "ri_tflops": 0.11867663658183492,
    "scf_tflops": 0.04006312037322829,
    "scf_time": 39.826483526,
    "schema_version": "0.2.0",
    "tflops": 0.4241337080836912,
    "total_time": 40.066699,
    "transforms_time": 0.42242977800000003,
    "xc_tflops": 0.0,
    "xc_time": 25.354701123999995
  },
  "schema_version": "0.2.0"
}
