{
  "calculation_time": 36.985476227,
  "qmmbe": {
    "b_formation_time": 2.425482087,
    "b_tflops": 5.919821042595069,
    "diag_time": 6.560838976000001,
    "expanded_elec_energy": -5839.043563018745,
    "expanded_hf_energy": -1614.3245837350028,
    "expanded_nuc_repulsion_energy": 4461.684606325422,
    "expanded_xc_energy": -236.9656270416794,
    "homo": -0.16795423862892592,
    "lumo": -0.11437885611195664,
    "method": "RestrictedKSDFT",
    "mp2_tflops": 0.0,
    "mp2_time": 6.95335580495915e-310,
    "n_atoms": 64,
    "nmers": [
      [
        {
          "fragments": [
            0
          ],
          "hf_energy": -1614.3245837350028,
          "num_basis_fns": 1434,
          "num_iters": 18,
          "schema_version": "0.2.0"
        }
      ]
    ],
    "num_iters": 18,
    "ri_fock_time": 4.170355147999999,
    "ri_tflops": 0.12503946580043168,
    "scf_tflops": 0.03929835046099458,
    "scf_time": 36.740502686,
    "schema_version": "0.2.0",
    "tflops": 0.424155667199767,
    "total_time": 36.981162,
    "transforms_time": 0.34829440600000006,
    "xc_tflops": 0.0,
    "xc_time": 24.099430478999995
  },
  "schema_version": "0.2.0"
}
