{
  "calculation_time": 38.441000554,
  "qmmbe": {
    "b_formation_time": 4.481877129,
    "b_tflops": 2.8309416970962213,
    "diag_time": 6.743569951,
    "expanded_elec_energy": -5577.596153912275,
    "expanded_hf_energy": -1614.3523261534715,
    "expanded_nuc_repulsion_energy": 4200.20028607343,
    "expanded_xc_energy": -236.95645831462616,
    "homo": -0.16707161287582667,
    "lumo": -0.11828378783061837,
    "method": "RestrictedKSDFT",
    "mp2_tflops": 0.0,
    "mp2_time": 6.95335580495915e-310,
    "n_atoms": 64,
    "nmers": [
      [
        {
          "fragments": [
            0
          ],
          "hf_energy": -1614.3523261534715,
          "num_basis_fns": 1434,
          "num_iters": 18,
          "schema_version": "0.2.0"
        }
      ]
    ],
    "num_iters": 18,
    "ri_fock_time": 3.752007967,
    "ri_tflops": 0.1389813093389948,
    "scf_tflops": 0.04257016796190084,
    "scf_time": 36.536208184,
    "schema_version": "0.2.0",
    "tflops": 0.37504037842269333,
    "total_time": 36.77885,
    "transforms_time": 0.4031656130000001,
    "xc_tflops": 0.0,
    "xc_time": 21.27877175
  },
  "schema_version": "0.2.0"
}
