{
  "calculation_time": 37.809570163,
  "qmmbe": {
    "b_formation_time": 2.884432606,
    "b_tflops": 5.026526482059883,
    "diag_time": 8.109593302,
    "expanded_elec_energy": -5899.874187019388,
    "expanded_hf_energy": -1691.7847094191266,
    "expanded_nuc_repulsion_energy": 4456.671200626985,
    "expanded_xc_energy": -248.58172302672398,
    "homo": -0.17781594774460877,
    "lumo": -0.10739662571868056,
    "method": "RestrictedKSDFT",
    "mp2_tflops": 0.0,
    "mp2_time": 6.953355804986e-310,
    "n_atoms": 68,
    "nmers": [
      [
        {
          "fragments": [
            0
          ],
          "hf_energy": -1691.7847094191266,
          "num_basis_fns": 1508,
          "num_iters": 17,
          "schema_version": "0.2.0"
        }
      ]
    ],
    "num_iters": 17,
    "ri_fock_time": 4.139589391,
    "ri_tflops": 0.1383647008694346,
    "scf_tflops": 0.042546354758950695,
    "scf_time": 37.594376247,
    "schema_version": "0.2.0",
    "tflops": 0.4220423575665986,
    "total_time": 37.805061,
    "transforms_time": 0.134943341,
    "xc_tflops": 0.0,
    "xc_time": 23.14786534
  },
  "schema_version": "0.2.0"
}
