{
  "calculation_time": 41.412452193,
  "qmmbe": {
    "b_formation_time": 2.928115678,
    "b_tflops": 4.974262843100695,
    "diag_time": 7.938046665000001,
    "expanded_elec_energy": -5905.169090972417,
    "expanded_hf_energy": -1691.7881041049386,
    "expanded_nuc_repulsion_energy": 4461.9685740895875,
    "expanded_xc_energy": -248.5875872221094,
    "homo": -0.17865210964720835,
    "lumo": -0.10404806179844993,
    "method": "RestrictedKSDFT",
    "mp2_tflops": 0.0,
    "mp2_time": 6.95335580496073e-310,
    "n_atoms": 68,
    "nmers": [
      [
        {
          "fragments": [
            0
          ],
          "hf_energy": -1691.7881041049386,
          "num_basis_fns": 1508,
          "num_iters": 17,
          "schema_version": "0.2.0"
        }
      ]
    ],
    "num_iters": 17,
    "ri_fock_time": 5.086826189999999,
    "ri_tflops": 0.11259929598813363,
    "scf_tflops": 0.03881447428450634,
    "scf_time": 41.18221193,
    "schema_version": "0.2.0",
    "tflops": 0.3869274676811995,
    "total_time": 41.407961,
    "transforms_time": 0.634179077,
    "xc_tflops": 0.0,
    "xc_time": 26.291551116
  },
  "schema_version": "0.2.0"
}
