{
  "calculation_time": 36.407966259,
  "qmmbe": {
    "b_formation_time": 2.616453196,
    "b_tflops": 5.598618216493409,
    "diag_time": 7.140020862,
    "expanded_elec_energy": -5931.854609709531,
    "expanded_hf_energy": -1691.7814059398956,
    "expanded_nuc_repulsion_energy": 4488.644031924581,
    "expanded_xc_energy": -248.5708281549454,
    "homo": -0.1714585837099316,
    "lumo": -0.11351400670136494,
    "method": "RestrictedKSDFT",
    "mp2_tflops": 0.0,
    "mp2_time": 6.953355804986e-310,
    "n_atoms": 68,
    "nmers": [
      [
        {
          "fragments": [
            0
          ],
          "hf_energy": -1691.7814059398956,
          "num_basis_fns": 1508,
          "num_iters": 18,
          "schema_version": "0.2.0"
        }
      ]
    ],
    "num_iters": 18,
    "ri_fock_time": 4.838160520000001,
    "ri_tflops": 0.12535044621297517,
    "scf_tflops": 0.04660633899383769,
    "scf_time": 36.192737969,
    "schema_version": "0.2.0",
    "tflops": 0.4447650260011712,
    "total_time": 36.40346,
    "transforms_time": 0.10175971000000002,
    "xc_tflops": 0.0,
    "xc_time": 22.69884493
  },
  "schema_version": "0.2.0"
}
