{
  "calculation_time": 56.676635813,
  "qmmbe": {
    "b_formation_time": 3.259049362,
    "b_tflops": 4.879547909944176,
    "diag_time": 10.189421795000003,
    "expanded_elec_energy": -6108.571338721215,
    "expanded_hf_energy": -1691.775483700608,
    "expanded_nuc_repulsion_energy": 4665.37977913612,
    "expanded_xc_energy": -248.58392411551287,
    "homo": -0.17120886137797278,
    "lumo": -0.11274409256286504,
    "method": "RestrictedKSDFT",
    "mp2_tflops": 0.0,
    "mp2_time": 6.9533558049702e-310,
    "n_atoms": 68,
    "nmers": [
      [
        {
          "fragments": [
            0
          ],
          "hf_energy": -1691.775483700608,
          "num_basis_fns": 1508,
          "num_iters": 17,
          "schema_version": "0.2.0"
        }
      ]
    ],
    "num_iters": 17,
    "ri_fock_time": 9.482929884,
    "ri_tflops": 0.06040043054356089,
    "scf_tflops": 0.028078137055564886,
    "scf_time": 56.426245055,
    "schema_version": "0.2.0",
    "tflops": 0.3063128321912252,
    "total_time": 56.671958,
    "transforms_time": 0.17729290000000003,
    "xc_tflops": 0.0,
    "xc_time": 38.597004307000006
  },
  "schema_version": "0.2.0"
}
