{
  "calculation_time": 40.060356198,
  "qmmbe": {
    "b_formation_time": 2.867019415,
    "b_tflops": 4.670581159754023,
    "diag_time": 6.3965617880000005,
    "expanded_elec_energy": -5699.734368506759,
    "expanded_hf_energy": -1614.3469558300326,
    "expanded_nuc_repulsion_energy": 4322.355490611426,
    "expanded_xc_energy": -236.96807793469958,
    "homo": -0.17467059008279334,
    "lumo": -0.10690178034825985,
    "method": "RestrictedKSDFT",
    "mp2_tflops": 0.0,
    "mp2_time": 6.9533558049544e-310,
    "n_atoms": 64,
    "nmers": [
      [
        {
          "fragments": [
            0
          ],
          "hf_energy": -1614.3469558300326,
          "num_basis_fns": 1434,
          "num_iters": 17,
          "schema_version": "0.2.0"
        }
      ]
    ],
    "num_iters": 17,
    "ri_fock_time": 4.805291954,
    "ri_tflops": 0.10248888960139964,
    "scf_tflops": 0.03446636480176785,
    "scf_time": 39.829645887,
    "schema_version": "0.2.0",
    "tflops": 0.36559320774680815,
    "total_time": 40.05583,
    "transforms_time": 0.21500800200000003,
    "xc_tflops": 0.0,
    "xc_time": 26.488385985999997
  },
  "schema_version": "0.2.0"
}
