{
  "calculation_time": 33.010252891,
  "qmmbe": {
    "b_formation_time": 2.519104519,
    "b_tflops": 5.300848247705439,
    "diag_time": 7.194073848,
    "expanded_elec_energy": -5669.480823782273,
    "expanded_hf_energy": -1691.80787680117,
    "expanded_nuc_repulsion_energy": 4226.250235533388,
    "expanded_xc_energy": -248.57728855228572,
    "homo": -0.17208076816282883,
    "lumo": -0.11366556030927154,
    "method": "RestrictedKSDFT",
    "mp2_tflops": 0.0,
    "mp2_time": 6.9533558049797e-310,
    "n_atoms": 68,
    "nmers": [
      [
        {
          "fragments": [
            0
          ],
          "hf_energy": -1691.80787680117,
          "num_basis_fns": 1508,
          "num_iters": 17,
          "schema_version": "0.2.0"
        }
      ]
    ],
    "num_iters": 17,
    "ri_fock_time": 3.366662123,
    "ri_tflops": 0.17013083786905456,
    "scf_tflops": 0.049006274072033965,
    "scf_time": 32.7988282,
    "schema_version": "0.2.0",
    "tflops": 0.448711309135665,
    "total_time": 33.005746,
    "transforms_time": 0.22485437000000005,
    "xc_tflops": 0.0,
    "xc_time": 19.979236626
  },
  "schema_version": "0.2.0"
}
