{
  "calculation_time": 32.706660076,
  "qmmbe": {
    "b_formation_time": 2.369715457,
    "b_tflops": 4.804566810215139,
    "diag_time": 5.460914095000001,
    "expanded_elec_energy": -5303.509242843216,
    "expanded_hf_energy": -1538.0876544024761,
    "expanded_nuc_repulsion_energy": 3991.4792956919173,
    "expanded_xc_energy": -226.05770725117705,
    "homo": -0.18250544868837013,
    "lumo": -0.10255990511272998,
    "method": "RestrictedKSDFT",
    "mp2_tflops": 0.0,
    "mp2_time": 6.9533558049718e-310,
    "n_atoms": 62,
    "nmers": [
      [
        {
          "fragments": [
            0
          ],
          "hf_energy": -1538.0876544024761,
          "num_basis_fns": 1372,
          "num_iters": 17,
          "schema_version": "0.2.0"
        }
      ]
    ],
    "num_iters": 17,
    "ri_fock_time": 3.5260339989999996,
    "ri_tflops": 0.12233776462800354,
    "scf_tflops": 0.037057054637342005,
    "scf_time": 32.500264757,
    "schema_version": "0.2.0",
    "tflops": 0.38174588369305373,
    "total_time": 32.70235,
    "transforms_time": 0.209086289,
    "xc_tflops": 0.0,
    "xc_time": 21.580334981
  },
  "schema_version": "0.2.0"
}
