{
  "calculation_time": 25.178654544,
  "qmmbe": {
    "b_formation_time": 1.652443912,
    "b_tflops": 4.731589244157051,
    "diag_time": 4.415168606999999,
    "expanded_elec_energy": -4540.78946899449,
    "expanded_hf_energy": -1384.4018497964848,
    "expanded_nuc_repulsion_energy": 3359.8967375620655,
    "expanded_xc_energy": -203.50911836406055,
    "homo": -0.17611584571833086,
    "lumo": -0.1062380279338924,
    "method": "RestrictedKSDFT",
    "mp2_tflops": 0.0,
    "mp2_time": 6.9533558049623e-310,
    "n_atoms": 56,
    "nmers": [
      [
        {
          "fragments": [
            0
          ],
          "hf_energy": -1384.4018497964848,
          "num_basis_fns": 1236,
          "num_iters": 17,
          "schema_version": "0.2.0"
        }
      ]
    ],
    "num_iters": 17,
    "ri_fock_time": 2.316985938,
    "ri_tflops": 0.13612071555351837,
    "scf_tflops": 0.03508548504397747,
    "scf_time": 24.998484588,
    "schema_version": "0.2.0",
    "tflops": 0.3425332805919612,
    "total_time": 25.174762,
    "transforms_time": 0.293751641,
    "xc_tflops": 0.0,
    "xc_time": 16.503124028
  },
  "schema_version": "0.2.0"
}
