{
  "calculation_time": 36.541815652,
  "qmmbe": {
    "b_formation_time": 2.351883947,
    "b_tflops": 4.716245499232535,
    "diag_time": 6.215288674,
    "expanded_elec_energy": -5259.255662747102,
    "expanded_hf_energy": -1538.0901991847782,
    "expanded_nuc_repulsion_energy": 3947.2173851927837,
    "expanded_xc_energy": -226.05192163045967,
    "homo": -0.17729340428720436,
    "lumo": -0.10516471113524185,
    "method": "RestrictedKSDFT",
    "mp2_tflops": 0.0,
    "mp2_time": 6.9533558049718e-310,
    "n_atoms": 62,
    "nmers": [
      [
        {
          "fragments": [
            0
          ],
          "hf_energy": -1538.0901991847782,
          "num_basis_fns": 1372,
          "num_iters": 17,
          "schema_version": "0.2.0"
        }
      ]
    ],
    "num_iters": 17,
    "ri_fock_time": 4.808156821,
    "ri_tflops": 0.08971569220786861,
    "scf_tflops": 0.03288274977067105,
    "scf_time": 36.336218178,
    "schema_version": "0.2.0",
    "tflops": 0.3336447423632522,
    "total_time": 36.537645,
    "transforms_time": 0.177685719,
    "xc_tflops": 0.0,
    "xc_time": 24.150271705999998
  },
  "schema_version": "0.2.0"
}
