{
  "calculation_time": 36.827923662,
  "qmmbe": {
    "b_formation_time": 2.672807641,
    "b_tflops": 5.315509078919159,
    "diag_time": 6.1783527110000005,
    "expanded_elec_energy": -5812.697927227382,
    "expanded_hf_energy": -1614.3573322533298,
    "expanded_nuc_repulsion_energy": 4435.31086858548,
    "expanded_xc_energy": -236.97027361142824,
    "homo": -0.1739433542185121,
    "lumo": -0.10922794684853608,
    "method": "RestrictedKSDFT",
    "mp2_tflops": 0.0,
    "mp2_time": 6.95335580495915e-310,
    "n_atoms": 64,
    "nmers": [
      [
        {
          "fragments": [
            0
          ],
          "hf_energy": -1614.3573322533298,
          "num_basis_fns": 1434,
          "num_iters": 18,
          "schema_version": "0.2.0"
        }
      ]
    ],
    "num_iters": 18,
    "ri_fock_time": 4.151751522,
    "ri_tflops": 0.12559975642588564,
    "scf_tflops": 0.039658217849755525,
    "scf_time": 36.588084293,
    "schema_version": "0.2.0",
    "tflops": 0.42186854833560006,
    "total_time": 36.823515,
    "transforms_time": 0.143685681,
    "xc_tflops": 0.0,
    "xc_time": 24.523405189
  },
  "schema_version": "0.2.0"
}
