{
  "calculation_time": 30.09915962,
  "qmmbe": {
    "b_formation_time": 1.952358043,
    "b_tflops": 5.112101708311501,
    "diag_time": 5.788720134,
    "expanded_elec_energy": -5020.701120575575,
    "expanded_hf_energy": -1460.6428805535727,
    "expanded_nuc_repulsion_energy": 3774.484846814677,
    "expanded_xc_energy": -214.42660679267448,
    "homo": -0.16554569714677628,
    "lumo": -0.11923799340911403,
    "method": "RestrictedKSDFT",
    "mp2_tflops": 0.0,
    "mp2_time": 6.9533558049623e-310,
    "n_atoms": 58,
    "nmers": [
      [
        {
          "fragments": [
            0
          ],
          "hf_energy": -1460.6428805535727,
          "num_basis_fns": 1298,
          "num_iters": 18,
          "schema_version": "0.2.0"
        }
      ]
    ],
    "num_iters": 18,
    "ri_fock_time": 3.279502178,
    "ri_tflops": 0.1179213032814153,
    "scf_tflops": 0.03610248225868283,
    "scf_time": 29.902806418,
    "schema_version": "0.2.0",
    "tflops": 0.36439257392367636,
    "total_time": 30.095254,
    "transforms_time": 0.08765228000000003,
    "xc_tflops": 0.0,
    "xc_time": 19.570394658
  },
  "schema_version": "0.2.0"
}
