{
  "calculation_time": 31.791423666,
  "qmmbe": {
    "b_formation_time": 2.447882436,
    "b_tflops": 5.640462643961714,
    "diag_time": 5.219851542000001,
    "expanded_elec_energy": -5759.34769426499,
    "expanded_hf_energy": -1614.3327782526867,
    "expanded_nuc_repulsion_energy": 4381.978459785647,
    "expanded_xc_energy": -236.96354377334313,
    "homo": -0.17308149854284344,
    "lumo": -0.1102448695912027,
    "method": "RestrictedKSDFT",
    "mp2_tflops": 0.0,
    "mp2_time": 6.9533558049544e-310,
    "n_atoms": 64,
    "nmers": [
      [
        {
          "fragments": [
            0
          ],
          "hf_energy": -1614.3327782526867,
          "num_basis_fns": 1434,
          "num_iters": 17,
          "schema_version": "0.2.0"
        }
      ]
    ],
    "num_iters": 17,
    "ri_fock_time": 3.2770245,
    "ri_tflops": 0.15028543014432758,
    "scf_tflops": 0.04370007219474409,
    "scf_time": 31.565250506,
    "schema_version": "0.2.0",
    "tflops": 0.4737976414565907,
    "total_time": 31.787163,
    "transforms_time": 0.17867405400000005,
    "xc_tflops": 0.0,
    "xc_time": 20.746906377
  },
  "schema_version": "0.2.0"
}
