{
  "calculation_time": 39.626038446,
  "qmmbe": {
    "b_formation_time": 2.787897935,
    "b_tflops": 4.96605513633339,
    "diag_time": 7.895423559,
    "expanded_elec_energy": -5770.220736891688,
    "expanded_hf_energy": -1691.7937993909882,
    "expanded_nuc_repulsion_energy": 4327.0074781820285,
    "expanded_xc_energy": -248.58054068132884,
    "homo": -0.17064311488915823,
    "lumo": -0.11411383807836323,
    "method": "RestrictedKSDFT",
    "mp2_tflops": 0.0,
    "mp2_time": 6.9533558049797e-310,
    "n_atoms": 68,
    "nmers": [
      [
        {
          "fragments": [
            0
          ],
          "hf_energy": -1691.7937993909882,
          "num_basis_fns": 1508,
          "num_iters": 18,
          "schema_version": "0.2.0"
        }
      ]
    ],
    "num_iters": 18,
    "ri_fock_time": 3.424700758,
    "ri_tflops": 0.1770857143110429,
    "scf_tflops": 0.04282137221396859,
    "scf_time": 39.424312972,
    "schema_version": "0.2.0",
    "tflops": 0.38835932710351895,
    "total_time": 39.62141,
    "transforms_time": 1.216578097,
    "xc_tflops": 0.0,
    "xc_time": 23.229144942000005
  },
  "schema_version": "0.2.0"
}
