{
  "calculation_time": 32.200176818,
  "qmmbe": {
    "b_formation_time": 2.630780102,
    "b_tflops": 5.0122788767968265,
    "diag_time": 6.902483403999999,
    "expanded_elec_energy": -5671.353287178261,
    "expanded_hf_energy": -1691.8046175494087,
    "expanded_nuc_repulsion_energy": 4228.116059680639,
    "expanded_xc_energy": -248.56739005178719,
    "homo": -0.17552714600041394,
    "lumo": -0.1103147904620937,
    "method": "RestrictedKSDFT",
    "mp2_tflops": 0.0,
    "mp2_time": 6.95335580496073e-310,
    "n_atoms": 68,
    "nmers": [
      [
        {
          "fragments": [
            0
          ],
          "hf_energy": -1691.8046175494087,
          "num_basis_fns": 1508,
          "num_iters": 17,
          "schema_version": "0.2.0"
        }
      ]
    ],
    "num_iters": 17,
    "ri_fock_time": 3.4382415479999993,
    "ri_tflops": 0.1665889495580024,
    "scf_tflops": 0.05072706307534374,
    "scf_time": 31.990341476,
    "schema_version": "0.2.0",
    "tflops": 0.45481030511861614,
    "total_time": 32.195542,
    "transforms_time": 0.301031816,
    "xc_tflops": 0.0,
    "xc_time": 19.042324310999998
  },
  "schema_version": "0.2.0"
}
