{
  "calculation_time": 42.637330296,
  "qmmbe": {
    "b_formation_time": 3.219210884,
    "b_tflops": 4.719854361834345,
    "diag_time": 7.963701673,
    "expanded_elec_energy": -6015.4268985496765,
    "expanded_hf_energy": -1691.7809176086853,
    "expanded_nuc_repulsion_energy": 4572.234322759174,
    "expanded_xc_energy": -248.58834181818244,
    "homo": -0.17972026717997328,
    "lumo": -0.1016600593213299,
    "method": "RestrictedKSDFT",
    "mp2_tflops": 0.0,
    "mp2_time": 6.9533558049623e-310,
    "n_atoms": 68,
    "nmers": [
      [
        {
          "fragments": [
            0
          ],
          "hf_energy": -1691.7809176086853,
          "num_basis_fns": 1508,
          "num_iters": 17,
          "schema_version": "0.2.0"
        }
      ]
    ],
    "num_iters": 17,
    "ri_fock_time": 4.198031464,
    "ri_tflops": 0.13643848377978715,
    "scf_tflops": 0.03792291785203297,
    "scf_time": 42.388464846,
    "schema_version": "0.2.0",
    "tflops": 0.39056539363269827,
    "total_time": 42.632725,
    "transforms_time": 0.09724893400000001,
    "xc_tflops": 0.0,
    "xc_time": 26.764336921
  },
  "schema_version": "0.2.0"
}
