{
  "calculation_time": 43.05155422,
  "qmmbe": {
    "b_formation_time": 5.107856267,
    "b_tflops": 3.0059548228959594,
    "diag_time": 8.388663460999998,
    "expanded_elec_energy": -6034.721693941896,
    "expanded_hf_energy": -1691.7646749024725,
    "expanded_nuc_repulsion_energy": 4591.539476169593,
    "expanded_xc_energy": -248.58245713017004,
    "homo": -0.1632518781540766,
    "lumo": -0.11956715308355216,
    "method": "RestrictedKSDFT",
    "mp2_tflops": 0.0,
    "mp2_time": 6.9533558049702e-310,
    "n_atoms": 68,
    "nmers": [
      [
        {
          "fragments": [
            0
          ],
          "hf_energy": -1691.7646749024725,
          "num_basis_fns": 1508,
          "num_iters": 18,
          "schema_version": "0.2.0"
        }
      ]
    ],
    "num_iters": 18,
    "ri_fock_time": 5.048241707000001,
    "ri_tflops": 0.12013402194888208,
    "scf_tflops": 0.04377422586064718,
    "scf_time": 41.092834601,
    "schema_version": "0.2.0",
    "tflops": 0.40354574633607854,
    "total_time": 41.387765,
    "transforms_time": 0.48209399299999994,
    "xc_tflops": 0.0,
    "xc_time": 23.435834361
  },
  "schema_version": "0.2.0"
}
