{
  "calculation_time": 47.943585202,
  "qmmbe": {
    "b_formation_time": 3.254216338,
    "b_tflops": 4.801421803553123,
    "diag_time": 9.500859845999999,
    "expanded_elec_energy": -6069.731583053372,
    "expanded_hf_energy": -1691.771424823824,
    "expanded_nuc_repulsion_energy": 4626.539390084819,
    "expanded_xc_energy": -248.5792318552718,
    "homo": -0.17231014735663025,
    "lumo": -0.11032594199082285,
    "method": "RestrictedKSDFT",
    "mp2_tflops": 0.0,
    "mp2_time": 6.9533558049702e-310,
    "n_atoms": 68,
    "nmers": [
      [
        {
          "fragments": [
            0
          ],
          "hf_energy": -1691.771424823824,
          "num_basis_fns": 1508,
          "num_iters": 17,
          "schema_version": "0.2.0"
        }
      ]
    ],
    "num_iters": 17,
    "ri_fock_time": 5.790888807,
    "ri_tflops": 0.09890934999747095,
    "scf_tflops": 0.03329317629175619,
    "scf_time": 47.708046711,
    "schema_version": "0.2.0",
    "tflops": 0.35631726163741917,
    "total_time": 47.939091,
    "transforms_time": 0.098513593,
    "xc_tflops": 0.0,
    "xc_time": 30.640878262
  },
  "schema_version": "0.2.0"
}
