{
  "calculation_time": 40.413485918,
  "qmmbe": {
    "b_formation_time": 2.894375381,
    "b_tflops": 4.770660589002571,
    "diag_time": 6.99438536,
    "expanded_elec_energy": -5757.178482385149,
    "expanded_hf_energy": -1614.3435458198194,
    "expanded_nuc_repulsion_energy": 4379.809228381852,
    "expanded_xc_energy": -236.97429181652222,
    "homo": -0.18397383577963433,
    "lumo": -0.09983361244956211,
    "method": "RestrictedKSDFT",
    "mp2_tflops": 0.0,
    "mp2_time": 6.9533558049544e-310,
    "n_atoms": 64,
    "nmers": [
      [
        {
          "fragments": [
            0
          ],
          "hf_energy": -1614.3435458198194,
          "num_basis_fns": 1434,
          "num_iters": 17,
          "schema_version": "0.2.0"
        }
      ]
    ],
    "num_iters": 17,
    "ri_fock_time": 3.8677879980000007,
    "ri_tflops": 0.1273309283835261,
    "scf_tflops": 0.034163006534865696,
    "scf_time": 40.161706353,
    "schema_version": "0.2.0",
    "tflops": 0.3727272536730958,
    "total_time": 40.409107,
    "transforms_time": 0.21654727499999998,
    "xc_tflops": 0.0,
    "xc_time": 25.849324053
  },
  "schema_version": "0.2.0"
}
