{
  "calculation_time": 29.416200412,
  "qmmbe": {
    "b_formation_time": 2.310387202,
    "b_tflops": 4.844967870608903,
    "diag_time": 5.043965011,
    "expanded_elec_energy": -5270.3852901164155,
    "expanded_hf_energy": -1538.091630763025,
    "expanded_nuc_repulsion_energy": 3958.343721511041,
    "expanded_xc_energy": -226.05006215765064,
    "homo": -0.17226965027272223,
    "lumo": -0.11281483937346375,
    "method": "RestrictedKSDFT",
    "mp2_tflops": 0.0,
    "mp2_time": 6.95335580495915e-310,
    "n_atoms": 62,
    "nmers": [
      [
        {
          "fragments": [
            0
          ],
          "hf_energy": -1538.091630763025,
          "num_basis_fns": 1372,
          "num_iters": 17,
          "schema_version": "0.2.0"
        }
      ]
    ],
    "num_iters": 17,
    "ri_fock_time": 3.1965770790000003,
    "ri_tflops": 0.13494657152923917,
    "scf_tflops": 0.041547896118155764,
    "scf_time": 29.205386509,
    "schema_version": "0.2.0",
    "tflops": 0.41793429859504594,
    "total_time": 29.411999,
    "transforms_time": 0.21868701000000015,
    "xc_tflops": 0.0,
    "xc_time": 18.98968029
  },
  "schema_version": "0.2.0"
}
