{
  "calculation_time": 41.423368171,
  "qmmbe": {
    "b_formation_time": 3.02935084,
    "b_tflops": 4.834553626238947,
    "diag_time": 7.8586131639999985,
    "expanded_elec_energy": -5913.889215201731,
    "expanded_hf_energy": -1691.7838187677369,
    "expanded_nuc_repulsion_energy": 4470.6856369160205,
    "expanded_xc_energy": -248.58024048202674,
    "homo": -0.1772221661636777,
    "lumo": -0.10663859361448023,
    "method": "RestrictedKSDFT",
    "mp2_tflops": 0.0,
    "mp2_time": 6.9533558049623e-310,
    "n_atoms": 68,
    "nmers": [
      [
        {
          "fragments": [
            0
          ],
          "hf_energy": -1691.7838187677369,
          "num_basis_fns": 1508,
          "num_iters": 17,
          "schema_version": "0.2.0"
        }
      ]
    ],
    "num_iters": 17,
    "ri_fock_time": 5.022107075,
    "ri_tflops": 0.1140503456525765,
    "scf_tflops": 0.03875503757716282,
    "scf_time": 41.195667033,
    "schema_version": "0.2.0",
    "tflops": 0.3887674718193393,
    "total_time": 41.418639,
    "transforms_time": 0.5908177729999998,
    "xc_tflops": 0.0,
    "xc_time": 26.270201703000005
  },
  "schema_version": "0.2.0"
}
