{
  "calculation_time": 38.391126182,
  "qmmbe": {
    "b_formation_time": 2.896294377,
    "b_tflops": 4.600352790252302,
    "diag_time": 8.284862919,
    "expanded_elec_energy": -5680.60263818657,
    "expanded_hf_energy": -1691.7968863469969,
    "expanded_nuc_repulsion_energy": 4237.373120222671,
    "expanded_xc_energy": -248.56736838309746,
    "homo": -0.17550159432137033,
    "lumo": -0.10905856300669423,
    "method": "RestrictedKSDFT",
    "mp2_tflops": 0.0,
    "mp2_time": 6.9533558049797e-310,
    "n_atoms": 68,
    "nmers": [
      [
        {
          "fragments": [
            0
          ],
          "hf_energy": -1691.7968863469969,
          "num_basis_fns": 1508,
          "num_iters": 17,
          "schema_version": "0.2.0"
        }
      ]
    ],
    "num_iters": 17,
    "ri_fock_time": 3.570211835,
    "ri_tflops": 0.16043111005148522,
    "scf_tflops": 0.042000105191616496,
    "scf_time": 38.170432789,
    "schema_version": "0.2.0",
    "tflops": 0.38504876727841897,
    "total_time": 38.386403,
    "transforms_time": 0.346203669,
    "xc_tflops": 0.0,
    "xc_time": 22.989172537999995
  },
  "schema_version": "0.2.0"
}
