{
  "calculation_time": 34.645192701,
  "qmmbe": {
    "b_formation_time": 1.967606856,
    "b_tflops": 3.9602580670109235,
    "diag_time": 6.249213327999999,
    "expanded_elec_energy": -4557.409203063462,
    "expanded_hf_energy": -1383.2284441301038,
    "expanded_nuc_repulsion_energy": 3376.978547627992,
    "expanded_xc_energy": -202.7977886946339,
    "homo": -0.16520234069136736,
    "lumo": -0.11955429249086465,
    "method": "RestrictedKSDFT",
    "mp2_tflops": 0.0,
    "mp2_time": 6.9533558049623e-310,
    "n_atoms": 54,
    "nmers": [
      [
        {
          "fragments": [
            0
          ],
          "hf_energy": -1383.2284441301038,
          "num_basis_fns": 1224,
          "num_iters": 19,
          "schema_version": "0.2.0"
        }
      ]
    ],
    "num_iters": 19,
    "ri_fock_time": 3.4911365850000005,
    "ri_tflops": 0.09803893028035165,
    "scf_tflops": 0.027271760351287255,
    "scf_time": 34.474204365,
    "schema_version": "0.2.0",
    "tflops": 0.2501576982392691,
    "total_time": 34.641356,
    "transforms_time": 0.14877756700000005,
    "xc_tflops": 0.0,
    "xc_time": 23.765521641
  },
  "schema_version": "0.2.0"
}
