{
  "calculation_time": 44.26443198,
  "qmmbe": {
    "b_formation_time": 3.10446395,
    "b_tflops": 4.860262787347877,
    "diag_time": 8.349703522,
    "expanded_elec_energy": -5985.176509546828,
    "expanded_hf_energy": -1691.7705347217686,
    "expanded_nuc_repulsion_energy": 4541.991246868696,
    "expanded_xc_energy": -248.58527204363673,
    "homo": -0.1768319015323875,
    "lumo": -0.10761476123416602,
    "method": "RestrictedKSDFT",
    "mp2_tflops": 0.0,
    "mp2_time": 6.9533558049623e-310,
    "n_atoms": 68,
    "nmers": [
      [
        {
          "fragments": [
            0
          ],
          "hf_energy": -1691.7705347217686,
          "num_basis_fns": 1508,
          "num_iters": 18,
          "schema_version": "0.2.0"
        }
      ]
    ],
    "num_iters": 18,
    "ri_fock_time": 5.4155938390000005,
    "ri_tflops": 0.111985056128948,
    "scf_tflops": 0.03822159496585044,
    "scf_time": 44.034970917,
    "schema_version": "0.2.0",
    "tflops": 0.3757584150738994,
    "total_time": 44.259819,
    "transforms_time": 0.266339239,
    "xc_tflops": 0.0,
    "xc_time": 28.193002910999994
  },
  "schema_version": "0.2.0"
}
