{
  "calculation_time": 37.549160963,
  "qmmbe": {
    "b_formation_time": 2.663176744,
    "b_tflops": 5.0825998306810085,
    "diag_time": 8.918039494999999,
    "expanded_elec_energy": -5718.8764432047665,
    "expanded_hf_energy": -1691.8015310203468,
    "expanded_nuc_repulsion_energy": 4275.648008926715,
    "expanded_xc_energy": -248.57309674229566,
    "homo": -0.17183857125212573,
    "lumo": -0.11580150935469459,
    "method": "RestrictedKSDFT",
    "mp2_tflops": 0.0,
    "mp2_time": 6.9533558049797e-310,
    "n_atoms": 68,
    "nmers": [
      [
        {
          "fragments": [
            0
          ],
          "hf_energy": -1691.8015310203468,
          "num_basis_fns": 1508,
          "num_iters": 17,
          "schema_version": "0.2.0"
        }
      ]
    ],
    "num_iters": 17,
    "ri_fock_time": 3.151324178,
    "ri_tflops": 0.181756307969405,
    "scf_tflops": 0.042562514257436394,
    "scf_time": 37.343806766,
    "schema_version": "0.2.0",
    "tflops": 0.39931550330993937,
    "total_time": 37.544671,
    "transforms_time": 0.17620674500000003,
    "xc_tflops": 0.0,
    "xc_time": 22.077431743000002
  },
  "schema_version": "0.2.0"
}
