{
  "calculation_time": 25.723021247,
  "qmmbe": {
    "b_formation_time": 1.705282771,
    "b_tflops": 4.499631889350743,
    "diag_time": 4.033209041000001,
    "expanded_elec_energy": -4506.2729026566285,
    "expanded_hf_energy": -1384.4185941975654,
    "expanded_nuc_repulsion_energy": 3325.3693037271323,
    "expanded_xc_energy": -203.5149952680693,
    "homo": -0.18285727729819648,
    "lumo": -0.10071231563071795,
    "method": "RestrictedKSDFT",
    "mp2_tflops": 0.0,
    "mp2_time": 6.9533558049623e-310,
    "n_atoms": 56,
    "nmers": [
      [
        {
          "fragments": [
            0
          ],
          "hf_energy": -1384.4185941975654,
          "num_basis_fns": 1236,
          "num_iters": 17,
          "schema_version": "0.2.0"
        }
      ]
    ],
    "num_iters": 17,
    "ri_fock_time": 2.0197066570000004,
    "ri_tflops": 0.15615623324055813,
    "scf_tflops": 0.034326230054972866,
    "scf_time": 25.557762942,
    "schema_version": "0.2.0",
    "tflops": 0.32962347250946655,
    "total_time": 25.719203,
    "transforms_time": 0.28228268900000003,
    "xc_tflops": 0.0,
    "xc_time": 17.260418338999997
  },
  "schema_version": "0.2.0"
}
