{
  "calculation_time": 33.194730723,
  "qmmbe": {
    "b_formation_time": 2.363584162,
    "b_tflops": 4.960092711501254,
    "diag_time": 5.716012059,
    "expanded_elec_energy": -5359.625622848875,
    "expanded_hf_energy": -1538.07320804705,
    "expanded_nuc_repulsion_energy": 4047.5969093541694,
    "expanded_xc_energy": -226.04449455234476,
    "homo": -0.1690069544584172,
    "lumo": -0.11268301416408436,
    "method": "RestrictedKSDFT",
    "mp2_tflops": 0.0,
    "mp2_time": 6.95335580495915e-310,
    "n_atoms": 62,
    "nmers": [
      [
        {
          "fragments": [
            0
          ],
          "hf_energy": -1538.07320804705,
          "num_basis_fns": 1372,
          "num_iters": 18,
          "schema_version": "0.2.0"
        }
      ]
    ],
    "num_iters": 18,
    "ri_fock_time": 3.7810767379999994,
    "ri_tflops": 0.12079671622893152,
    "scf_tflops": 0.03860516471787112,
    "scf_time": 32.973896411,
    "schema_version": "0.2.0",
    "tflops": 0.3882697925584516,
    "total_time": 33.190462,
    "transforms_time": 0.09796625700000001,
    "xc_tflops": 0.0,
    "xc_time": 21.365531967
  },
  "schema_version": "0.2.0"
}
