{
  "calculation_time": 33.656016715,
  "qmmbe": {
    "b_formation_time": 2.743242917,
    "b_tflops": 4.342242446608676,
    "diag_time": 5.306741049000001,
    "expanded_elec_energy": -5393.470253239901,
    "expanded_hf_energy": -1538.081885966767,
    "expanded_nuc_repulsion_energy": 4081.445798231254,
    "expanded_xc_energy": -226.05743095812016,
    "homo": -0.18027763976119465,
    "lumo": -0.10045063294175058,
    "method": "RestrictedKSDFT",
    "mp2_tflops": 0.0,
    "mp2_time": 6.9533558049718e-310,
    "n_atoms": 62,
    "nmers": [
      [
        {
          "fragments": [
            0
          ],
          "hf_energy": -1538.081885966767,
          "num_basis_fns": 1372,
          "num_iters": 17,
          "schema_version": "0.2.0"
        }
      ]
    ],
    "num_iters": 17,
    "ri_fock_time": 3.6983267619999993,
    "ri_tflops": 0.11663845441464539,
    "scf_tflops": 0.036517238590201735,
    "scf_time": 33.441266635,
    "schema_version": "0.2.0",
    "tflops": 0.3866168141863989,
    "total_time": 33.651816,
    "transforms_time": 0.09539643300000002,
    "xc_tflops": 0.0,
    "xc_time": 22.092791575
  },
  "schema_version": "0.2.0"
}
