{
  "calculation_time": 35.139270556,
  "qmmbe": {
    "b_formation_time": 2.688793633,
    "b_tflops": 5.73213961546747,
    "diag_time": 5.982392216000002,
    "expanded_elec_energy": -6045.587424763466,
    "expanded_hf_energy": -1691.7756831790616,
    "expanded_nuc_repulsion_energy": 4602.39448701805,
    "expanded_xc_energy": -248.58274543364624,
    "homo": -0.1756760592583518,
    "lumo": -0.10656259938228971,
    "method": "RestrictedKSDFT",
    "mp2_tflops": 0.0,
    "mp2_time": 6.9533558049702e-310,
    "n_atoms": 68,
    "nmers": [
      [
        {
          "fragments": [
            0
          ],
          "hf_energy": -1691.7756831790616,
          "num_basis_fns": 1508,
          "num_iters": 17,
          "schema_version": "0.2.0"
        }
      ]
    ],
    "num_iters": 17,
    "ri_fock_time": 3.7901865720000005,
    "ri_tflops": 0.15112001399597588,
    "scf_tflops": 0.04604274782782245,
    "scf_time": 34.894294922,
    "schema_version": "0.2.0",
    "tflops": 0.4801278796914342,
    "total_time": 35.134808,
    "transforms_time": 0.181182943,
    "xc_tflops": 0.0,
    "xc_time": 22.04468984
  },
  "schema_version": "0.2.0"
}
