{
  "calculation_time": 36.609608878,
  "qmmbe": {
    "b_formation_time": 2.727187774,
    "b_tflops": 5.712714604013182,
    "diag_time": 7.799954977999999,
    "expanded_elec_energy": -6070.783703436055,
    "expanded_hf_energy": -1691.768728349396,
    "expanded_nuc_repulsion_energy": 4627.599760852004,
    "expanded_xc_energy": -248.58478576534537,
    "homo": -0.17927836787624263,
    "lumo": -0.10453351624457981,
    "method": "RestrictedKSDFT",
    "mp2_tflops": 0.0,
    "mp2_time": 6.953355804986e-310,
    "n_atoms": 68,
    "nmers": [
      [
        {
          "fragments": [
            0
          ],
          "hf_energy": -1691.768728349396,
          "num_basis_fns": 1508,
          "num_iters": 17,
          "schema_version": "0.2.0"
        }
      ]
    ],
    "num_iters": 17,
    "ri_fock_time": 3.9582329760000006,
    "ri_tflops": 0.14470422819498027,
    "scf_tflops": 0.04375567045169949,
    "scf_time": 36.376693734,
    "schema_version": "0.2.0",
    "tflops": 0.46539826917066646,
    "total_time": 36.605135,
    "transforms_time": 0.094810661,
    "xc_tflops": 0.0,
    "xc_time": 22.548057504
  },
  "schema_version": "0.2.0"
}
