{
  "calculation_time": 42.031179015,
  "qmmbe": {
    "b_formation_time": 2.931756007,
    "b_tflops": 4.85440809928355,
    "diag_time": 9.492113415999999,
    "expanded_elec_energy": -5853.497072290951,
    "expanded_hf_energy": -1691.7902089408333,
    "expanded_nuc_repulsion_energy": 4410.288029432409,
    "expanded_xc_energy": -248.58116608229088,
    "homo": -0.18484376249094028,
    "lumo": -0.09925193932794757,
    "method": "RestrictedKSDFT",
    "mp2_tflops": 0.0,
    "mp2_time": 6.953355804986e-310,
    "n_atoms": 68,
    "nmers": [
      [
        {
          "fragments": [
            0
          ],
          "hf_energy": -1691.7902089408333,
          "num_basis_fns": 1508,
          "num_iters": 17,
          "schema_version": "0.2.0"
        }
      ]
    ],
    "num_iters": 17,
    "ri_fock_time": 5.306568121,
    "ri_tflops": 0.10793662396254387,
    "scf_tflops": 0.03793667502951976,
    "scf_time": 41.818371589,
    "schema_version": "0.2.0",
    "tflops": 0.373299542670556,
    "total_time": 42.026472,
    "transforms_time": 0.34056212700000005,
    "xc_tflops": 0.0,
    "xc_time": 25.944340495
  },
  "schema_version": "0.2.0"
}
