{
  "calculation_time": 35.590544813,
  "qmmbe": {
    "b_formation_time": 4.085221272,
    "b_tflops": 2.7593643833244,
    "diag_time": 5.952885059,
    "expanded_elec_energy": -5279.853579491659,
    "expanded_hf_energy": -1538.0872743447721,
    "expanded_nuc_repulsion_energy": 3967.819001830339,
    "expanded_xc_energy": -226.0526966834522,
    "homo": -0.1809597753623674,
    "lumo": -0.10248559568909911,
    "method": "RestrictedKSDFT",
    "mp2_tflops": 0.0,
    "mp2_time": 6.9533558049718e-310,
    "n_atoms": 62,
    "nmers": [
      [
        {
          "fragments": [
            0
          ],
          "hf_energy": -1538.0872743447721,
          "num_basis_fns": 1372,
          "num_iters": 17,
          "schema_version": "0.2.0"
        }
      ]
    ],
    "num_iters": 17,
    "ri_fock_time": 3.4961378720000003,
    "ri_tflops": 0.12338389767026899,
    "scf_tflops": 0.038215013658532644,
    "scf_time": 33.70992449,
    "schema_version": "0.2.0",
    "tflops": 0.35860034310578204,
    "total_time": 33.92583,
    "transforms_time": 0.5044509930000001,
    "xc_tflops": 0.0,
    "xc_time": 20.107258608000002
  },
  "schema_version": "0.2.0"
}
