{
  "calculation_time": 38.367712376,
  "qmmbe": {
    "b_formation_time": 2.846088687,
    "b_tflops": 4.9794794964686915,
    "diag_time": 6.9456999370000005,
    "expanded_elec_energy": -5855.125342601909,
    "expanded_hf_energy": -1691.7903898967434,
    "expanded_nuc_repulsion_energy": 4411.906728621424,
    "expanded_xc_energy": -248.57177591625793,
    "homo": -0.1729615733335204,
    "lumo": -0.11344463179750704,
    "method": "RestrictedKSDFT",
    "mp2_tflops": 0.0,
    "mp2_time": 6.9533558049797e-310,
    "n_atoms": 68,
    "nmers": [
      [
        {
          "fragments": [
            0
          ],
          "hf_energy": -1691.7903898967434,
          "num_basis_fns": 1508,
          "num_iters": 17,
          "schema_version": "0.2.0"
        }
      ]
    ],
    "num_iters": 17,
    "ri_fock_time": 4.590232532999999,
    "ri_tflops": 0.12478083489022235,
    "scf_tflops": 0.041915709868172966,
    "scf_time": 38.144268472,
    "schema_version": "0.2.0",
    "tflops": 0.40738686412699726,
    "total_time": 38.363291,
    "transforms_time": 0.2582541870000001,
    "xc_tflops": 0.0,
    "xc_time": 24.612446956000003
  },
  "schema_version": "0.2.0"
}
