{
  "calculation_time": 29.188868662,
  "qmmbe": {
    "b_formation_time": 2.109634379,
    "b_tflops": 5.303755088833808,
    "diag_time": 5.166719065,
    "expanded_elec_energy": -5296.483852677604,
    "expanded_hf_energy": -1536.9293162385497,
    "expanded_nuc_repulsion_energy": 3984.901099699693,
    "expanded_xc_energy": -225.34656326063896,
    "homo": -0.17407429694221646,
    "lumo": -0.11001269547178058,
    "method": "RestrictedKSDFT",
    "mp2_tflops": 0.0,
    "mp2_time": 6.9533558049623e-310,
    "n_atoms": 60,
    "nmers": [
      [
        {
          "fragments": [
            0
          ],
          "hf_energy": -1536.9293162385497,
          "num_basis_fns": 1360,
          "num_iters": 17,
          "schema_version": "0.2.0"
        }
      ]
    ],
    "num_iters": 17,
    "ri_fock_time": 3.1057951720000005,
    "ri_tflops": 0.1352571978304305,
    "scf_tflops": 0.04046049177152507,
    "scf_time": 28.994406756,
    "schema_version": "0.2.0",
    "tflops": 0.4200545925857828,
    "total_time": 29.184635,
    "transforms_time": 0.13035425599999997,
    "xc_tflops": 0.0,
    "xc_time": 18.765880955999997
  },
  "schema_version": "0.2.0"
}
