{
  "calculation_time": 44.200224591,
  "qmmbe": {
    "b_formation_time": 3.181923631,
    "b_tflops": 5.016095006134356,
    "diag_time": 8.793965258,
    "expanded_elec_energy": -6107.185373708857,
    "expanded_hf_energy": -1691.7888860873973,
    "expanded_nuc_repulsion_energy": 4663.9845788299235,
    "expanded_xc_energy": -248.588091208464,
    "homo": -0.18235776448786825,
    "lumo": -0.10140754035134354,
    "method": "RestrictedKSDFT",
    "mp2_tflops": 0.0,
    "mp2_time": 6.9533558049797e-310,
    "n_atoms": 68,
    "nmers": [
      [
        {
          "fragments": [
            0
          ],
          "hf_energy": -1691.7888860873973,
          "num_basis_fns": 1508,
          "num_iters": 17,
          "schema_version": "0.2.0"
        }
      ]
    ],
    "num_iters": 17,
    "ri_fock_time": 5.023206025000001,
    "ri_tflops": 0.11402539433130256,
    "scf_tflops": 0.03633777970284431,
    "scf_time": 43.947624172,
    "schema_version": "0.2.0",
    "tflops": 0.3941002645003355,
    "total_time": 44.195587,
    "transforms_time": 0.18002848899999999,
    "xc_tflops": 0.0,
    "xc_time": 27.778378538000005
  },
  "schema_version": "0.2.0"
}
