{
  "calculation_time": 21.15609641,
  "qmmbe": {
    "b_formation_time": 1.793477439,
    "b_tflops": 4.200634024283369,
    "diag_time": 3.97433521,
    "expanded_elec_energy": -4473.132891111936,
    "expanded_hf_energy": -1384.404445887641,
    "expanded_nuc_repulsion_energy": 3292.2372450556563,
    "expanded_xc_energy": -203.50879983136116,
    "homo": -0.17142521712614053,
    "lumo": -0.1136471978924046,
    "method": "RestrictedKSDFT",
    "mp2_tflops": 0.0,
    "mp2_time": 6.9533558049623e-310,
    "n_atoms": 56,
    "nmers": [
      [
        {
          "fragments": [
            0
          ],
          "hf_energy": -1384.404445887641,
          "num_basis_fns": 1236,
          "num_iters": 17,
          "schema_version": "0.2.0"
        }
      ]
    ],
    "num_iters": 17,
    "ri_fock_time": 1.6830387550000003,
    "ri_tflops": 0.1873930608377464,
    "scf_tflops": 0.04256117072192653,
    "scf_time": 20.976378352,
    "schema_version": "0.2.0",
    "tflops": 0.39420329984524033,
    "total_time": 21.152159,
    "transforms_time": 0.092694351,
    "xc_tflops": 0.0,
    "xc_time": 13.098801489
  },
  "schema_version": "0.2.0"
}
