{
  "calculation_time": 46.985383661,
  "qmmbe": {
    "b_formation_time": 3.068818447,
    "b_tflops": 5.887509508318594,
    "diag_time": 8.365878634,
    "expanded_elec_energy": -6398.062584047424,
    "expanded_hf_energy": -1691.7659395892033,
    "expanded_nuc_repulsion_energy": 4954.894636003552,
    "expanded_xc_energy": -248.59799154533096,
    "homo": -0.1769450041993288,
    "lumo": -0.10429212415044065,
    "method": "RestrictedKSDFT",
    "mp2_tflops": 0.0,
    "mp2_time": 6.953355804986e-310,
    "n_atoms": 68,
    "nmers": [
      [
        {
          "fragments": [
            0
          ],
          "hf_energy": -1691.7659395892033,
          "num_basis_fns": 1508,
          "num_iters": 19,
          "schema_version": "0.2.0"
        }
      ]
    ],
    "num_iters": 19,
    "ri_fock_time": 5.540878823,
    "ri_tflops": 0.11553367844803344,
    "scf_tflops": 0.03792383074288507,
    "scf_time": 46.687127089,
    "schema_version": "0.2.0",
    "tflops": 0.4192363787767859,
    "total_time": 46.980695,
    "transforms_time": 0.15662152099999999,
    "xc_tflops": 0.0,
    "xc_time": 30.835160574999996
  },
  "schema_version": "0.2.0"
}
