{
  "calculation_time": 37.357445275,
  "qmmbe": {
    "b_formation_time": 2.631078404,
    "b_tflops": 4.577973967524534,
    "diag_time": 7.616998836999999,
    "expanded_elec_energy": -5452.896607381671,
    "expanded_hf_energy": -1614.3717691986385,
    "expanded_nuc_repulsion_energy": 4075.487177013687,
    "expanded_xc_energy": -236.96233883065457,
    "homo": -0.18041786997897938,
    "lumo": -0.10589393211633091,
    "method": "RestrictedKSDFT",
    "mp2_tflops": 0.0,
    "mp2_time": 6.95335580495915e-310,
    "n_atoms": 64,
    "nmers": [
      [
        {
          "fragments": [
            0
          ],
          "hf_energy": -1614.3717691986385,
          "num_basis_fns": 1434,
          "num_iters": 17,
          "schema_version": "0.2.0"
        }
      ]
    ],
    "num_iters": 17,
    "ri_fock_time": 4.0426438309999995,
    "ri_tflops": 0.12182350391579676,
    "scf_tflops": 0.03697209138888157,
    "scf_time": 37.13835985,
    "schema_version": "0.2.0",
    "tflops": 0.35602088787942454,
    "total_time": 37.353148,
    "transforms_time": 0.22039068899999997,
    "xc_tflops": 0.0,
    "xc_time": 23.153874024
  },
  "schema_version": "0.2.0"
}
