{
  "calculation_time": 30.617148882,
  "qmmbe": {
    "b_formation_time": 2.267154042,
    "b_tflops": 4.777965662202675,
    "diag_time": 5.519596313,
    "expanded_elec_energy": -5236.944905092629,
    "expanded_hf_energy": -1536.9312510933264,
    "expanded_nuc_repulsion_energy": 3925.3580812119108,
    "expanded_xc_energy": -225.34442721260848,
    "homo": -0.17117481386814962,
    "lumo": -0.11237746928075158,
    "method": "RestrictedKSDFT",
    "mp2_tflops": 0.0,
    "mp2_time": 6.9533558049718e-310,
    "n_atoms": 60,
    "nmers": [
      [
        {
          "fragments": [
            0
          ],
          "hf_energy": -1536.9312510933264,
          "num_basis_fns": 1360,
          "num_iters": 17,
          "schema_version": "0.2.0"
        }
      ]
    ],
    "num_iters": 17,
    "ri_fock_time": 3.250009617,
    "ri_tflops": 0.12925535660038018,
    "scf_tflops": 0.038727118096051935,
    "scf_time": 30.41314825,
    "schema_version": "0.2.0",
    "tflops": 0.38880624491273885,
    "total_time": 30.613039,
    "transforms_time": 0.172111805,
    "xc_tflops": 0.0,
    "xc_time": 19.379647195
  },
  "schema_version": "0.2.0"
}
