{
  "calculation_time": 33.909100431,
  "qmmbe": {
    "b_formation_time": 2.853603543,
    "b_tflops": 5.6474421978274085,
    "diag_time": 6.878498799,
    "expanded_elec_energy": -6137.895200110081,
    "expanded_hf_energy": -1691.7674389580923,
    "expanded_nuc_repulsion_energy": 4694.715607993753,
    "expanded_xc_energy": -248.58784684176482,
    "homo": -0.17145103644126225,
    "lumo": -0.1128143571962198,
    "method": "RestrictedKSDFT",
    "mp2_tflops": 0.0,
    "mp2_time": 6.9533558049702e-310,
    "n_atoms": 68,
    "nmers": [
      [
        {
          "fragments": [
            0
          ],
          "hf_energy": -1691.7674389580923,
          "num_basis_fns": 1508,
          "num_iters": 17,
          "schema_version": "0.2.0"
        }
      ]
    ],
    "num_iters": 17,
    "ri_fock_time": 3.62283225,
    "ri_tflops": 0.15810090235560864,
    "scf_tflops": 0.048172944199972076,
    "scf_time": 33.657587964,
    "schema_version": "0.2.0",
    "tflops": 0.5182863233317595,
    "total_time": 33.904468,
    "transforms_time": 0.17378434099999993,
    "xc_tflops": 0.0,
    "xc_time": 20.542774231
  },
  "schema_version": "0.2.0"
}
