{
  "calculation_time": 46.22323186,
  "qmmbe": {
    "b_formation_time": 3.063065064,
    "b_tflops": 6.052315878861136,
    "diag_time": 7.693517930000001,
    "expanded_elec_energy": -6479.012717567823,
    "expanded_hf_energy": -1691.7577935568042,
    "expanded_nuc_repulsion_energy": 5035.865167119889,
    "expanded_xc_energy": -248.61024310887018,
    "homo": -0.17174878141551742,
    "lumo": -0.10807405704734208,
    "method": "RestrictedKSDFT",
    "mp2_tflops": 0.0,
    "mp2_time": 6.9533558049702e-310,
    "n_atoms": 68,
    "nmers": [
      [
        {
          "fragments": [
            0
          ],
          "hf_energy": -1691.7577935568042,
          "num_basis_fns": 1508,
          "num_iters": 19,
          "schema_version": "0.2.0"
        }
      ]
    ],
    "num_iters": 19,
    "ri_fock_time": 5.555176963999999,
    "ri_tflops": 0.11523631315518972,
    "scf_tflops": 0.03852871508094008,
    "scf_time": 45.948212749,
    "schema_version": "0.2.0",
    "tflops": 0.4363379567128458,
    "total_time": 46.218658,
    "transforms_time": 0.19513219999999995,
    "xc_tflops": 0.0,
    "xc_time": 30.76596669
  },
  "schema_version": "0.2.0"
}
