{
  "calculation_time": 41.190079357,
  "qmmbe": {
    "b_formation_time": 4.501730896,
    "b_tflops": 2.858609562386423,
    "diag_time": 7.867714755000001,
    "expanded_elec_energy": -5607.155386303259,
    "expanded_hf_energy": -1614.3468348978035,
    "expanded_nuc_repulsion_energy": 4229.772644997561,
    "expanded_xc_energy": -236.96409359210557,
    "homo": -0.16720756881675258,
    "lumo": -0.11735555884228187,
    "method": "RestrictedKSDFT",
    "mp2_tflops": 0.0,
    "mp2_time": 6.95335580495915e-310,
    "n_atoms": 64,
    "nmers": [
      [
        {
          "fragments": [
            0
          ],
          "hf_energy": -1614.3468348978035,
          "num_basis_fns": 1434,
          "num_iters": 19,
          "schema_version": "0.2.0"
        }
      ]
    ],
    "num_iters": 19,
    "ri_fock_time": 3.7006897440000004,
    "ri_tflops": 0.14873684672551138,
    "scf_tflops": 0.04134463639808116,
    "scf_time": 39.258795675,
    "schema_version": "0.2.0",
    "tflops": 0.35636847309067454,
    "total_time": 39.521,
    "transforms_time": 0.4681645659999997,
    "xc_tflops": 0.0,
    "xc_time": 22.928196551
  },
  "schema_version": "0.2.0"
}
