{
  "calculation_time": 32.591739688,
  "qmmbe": {
    "b_formation_time": 2.572956165,
    "b_tflops": 5.059980397909345,
    "diag_time": 6.074471099,
    "expanded_elec_energy": -5642.186349623453,
    "expanded_hf_energy": -1614.366212155843,
    "expanded_nuc_repulsion_energy": 4264.791556323583,
    "expanded_xc_energy": -236.97141885597313,
    "homo": -0.17632472025890905,
    "lumo": -0.10746577308331436,
    "method": "RestrictedKSDFT",
    "mp2_tflops": 0.0,
    "mp2_time": 6.95335580495915e-310,
    "n_atoms": 64,
    "nmers": [
      [
        {
          "fragments": [
            0
          ],
          "hf_energy": -1614.366212155843,
          "num_basis_fns": 1434,
          "num_iters": 17,
          "schema_version": "0.2.0"
        }
      ]
    ],
    "num_iters": 17,
    "ri_fock_time": 2.693994224,
    "ri_tflops": 0.182809982363199,
    "scf_tflops": 0.04292583174457135,
    "scf_time": 32.373299574,
    "schema_version": "0.2.0",
    "tflops": 0.4379779307761225,
    "total_time": 32.587488,
    "transforms_time": 0.09169313400000001,
    "xc_tflops": 0.0,
    "xc_time": 20.229611894999998
  },
  "schema_version": "0.2.0"
}
