{
  "calculation_time": 37.829994629,
  "qmmbe": {
    "b_formation_time": 4.575483244,
    "b_tflops": 2.9902319241608835,
    "diag_time": 7.492748233,
    "expanded_elec_energy": -5741.74468384481,
    "expanded_hf_energy": -1691.8090857036807,
    "expanded_nuc_repulsion_energy": 4298.516341026269,
    "expanded_xc_energy": -248.58074288513973,
    "homo": -0.181429537589741,
    "lumo": -0.10277245985511131,
    "method": "RestrictedKSDFT",
    "mp2_tflops": 0.0,
    "mp2_time": 6.9533558049623e-310,
    "n_atoms": 68,
    "nmers": [
      [
        {
          "fragments": [
            0
          ],
          "hf_energy": -1691.8090857036807,
          "num_basis_fns": 1508,
          "num_iters": 17,
          "schema_version": "0.2.0"
        }
      ]
    ],
    "num_iters": 17,
    "ri_fock_time": 3.134738265,
    "ri_tflops": 0.18271798133934475,
    "scf_tflops": 0.04782090715824449,
    "scf_time": 35.880576463,
    "schema_version": "0.2.0",
    "tflops": 0.41204192563154696,
    "total_time": 36.149353,
    "transforms_time": 0.42276278700000003,
    "xc_tflops": 0.0,
    "xc_time": 20.274231520999997
  },
  "schema_version": "0.2.0"
}
