{
  "calculation_time": 34.71702688,
  "qmmbe": {
    "b_formation_time": 2.772709111,
    "b_tflops": 5.153834486791211,
    "diag_time": 6.719734261,
    "expanded_elec_energy": -5872.355925819014,
    "expanded_hf_energy": -1691.8008491820212,
    "expanded_nuc_repulsion_energy": 4429.138699292689,
    "expanded_xc_energy": -248.583622655696,
    "homo": -0.1776468062903688,
    "lumo": -0.10578875086913225,
    "method": "RestrictedKSDFT",
    "mp2_tflops": 0.0,
    "mp2_time": 6.9533558049797e-310,
    "n_atoms": 68,
    "nmers": [
      [
        {
          "fragments": [
            0
          ],
          "hf_energy": -1691.8008491820212,
          "num_basis_fns": 1508,
          "num_iters": 17,
          "schema_version": "0.2.0"
        }
      ]
    ],
    "num_iters": 17,
    "ri_fock_time": 3.498702122,
    "ri_tflops": 0.16371014960272745,
    "scf_tflops": 0.046745080231365706,
    "scf_time": 34.491945029,
    "schema_version": "0.2.0",
    "tflops": 0.4536352867874281,
    "total_time": 34.712345,
    "transforms_time": 0.268808091,
    "xc_tflops": 0.0,
    "xc_time": 21.304150206
  },
  "schema_version": "0.2.0"
}
