{
  "calculation_time": 40.049423002,
  "qmmbe": {
    "b_formation_time": 2.951416252,
    "b_tflops": 5.15057994883739,
    "diag_time": 7.486820593000001,
    "expanded_elec_energy": -5998.634849967013,
    "expanded_hf_energy": -1691.767549597172,
    "expanded_nuc_repulsion_energy": 4555.44990956055,
    "expanded_xc_energy": -248.58260919070875,
    "homo": -0.18008476339060928,
    "lumo": -0.10369249619216576,
    "method": "RestrictedKSDFT",
    "mp2_tflops": 0.0,
    "mp2_time": 6.9533558049623e-310,
    "n_atoms": 68,
    "nmers": [
      [
        {
          "fragments": [
            0
          ],
          "hf_energy": -1691.767549597172,
          "num_basis_fns": 1508,
          "num_iters": 18,
          "schema_version": "0.2.0"
        }
      ]
    ],
    "num_iters": 18,
    "ri_fock_time": 4.864550412000001,
    "ri_tflops": 0.1246704276177208,
    "scf_tflops": 0.042605247338818465,
    "scf_time": 39.817922781,
    "schema_version": "0.2.0",
    "tflops": 0.41812974541795744,
    "total_time": 40.044972,
    "transforms_time": 0.26343497000000005,
    "xc_tflops": 0.0,
    "xc_time": 25.352591777999997
  },
  "schema_version": "0.2.0"
}
