{
  "calculation_time": 35.94228417,
  "qmmbe": {
    "b_formation_time": 2.441193518,
    "b_tflops": 4.369517185468784,
    "diag_time": 5.548516228,
    "expanded_elec_energy": -5185.283153143794,
    "expanded_hf_energy": -1538.1125299312998,
    "expanded_nuc_repulsion_energy": 3873.2229269851364,
    "expanded_xc_energy": -226.05230377264198,
    "homo": -0.17592980648006218,
    "lumo": -0.10833204617177994,
    "method": "RestrictedKSDFT",
    "mp2_tflops": 0.0,
    "mp2_time": 6.95335580495915e-310,
    "n_atoms": 62,
    "nmers": [
      [
        {
          "fragments": [
            0
          ],
          "hf_energy": -1538.1125299312998,
          "num_basis_fns": 1372,
          "num_iters": 17,
          "schema_version": "0.2.0"
        }
      ]
    ],
    "num_iters": 17,
    "ri_fock_time": 3.7179142789999995,
    "ri_tflops": 0.11602395458026106,
    "scf_tflops": 0.033591799392452944,
    "scf_time": 35.730513437,
    "schema_version": "0.2.0",
    "tflops": 0.3273795912500632,
    "total_time": 35.938002,
    "transforms_time": 0.18143824300000003,
    "xc_tflops": 0.0,
    "xc_time": 23.713605961000003
  },
  "schema_version": "0.2.0"
}
