{
  "calculation_time": 33.594351452,
  "qmmbe": {
    "b_formation_time": 2.780082379,
    "b_tflops": 5.281572167029659,
    "diag_time": 6.709093290999999,
    "expanded_elec_energy": -5925.922795623181,
    "expanded_hf_energy": -1691.7847042928306,
    "expanded_nuc_repulsion_energy": 4482.729972011158,
    "expanded_xc_energy": -248.5918806808076,
    "homo": -0.18503374342601217,
    "lumo": -0.09497153093225778,
    "method": "RestrictedKSDFT",
    "mp2_tflops": 0.0,
    "mp2_time": 6.9533558049544e-310,
    "n_atoms": 68,
    "nmers": [
      [
        {
          "fragments": [
            0
          ],
          "hf_energy": -1691.7847042928306,
          "num_basis_fns": 1508,
          "num_iters": 17,
          "schema_version": "0.2.0"
        }
      ]
    ],
    "num_iters": 17,
    "ri_fock_time": 3.7541342749999993,
    "ri_tflops": 0.15257127365482953,
    "scf_tflops": 0.048251375877439835,
    "scf_time": 33.370811668,
    "schema_version": "0.2.0",
    "tflops": 0.4805007396010983,
    "total_time": 33.589682,
    "transforms_time": 0.13848235499999997,
    "xc_tflops": 0.0,
    "xc_time": 20.815751308999996
  },
  "schema_version": "0.2.0"
}
