{
  "calculation_time": 36.605711946,
  "qmmbe": {
    "b_formation_time": 2.850171553,
    "b_tflops": 5.048382193429323,
    "diag_time": 7.5364497739999985,
    "expanded_elec_energy": -5873.4426321952815,
    "expanded_hf_energy": -1691.7848723153986,
    "expanded_nuc_repulsion_energy": 4430.233025617448,
    "expanded_xc_energy": -248.5752657375653,
    "homo": -0.18211996680696385,
    "lumo": -0.10245583819724982,
    "method": "RestrictedKSDFT",
    "mp2_tflops": 0.0,
    "mp2_time": 6.953355804986e-310,
    "n_atoms": 68,
    "nmers": [
      [
        {
          "fragments": [
            0
          ],
          "hf_energy": -1691.7848723153986,
          "num_basis_fns": 1508,
          "num_iters": 17,
          "schema_version": "0.2.0"
        }
      ]
    ],
    "num_iters": 17,
    "ri_fock_time": 4.059143988,
    "ri_tflops": 0.14110685639663986,
    "scf_tflops": 0.04399279346659157,
    "scf_time": 36.399739854,
    "schema_version": "0.2.0",
    "tflops": 0.43292000620279325,
    "total_time": 36.601256,
    "transforms_time": 0.2640034140000001,
    "xc_tflops": 0.0,
    "xc_time": 22.746326897999996
  },
  "schema_version": "0.2.0"
}
