{
  "calculation_time": 33.815819617,
  "qmmbe": {
    "b_formation_time": 2.729685628,
    "b_tflops": 5.2124685343348265,
    "diag_time": 6.694173588000001,
    "expanded_elec_energy": -5840.98639496198,
    "expanded_hf_energy": -1691.7923259819695,
    "expanded_nuc_repulsion_energy": 4397.782098308959,
    "expanded_xc_energy": -248.58802932894787,
    "homo": -0.18410903260833872,
    "lumo": -0.10011905715499451,
    "method": "RestrictedKSDFT",
    "mp2_tflops": 0.0,
    "mp2_time": 6.953355804986e-310,
    "n_atoms": 68,
    "nmers": [
      [
        {
          "fragments": [
            0
          ],
          "hf_energy": -1691.7923259819695,
          "num_basis_fns": 1508,
          "num_iters": 17,
          "schema_version": "0.2.0"
        }
      ]
    ],
    "num_iters": 17,
    "ri_fock_time": 4.181294137,
    "ri_tflops": 0.13698463419245455,
    "scf_tflops": 0.04798581815539291,
    "scf_time": 33.580868478,
    "schema_version": "0.2.0",
    "tflops": 0.4639015254527474,
    "total_time": 33.811187,
    "transforms_time": 0.26593296400000005,
    "xc_tflops": 0.0,
    "xc_time": 20.677998156
  },
  "schema_version": "0.2.0"
}
