{
  "calculation_time": 34.14871595,
  "qmmbe": {
    "b_formation_time": 2.56675344,
    "b_tflops": 5.668185953954347,
    "diag_time": 6.979513437999999,
    "expanded_elec_energy": -5903.444471626284,
    "expanded_hf_energy": -1691.780444885259,
    "expanded_nuc_repulsion_energy": 4460.238789363463,
    "expanded_xc_energy": -248.574762622438,
    "homo": -0.1720938409311168,
    "lumo": -0.11301852473508986,
    "method": "RestrictedKSDFT",
    "mp2_tflops": 0.0,
    "mp2_time": 6.9533558049797e-310,
    "n_atoms": 68,
    "nmers": [
      [
        {
          "fragments": [
            0
          ],
          "hf_energy": -1691.780444885259,
          "num_basis_fns": 1508,
          "num_iters": 18,
          "schema_version": "0.2.0"
        }
      ]
    ],
    "num_iters": 18,
    "ri_fock_time": 3.7261727890000005,
    "ri_tflops": 0.16275830842368377,
    "scf_tflops": 0.04986425506391318,
    "scf_time": 33.925088214,
    "schema_version": "0.2.0",
    "tflops": 0.47127548850798867,
    "total_time": 34.144201,
    "transforms_time": 0.19014889699999996,
    "xc_tflops": 0.0,
    "xc_time": 20.976233581
  },
  "schema_version": "0.2.0"
}
