{
  "calculation_time": 19.111061326,
  "qmmbe": {
    "b_formation_time": 1.438442789,
    "b_tflops": 3.0103757387350636,
    "diag_time": 3.899598701999999,
    "expanded_elec_energy": -3584.6542897851723,
    "expanded_hf_energy": -1152.1235492512571,
    "expanded_nuc_repulsion_energy": 2601.182651783465,
    "expanded_xc_energy": -168.65191124954998,
    "homo": -0.16852552262969936,
    "lumo": -0.11531612958915645,
    "method": "RestrictedKSDFT",
    "mp2_tflops": 0.0,
    "mp2_time": 6.9533558049623e-310,
    "n_atoms": 44,
    "nmers": [
      [
        {
          "fragments": [
            0
          ],
          "hf_energy": -1152.1235492512571,
          "num_basis_fns": 1014,
          "num_iters": 16,
          "schema_version": "0.2.0"
        }
      ]
    ],
    "num_iters": 16,
    "ri_fock_time": 1.7759549479999999,
    "ri_tflops": 0.09226208961242185,
    "scf_tflops": 0.024521327413214996,
    "scf_time": 18.96411644,
    "schema_version": "0.2.0",
    "tflops": 0.2485812875252839,
    "total_time": 19.108013,
    "transforms_time": 0.15103703200000004,
    "xc_tflops": 0.0,
    "xc_time": 12.056205209
  },
  "schema_version": "0.2.0"
}
