{
  "calculation_time": 42.261886155,
  "qmmbe": {
    "b_formation_time": 3.433081704,
    "b_tflops": 4.872231831220058,
    "diag_time": 7.174770958000001,
    "expanded_elec_energy": -6217.767533021521,
    "expanded_hf_energy": -1691.7822903010308,
    "expanded_nuc_repulsion_energy": 4774.582387892357,
    "expanded_xc_energy": -248.59714517186677,
    "homo": -0.18038956787164787,
    "lumo": -0.10113411692083207,
    "method": "RestrictedKSDFT",
    "mp2_tflops": 0.0,
    "mp2_time": 6.9533558049623e-310,
    "n_atoms": 68,
    "nmers": [
      [
        {
          "fragments": [
            0
          ],
          "hf_energy": -1691.7822903010308,
          "num_basis_fns": 1508,
          "num_iters": 17,
          "schema_version": "0.2.0"
        }
      ]
    ],
    "num_iters": 17,
    "ri_fock_time": 5.611274653,
    "ri_tflops": 0.1020753898584832,
    "scf_tflops": 0.03836245280841088,
    "scf_time": 42.007704745,
    "schema_version": "0.2.0",
    "tflops": 0.4303014041720574,
    "total_time": 42.257427,
    "transforms_time": 0.09728265600000004,
    "xc_tflops": 0.0,
    "xc_time": 27.530939998999997
  },
  "schema_version": "0.2.0"
}
