{
  "calculation_time": 30.725217932,
  "qmmbe": {
    "b_formation_time": 2.402273293,
    "b_tflops": 4.750040606789529,
    "diag_time": 5.068112455,
    "expanded_elec_energy": -5310.585918872344,
    "expanded_hf_energy": -1538.0806987093033,
    "expanded_nuc_repulsion_energy": 3998.559301041628,
    "expanded_xc_energy": -226.05408087858686,
    "homo": -0.170852023208669,
    "lumo": -0.11418841201088745,
    "method": "RestrictedKSDFT",
    "mp2_tflops": 0.0,
    "mp2_time": 6.95335580495915e-310,
    "n_atoms": 62,
    "nmers": [
      [
        {
          "fragments": [
            0
          ],
          "hf_energy": -1538.0806987093033,
          "num_basis_fns": 1372,
          "num_iters": 17,
          "schema_version": "0.2.0"
        }
      ]
    ],
    "num_iters": 17,
    "ri_fock_time": 3.5774336219999996,
    "ri_tflops": 0.12058004788327559,
    "scf_tflops": 0.039723483571838206,
    "scf_time": 30.495843584,
    "schema_version": "0.2.0",
    "tflops": 0.4071950148644725,
    "total_time": 30.720975,
    "transforms_time": 0.097100288,
    "xc_tflops": 0.0,
    "xc_time": 19.827906652000003
  },
  "schema_version": "0.2.0"
}
