{
  "calculation_time": 39.672232237,
  "qmmbe": {
    "b_formation_time": 2.901676629,
    "b_tflops": 5.190907020094416,
    "diag_time": 7.707813883999999,
    "expanded_elec_energy": -5977.902235396135,
    "expanded_hf_energy": -1691.7808720168366,
    "expanded_nuc_repulsion_energy": 4534.705800982749,
    "expanded_xc_energy": -248.58443760345003,
    "homo": -0.18100343798797922,
    "lumo": -0.10453080761947336,
    "method": "RestrictedKSDFT",
    "mp2_tflops": 0.0,
    "mp2_time": 6.9533558049797e-310,
    "n_atoms": 68,
    "nmers": [
      [
        {
          "fragments": [
            0
          ],
          "hf_energy": -1691.7808720168366,
          "num_basis_fns": 1508,
          "num_iters": 17,
          "schema_version": "0.2.0"
        }
      ]
    ],
    "num_iters": 17,
    "ri_fock_time": 4.82288163,
    "ri_tflops": 0.11876158109399836,
    "scf_tflops": 0.04064401131953759,
    "scf_time": 39.459633881,
    "schema_version": "0.2.0",
    "tflops": 0.41643403659448214,
    "total_time": 39.667669,
    "transforms_time": 0.253395341,
    "xc_tflops": 0.0,
    "xc_time": 24.90284977
  },
  "schema_version": "0.2.0"
}
