{
  "calculation_time": 42.714022275,
  "qmmbe": {
    "b_formation_time": 2.996228882,
    "b_tflops": 5.930965758394955,
    "diag_time": 7.787628364,
    "expanded_elec_energy": -6372.14451224648,
    "expanded_hf_energy": -1691.7549087273176,
    "expanded_nuc_repulsion_energy": 4928.99251028099,
    "expanded_xc_energy": -248.60290676182768,
    "homo": -0.17985484794129672,
    "lumo": -0.10425522804167262,
    "method": "RestrictedKSDFT",
    "mp2_tflops": 0.0,
    "mp2_time": 6.9533558049544e-310,
    "n_atoms": 68,
    "nmers": [
      [
        {
          "fragments": [
            0
          ],
          "hf_energy": -1691.7549087273176,
          "num_basis_fns": 1508,
          "num_iters": 18,
          "schema_version": "0.2.0"
        }
      ]
    ],
    "num_iters": 18,
    "ri_fock_time": 4.704907133,
    "ri_tflops": 0.1289006483843812,
    "scf_tflops": 0.039749387289335546,
    "scf_time": 42.449943442,
    "schema_version": "0.2.0",
    "tflops": 0.4521968727587617,
    "total_time": 42.709318,
    "transforms_time": 0.13730420899999998,
    "xc_tflops": 0.0,
    "xc_time": 27.53073773
  },
  "schema_version": "0.2.0"
}
