{
  "calculation_time": 43.66842247,
  "qmmbe": {
    "b_formation_time": 3.021632259,
    "b_tflops": 5.174025560668996,
    "diag_time": 8.82298905,
    "expanded_elec_energy": -6064.70203875351,
    "expanded_hf_energy": -1691.775537365224,
    "expanded_nuc_repulsion_energy": 4621.5168940352905,
    "expanded_xc_energy": -248.59039264700402,
    "homo": -0.18053646592945793,
    "lumo": -0.10037478945201324,
    "method": "RestrictedKSDFT",
    "mp2_tflops": 0.0,
    "mp2_time": 6.9533558049544e-310,
    "n_atoms": 68,
    "nmers": [
      [
        {
          "fragments": [
            0
          ],
          "hf_energy": -1691.775537365224,
          "num_basis_fns": 1508,
          "num_iters": 17,
          "schema_version": "0.2.0"
        }
      ]
    ],
    "num_iters": 17,
    "ri_fock_time": 5.035875041000001,
    "ri_tflops": 0.11373853464288133,
    "scf_tflops": 0.0365649617524917,
    "scf_time": 43.437058367,
    "schema_version": "0.2.0",
    "tflops": 0.3914150333258794,
    "total_time": 43.663788,
    "transforms_time": 0.093825411,
    "xc_tflops": 0.0,
    "xc_time": 27.983608694
  },
  "schema_version": "0.2.0"
}
