{
  "calculation_time": 43.61215622,
  "qmmbe": {
    "b_formation_time": 3.384746208,
    "b_tflops": 4.479903799189661,
    "diag_time": 8.100535588,
    "expanded_elec_energy": -6004.065632796966,
    "expanded_hf_energy": -1691.7856537489604,
    "expanded_nuc_repulsion_energy": 4560.864666253587,
    "expanded_xc_energy": -248.58468720558056,
    "homo": -0.17680696371972332,
    "lumo": -0.107849017814508,
    "method": "RestrictedKSDFT",
    "mp2_tflops": 0.0,
    "mp2_time": 6.9533558049702e-310,
    "n_atoms": 68,
    "nmers": [
      [
        {
          "fragments": [
            0
          ],
          "hf_energy": -1691.7856537489604,
          "num_basis_fns": 1508,
          "num_iters": 17,
          "schema_version": "0.2.0"
        }
      ]
    ],
    "num_iters": 17,
    "ri_fock_time": 5.325603803,
    "ri_tflops": 0.10755081846031196,
    "scf_tflops": 0.03714307784290114,
    "scf_time": 43.363590521,
    "schema_version": "0.2.0",
    "tflops": 0.3811277844921868,
    "total_time": 43.607416,
    "transforms_time": 0.17655243999999998,
    "xc_tflops": 0.0,
    "xc_time": 27.848166806
  },
  "schema_version": "0.2.0"
}
