{
  "calculation_time": 41.008862286,
  "qmmbe": {
    "b_formation_time": 3.110077233,
    "b_tflops": 4.53866470325819,
    "diag_time": 7.686103057999999,
    "expanded_elec_energy": -5827.186899690343,
    "expanded_hf_energy": -1691.7933087003407,
    "expanded_nuc_repulsion_energy": 4383.975572793239,
    "expanded_xc_energy": -248.5819818032364,
    "homo": -0.17782753999175746,
    "lumo": -0.10761178849053224,
    "method": "RestrictedKSDFT",
    "mp2_tflops": 0.0,
    "mp2_time": 6.9533558049702e-310,
    "n_atoms": 68,
    "nmers": [
      [
        {
          "fragments": [
            0
          ],
          "hf_energy": -1691.7933087003407,
          "num_basis_fns": 1508,
          "num_iters": 17,
          "schema_version": "0.2.0"
        }
      ]
    ],
    "num_iters": 17,
    "ri_fock_time": 5.052645847,
    "ri_tflops": 0.11336101226015734,
    "scf_tflops": 0.0392741044548919,
    "scf_time": 40.804660706,
    "schema_version": "0.2.0",
    "tflops": 0.3797705403422361,
    "total_time": 41.004261,
    "transforms_time": 0.254981225,
    "xc_tflops": 0.0,
    "xc_time": 26.195719129000004
  },
  "schema_version": "0.2.0"
}
