{
  "calculation_time": 37.22415914,
  "qmmbe": {
    "b_formation_time": 2.360722982,
    "b_tflops": 5.7633743086743925,
    "diag_time": 6.207042918999999,
    "expanded_elec_energy": -5676.715737471828,
    "expanded_hf_energy": -1538.0637624978406,
    "expanded_nuc_repulsion_energy": 4364.7219506948995,
    "expanded_xc_energy": -226.06997572091194,
    "homo": -0.16721121788685248,
    "lumo": -0.11271691900763323,
    "method": "RestrictedKSDFT",
    "mp2_tflops": 0.0,
    "mp2_time": 6.95335580495915e-310,
    "n_atoms": 62,
    "nmers": [
      [
        {
          "fragments": [
            0
          ],
          "hf_energy": -1538.0637624978406,
          "num_basis_fns": 1372,
          "num_iters": 19,
          "schema_version": "0.2.0"
        }
      ]
    ],
    "num_iters": 19,
    "ri_fock_time": 3.8147272250000004,
    "ri_tflops": 0.12638287396289521,
    "scf_tflops": 0.03596201952802869,
    "scf_time": 36.965984653,
    "schema_version": "0.2.0",
    "tflops": 0.3985430082138424,
    "total_time": 37.219858,
    "transforms_time": 0.357409897,
    "xc_tflops": 0.0,
    "xc_time": 24.877486232
  },
  "schema_version": "0.2.0"
}
