{
  "calculation_time": 38.175337375,
  "qmmbe": {
    "b_formation_time": 2.937903726,
    "b_tflops": 5.001484373427695,
    "diag_time": 7.524538722000001,
    "expanded_elec_energy": -5929.762075759092,
    "expanded_hf_energy": -1691.7894979934076,
    "expanded_nuc_repulsion_energy": 4486.551878093199,
    "expanded_xc_energy": -248.57930032751432,
    "homo": -0.18124628953027025,
    "lumo": -0.101064893055481,
    "method": "RestrictedKSDFT",
    "mp2_tflops": 0.0,
    "mp2_time": 6.9533558049623e-310,
    "n_atoms": 68,
    "nmers": [
      [
        {
          "fragments": [
            0
          ],
          "hf_energy": -1691.7894979934076,
          "num_basis_fns": 1508,
          "num_iters": 17,
          "schema_version": "0.2.0"
        }
      ]
    ],
    "num_iters": 17,
    "ri_fock_time": 4.227945343,
    "ri_tflops": 0.1354731438892208,
    "scf_tflops": 0.04242449013554796,
    "scf_time": 37.925665073,
    "schema_version": "0.2.0",
    "tflops": 0.42311131705157473,
    "total_time": 38.170903,
    "transforms_time": 0.554387691,
    "xc_tflops": 0.0,
    "xc_time": 23.655858585000004
  },
  "schema_version": "0.2.0"
}
