{
  "calculation_time": 37.531133854,
  "qmmbe": {
    "b_formation_time": 2.931284933,
    "b_tflops": 3.9383126565390083,
    "diag_time": 6.246538414,
    "expanded_elec_energy": -5329.088667677122,
    "expanded_hf_energy": -1538.0858532196855,
    "expanded_nuc_repulsion_energy": 4017.049689607807,
    "expanded_xc_energy": -226.04687515037017,
    "homo": -0.17093318796789972,
    "lumo": -0.11176103319594932,
    "method": "RestrictedKSDFT",
    "mp2_tflops": 0.0,
    "mp2_time": 6.95335580495915e-310,
    "n_atoms": 62,
    "nmers": [
      [
        {
          "fragments": [
            0
          ],
          "hf_energy": -1538.0858532196855,
          "num_basis_fns": 1372,
          "num_iters": 17,
          "schema_version": "0.2.0"
        }
      ]
    ],
    "num_iters": 17,
    "ri_fock_time": 4.386573614,
    "ri_tflops": 0.09833805502847764,
    "scf_tflops": 0.032646342205250596,
    "scf_time": 37.306274313,
    "schema_version": "0.2.0",
    "tflops": 0.33689934436949026,
    "total_time": 37.527077,
    "transforms_time": 0.09808072000000002,
    "xc_tflops": 0.0,
    "xc_time": 23.947823451
  },
  "schema_version": "0.2.0"
}
