{
  "calculation_time": 39.604497816,
  "qmmbe": {
    "b_formation_time": 2.984409219,
    "b_tflops": 5.101565123602441,
    "diag_time": 8.428517785,
    "expanded_elec_energy": -5994.951181589204,
    "expanded_hf_energy": -1691.7744949920811,
    "expanded_nuc_repulsion_energy": 4551.756632966282,
    "expanded_xc_energy": -248.57994636915964,
    "homo": -0.17681218350225147,
    "lumo": -0.105905010096063,
    "method": "RestrictedKSDFT",
    "mp2_tflops": 0.0,
    "mp2_time": 6.9533558049623e-310,
    "n_atoms": 68,
    "nmers": [
      [
        {
          "fragments": [
            0
          ],
          "hf_energy": -1691.7744949920811,
          "num_basis_fns": 1508,
          "num_iters": 18,
          "schema_version": "0.2.0"
        }
      ]
    ],
    "num_iters": 18,
    "ri_fock_time": 4.667470795999999,
    "ri_tflops": 0.12993452054413243,
    "scf_tflops": 0.042978939921133046,
    "scf_time": 39.364228571,
    "schema_version": "0.2.0",
    "tflops": 0.42342647729102734,
    "total_time": 39.599902,
    "transforms_time": 0.3032519920000001,
    "xc_tflops": 0.0,
    "xc_time": 24.329858427999998
  },
  "schema_version": "0.2.0"
}
