{
  "calculation_time": 35.122887159,
  "qmmbe": {
    "b_formation_time": 2.546190029,
    "b_tflops": 5.409546111428905,
    "diag_time": 6.869440945,
    "expanded_elec_energy": -5773.371428461816,
    "expanded_hf_energy": -1691.786571698119,
    "expanded_nuc_repulsion_energy": 4330.155892882025,
    "expanded_xc_energy": -248.57103611832767,
    "homo": -0.16491959279980067,
    "lumo": -0.11927540364745254,
    "method": "RestrictedKSDFT",
    "mp2_tflops": 0.0,
    "mp2_time": 6.9533558049623e-310,
    "n_atoms": 68,
    "nmers": [
      [
        {
          "fragments": [
            0
          ],
          "hf_energy": -1691.786571698119,
          "num_basis_fns": 1508,
          "num_iters": 18,
          "schema_version": "0.2.0"
        }
      ]
    ],
    "num_iters": 18,
    "ri_fock_time": 3.7380471170000003,
    "ri_tflops": 0.16224128831172246,
    "scf_tflops": 0.0483911309089505,
    "scf_time": 34.89879932,
    "schema_version": "0.2.0",
    "tflops": 0.4361337648104101,
    "total_time": 35.118177,
    "transforms_time": 0.846354214,
    "xc_tflops": 0.0,
    "xc_time": 21.926032998
  },
  "schema_version": "0.2.0"
}
