{
  "calculation_time": 37.149571779,
  "qmmbe": {
    "b_formation_time": 2.7773425,
    "b_tflops": 5.19758882042096,
    "diag_time": 7.553580306000001,
    "expanded_elec_energy": -5906.305261009224,
    "expanded_hf_energy": -1691.7913503940017,
    "expanded_nuc_repulsion_energy": 4463.094337909314,
    "expanded_xc_energy": -248.58042729409223,
    "homo": -0.17038981894027908,
    "lumo": -0.11486733244014943,
    "method": "RestrictedKSDFT",
    "mp2_tflops": 0.0,
    "mp2_time": 6.9533558049702e-310,
    "n_atoms": 68,
    "nmers": [
      [
        {
          "fragments": [
            0
          ],
          "hf_energy": -1691.7913503940017,
          "num_basis_fns": 1508,
          "num_iters": 17,
          "schema_version": "0.2.0"
        }
      ]
    ],
    "num_iters": 17,
    "ri_fock_time": 4.544622245,
    "ri_tflops": 0.12603314795595294,
    "scf_tflops": 0.04345729174437968,
    "scf_time": 36.93027174,
    "schema_version": "0.2.0",
    "tflops": 0.427840136302576,
    "total_time": 37.14494,
    "transforms_time": 0.177565404,
    "xc_tflops": 0.0,
    "xc_time": 22.974470255000004
  },
  "schema_version": "0.2.0"
}
