{
  "calculation_time": 28.425158849,
  "qmmbe": {
    "b_formation_time": 1.84681603,
    "b_tflops": 6.327145628119765,
    "diag_time": 4.165303108999999,
    "expanded_elec_energy": -5353.9652148498635,
    "expanded_hf_energy": -1537.9849329730525,
    "expanded_nuc_repulsion_energy": 4041.9851323445814,
    "expanded_xc_energy": -226.00485046777044,
    "homo": -0.15890488757684765,
    "lumo": -0.11370676629141631,
    "method": "RestrictedKSDFT",
    "mp2_tflops": 0.0,
    "mp2_time": 6.953355804986e-310,
    "n_atoms": 62,
    "nmers": [
      [
        {
          "fragments": [
            0
          ],
          "hf_energy": -1537.9849329730525,
          "num_basis_fns": 1372,
          "num_iters": 18,
          "schema_version": "0.2.0"
        }
      ]
    ],
    "num_iters": 18,
    "ri_fock_time": 0.22119442700000003,
    "ri_tflops": 2.064887709670913,
    "scf_tflops": 33.36535583749274,
    "scf_time": 28.253210351,
    "schema_version": "0.2.0",
    "tflops": 31.143248674785887,
    "total_time": 28.421156,
    "transforms_time": 0.088646508,
    "xc_tflops": 42.22318899990754,
    "xc_time": 20.659051583
  },
  "schema_version": "0.2.0"
}
