{
  "calculation_time": 33.354078401,
  "qmmbe": {
    "b_formation_time": 2.154822523,
    "b_tflops": 6.695574113547541,
    "diag_time": 4.2423618,
    "expanded_elec_energy": -5903.196138828005,
    "expanded_hf_energy": -1691.7156463769293,
    "expanded_nuc_repulsion_energy": 4460.020498645087,
    "expanded_xc_energy": -248.54000619401126,
    "homo": -0.17791496267593707,
    "lumo": -0.09241445270742334,
    "method": "RestrictedKSDFT",
    "mp2_tflops": 0.0,
    "mp2_time": 6.95335580498444e-310,
    "n_atoms": 68,
    "nmers": [
      [
        {
          "fragments": [
            0
          ],
          "hf_energy": -1691.7156463769293,
          "num_basis_fns": 1508,
          "num_iters": 16,
          "schema_version": "0.2.0"
        }
      ]
    ],
    "num_iters": 16,
    "ri_fock_time": 0.258798489,
    "ri_tflops": 2.0830126082536746,
    "scf_tflops": 33.85843534397091,
    "scf_time": 33.168288024,
    "schema_version": "0.2.0",
    "tflops": 31.662478409424406,
    "total_time": 33.349664,
    "transforms_time": 0.08747926,
    "xc_tflops": 41.60646245825362,
    "xc_time": 24.998939406
  },
  "schema_version": "0.2.0"
}
