{
  "calculation_time": 27.861458482,
  "qmmbe": {
    "b_formation_time": 1.892685705,
    "b_tflops": 7.000590997413382,
    "diag_time": 3.6584237520000005,
    "expanded_elec_energy": -5617.220148587882,
    "expanded_hf_energy": -1537.9866267443604,
    "expanded_nuc_repulsion_energy": 4305.251746578295,
    "expanded_xc_energy": -226.01822473477296,
    "homo": -0.1612125808897128,
    "lumo": -0.10882776966914416,
    "method": "RestrictedKSDFT",
    "mp2_tflops": 0.0,
    "mp2_time": 6.953355804986e-310,
    "n_atoms": 62,
    "nmers": [
      [
        {
          "fragments": [
            0
          ],
          "hf_energy": -1537.9866267443604,
          "num_basis_fns": 1372,
          "num_iters": 18,
          "schema_version": "0.2.0"
        }
      ]
    ],
    "num_iters": 18,
    "ri_fock_time": 0.22134186699999994,
    "ri_tflops": 2.063512248950173,
    "scf_tflops": 33.97612593110879,
    "scf_time": 27.665616971,
    "schema_version": "0.2.0",
    "tflops": 31.595352583603724,
    "total_time": 27.857267,
    "transforms_time": 0.091087163,
    "xc_tflops": 42.20003667388216,
    "xc_time": 20.515526415999997
  },
  "schema_version": "0.2.0"
}
