{
  "calculation_time": 35.031107905,
  "qmmbe": {
    "b_formation_time": 2.15689949,
    "b_tflops": 6.633851279388082,
    "diag_time": 4.591998658,
    "expanded_elec_energy": -5853.545350477579,
    "expanded_hf_energy": -1691.6988569837904,
    "expanded_nuc_repulsion_energy": 4410.387848732913,
    "expanded_xc_energy": -248.54135523912467,
    "homo": -0.1733077231671345,
    "lumo": -0.09470950619041414,
    "method": "RestrictedKSDFT",
    "mp2_tflops": 0.0,
    "mp2_time": 6.953355804986e-310,
    "n_atoms": 68,
    "nmers": [
      [
        {
          "fragments": [
            0
          ],
          "hf_energy": -1691.6988569837904,
          "num_basis_fns": 1508,
          "num_iters": 17,
          "schema_version": "0.2.0"
        }
      ]
    ],
    "num_iters": 17,
    "ri_fock_time": 0.272085424,
    "ri_tflops": 2.1051221318198947,
    "scf_tflops": 33.95296518548277,
    "scf_time": 34.84721082,
    "schema_version": "0.2.0",
    "tflops": 31.876510847390474,
    "total_time": 35.026602,
    "transforms_time": 0.09044567299999999,
    "xc_tflops": 41.87650656001035,
    "xc_time": 26.286066584
  },
  "schema_version": "0.2.0"
}
