{
  "calculation_time": 35.224957276,
  "qmmbe": {
    "b_formation_time": 2.194785005,
    "b_tflops": 6.865758644426314,
    "diag_time": 4.51184314,
    "expanded_elec_energy": -5977.252215506172,
    "expanded_hf_energy": -1691.6885823046987,
    "expanded_nuc_repulsion_energy": 4534.097707294897,
    "expanded_xc_energy": -248.53407409342336,
    "homo": -0.16248914647321464,
    "lumo": -0.10754543535466077,
    "method": "RestrictedKSDFT",
    "mp2_tflops": 0.0,
    "mp2_time": 6.95335580496863e-310,
    "n_atoms": 68,
    "nmers": [
      [
        {
          "fragments": [
            0
          ],
          "hf_energy": -1691.6885823046987,
          "num_basis_fns": 1508,
          "num_iters": 17,
          "schema_version": "0.2.0"
        }
      ]
    ],
    "num_iters": 17,
    "ri_fock_time": 0.274961933,
    "ri_tflops": 2.0830994369246016,
    "scf_tflops": 33.78855201442672,
    "scf_time": 35.030348451,
    "schema_version": "0.2.0",
    "tflops": 31.672523965141934,
    "total_time": 35.220434,
    "transforms_time": 0.093147628,
    "xc_tflops": 41.527668740819216,
    "xc_time": 26.464238034000005
  },
  "schema_version": "0.2.0"
}
