{
  "calculation_time": 30.217632654,
  "qmmbe": {
    "b_formation_time": 1.950680026,
    "b_tflops": 6.226015343482068,
    "diag_time": 3.889615707,
    "expanded_elec_energy": -5475.256927571219,
    "expanded_hf_energy": -1614.2787272906821,
    "expanded_nuc_repulsion_energy": 4097.895526780801,
    "expanded_xc_energy": -236.91732650026418,
    "homo": -0.16398735372540485,
    "lumo": -0.10507337350732905,
    "method": "RestrictedKSDFT",
    "mp2_tflops": 0.0,
    "mp2_time": 6.9533558049781e-310,
    "n_atoms": 64,
    "nmers": [
      [
        {
          "fragments": [
            0
          ],
          "hf_energy": -1614.2787272906821,
          "num_basis_fns": 1434,
          "num_iters": 17,
          "schema_version": "0.2.0"
        }
      ]
    ],
    "num_iters": 17,
    "ri_fock_time": 0.237032788,
    "ri_tflops": 2.077725367580792,
    "scf_tflops": 33.67929056732841,
    "scf_time": 30.045287825,
    "schema_version": "0.2.0",
    "tflops": 31.462236176475464,
    "total_time": 30.213298,
    "transforms_time": 0.08415964299999999,
    "xc_tflops": 41.50497000820942,
    "xc_time": 22.579863787
  },
  "schema_version": "0.2.0"
}
