{
  "calculation_time": 30.345665173,
  "qmmbe": {
    "b_formation_time": 2.020906788,
    "b_tflops": 6.275218354047114,
    "diag_time": 3.8608040589999995,
    "expanded_elec_energy": -5582.451692107016,
    "expanded_hf_energy": -1614.2829624538933,
    "expanded_nuc_repulsion_energy": 4205.086905858676,
    "expanded_xc_energy": -236.91817620555304,
    "homo": -0.17427817294177111,
    "lumo": -0.09538426560057119,
    "method": "RestrictedKSDFT",
    "mp2_tflops": 0.0,
    "mp2_time": 6.9533558049781e-310,
    "n_atoms": 64,
    "nmers": [
      [
        {
          "fragments": [
            0
          ],
          "hf_energy": -1614.2829624538933,
          "num_basis_fns": 1434,
          "num_iters": 17,
          "schema_version": "0.2.0"
        }
      ]
    ],
    "num_iters": 17,
    "ri_fock_time": 0.237549747,
    "ri_tflops": 2.0732037932921896,
    "scf_tflops": 33.58132746098167,
    "scf_time": 30.152513925,
    "schema_version": "0.2.0",
    "tflops": 31.294788244904222,
    "total_time": 30.341285,
    "transforms_time": 0.08756986999999997,
    "xc_tflops": 41.33627580931229,
    "xc_time": 22.633666329999997
  },
  "schema_version": "0.2.0"
}
