{
  "calculation_time": 26.310515665,
  "qmmbe": {
    "b_formation_time": 1.743690341,
    "b_tflops": 6.07342812307062,
    "diag_time": 3.4796025529999994,
    "expanded_elec_energy": -5164.173648101378,
    "expanded_hf_energy": -1538.0114553278677,
    "expanded_nuc_repulsion_energy": 3852.160431803852,
    "expanded_xc_energy": -225.99823903034206,
    "homo": -0.1609896367667197,
    "lumo": -0.10899238593643433,
    "method": "RestrictedKSDFT",
    "mp2_tflops": 0.0,
    "mp2_time": 6.953355804986e-310,
    "n_atoms": 62,
    "nmers": [
      [
        {
          "fragments": [
            0
          ],
          "hf_energy": -1538.0114553278677,
          "num_basis_fns": 1372,
          "num_iters": 17,
          "schema_version": "0.2.0"
        }
      ]
    ],
    "num_iters": 17,
    "ri_fock_time": 0.217147842,
    "ri_tflops": 1.9865134899199228,
    "scf_tflops": 34.37930676835297,
    "scf_time": 26.145539957,
    "schema_version": "0.2.0",
    "tflops": 32.00795213061193,
    "total_time": 26.306453,
    "transforms_time": 0.08391732799999997,
    "xc_tflops": 42.80752438525833,
    "xc_time": 19.396650799
  },
  "schema_version": "0.2.0"
}
