{
  "calculation_time": 34.677730997,
  "qmmbe": {
    "b_formation_time": 2.118088057,
    "b_tflops": 6.554519876896696,
    "diag_time": 4.562616111,
    "expanded_elec_energy": -5788.195325641863,
    "expanded_hf_energy": -1691.7019415666946,
    "expanded_nuc_repulsion_energy": 4345.024421037078,
    "expanded_xc_energy": -248.53103696191002,
    "homo": -0.16499389135804474,
    "lumo": -0.10601159698130919,
    "method": "RestrictedKSDFT",
    "mp2_tflops": 0.0,
    "mp2_time": 6.953355804986e-310,
    "n_atoms": 68,
    "nmers": [
      [
        {
          "fragments": [
            0
          ],
          "hf_energy": -1691.7019415666946,
          "num_basis_fns": 1508,
          "num_iters": 17,
          "schema_version": "0.2.0"
        }
      ]
    ],
    "num_iters": 17,
    "ri_fock_time": 0.272171162,
    "ri_tflops": 2.104458986760691,
    "scf_tflops": 34.310750672047305,
    "scf_time": 34.497261905,
    "schema_version": "0.2.0",
    "tflops": 32.20304861488474,
    "total_time": 34.673271,
    "transforms_time": 0.09142486500000002,
    "xc_tflops": 42.37678054960275,
    "xc_time": 25.986699302
  },
  "schema_version": "0.2.0"
}
