{
  "calculation_time": 24.972070228,
  "qmmbe": {
    "b_formation_time": 1.835424018,
    "b_tflops": 6.532009612154917,
    "diag_time": 3.284242473000001,
    "expanded_elec_energy": -5407.231542618447,
    "expanded_hf_energy": -1538.0117731020603,
    "expanded_nuc_repulsion_energy": 4095.239771271564,
    "expanded_xc_energy": -226.0200017551776,
    "homo": -0.17767569280273846,
    "lumo": -0.08900212105524201,
    "method": "RestrictedKSDFT",
    "mp2_tflops": 0.0,
    "mp2_time": 6.953355804986e-310,
    "n_atoms": 62,
    "nmers": [
      [
        {
          "fragments": [
            0
          ],
          "hf_energy": -1538.0117731020603,
          "num_basis_fns": 1372,
          "num_iters": 16,
          "schema_version": "0.2.0"
        }
      ]
    ],
    "num_iters": 16,
    "ri_fock_time": 0.196527338,
    "ri_tflops": 2.065832597396704,
    "scf_tflops": 34.400865617546756,
    "scf_time": 24.790808022,
    "schema_version": "0.2.0",
    "tflops": 31.767223373554867,
    "total_time": 24.967919,
    "transforms_time": 0.08307049099999998,
    "xc_tflops": 42.8798749922605,
    "xc_time": 18.193518282
  },
  "schema_version": "0.2.0"
}
