{
  "calculation_time": 30.161737371,
  "qmmbe": {
    "b_formation_time": 3.818074399,
    "b_tflops": 2.8488024311021287,
    "diag_time": 3.8449108400000003,
    "expanded_elec_energy": -5239.367175917116,
    "expanded_hf_energy": -1536.8504254386535,
    "expanded_nuc_repulsion_energy": 3927.8195111181185,
    "expanded_xc_energy": -225.30276063965619,
    "homo": -0.1661631373984338,
    "lumo": -0.10447094934285903,
    "method": "RestrictedKSDFT",
    "mp2_tflops": 0.0,
    "mp2_time": 6.9533558049781e-310,
    "n_atoms": 60,
    "nmers": [
      [
        {
          "fragments": [
            0
          ],
          "hf_energy": -1536.8504254386535,
          "num_basis_fns": 1360,
          "num_iters": 17,
          "schema_version": "0.2.0"
        }
      ]
    ],
    "num_iters": 17,
    "ri_fock_time": 0.22913280199999997,
    "ri_tflops": 1.83335231068313,
    "scf_tflops": 32.62116556712803,
    "scf_time": 28.357727403,
    "schema_version": "0.2.0",
    "tflops": 27.590315583847037,
    "total_time": 28.585777,
    "transforms_time": 0.27393421,
    "xc_tflops": 41.63194741842882,
    "xc_time": 18.993748126
  },
  "schema_version": "0.2.0"
}
