{
  "calculation_time": 32.947515285,
  "qmmbe": {
    "b_formation_time": 2.225844068,
    "b_tflops": 6.863644450019039,
    "diag_time": 4.271194417,
    "expanded_elec_energy": -6015.848720517592,
    "expanded_hf_energy": -1691.7044601908349,
    "expanded_nuc_repulsion_energy": 4572.699537626052,
    "expanded_xc_energy": -248.55527729929526,
    "homo": -0.17913181111425047,
    "lumo": -0.08772151230621868,
    "method": "RestrictedKSDFT",
    "mp2_tflops": 0.0,
    "mp2_time": 6.95335580498444e-310,
    "n_atoms": 68,
    "nmers": [
      [
        {
          "fragments": [
            0
          ],
          "hf_energy": -1691.7044601908349,
          "num_basis_fns": 1508,
          "num_iters": 16,
          "schema_version": "0.2.0"
        }
      ]
    ],
    "num_iters": 16,
    "ri_fock_time": 0.256174828,
    "ri_tflops": 2.1043461599747806,
    "scf_tflops": 34.285563098759916,
    "scf_time": 32.753420999,
    "schema_version": "0.2.0",
    "tflops": 31.98064797396869,
    "total_time": 32.943126,
    "transforms_time": 0.08324792399999997,
    "xc_tflops": 42.29450931549308,
    "xc_time": 24.515637897999998
  },
  "schema_version": "0.2.0"
}
