{
  "calculation_time": 21.790486121,
  "qmmbe": {
    "b_formation_time": 1.503217653,
    "b_tflops": 5.259637005297994,
    "diag_time": 2.7647433869999998,
    "expanded_elec_energy": -4550.2672446665365,
    "expanded_hf_energy": -1384.336114563887,
    "expanded_nuc_repulsion_energy": 3369.4041091439826,
    "expanded_xc_energy": -203.47297904133296,
    "homo": -0.16698312809798968,
    "lumo": -0.10288201821253828,
    "method": "RestrictedKSDFT",
    "mp2_tflops": 0.0,
    "mp2_time": 6.95335580495757e-310,
    "n_atoms": 56,
    "nmers": [
      [
        {
          "fragments": [
            0
          ],
          "hf_energy": -1384.336114563887,
          "num_basis_fns": 1236,
          "num_iters": 17,
          "schema_version": "0.2.0"
        }
      ]
    ],
    "num_iters": 17,
    "ri_fock_time": 0.149840089,
    "ri_tflops": 2.1048424751536285,
    "scf_tflops": 30.541692684063978,
    "scf_time": 21.6438104,
    "schema_version": "0.2.0",
    "tflops": 28.3097063266405,
    "total_time": 21.78637,
    "transforms_time": 0.074403917,
    "xc_tflops": 37.64897522513541,
    "xc_time": 16.150816829
  },
  "schema_version": "0.2.0"
}
