{
  "calculation_time": 30.244664158,
  "qmmbe": {
    "b_formation_time": 1.938205306,
    "b_tflops": 6.39420225217978,
    "diag_time": 3.9146652609999992,
    "expanded_elec_energy": -5520.123521468948,
    "expanded_hf_energy": -1614.2728181948457,
    "expanded_nuc_repulsion_energy": 4142.768428902747,
    "expanded_xc_energy": -236.91772562864466,
    "homo": -0.1677740659893683,
    "lumo": -0.10140193114618312,
    "method": "RestrictedKSDFT",
    "mp2_tflops": 0.0,
    "mp2_time": 6.95335580498444e-310,
    "n_atoms": 64,
    "nmers": [
      [
        {
          "fragments": [
            0
          ],
          "hf_energy": -1614.2728181948457,
          "num_basis_fns": 1434,
          "num_iters": 17,
          "schema_version": "0.2.0"
        }
      ]
    ],
    "num_iters": 17,
    "ri_fock_time": 0.243604772,
    "ri_tflops": 2.021672369275262,
    "scf_tflops": 33.637064654815646,
    "scf_time": 30.066308882,
    "schema_version": "0.2.0",
    "tflops": 31.439254033756878,
    "total_time": 30.240497,
    "transforms_time": 0.087613571,
    "xc_tflops": 41.538108248151815,
    "xc_time": 22.559739192000002
  },
  "schema_version": "0.2.0"
}
