{
  "calculation_time": 25.487558049,
  "qmmbe": {
    "b_formation_time": 1.730331825,
    "b_tflops": 6.539941822546089,
    "diag_time": 3.399827563,
    "expanded_elec_energy": -5318.018557674498,
    "expanded_hf_energy": -1536.8475335816083,
    "expanded_nuc_repulsion_energy": 4006.4777444354945,
    "expanded_xc_energy": -225.30672034260485,
    "homo": -0.17226040481293511,
    "lumo": -0.09790618857567739,
    "method": "RestrictedKSDFT",
    "mp2_tflops": 0.0,
    "mp2_time": 6.9533558049781e-310,
    "n_atoms": 60,
    "nmers": [
      [
        {
          "fragments": [
            0
          ],
          "hf_energy": -1536.8475335816083,
          "num_basis_fns": 1360,
          "num_iters": 17,
          "schema_version": "0.2.0"
        }
      ]
    ],
    "num_iters": 17,
    "ri_fock_time": 0.19256171,
    "ri_tflops": 2.1815404111232706,
    "scf_tflops": 33.912401259901415,
    "scf_time": 25.300611618,
    "schema_version": "0.2.0",
    "tflops": 31.51358698552318,
    "total_time": 25.483594,
    "transforms_time": 0.08800677199999998,
    "xc_tflops": 42.28883476907073,
    "xc_time": 18.697336363
  },
  "schema_version": "0.2.0"
}
