{
  "calculation_time": 34.812652755,
  "qmmbe": {
    "b_formation_time": 2.21056842,
    "b_tflops": 7.000483193382451,
    "diag_time": 4.603615883,
    "expanded_elec_energy": -6036.1192093306045,
    "expanded_hf_energy": -1691.69909603368,
    "expanded_nuc_repulsion_energy": 4592.957446097289,
    "expanded_xc_energy": -248.5373328003646,
    "homo": -0.1739816027127341,
    "lumo": -0.09379687434054004,
    "method": "RestrictedKSDFT",
    "mp2_tflops": 0.0,
    "mp2_time": 6.953355804986e-310,
    "n_atoms": 68,
    "nmers": [
      [
        {
          "fragments": [
            0
          ],
          "hf_energy": -1691.69909603368,
          "num_basis_fns": 1508,
          "num_iters": 17,
          "schema_version": "0.2.0"
        }
      ]
    ],
    "num_iters": 17,
    "ri_fock_time": 0.27455086900000003,
    "ri_tflops": 2.086218302255674,
    "scf_tflops": 34.17873445468148,
    "scf_time": 34.612823862,
    "schema_version": "0.2.0",
    "tflops": 31.99996940604594,
    "total_time": 34.808281,
    "transforms_time": 0.091391434,
    "xc_tflops": 42.27049894732262,
    "xc_time": 25.950280672999998
  },
  "schema_version": "0.2.0"
}
