{
  "calculation_time": 34.969519406,
  "qmmbe": {
    "b_formation_time": 2.139083448,
    "b_tflops": 6.817609982003844,
    "diag_time": 4.502660751000001,
    "expanded_elec_energy": -5915.3408161882135,
    "expanded_hf_energy": -1691.6983799314507,
    "expanded_nuc_repulsion_energy": 4472.184224184557,
    "expanded_xc_energy": -248.54178792779425,
    "homo": -0.16413224005357524,
    "lumo": -0.10698235092785728,
    "method": "RestrictedKSDFT",
    "mp2_tflops": 0.0,
    "mp2_time": 6.95335580496863e-310,
    "n_atoms": 68,
    "nmers": [
      [
        {
          "fragments": [
            0
          ],
          "hf_energy": -1691.6983799314507,
          "num_basis_fns": 1508,
          "num_iters": 17,
          "schema_version": "0.2.0"
        }
      ]
    ],
    "num_iters": 17,
    "ri_fock_time": 0.27473378299999995,
    "ri_tflops": 2.084829326606696,
    "scf_tflops": 34.02679063846551,
    "scf_time": 34.782338477,
    "schema_version": "0.2.0",
    "tflops": 31.928596799572635,
    "total_time": 34.965186,
    "transforms_time": 0.09236067199999999,
    "xc_tflops": 41.84830487448002,
    "xc_time": 26.293438061999996
  },
  "schema_version": "0.2.0"
}
