{
  "calculation_time": 23.371509939,
  "qmmbe": {
    "b_formation_time": 1.650239393,
    "b_tflops": 6.062907128369586,
    "diag_time": 3.089961175,
    "expanded_elec_energy": -5025.970160642928,
    "expanded_hf_energy": -1460.5742054152865,
    "expanded_nuc_repulsion_energy": 3779.793031263016,
    "expanded_xc_energy": -214.3970760353745,
    "homo": -0.16970990389977134,
    "lumo": -0.09882795104929137,
    "method": "RestrictedKSDFT",
    "mp2_tflops": 0.0,
    "mp2_time": 6.95335580495757e-310,
    "n_atoms": 58,
    "nmers": [
      [
        {
          "fragments": [
            0
          ],
          "hf_energy": -1460.5742054152865,
          "num_basis_fns": 1298,
          "num_iters": 17,
          "schema_version": "0.2.0"
        }
      ]
    ],
    "num_iters": 17,
    "ri_fock_time": 0.18684242799999998,
    "ri_tflops": 1.9547944984744046,
    "scf_tflops": 32.53912518744852,
    "scf_time": 23.203062296,
    "schema_version": "0.2.0",
    "tflops": 30.1300273965138,
    "total_time": 23.367153,
    "transforms_time": 0.08185736900000003,
    "xc_tflops": 40.56126400899294,
    "xc_time": 17.088631022
  },
  "schema_version": "0.2.0"
}
