{
  "calculation_time": 30.409005775,
  "qmmbe": {
    "b_formation_time": 1.952726917,
    "b_tflops": 6.2969755580687785,
    "diag_time": 3.905347048,
    "expanded_elec_energy": -5506.465843850514,
    "expanded_hf_energy": -1614.2709944976116,
    "expanded_nuc_repulsion_energy": 4129.106120033311,
    "expanded_xc_energy": -236.9112706804083,
    "homo": -0.16437973873314524,
    "lumo": -0.10680228252904707,
    "method": "RestrictedKSDFT",
    "mp2_tflops": 0.0,
    "mp2_time": 6.95335580498444e-310,
    "n_atoms": 64,
    "nmers": [
      [
        {
          "fragments": [
            0
          ],
          "hf_energy": -1614.2709944976116,
          "num_basis_fns": 1434,
          "num_iters": 17,
          "schema_version": "0.2.0"
        }
      ]
    ],
    "num_iters": 17,
    "ri_fock_time": 0.2360601,
    "ri_tflops": 2.086286655711829,
    "scf_tflops": 33.507548173442224,
    "scf_time": 30.234979424,
    "schema_version": "0.2.0",
    "tflops": 31.303046819267603,
    "total_time": 30.404604,
    "transforms_time": 0.088340703,
    "xc_tflops": 41.35140404195134,
    "xc_time": 22.688200845
  },
  "schema_version": "0.2.0"
}
