{
  "calculation_time": 26.787593966,
  "qmmbe": {
    "b_formation_time": 1.741322386,
    "b_tflops": 6.427719786288901,
    "diag_time": 3.59647335,
    "expanded_elec_energy": -5298.149533882244,
    "expanded_hf_energy": -1536.8266127577624,
    "expanded_nuc_repulsion_energy": 3986.615726528498,
    "expanded_xc_energy": -225.29280540401598,
    "homo": -0.16192047858084077,
    "lumo": -0.10758400038362112,
    "method": "RestrictedKSDFT",
    "mp2_tflops": 0.0,
    "mp2_time": 6.9533558049781e-310,
    "n_atoms": 60,
    "nmers": [
      [
        {
          "fragments": [
            0
          ],
          "hf_energy": -1536.8266127577624,
          "num_basis_fns": 1360,
          "num_iters": 18,
          "schema_version": "0.2.0"
        }
      ]
    ],
    "num_iters": 18,
    "ri_fock_time": 0.204057099,
    "ri_tflops": 2.179741896654132,
    "scf_tflops": 33.8783969665625,
    "scf_time": 26.610753008,
    "schema_version": "0.2.0",
    "tflops": 31.59859286914908,
    "total_time": 26.783547,
    "transforms_time": 0.089224844,
    "xc_tflops": 42.243999164244286,
    "xc_time": 19.742187642
  },
  "schema_version": "0.2.0"
}
