{
  "calculation_time": 35.075142029,
  "qmmbe": {
    "b_formation_time": 2.189220012,
    "b_tflops": 6.991942049877443,
    "diag_time": 4.545432989000001,
    "expanded_elec_energy": -6017.232995513269,
    "expanded_hf_energy": -1691.6952346904675,
    "expanded_nuc_repulsion_energy": 4574.083736988415,
    "expanded_xc_energy": -248.5459761656132,
    "homo": -0.17816079906039056,
    "lumo": -0.0915818041554738,
    "method": "RestrictedKSDFT",
    "mp2_tflops": 0.0,
    "mp2_time": 6.9533558049702e-310,
    "n_atoms": 68,
    "nmers": [
      [
        {
          "fragments": [
            0
          ],
          "hf_energy": -1691.6952346904675,
          "num_basis_fns": 1508,
          "num_iters": 17,
          "schema_version": "0.2.0"
        }
      ]
    ],
    "num_iters": 17,
    "ri_fock_time": 0.27448276699999996,
    "ri_tflops": 2.086735914491856,
    "scf_tflops": 33.903700630823444,
    "scf_time": 34.878166229,
    "schema_version": "0.2.0",
    "tflops": 31.784375347316487,
    "total_time": 35.070591,
    "transforms_time": 0.09269025500000004,
    "xc_tflops": 41.83296145260597,
    "xc_time": 26.245238290999996
  },
  "schema_version": "0.2.0"
}
