{
  "calculation_time": 35.227338495,
  "qmmbe": {
    "b_formation_time": 2.221861689,
    "b_tflops": 6.725527746464511,
    "diag_time": 4.572970912000001,
    "expanded_elec_energy": -5952.901885325921,
    "expanded_hf_energy": -1691.6911482777816,
    "expanded_nuc_repulsion_energy": 4509.745204891581,
    "expanded_xc_energy": -248.53446784344146,
    "homo": -0.1716476842572073,
    "lumo": -0.10245351026054626,
    "method": "RestrictedKSDFT",
    "mp2_tflops": 0.0,
    "mp2_time": 6.95335580498444e-310,
    "n_atoms": 68,
    "nmers": [
      [
        {
          "fragments": [
            0
          ],
          "hf_energy": -1691.6911482777816,
          "num_basis_fns": 1508,
          "num_iters": 17,
          "schema_version": "0.2.0"
        }
      ]
    ],
    "num_iters": 17,
    "ri_fock_time": 0.275069969,
    "ri_tflops": 2.0822812824325436,
    "scf_tflops": 33.79599106065435,
    "scf_time": 35.033785267,
    "schema_version": "0.2.0",
    "tflops": 31.678641811657734,
    "total_time": 35.22275,
    "transforms_time": 0.09087888499999998,
    "xc_tflops": 41.60801831451893,
    "xc_time": 26.422842494
  },
  "schema_version": "0.2.0"
}
