{
  "calculation_time": 35.175789315,
  "qmmbe": {
    "b_formation_time": 2.169892559,
    "b_tflops": 6.558076404194904,
    "diag_time": 4.597246857,
    "expanded_elec_energy": -5869.497045558946,
    "expanded_hf_energy": -1691.7034420653974,
    "expanded_nuc_repulsion_energy": 4426.322788674409,
    "expanded_xc_energy": -248.52918518086,
    "homo": -0.17012772643627427,
    "lumo": -0.10192730383190267,
    "method": "RestrictedKSDFT",
    "mp2_tflops": 0.0,
    "mp2_time": 6.95335580495757e-310,
    "n_atoms": 68,
    "nmers": [
      [
        {
          "fragments": [
            0
          ],
          "hf_energy": -1691.7034420653974,
          "num_basis_fns": 1508,
          "num_iters": 17,
          "schema_version": "0.2.0"
        }
      ]
    ],
    "num_iters": 17,
    "ri_fock_time": 0.274164258,
    "ri_tflops": 2.0891601698424163,
    "scf_tflops": 33.80114238863098,
    "scf_time": 34.993338686,
    "schema_version": "0.2.0",
    "tflops": 31.725538387713364,
    "total_time": 35.171083,
    "transforms_time": 0.08973866000000001,
    "xc_tflops": 41.69299140743077,
    "xc_time": 26.386342261999996
  },
  "schema_version": "0.2.0"
}
