{
  "calculation_time": 34.843144072,
  "qmmbe": {
    "b_formation_time": 2.073823087,
    "b_tflops": 6.517151595529517,
    "diag_time": 4.512718961999999,
    "expanded_elec_energy": -5745.332023373287,
    "expanded_hf_energy": -1691.7108741494665,
    "expanded_nuc_repulsion_energy": 4302.1513384394175,
    "expanded_xc_energy": -248.53018921559737,
    "homo": -0.17308125979857597,
    "lumo": -0.10107601910389107,
    "method": "RestrictedKSDFT",
    "mp2_tflops": 0.0,
    "mp2_time": 6.95335580498444e-310,
    "n_atoms": 68,
    "nmers": [
      [
        {
          "fragments": [
            0
          ],
          "hf_energy": -1691.7108741494665,
          "num_basis_fns": 1508,
          "num_iters": 17,
          "schema_version": "0.2.0"
        }
      ]
    ],
    "num_iters": 17,
    "ri_fock_time": 0.27182614899999996,
    "ri_tflops": 2.107130053216477,
    "scf_tflops": 34.13153622882443,
    "scf_time": 34.668226805,
    "schema_version": "0.2.0",
    "tflops": 32.08269443754282,
    "total_time": 34.838596,
    "transforms_time": 0.09299439199999998,
    "xc_tflops": 42.02634808155521,
    "xc_time": 26.239197010999998
  },
  "schema_version": "0.2.0"
}
