{
  "calculation_time": 33.127443923,
  "qmmbe": {
    "b_formation_time": 2.257009454,
    "b_tflops": 7.08449829343072,
    "diag_time": 4.2506889679999995,
    "expanded_elec_energy": -6113.445297803602,
    "expanded_hf_energy": -1691.6861719092556,
    "expanded_nuc_repulsion_energy": 4670.314723325294,
    "expanded_xc_energy": -248.5555974309471,
    "homo": -0.1794054611772207,
    "lumo": -0.09017002207155748,
    "method": "RestrictedKSDFT",
    "mp2_tflops": 0.0,
    "mp2_time": 6.9533558049781e-310,
    "n_atoms": 68,
    "nmers": [
      [
        {
          "fragments": [
            0
          ],
          "hf_energy": -1691.6861719092556,
          "num_basis_fns": 1508,
          "num_iters": 16,
          "schema_version": "0.2.0"
        }
      ]
    ],
    "num_iters": 16,
    "ri_fock_time": 0.2582106350000001,
    "ri_tflops": 2.0877548888875155,
    "scf_tflops": 34.08488469466411,
    "scf_time": 32.924357874,
    "schema_version": "0.2.0",
    "tflops": 31.75714968849683,
    "total_time": 33.12302,
    "transforms_time": 0.08744274399999999,
    "xc_tflops": 41.97032284818115,
    "xc_time": 24.648942632
  },
  "schema_version": "0.2.0"
}
