{
  "calculation_time": 30.403419912,
  "qmmbe": {
    "b_formation_time": 2.054494788,
    "b_tflops": 6.147450333466605,
    "diag_time": 3.9498221500000006,
    "expanded_elec_energy": -5576.00148720055,
    "expanded_hf_energy": -1614.2786543840507,
    "expanded_nuc_repulsion_energy": 4198.633145219566,
    "expanded_xc_energy": -236.91031240306677,
    "homo": -0.16645643088330686,
    "lumo": -0.10350005530347536,
    "method": "RestrictedKSDFT",
    "mp2_tflops": 0.0,
    "mp2_time": 6.953355804986e-310,
    "n_atoms": 64,
    "nmers": [
      [
        {
          "fragments": [
            0
          ],
          "hf_energy": -1614.2786543840507,
          "num_basis_fns": 1434,
          "num_iters": 17,
          "schema_version": "0.2.0"
        }
      ]
    ],
    "num_iters": 17,
    "ri_fock_time": 0.237123166,
    "ri_tflops": 2.0769334556540127,
    "scf_tflops": 33.55699224369764,
    "scf_time": 30.226134811,
    "schema_version": "0.2.0",
    "tflops": 31.23821968573842,
    "total_time": 30.399119,
    "transforms_time": 0.08250372999999998,
    "xc_tflops": 41.44117865371604,
    "xc_time": 22.579943241000002
  },
  "schema_version": "0.2.0"
}
