{
  "calculation_time": 36.404068634,
  "qmmbe": {
    "b_formation_time": 2.251226474,
    "b_tflops": 7.273909891406154,
    "diag_time": 4.811967706000001,
    "expanded_elec_energy": -6169.498116858615,
    "expanded_hf_energy": -1691.6782901812894,
    "expanded_nuc_repulsion_energy": 4726.35994935484,
    "expanded_xc_energy": -248.54012267751466,
    "homo": -0.15901801014749473,
    "lumo": -0.11338903223065278,
    "method": "RestrictedKSDFT",
    "mp2_tflops": 0.0,
    "mp2_time": 6.95335580496863e-310,
    "n_atoms": 68,
    "nmers": [
      [
        {
          "fragments": [
            0
          ],
          "hf_energy": -1691.6782901812894,
          "num_basis_fns": 1508,
          "num_iters": 18,
          "schema_version": "0.2.0"
        }
      ]
    ],
    "num_iters": 18,
    "ri_fock_time": 0.29106305600000004,
    "ri_tflops": 2.083622663647151,
    "scf_tflops": 34.34317952661294,
    "scf_time": 36.196497648,
    "schema_version": "0.2.0",
    "tflops": 32.22689496931024,
    "total_time": 36.399695,
    "transforms_time": 0.095683257,
    "xc_tflops": 42.45763335490745,
    "xc_time": 27.206254699
  },
  "schema_version": "0.2.0"
}
