{
  "calculation_time": 35.074611083,
  "qmmbe": {
    "b_formation_time": 2.328244097,
    "b_tflops": 7.488194839817949,
    "diag_time": 4.587292684,
    "expanded_elec_energy": -6314.577813504957,
    "expanded_hf_energy": -1691.673096831592,
    "expanded_nuc_repulsion_energy": 4871.4571658995,
    "expanded_xc_energy": -248.55244922613508,
    "homo": -0.16387987778367982,
    "lumo": -0.10256434351488114,
    "method": "RestrictedKSDFT",
    "mp2_tflops": 0.0,
    "mp2_time": 6.95335580496863e-310,
    "n_atoms": 68,
    "nmers": [
      [
        {
          "fragments": [
            0
          ],
          "hf_energy": -1691.673096831592,
          "num_basis_fns": 1508,
          "num_iters": 17,
          "schema_version": "0.2.0"
        }
      ]
    ],
    "num_iters": 17,
    "ri_fock_time": 0.27502939499999995,
    "ri_tflops": 2.0825884731630233,
    "scf_tflops": 33.84493446362833,
    "scf_time": 34.858973522,
    "schema_version": "0.2.0",
    "tflops": 31.635921320496575,
    "total_time": 35.069992,
    "transforms_time": 0.09055419700000004,
    "xc_tflops": 41.785556219898154,
    "xc_time": 26.099430899999998
  },
  "schema_version": "0.2.0"
}
