{
  "calculation_time": 30.044759675,
  "qmmbe": {
    "b_formation_time": 2.024099661,
    "b_tflops": 6.567130883931312,
    "diag_time": 3.9193191410000003,
    "expanded_elec_energy": -5678.455124392529,
    "expanded_hf_energy": -1614.2558121292298,
    "expanded_nuc_repulsion_energy": 4301.120256669183,
    "expanded_xc_energy": -236.9209444058836,
    "homo": -0.16168881909064306,
    "lumo": -0.10628171605767794,
    "method": "RestrictedKSDFT",
    "mp2_tflops": 0.0,
    "mp2_time": 6.95335580498444e-310,
    "n_atoms": 64,
    "nmers": [
      [
        {
          "fragments": [
            0
          ],
          "hf_energy": -1614.2558121292298,
          "num_basis_fns": 1434,
          "num_iters": 17,
          "schema_version": "0.2.0"
        }
      ]
    ],
    "num_iters": 17,
    "ri_fock_time": 0.237028583,
    "ri_tflops": 2.077762227418792,
    "scf_tflops": 33.90847346086613,
    "scf_time": 29.857156634,
    "schema_version": "0.2.0",
    "tflops": 31.565098069856223,
    "total_time": 30.040403,
    "transforms_time": 0.085110173,
    "xc_tflops": 41.94592968269219,
    "xc_time": 22.258980239
  },
  "schema_version": "0.2.0"
}
