{
  "calculation_time": 27.186510251,
  "qmmbe": {
    "b_formation_time": 2.044279879,
    "b_tflops": 7.1251972130005985,
    "diag_time": 3.468766669,
    "expanded_elec_energy": -5871.808963048586,
    "expanded_hf_energy": -1614.2515598439397,
    "expanded_nuc_repulsion_energy": 4494.497016045302,
    "expanded_xc_energy": -236.93961284065625,
    "homo": -0.1764386113408954,
    "lumo": -0.09127349967838445,
    "method": "RestrictedKSDFT",
    "mp2_tflops": 0.0,
    "mp2_time": 6.9533558049781e-310,
    "n_atoms": 64,
    "nmers": [
      [
        {
          "fragments": [
            0
          ],
          "hf_energy": -1614.2515598439397,
          "num_basis_fns": 1434,
          "num_iters": 15,
          "schema_version": "0.2.0"
        }
      ]
    ],
    "num_iters": 15,
    "ri_fock_time": 0.215499837,
    "ri_tflops": 2.016470898397942,
    "scf_tflops": 33.533286742863154,
    "scf_time": 26.984941883,
    "schema_version": "0.2.0",
    "tflops": 30.97991074588613,
    "total_time": 27.182361,
    "transforms_time": 0.07709777499999998,
    "xc_tflops": 41.45602469387616,
    "xc_time": 19.935319025
  },
  "schema_version": "0.2.0"
}
