{
  "calculation_time": 26.264019585,
  "qmmbe": {
    "b_formation_time": 1.752049403,
    "b_tflops": 6.217406165661642,
    "diag_time": 3.4538325489999995,
    "expanded_elec_energy": -5226.483739766769,
    "expanded_hf_energy": -1538.0001888399538,
    "expanded_nuc_repulsion_energy": 3914.4847982352835,
    "expanded_xc_energy": -226.0012473084684,
    "homo": -0.16036559074472634,
    "lumo": -0.11012122179728397,
    "method": "RestrictedKSDFT",
    "mp2_tflops": 0.0,
    "mp2_time": 6.953355804986e-310,
    "n_atoms": 62,
    "nmers": [
      [
        {
          "fragments": [
            0
          ],
          "hf_energy": -1538.0001888399538,
          "num_basis_fns": 1372,
          "num_iters": 17,
          "schema_version": "0.2.0"
        }
      ]
    ],
    "num_iters": 17,
    "ri_fock_time": 0.21595768699999998,
    "ri_tflops": 1.997461277865974,
    "scf_tflops": 34.46861436214096,
    "scf_time": 26.084830224,
    "schema_version": "0.2.0",
    "tflops": 32.060869052268345,
    "total_time": 26.259784,
    "transforms_time": 0.089620832,
    "xc_tflops": 42.85201285448069,
    "xc_time": 19.366638216000002
  },
  "schema_version": "0.2.0"
}
