{
  "calculation_time": 34.673184085,
  "qmmbe": {
    "b_formation_time": 2.225223479,
    "b_tflops": 6.854263444262355,
    "diag_time": 4.538899426999999,
    "expanded_elec_energy": -6007.263244353914,
    "expanded_hf_energy": -1691.68767069691,
    "expanded_nuc_repulsion_energy": 4564.122217965484,
    "expanded_xc_energy": -248.54664430847993,
    "homo": -0.1678304896864659,
    "lumo": -0.10010320326780661,
    "method": "RestrictedKSDFT",
    "mp2_tflops": 0.0,
    "mp2_time": 6.95335580496863e-310,
    "n_atoms": 68,
    "nmers": [
      [
        {
          "fragments": [
            0
          ],
          "hf_energy": -1691.68767069691,
          "num_basis_fns": 1508,
          "num_iters": 17,
          "schema_version": "0.2.0"
        }
      ]
    ],
    "num_iters": 17,
    "ri_fock_time": 0.27193180799999994,
    "ri_tflops": 2.106311328640157,
    "scf_tflops": 34.35037709151123,
    "scf_time": 34.464474324,
    "schema_version": "0.2.0",
    "tflops": 32.13965710230955,
    "total_time": 34.668605,
    "transforms_time": 0.087515529,
    "xc_tflops": 42.42978123309365,
    "xc_time": 25.86720658499999
  },
  "schema_version": "0.2.0"
}
