{
  "calculation_time": 34.939937829,
  "qmmbe": {
    "b_formation_time": 2.216879986,
    "b_tflops": 7.319186028467308,
    "diag_time": 4.529892369,
    "expanded_elec_energy": -6143.416479816031,
    "expanded_hf_energy": -1691.6935713804135,
    "expanded_nuc_repulsion_energy": 4700.273647330133,
    "expanded_xc_energy": -248.5507388945154,
    "homo": -0.1817103727953634,
    "lumo": -0.08991150426353779,
    "method": "RestrictedKSDFT",
    "mp2_tflops": 0.0,
    "mp2_time": 6.95335580498444e-310,
    "n_atoms": 68,
    "nmers": [
      [
        {
          "fragments": [
            0
          ],
          "hf_energy": -1691.6935713804135,
          "num_basis_fns": 1508,
          "num_iters": 17,
          "schema_version": "0.2.0"
        }
      ]
    ],
    "num_iters": 17,
    "ri_fock_time": 0.272189795,
    "ri_tflops": 2.104314924106541,
    "scf_tflops": 34.053645349224794,
    "scf_time": 34.693710946,
    "schema_version": "0.2.0",
    "tflops": 31.869106966306855,
    "total_time": 34.935559,
    "transforms_time": 0.09366151800000001,
    "xc_tflops": 41.994880745427906,
    "xc_time": 26.090216015999996
  },
  "schema_version": "0.2.0"
}
