{
  "calculation_time": 35.204233495,
  "qmmbe": {
    "b_formation_time": 2.12919074,
    "b_tflops": 6.828666696260384,
    "diag_time": 4.522197362999999,
    "expanded_elec_energy": -5895.254337329929,
    "expanded_hf_energy": -1691.6921802327417,
    "expanded_nuc_repulsion_energy": 4452.0984207855945,
    "expanded_xc_energy": -248.53626368840764,
    "homo": -0.16999505012445676,
    "lumo": -0.10103506550657446,
    "method": "RestrictedKSDFT",
    "mp2_tflops": 0.0,
    "mp2_time": 6.95335580495757e-310,
    "n_atoms": 68,
    "nmers": [
      [
        {
          "fragments": [
            0
          ],
          "hf_energy": -1691.6921802327417,
          "num_basis_fns": 1508,
          "num_iters": 17,
          "schema_version": "0.2.0"
        }
      ]
    ],
    "num_iters": 17,
    "ri_fock_time": 0.273393462,
    "ri_tflops": 2.0950502752256748,
    "scf_tflops": 33.765124006596444,
    "scf_time": 35.002412773,
    "schema_version": "0.2.0",
    "tflops": 31.71176078708198,
    "total_time": 35.199453,
    "transforms_time": 0.09123944,
    "xc_tflops": 41.47056457244381,
    "xc_time": 26.530235035999997
  },
  "schema_version": "0.2.0"
}
