{
  "calculation_time": 34.866191491,
  "qmmbe": {
    "b_formation_time": 2.161397633,
    "b_tflops": 6.850246252260979,
    "diag_time": 4.549361835,
    "expanded_elec_energy": -5947.365657083967,
    "expanded_hf_energy": -1691.6880544751593,
    "expanded_nuc_repulsion_energy": 4504.221951321755,
    "expanded_xc_energy": -248.5443487129478,
    "homo": -0.17678564877745256,
    "lumo": -0.09301069148606868,
    "method": "RestrictedKSDFT",
    "mp2_tflops": 0.0,
    "mp2_time": 6.95335580495757e-310,
    "n_atoms": 68,
    "nmers": [
      [
        {
          "fragments": [
            0
          ],
          "hf_energy": -1691.6880544751593,
          "num_basis_fns": 1508,
          "num_iters": 17,
          "schema_version": "0.2.0"
        }
      ]
    ],
    "num_iters": 17,
    "ri_fock_time": 0.274963619,
    "ri_tflops": 2.0830866639415304,
    "scf_tflops": 34.10463986616592,
    "scf_time": 34.673964307,
    "schema_version": "0.2.0",
    "tflops": 31.965410036182938,
    "total_time": 34.861272,
    "transforms_time": 0.09105403799999998,
    "xc_tflops": 42.157276401864,
    "xc_time": 26.047212417
  },
  "schema_version": "0.2.0"
}
