{
  "calculation_time": 30.030279614,
  "qmmbe": {
    "b_formation_time": 1.918861928,
    "b_tflops": 6.247723322327546,
    "diag_time": 3.8585848130000002,
    "expanded_elec_energy": -5435.059882477888,
    "expanded_hf_energy": -1614.2851208436216,
    "expanded_nuc_repulsion_energy": 4057.692528358671,
    "expanded_xc_energy": -236.91776672440463,
    "homo": -0.16636030357662804,
    "lumo": -0.10663241234471373,
    "method": "RestrictedKSDFT",
    "mp2_tflops": 0.0,
    "mp2_time": 6.9533558049781e-310,
    "n_atoms": 64,
    "nmers": [
      [
        {
          "fragments": [
            0
          ],
          "hf_energy": -1614.2851208436216,
          "num_basis_fns": 1434,
          "num_iters": 17,
          "schema_version": "0.2.0"
        }
      ]
    ],
    "num_iters": 17,
    "ri_fock_time": 0.236125049,
    "ri_tflops": 2.085712797781145,
    "scf_tflops": 33.88596322614071,
    "scf_time": 29.862030508,
    "schema_version": "0.2.0",
    "tflops": 31.67271711834743,
    "total_time": 30.026057,
    "transforms_time": 0.090006483,
    "xc_tflops": 41.76168177029406,
    "xc_time": 22.455054062
  },
  "schema_version": "0.2.0"
}
