{
  "calculation_time": 35.288817957,
  "qmmbe": {
    "b_formation_time": 2.13718989,
    "b_tflops": 6.754602642130223,
    "diag_time": 4.505391705999999,
    "expanded_elec_energy": -5890.798107938912,
    "expanded_hf_energy": -1691.7084863161454,
    "expanded_nuc_repulsion_energy": 4447.630967759476,
    "expanded_xc_energy": -248.54134613670988,
    "homo": -0.1730515947004509,
    "lumo": -0.09870333652999436,
    "method": "RestrictedKSDFT",
    "mp2_tflops": 0.0,
    "mp2_time": 6.95335580495757e-310,
    "n_atoms": 68,
    "nmers": [
      [
        {
          "fragments": [
            0
          ],
          "hf_energy": -1691.7084863161454,
          "num_basis_fns": 1508,
          "num_iters": 17,
          "schema_version": "0.2.0"
        }
      ]
    ],
    "num_iters": 17,
    "ri_fock_time": 0.27439166299999995,
    "ri_tflops": 2.0874287562009495,
    "scf_tflops": 33.71694442296831,
    "scf_time": 35.085389165,
    "schema_version": "0.2.0",
    "tflops": 31.653681380787603,
    "total_time": 35.283982,
    "transforms_time": 0.09410507700000001,
    "xc_tflops": 41.43178467920711,
    "xc_time": 26.572710319000002
  },
  "schema_version": "0.2.0"
}
