{
  "calculation_time": 35.014112491,
  "qmmbe": {
    "b_formation_time": 2.160925036,
    "b_tflops": 6.784381996185082,
    "diag_time": 4.545789984,
    "expanded_elec_energy": -5911.936695527025,
    "expanded_hf_energy": -1691.6900208903098,
    "expanded_nuc_repulsion_energy": 4468.782250941393,
    "expanded_xc_energy": -248.5355763046774,
    "homo": -0.16407941364489,
    "lumo": -0.1047026200918676,
    "method": "RestrictedKSDFT",
    "mp2_tflops": 0.0,
    "mp2_time": 6.95335580496863e-310,
    "n_atoms": 68,
    "nmers": [
      [
        {
          "fragments": [
            0
          ],
          "hf_energy": -1691.6900208903098,
          "num_basis_fns": 1508,
          "num_iters": 17,
          "schema_version": "0.2.0"
        }
      ]
    ],
    "num_iters": 17,
    "ri_fock_time": 0.275776658,
    "ri_tflops": 2.0769453512196816,
    "scf_tflops": 33.9531664083149,
    "scf_time": 34.823554217,
    "schema_version": "0.2.0",
    "tflops": 31.837665933682327,
    "total_time": 35.009624,
    "transforms_time": 0.09226665200000002,
    "xc_tflops": 41.922400991837,
    "xc_time": 26.203052585
  },
  "schema_version": "0.2.0"
}
