{
  "calculation_time": 35.352006779,
  "qmmbe": {
    "b_formation_time": 2.21593226,
    "b_tflops": 7.114670797252619,
    "diag_time": 5.039971157999998,
    "expanded_elec_energy": -6090.708948650865,
    "expanded_hf_energy": -1691.6839573858385,
    "expanded_nuc_repulsion_energy": 4647.56935529567,
    "expanded_xc_energy": -248.54436403064366,
    "homo": -0.16759479784293163,
    "lumo": -0.09933053620218286,
    "method": "RestrictedKSDFT",
    "mp2_tflops": 0.0,
    "mp2_time": 6.9533558049702e-310,
    "n_atoms": 68,
    "nmers": [
      [
        {
          "fragments": [
            0
          ],
          "hf_energy": -1691.6839573858385,
          "num_basis_fns": 1508,
          "num_iters": 17,
          "schema_version": "0.2.0"
        }
      ]
    ],
    "num_iters": 17,
    "ri_fock_time": 0.27371403699999997,
    "ri_tflops": 2.092596543771703,
    "scf_tflops": 33.61878654780696,
    "scf_time": 35.14939239,
    "schema_version": "0.2.0",
    "tflops": 31.515540209163806,
    "total_time": 35.347464,
    "transforms_time": 0.08960284600000001,
    "xc_tflops": 42.09975853169262,
    "xc_time": 26.051641588999995
  },
  "schema_version": "0.2.0"
}
