{
  "calculation_time": 23.273249948,
  "qmmbe": {
    "b_formation_time": 1.603585668,
    "b_tflops": 5.51843904323545,
    "diag_time": 3.1186043320000008,
    "expanded_elec_energy": -4802.197966583852,
    "expanded_hf_energy": -1460.5983905875712,
    "expanded_nuc_repulsion_energy": 3555.987592411065,
    "expanded_xc_energy": -214.38801641478466,
    "homo": -0.1680322424303036,
    "lumo": -0.10128638108090215,
    "method": "RestrictedKSDFT",
    "mp2_tflops": 0.0,
    "mp2_time": 6.9533558049781e-310,
    "n_atoms": 58,
    "nmers": [
      [
        {
          "fragments": [
            0
          ],
          "hf_energy": -1460.5983905875712,
          "num_basis_fns": 1298,
          "num_iters": 17,
          "schema_version": "0.2.0"
        }
      ]
    ],
    "num_iters": 17,
    "ri_fock_time": 0.18791585,
    "ri_tflops": 1.9436282268685692,
    "scf_tflops": 32.698325322959,
    "scf_time": 23.124956107,
    "schema_version": "0.2.0",
    "tflops": 30.348576412568033,
    "total_time": 23.269364,
    "transforms_time": 0.08028081899999996,
    "xc_tflops": 40.81307531195213,
    "xc_time": 17.06393419
  },
  "schema_version": "0.2.0"
}
