{
  "calculation_time": 35.333070134,
  "qmmbe": {
    "b_formation_time": 2.146030809,
    "b_tflops": 6.822722401398665,
    "diag_time": 4.498984726000001,
    "expanded_elec_energy": -5935.958619215693,
    "expanded_hf_energy": -1691.7058185007825,
    "expanded_nuc_repulsion_energy": 4492.77854867368,
    "expanded_xc_energy": -248.52574795876967,
    "homo": -0.16827663252698274,
    "lumo": -0.10308028236967662,
    "method": "RestrictedKSDFT",
    "mp2_tflops": 0.0,
    "mp2_time": 6.95335580495757e-310,
    "n_atoms": 68,
    "nmers": [
      [
        {
          "fragments": [
            0
          ],
          "hf_energy": -1691.7058185007825,
          "num_basis_fns": 1508,
          "num_iters": 17,
          "schema_version": "0.2.0"
        }
      ]
    ],
    "num_iters": 17,
    "ri_fock_time": 0.27160510600000004,
    "ri_tflops": 2.1088449191673146,
    "scf_tflops": 33.61007379993347,
    "scf_time": 35.128631824,
    "schema_version": "0.2.0",
    "tflops": 31.556865326908767,
    "total_time": 35.328054,
    "transforms_time": 0.09369655699999999,
    "xc_tflops": 41.19700155387689,
    "xc_time": 26.670149543999997
  },
  "schema_version": "0.2.0"
}
