{
  "calculation_time": 35.460441465,
  "qmmbe": {
    "b_formation_time": 2.180384736,
    "b_tflops": 6.685864428285925,
    "diag_time": 5.086754462,
    "expanded_elec_energy": -5903.545518842426,
    "expanded_hf_energy": -1691.7104271431904,
    "expanded_nuc_repulsion_energy": 4460.380785775679,
    "expanded_xc_energy": -248.54569407644385,
    "homo": -0.1776004895877386,
    "lumo": -0.09204090689962721,
    "method": "RestrictedKSDFT",
    "mp2_tflops": 0.0,
    "mp2_time": 6.95335580498444e-310,
    "n_atoms": 68,
    "nmers": [
      [
        {
          "fragments": [
            0
          ],
          "hf_energy": -1691.7104271431904,
          "num_basis_fns": 1508,
          "num_iters": 17,
          "schema_version": "0.2.0"
        }
      ]
    ],
    "num_iters": 17,
    "ri_fock_time": 0.272171694,
    "ri_tflops": 2.1044548732830384,
    "scf_tflops": 33.55333171527899,
    "scf_time": 35.273367066,
    "schema_version": "0.2.0",
    "tflops": 31.510008915333906,
    "total_time": 35.45606,
    "transforms_time": 0.08895571399999998,
    "xc_tflops": 42.061288710117545,
    "xc_time": 26.180552189
  },
  "schema_version": "0.2.0"
}
