{
  "calculation_time": 34.98707933,
  "qmmbe": {
    "b_formation_time": 2.132570729,
    "b_tflops": 6.8088369761282594,
    "diag_time": 4.495793100999999,
    "expanded_elec_energy": -5926.195145050984,
    "expanded_hf_energy": -1691.7019342141386,
    "expanded_nuc_repulsion_energy": 4483.017675410096,
    "expanded_xc_energy": -248.5244645732503,
    "homo": -0.16372188128320103,
    "lumo": -0.10781980031026069,
    "method": "RestrictedKSDFT",
    "mp2_tflops": 0.0,
    "mp2_time": 6.95335580495757e-310,
    "n_atoms": 68,
    "nmers": [
      [
        {
          "fragments": [
            0
          ],
          "hf_energy": -1691.7019342141386,
          "num_basis_fns": 1508,
          "num_iters": 17,
          "schema_version": "0.2.0"
        }
      ]
    ],
    "num_iters": 17,
    "ri_fock_time": 0.274228354,
    "ri_tflops": 2.0886718658129713,
    "scf_tflops": 33.956406034828426,
    "scf_time": 34.79735432,
    "schema_version": "0.2.0",
    "tflops": 31.861829883534522,
    "total_time": 34.982113,
    "transforms_time": 0.09475600599999998,
    "xc_tflops": 41.74409076152751,
    "xc_time": 26.317673165000002
  },
  "schema_version": "0.2.0"
}
