{
  "calculation_time": 35.085743176,
  "qmmbe": {
    "b_formation_time": 2.139391636,
    "b_tflops": 6.766248460797478,
    "diag_time": 4.488665383,
    "expanded_elec_energy": -5899.455773932088,
    "expanded_hf_energy": -1691.6972400847549,
    "expanded_nuc_repulsion_energy": 4456.292483209013,
    "expanded_xc_energy": -248.53394936167973,
    "homo": -0.17293083628636557,
    "lumo": -0.09660241414644301,
    "method": "RestrictedKSDFT",
    "mp2_tflops": 0.0,
    "mp2_time": 6.9533558049702e-310,
    "n_atoms": 68,
    "nmers": [
      [
        {
          "fragments": [
            0
          ],
          "hf_energy": -1691.6972400847549,
          "num_basis_fns": 1508,
          "num_iters": 17,
          "schema_version": "0.2.0"
        }
      ]
    ],
    "num_iters": 17,
    "ri_fock_time": 0.27205468599999993,
    "ri_tflops": 2.1053599782802497,
    "scf_tflops": 33.914990815732935,
    "scf_time": 34.90031717,
    "schema_version": "0.2.0",
    "tflops": 31.837884628017083,
    "total_time": 35.081243,
    "transforms_time": 0.09084706399999999,
    "xc_tflops": 41.62847787020973,
    "xc_time": 26.447427556000005
  },
  "schema_version": "0.2.0"
}
