{
  "calculation_time": 30.24414998,
  "qmmbe": {
    "b_formation_time": 2.03093307,
    "b_tflops": 6.693942265575497,
    "diag_time": 3.9493333440000007,
    "expanded_elec_energy": -5720.984029059082,
    "expanded_hf_energy": -1614.2452506677946,
    "expanded_nuc_repulsion_energy": 4343.660474520691,
    "expanded_xc_energy": -236.9216961294042,
    "homo": -0.16047126458872427,
    "lumo": -0.10917948731256123,
    "method": "RestrictedKSDFT",
    "mp2_tflops": 0.0,
    "mp2_time": 6.9533558049781e-310,
    "n_atoms": 64,
    "nmers": [
      [
        {
          "fragments": [
            0
          ],
          "hf_energy": -1614.2452506677946,
          "num_basis_fns": 1434,
          "num_iters": 17,
          "schema_version": "0.2.0"
        }
      ]
    ],
    "num_iters": 17,
    "ri_fock_time": 0.23553633499999999,
    "ri_tflops": 2.0909259566087757,
    "scf_tflops": 33.65098840335004,
    "scf_time": 30.055253523,
    "schema_version": "0.2.0",
    "tflops": 31.352905127541824,
    "total_time": 30.239783,
    "transforms_time": 0.08417611700000001,
    "xc_tflops": 41.622873874918206,
    "xc_time": 22.421714013
  },
  "schema_version": "0.2.0"
}
