{
  "calculation_time": 36.884854317,
  "qmmbe": {
    "b_formation_time": 2.169433183,
    "b_tflops": 6.635809071225034,
    "diag_time": 4.8676614229999995,
    "expanded_elec_energy": -5890.731928180161,
    "expanded_hf_energy": -1691.6975338418276,
    "expanded_nuc_repulsion_energy": 4447.56779027462,
    "expanded_xc_energy": -248.53339593628675,
    "homo": -0.16261637683367083,
    "lumo": -0.10941495825999185,
    "method": "RestrictedKSDFT",
    "mp2_tflops": 0.0,
    "mp2_time": 6.95335580495757e-310,
    "n_atoms": 68,
    "nmers": [
      [
        {
          "fragments": [
            0
          ],
          "hf_energy": -1691.6975338418276,
          "num_basis_fns": 1508,
          "num_iters": 18,
          "schema_version": "0.2.0"
        }
      ]
    ],
    "num_iters": 18,
    "ri_fock_time": 0.291647223,
    "ri_tflops": 2.0794491845101506,
    "scf_tflops": 33.97469312927165,
    "scf_time": 36.683102186,
    "schema_version": "0.2.0",
    "tflops": 31.96261073357619,
    "total_time": 36.879821,
    "transforms_time": 0.095643403,
    "xc_tflops": 41.96537750716994,
    "xc_time": 27.709343755999996
  },
  "schema_version": "0.2.0"
}
