{
  "calculation_time": 34.843917248,
  "qmmbe": {
    "b_formation_time": 2.162697844,
    "b_tflops": 6.876286084450362,
    "diag_time": 4.5246277909999995,
    "expanded_elec_energy": -5959.034360380688,
    "expanded_hf_energy": -1691.7037885857867,
    "expanded_nuc_repulsion_energy": 4515.870094474023,
    "expanded_xc_energy": -248.539522679122,
    "homo": -0.17275618958309555,
    "lumo": -0.09643098648465386,
    "method": "RestrictedKSDFT",
    "mp2_tflops": 0.0,
    "mp2_time": 6.95335580495757e-310,
    "n_atoms": 68,
    "nmers": [
      [
        {
          "fragments": [
            0
          ],
          "hf_energy": -1691.7037885857867,
          "num_basis_fns": 1508,
          "num_iters": 17,
          "schema_version": "0.2.0"
        }
      ]
    ],
    "num_iters": 17,
    "ri_fock_time": 0.271745053,
    "ri_tflops": 2.1077588772444,
    "scf_tflops": 34.14904348673713,
    "scf_time": 34.651178753,
    "schema_version": "0.2.0",
    "tflops": 32.02685333099245,
    "total_time": 34.838926,
    "transforms_time": 0.090552163,
    "xc_tflops": 42.11219572409031,
    "xc_time": 26.107309697
  },
  "schema_version": "0.2.0"
}
