{
  "calculation_time": 21.79320519,
  "qmmbe": {
    "b_formation_time": 1.493587875,
    "b_tflops": 5.465281450429557,
    "diag_time": 2.745842127999999,
    "expanded_elec_energy": -4607.083873904704,
    "expanded_hf_energy": -1384.3259390013368,
    "expanded_nuc_repulsion_energy": 3426.2431863973693,
    "expanded_xc_energy": -203.48525149400209,
    "homo": -0.16644852119000725,
    "lumo": -0.10390362808259493,
    "method": "RestrictedKSDFT",
    "mp2_tflops": 0.0,
    "mp2_time": 6.95335580495757e-310,
    "n_atoms": 56,
    "nmers": [
      [
        {
          "fragments": [
            0
          ],
          "hf_energy": -1384.3259390013368,
          "num_basis_fns": 1236,
          "num_iters": 17,
          "schema_version": "0.2.0"
        }
      ]
    ],
    "num_iters": 17,
    "ri_fock_time": 0.15725235099999998,
    "ri_tflops": 2.0056284170148913,
    "scf_tflops": 30.512406416544895,
    "scf_time": 21.642681989,
    "schema_version": "0.2.0",
    "tflops": 28.285249416362596,
    "total_time": 21.789047,
    "transforms_time": 0.07703676499999998,
    "xc_tflops": 37.59597041658525,
    "xc_time": 16.154728148
  },
  "schema_version": "0.2.0"
}
