{
  "calculation_time": 36.700166533,
  "qmmbe": {
    "b_formation_time": 2.17598982,
    "b_tflops": 6.76162365262536,
    "diag_time": 4.817945393,
    "expanded_elec_energy": -5922.649064343086,
    "expanded_hf_energy": -1691.6850549237897,
    "expanded_nuc_repulsion_energy": 4479.496143259857,
    "expanded_xc_energy": -248.5321338405601,
    "homo": -0.16063867008107163,
    "lumo": -0.11045230172105212,
    "method": "RestrictedKSDFT",
    "mp2_tflops": 0.0,
    "mp2_time": 6.95335580496863e-310,
    "n_atoms": 68,
    "nmers": [
      [
        {
          "fragments": [
            0
          ],
          "hf_energy": -1691.6850549237897,
          "num_basis_fns": 1508,
          "num_iters": 18,
          "schema_version": "0.2.0"
        }
      ]
    ],
    "num_iters": 18,
    "ri_fock_time": 0.287828192,
    "ri_tflops": 2.107040230555317,
    "scf_tflops": 34.12365073055826,
    "scf_time": 36.510492088,
    "schema_version": "0.2.0",
    "tflops": 32.09207742091427,
    "total_time": 36.695628,
    "transforms_time": 0.095847227,
    "xc_tflops": 42.06766603719842,
    "xc_time": 27.607704038999998
  },
  "schema_version": "0.2.0"
}
