{
  "calculation_time": 30.131446663,
  "qmmbe": {
    "b_formation_time": 1.936676577,
    "b_tflops": 6.572992577581011,
    "diag_time": 3.8531784259999995,
    "expanded_elec_energy": -5588.054730410062,
    "expanded_hf_energy": -1614.272481780305,
    "expanded_nuc_repulsion_energy": 4210.705908390066,
    "expanded_xc_energy": -236.923659760309,
    "homo": -0.17388333691517857,
    "lumo": -0.09635771347385426,
    "method": "RestrictedKSDFT",
    "mp2_tflops": 0.0,
    "mp2_time": 6.9533558049781e-310,
    "n_atoms": 64,
    "nmers": [
      [
        {
          "fragments": [
            0
          ],
          "hf_energy": -1614.272481780305,
          "num_basis_fns": 1434,
          "num_iters": 17,
          "schema_version": "0.2.0"
        }
      ]
    ],
    "num_iters": 17,
    "ri_fock_time": 0.236024745,
    "ri_tflops": 2.0865991681338327,
    "scf_tflops": 33.74333544945027,
    "scf_time": 29.951236356,
    "schema_version": "0.2.0",
    "tflops": 31.53593343473374,
    "total_time": 30.127001,
    "transforms_time": 0.088620143,
    "xc_tflops": 41.56590092693213,
    "xc_time": 22.520792452
  },
  "schema_version": "0.2.0"
}
