{
  "calculation_time": 26.76992657,
  "qmmbe": {
    "b_formation_time": 1.855414001,
    "b_tflops": 6.371007796742394,
    "diag_time": 3.936578453,
    "expanded_elec_energy": -5377.591454617436,
    "expanded_hf_energy": -1537.9787130320076,
    "expanded_nuc_repulsion_energy": 4065.6193764096633,
    "expanded_xc_energy": -226.00663482423462,
    "homo": -0.16718491537456123,
    "lumo": -0.10297114902475267,
    "method": "RestrictedKSDFT",
    "mp2_tflops": 0.0,
    "mp2_time": 6.9533558049781e-310,
    "n_atoms": 62,
    "nmers": [
      [
        {
          "fragments": [
            0
          ],
          "hf_energy": -1537.9787130320076,
          "num_basis_fns": 1372,
          "num_iters": 17,
          "schema_version": "0.2.0"
        }
      ]
    ],
    "num_iters": 17,
    "ri_fock_time": 0.20929899099999996,
    "ri_tflops": 2.0610090635362885,
    "scf_tflops": 33.754190366262264,
    "scf_time": 26.577518149,
    "schema_version": "0.2.0",
    "tflops": 31.32412075828701,
    "total_time": 26.765669,
    "transforms_time": 0.085917878,
    "xc_tflops": 42.87285625395674,
    "xc_time": 19.254824211
  },
  "schema_version": "0.2.0"
}
