{
  "calculation_time": 35.047244099,
  "qmmbe": {
    "b_formation_time": 2.143723071,
    "b_tflops": 6.714945702073847,
    "diag_time": 4.4908899689999995,
    "expanded_elec_energy": -5881.982939701407,
    "expanded_hf_energy": -1691.7062881814436,
    "expanded_nuc_repulsion_energy": 4438.816609100235,
    "expanded_xc_energy": -248.5399575802711,
    "homo": -0.172215758636689,
    "lumo": -0.09881878024122628,
    "method": "RestrictedKSDFT",
    "mp2_tflops": 0.0,
    "mp2_time": 6.95335580495757e-310,
    "n_atoms": 68,
    "nmers": [
      [
        {
          "fragments": [
            0
          ],
          "hf_energy": -1691.7062881814436,
          "num_basis_fns": 1508,
          "num_iters": 17,
          "schema_version": "0.2.0"
        }
      ]
    ],
    "num_iters": 17,
    "ri_fock_time": 0.27442056499999995,
    "ri_tflops": 2.0872089080058562,
    "scf_tflops": 33.98256669094267,
    "scf_time": 34.845744015,
    "schema_version": "0.2.0",
    "tflops": 31.88926239862958,
    "total_time": 35.042165,
    "transforms_time": 0.09492494500000001,
    "xc_tflops": 41.7711434399085,
    "xc_time": 26.372189089000003
  },
  "schema_version": "0.2.0"
}
