{
  "calculation_time": 23.401362707,
  "qmmbe": {
    "b_formation_time": 1.592729693,
    "b_tflops": 5.665819908181997,
    "diag_time": 3.139355464999999,
    "expanded_elec_energy": -4840.320501544941,
    "expanded_hf_energy": -1460.6047442346714,
    "expanded_nuc_repulsion_energy": 3594.103008807525,
    "expanded_xc_energy": -214.3872514972552,
    "homo": -0.17151583601519896,
    "lumo": -0.09736736522515142,
    "method": "RestrictedKSDFT",
    "mp2_tflops": 0.0,
    "mp2_time": 6.95335580495757e-310,
    "n_atoms": 58,
    "nmers": [
      [
        {
          "fragments": [
            0
          ],
          "hf_energy": -1460.6047442346714,
          "num_basis_fns": 1298,
          "num_iters": 17,
          "schema_version": "0.2.0"
        }
      ]
    ],
    "num_iters": 17,
    "ri_fock_time": 0.18030900400000002,
    "ri_tflops": 2.0256256883100523,
    "scf_tflops": 32.505613814792454,
    "scf_time": 23.247676137,
    "schema_version": "0.2.0",
    "tflops": 30.17963428134233,
    "total_time": 23.396985,
    "transforms_time": 0.07840263400000001,
    "xc_tflops": 40.61839772244852,
    "xc_time": 17.139222406
  },
  "schema_version": "0.2.0"
}
