{
  "calculation_time": 26.255959503,
  "qmmbe": {
    "b_formation_time": 1.737599121,
    "b_tflops": 5.929515517150173,
    "diag_time": 3.4635634740000003,
    "expanded_elec_energy": -5124.023930890697,
    "expanded_hf_energy": -1538.0333584888351,
    "expanded_nuc_repulsion_energy": 3811.997689502665,
    "expanded_xc_energy": -226.00711710080336,
    "homo": -0.176491656610863,
    "lumo": -0.09797087681693896,
    "method": "RestrictedKSDFT",
    "mp2_tflops": 0.0,
    "mp2_time": 6.9533558049781e-310,
    "n_atoms": 62,
    "nmers": [
      [
        {
          "fragments": [
            0
          ],
          "hf_energy": -1538.0333584888351,
          "num_basis_fns": 1372,
          "num_iters": 17,
          "schema_version": "0.2.0"
        }
      ]
    ],
    "num_iters": 17,
    "ri_fock_time": 0.21667200899999997,
    "ri_tflops": 1.9908760685373075,
    "scf_tflops": 34.497459484461196,
    "scf_time": 26.095666908,
    "schema_version": "0.2.0",
    "tflops": 32.10018112701925,
    "total_time": 26.251715,
    "transforms_time": 0.08610075599999997,
    "xc_tflops": 42.90215541183935,
    "xc_time": 19.37616489
  },
  "schema_version": "0.2.0"
}
