{
  "calculation_time": 21.790847167,
  "qmmbe": {
    "b_formation_time": 1.432487378,
    "b_tflops": 5.282792068820588,
    "diag_time": 2.719527991,
    "expanded_elec_energy": -4477.4307396489185,
    "expanded_hf_energy": -1384.3234086950765,
    "expanded_nuc_repulsion_energy": 3296.574690826653,
    "expanded_xc_energy": -203.46735987281096,
    "homo": -0.1647183258897039,
    "lumo": -0.1065302401268808,
    "method": "RestrictedKSDFT",
    "mp2_tflops": 0.0,
    "mp2_time": 6.95335580495757e-310,
    "n_atoms": 56,
    "nmers": [
      [
        {
          "fragments": [
            0
          ],
          "hf_energy": -1384.3234086950765,
          "num_basis_fns": 1236,
          "num_iters": 17,
          "schema_version": "0.2.0"
        }
      ]
    ],
    "num_iters": 17,
    "ri_fock_time": 0.149950773,
    "ri_tflops": 2.103288816043649,
    "scf_tflops": 30.482527342783197,
    "scf_time": 21.635282264,
    "schema_version": "0.2.0",
    "tflops": 28.366700009923672,
    "total_time": 21.786801,
    "transforms_time": 0.07774753100000001,
    "xc_tflops": 37.43429249144085,
    "xc_time": 16.285967415000002
  },
  "schema_version": "0.2.0"
}
