{
  "calculation_time": 30.225839673,
  "qmmbe": {
    "b_formation_time": 1.939051222,
    "b_tflops": 6.516529056850258,
    "diag_time": 3.879224405,
    "expanded_elec_energy": -5564.189241276214,
    "expanded_hf_energy": -1614.2664337353358,
    "expanded_nuc_repulsion_energy": 4186.840663313604,
    "expanded_xc_energy": -236.917855772726,
    "homo": -0.17045634140831975,
    "lumo": -0.09843541917351635,
    "method": "RestrictedKSDFT",
    "mp2_tflops": 0.0,
    "mp2_time": 6.95335580498444e-310,
    "n_atoms": 64,
    "nmers": [
      [
        {
          "fragments": [
            0
          ],
          "hf_energy": -1614.2664337353358,
          "num_basis_fns": 1434,
          "num_iters": 17,
          "schema_version": "0.2.0"
        }
      ]
    ],
    "num_iters": 17,
    "ri_fock_time": 0.23684764300000002,
    "ri_tflops": 2.0793495360053043,
    "scf_tflops": 33.64024685615443,
    "scf_time": 30.033964482,
    "schema_version": "0.2.0",
    "tflops": 31.43855710411866,
    "total_time": 30.221505,
    "transforms_time": 0.091448524,
    "xc_tflops": 41.46400911474598,
    "xc_time": 22.579084200000004
  },
  "schema_version": "0.2.0"
}
