{
  "calculation_time": 34.834827569,
  "qmmbe": {
    "b_formation_time": 2.178844139,
    "b_tflops": 6.7420865508948635,
    "diag_time": 4.480345206999999,
    "expanded_elec_energy": -5930.735020100443,
    "expanded_hf_energy": -1691.6964189088621,
    "expanded_nuc_repulsion_energy": 4487.580150644348,
    "expanded_xc_energy": -248.5415494527669,
    "homo": -0.17375449828814943,
    "lumo": -0.09544236332329903,
    "method": "RestrictedKSDFT",
    "mp2_tflops": 0.0,
    "mp2_time": 6.9533558049702e-310,
    "n_atoms": 68,
    "nmers": [
      [
        {
          "fragments": [
            0
          ],
          "hf_energy": -1691.6964189088621,
          "num_basis_fns": 1508,
          "num_iters": 17,
          "schema_version": "0.2.0"
        }
      ]
    ],
    "num_iters": 17,
    "ri_fock_time": 0.271669321,
    "ri_tflops": 2.108346447437103,
    "scf_tflops": 34.19312454544021,
    "scf_time": 34.634444495,
    "schema_version": "0.2.0",
    "tflops": 32.03818076372873,
    "total_time": 34.830296,
    "transforms_time": 0.09048075899999998,
    "xc_tflops": 42.04324522625798,
    "xc_time": 26.157588040000004
  },
  "schema_version": "0.2.0"
}
