{
  "calculation_time": 34.921614663,
  "qmmbe": {
    "b_formation_time": 2.241692052,
    "b_tflops": 6.935725637676481,
    "diag_time": 4.572379925999999,
    "expanded_elec_energy": -6048.094667471823,
    "expanded_hf_energy": -1691.6571542758686,
    "expanded_nuc_repulsion_energy": 4604.980404260033,
    "expanded_xc_energy": -248.54289106407788,
    "homo": -0.17777163497942244,
    "lumo": -0.08965460881528206,
    "method": "RestrictedKSDFT",
    "mp2_tflops": 0.0,
    "mp2_time": 6.95335580498444e-310,
    "n_atoms": 68,
    "nmers": [
      [
        {
          "fragments": [
            0
          ],
          "hf_energy": -1691.6571542758686,
          "num_basis_fns": 1508,
          "num_iters": 17,
          "schema_version": "0.2.0"
        }
      ]
    ],
    "num_iters": 17,
    "ri_fock_time": 0.27338822999999995,
    "ri_tflops": 2.095090369501277,
    "scf_tflops": 34.02952585043678,
    "scf_time": 34.723713224,
    "schema_version": "0.2.0",
    "tflops": 31.839393856407195,
    "total_time": 34.917212,
    "transforms_time": 0.09096226399999999,
    "xc_tflops": 42.02540028654378,
    "xc_time": 26.049433689999994
  },
  "schema_version": "0.2.0"
}
