{
  "calculation_time": 34.886330497,
  "qmmbe": {
    "b_formation_time": 2.191535254,
    "b_tflops": 6.897950768987264,
    "diag_time": 4.4951557,
    "expanded_elec_energy": -5997.182019694143,
    "expanded_hf_energy": -1691.693337161298,
    "expanded_nuc_repulsion_energy": 4554.026142139131,
    "expanded_xc_energy": -248.53745960628595,
    "homo": -0.16805144082943638,
    "lumo": -0.10175801725533978,
    "method": "RestrictedKSDFT",
    "mp2_tflops": 0.0,
    "mp2_time": 6.95335580498444e-310,
    "n_atoms": 68,
    "nmers": [
      [
        {
          "fragments": [
            0
          ],
          "hf_energy": -1691.693337161298,
          "num_basis_fns": 1508,
          "num_iters": 17,
          "schema_version": "0.2.0"
        }
      ]
    ],
    "num_iters": 17,
    "ri_fock_time": 0.274628293,
    "ri_tflops": 2.0856301495782152,
    "scf_tflops": 34.11724794671702,
    "scf_time": 34.678704808,
    "schema_version": "0.2.0",
    "tflops": 31.960189996610808,
    "total_time": 34.881882,
    "transforms_time": 0.092903589,
    "xc_tflops": 42.13443268124032,
    "xc_time": 26.065382702
  },
  "schema_version": "0.2.0"
}
