{
  "calculation_time": 34.82451848,
  "qmmbe": {
    "b_formation_time": 2.318925385,
    "b_tflops": 7.4415985447500725,
    "diag_time": 4.512445940000001,
    "expanded_elec_energy": -6287.936502568411,
    "expanded_hf_energy": -1691.6790660748106,
    "expanded_nuc_repulsion_energy": 4844.813199821761,
    "expanded_xc_energy": -248.55576332816105,
    "homo": -0.1744846494595037,
    "lumo": -0.08977491639240681,
    "method": "RestrictedKSDFT",
    "mp2_tflops": 0.0,
    "mp2_time": 6.9533558049702e-310,
    "n_atoms": 68,
    "nmers": [
      [
        {
          "fragments": [
            0
          ],
          "hf_energy": -1691.6790660748106,
          "num_basis_fns": 1508,
          "num_iters": 17,
          "schema_version": "0.2.0"
        }
      ]
    ],
    "num_iters": 17,
    "ri_fock_time": 0.275041992,
    "ri_tflops": 2.0824930900296854,
    "scf_tflops": 34.11827817795128,
    "scf_time": 34.609341336,
    "schema_version": "0.2.0",
    "tflops": 31.85819131667149,
    "total_time": 34.820111,
    "transforms_time": 0.09256620000000002,
    "xc_tflops": 42.07791633883453,
    "xc_time": 25.918225099999997
  },
  "schema_version": "0.2.0"
}
