{
  "calculation_time": 34.892729773,
  "qmmbe": {
    "b_formation_time": 2.14741,
    "b_tflops": 6.906814123536726,
    "diag_time": 4.508843428999999,
    "expanded_elec_energy": -5946.598511457773,
    "expanded_hf_energy": -1691.68662904209,
    "expanded_nuc_repulsion_energy": 4503.449702849519,
    "expanded_xc_energy": -248.53782043383555,
    "homo": -0.1608850685465658,
    "lumo": -0.11004619324532915,
    "method": "RestrictedKSDFT",
    "mp2_tflops": 0.0,
    "mp2_time": 6.95335580496863e-310,
    "n_atoms": 68,
    "nmers": [
      [
        {
          "fragments": [
            0
          ],
          "hf_energy": -1691.68662904209,
          "num_basis_fns": 1508,
          "num_iters": 17,
          "schema_version": "0.2.0"
        }
      ]
    ],
    "num_iters": 17,
    "ri_fock_time": 0.27544618,
    "ri_tflops": 2.079437252707589,
    "scf_tflops": 34.07493755497918,
    "scf_time": 34.69863917,
    "schema_version": "0.2.0",
    "tflops": 31.96017273316935,
    "total_time": 34.888156,
    "transforms_time": 0.094717233,
    "xc_tflops": 41.986454970696585,
    "xc_time": 26.168839647
  },
  "schema_version": "0.2.0"
}
