{
  "calculation_time": 34.630953968,
  "qmmbe": {
    "b_formation_time": 2.126081718,
    "b_tflops": 6.6613625649171775,
    "diag_time": 4.5383046810000005,
    "expanded_elec_energy": -5822.725222603334,
    "expanded_hf_energy": -1691.6965484354228,
    "expanded_nuc_repulsion_energy": 4379.564597227982,
    "expanded_xc_energy": -248.53592306007027,
    "homo": -0.16774100198157071,
    "lumo": -0.1031464791234578,
    "method": "RestrictedKSDFT",
    "mp2_tflops": 0.0,
    "mp2_time": 6.9533558049702e-310,
    "n_atoms": 68,
    "nmers": [
      [
        {
          "fragments": [
            0
          ],
          "hf_energy": -1691.6965484354228,
          "num_basis_fns": 1508,
          "num_iters": 17,
          "schema_version": "0.2.0"
        }
      ]
    ],
    "num_iters": 17,
    "ri_fock_time": 0.27193410199999996,
    "ri_tflops": 2.106293560077287,
    "scf_tflops": 34.32052313119628,
    "scf_time": 34.447724808,
    "schema_version": "0.2.0",
    "tflops": 32.22204221664018,
    "total_time": 34.626466,
    "transforms_time": 0.08884999099999999,
    "xc_tflops": 42.35866335747663,
    "xc_time": 25.971175449
  },
  "schema_version": "0.2.0"
}
