{
  "calculation_time": 34.521554566,
  "qmmbe": {
    "b_formation_time": 2.166350668,
    "b_tflops": 6.7326600215953585,
    "diag_time": 4.545845641,
    "expanded_elec_energy": -5902.709204190515,
    "expanded_hf_energy": -1691.6943667506143,
    "expanded_nuc_repulsion_energy": 4459.556443427221,
    "expanded_xc_energy": -248.54160598732,
    "homo": -0.16836198089124707,
    "lumo": -0.10167495129032789,
    "method": "RestrictedKSDFT",
    "mp2_tflops": 0.0,
    "mp2_time": 6.95335580496863e-310,
    "n_atoms": 68,
    "nmers": [
      [
        {
          "fragments": [
            0
          ],
          "hf_energy": -1691.6943667506143,
          "num_basis_fns": 1508,
          "num_iters": 17,
          "schema_version": "0.2.0"
        }
      ]
    ],
    "num_iters": 17,
    "ri_fock_time": 0.273629354,
    "ri_tflops": 2.093244161984171,
    "scf_tflops": 34.47754733561676,
    "scf_time": 34.330426067,
    "schema_version": "0.2.0",
    "tflops": 32.309702543286626,
    "total_time": 34.516884,
    "transforms_time": 0.08790601099999998,
    "xc_tflops": 42.628991353202814,
    "xc_time": 25.784933346000003
  },
  "schema_version": "0.2.0"
}
