{
  "calculation_time": 34.857388625,
  "qmmbe": {
    "b_formation_time": 2.296750594,
    "b_tflops": 7.326141347284659,
    "diag_time": 4.59412217,
    "expanded_elec_energy": -6231.124397422248,
    "expanded_hf_energy": -1691.6828950664108,
    "expanded_nuc_repulsion_energy": 4787.991414391782,
    "expanded_xc_energy": -248.54991203594497,
    "homo": -0.17122028413978924,
    "lumo": -0.09350641657194293,
    "method": "RestrictedKSDFT",
    "mp2_tflops": 0.0,
    "mp2_time": 6.9533558049702e-310,
    "n_atoms": 68,
    "nmers": [
      [
        {
          "fragments": [
            0
          ],
          "hf_energy": -1691.6828950664108,
          "num_basis_fns": 1508,
          "num_iters": 17,
          "schema_version": "0.2.0"
        }
      ]
    ],
    "num_iters": 17,
    "ri_fock_time": 0.272268765,
    "ri_tflops": 2.103704579583339,
    "scf_tflops": 34.08576154304943,
    "scf_time": 34.646803669,
    "schema_version": "0.2.0",
    "tflops": 31.865831680316823,
    "total_time": 34.852838,
    "transforms_time": 0.08969629500000001,
    "xc_tflops": 42.14946547389855,
    "xc_time": 25.91570773
  },
  "schema_version": "0.2.0"
}
