{
  "calculation_time": 30.322031417,
  "qmmbe": {
    "b_formation_time": 2.028661491,
    "b_tflops": 6.521924891487972,
    "diag_time": 3.9844289840000005,
    "expanded_elec_energy": -5673.909007089641,
    "expanded_hf_energy": -1614.2614211214175,
    "expanded_nuc_repulsion_energy": 4296.569461675307,
    "expanded_xc_energy": -236.92187570708361,
    "homo": -0.16772879137152708,
    "lumo": -0.10075030104488587,
    "method": "RestrictedKSDFT",
    "mp2_tflops": 0.0,
    "mp2_time": 6.9533558049781e-310,
    "n_atoms": 64,
    "nmers": [
      [
        {
          "fragments": [
            0
          ],
          "hf_energy": -1614.2614211214175,
          "num_basis_fns": 1434,
          "num_iters": 17,
          "schema_version": "0.2.0"
        }
      ]
    ],
    "num_iters": 17,
    "ri_fock_time": 0.23635017799999997,
    "ri_tflops": 2.083726108198658,
    "scf_tflops": 33.54940850099795,
    "scf_time": 30.138090251,
    "schema_version": "0.2.0",
    "tflops": 31.28890226279791,
    "total_time": 30.317749,
    "transforms_time": 0.08446893800000001,
    "xc_tflops": 41.50897575631344,
    "xc_time": 22.504237493
  },
  "schema_version": "0.2.0"
}
