{
  "calculation_time": 39.469490609,
  "qmmbe": {
    "b_formation_time": 4.217385499,
    "b_tflops": 3.5191955962895016,
    "diag_time": 4.984161093000001,
    "expanded_elec_energy": -5954.163155879254,
    "expanded_hf_energy": -1691.7001698028173,
    "expanded_nuc_repulsion_energy": 4511.003458260777,
    "expanded_xc_energy": -248.54047218434002,
    "homo": -0.1722332402362183,
    "lumo": -0.09935590765680796,
    "method": "RestrictedKSDFT",
    "mp2_tflops": 0.0,
    "mp2_time": 6.95335580496863e-310,
    "n_atoms": 68,
    "nmers": [
      [
        {
          "fragments": [
            0
          ],
          "hf_energy": -1691.7001698028173,
          "num_basis_fns": 1508,
          "num_iters": 17,
          "schema_version": "0.2.0"
        }
      ]
    ],
    "num_iters": 17,
    "ri_fock_time": 0.30929962099999997,
    "ri_tflops": 1.8518388284995668,
    "scf_tflops": 33.3769474754854,
    "scf_time": 37.497843329,
    "schema_version": "0.2.0",
    "tflops": 29.173396646725866,
    "total_time": 37.91033,
    "transforms_time": 0.27832028699999983,
    "xc_tflops": 41.9249658985697,
    "xc_time": 26.239160918000003
  },
  "schema_version": "0.2.0"
}
