{
  "calculation_time": 34.930652406,
  "qmmbe": {
    "b_formation_time": 2.117242197,
    "b_tflops": 6.673427593394975,
    "diag_time": 4.492686884,
    "expanded_elec_energy": -5836.625593483141,
    "expanded_hf_energy": -1691.698136908453,
    "expanded_nuc_repulsion_energy": 4393.4639483293095,
    "expanded_xc_energy": -248.5364917546219,
    "homo": -0.16977054371648206,
    "lumo": -0.10009514696027247,
    "method": "RestrictedKSDFT",
    "mp2_tflops": 0.0,
    "mp2_time": 6.95335580495757e-310,
    "n_atoms": 68,
    "nmers": [
      [
        {
          "fragments": [
            0
          ],
          "hf_energy": -1691.698136908453,
          "num_basis_fns": 1508,
          "num_iters": 17,
          "schema_version": "0.2.0"
        }
      ]
    ],
    "num_iters": 17,
    "ri_fock_time": 0.274491068,
    "ri_tflops": 2.0866728086321555,
    "scf_tflops": 34.030284777382604,
    "scf_time": 34.734592808,
    "schema_version": "0.2.0",
    "tflops": 31.93589203734486,
    "total_time": 34.925671,
    "transforms_time": 0.094311124,
    "xc_tflops": 41.96868820040116,
    "xc_time": 26.204788603
  },
  "schema_version": "0.2.0"
}
