{
  "calculation_time": 34.605087964,
  "qmmbe": {
    "b_formation_time": 2.091471822,
    "b_tflops": 6.454587081414669,
    "diag_time": 4.4785327089999996,
    "expanded_elec_energy": -5707.141375055398,
    "expanded_hf_energy": -1691.7070869202869,
    "expanded_nuc_repulsion_energy": 4263.96279229102,
    "expanded_xc_energy": -248.52850415590893,
    "homo": -0.1700064502477253,
    "lumo": -0.10238842280160346,
    "method": "RestrictedKSDFT",
    "mp2_tflops": 0.0,
    "mp2_time": 6.95335580496863e-310,
    "n_atoms": 68,
    "nmers": [
      [
        {
          "fragments": [
            0
          ],
          "hf_energy": -1691.7070869202869,
          "num_basis_fns": 1508,
          "num_iters": 17,
          "schema_version": "0.2.0"
        }
      ]
    ],
    "num_iters": 17,
    "ri_fock_time": 0.271822381,
    "ri_tflops": 2.1071592622389694,
    "scf_tflops": 34.40667091853537,
    "scf_time": 34.414590912,
    "schema_version": "0.2.0",
    "tflops": 32.314996816108675,
    "total_time": 34.600653,
    "transforms_time": 0.089675697,
    "xc_tflops": 42.33807474850862,
    "xc_time": 26.055802143
  },
  "schema_version": "0.2.0"
}
