{
  "calculation_time": 26.58833317,
  "qmmbe": {
    "b_formation_time": 1.85471529,
    "b_tflops": 6.650632268824397,
    "diag_time": 3.449750457,
    "expanded_elec_energy": -5459.161319365041,
    "expanded_hf_energy": -1538.005322658066,
    "expanded_nuc_repulsion_energy": 4147.170429205211,
    "expanded_xc_energy": -226.01443249823586,
    "homo": -0.17200491796755,
    "lumo": -0.09759514486095684,
    "method": "RestrictedKSDFT",
    "mp2_tflops": 0.0,
    "mp2_time": 6.9533558049781e-310,
    "n_atoms": 62,
    "nmers": [
      [
        {
          "fragments": [
            0
          ],
          "hf_energy": -1538.005322658066,
          "num_basis_fns": 1372,
          "num_iters": 17,
          "schema_version": "0.2.0"
        }
      ]
    ],
    "num_iters": 17,
    "ri_fock_time": 0.20868190800000003,
    "ri_tflops": 2.0671035720068263,
    "scf_tflops": 33.97971557593281,
    "scf_time": 26.404156177,
    "schema_version": "0.2.0",
    "tflops": 31.507794658213374,
    "total_time": 26.584195,
    "transforms_time": 0.08984422000000003,
    "xc_tflops": 42.16050721014948,
    "xc_time": 19.548606681000003
  },
  "schema_version": "0.2.0"
}
