{
  "calculation_time": 30.344703469,
  "qmmbe": {
    "b_formation_time": 2.001797677,
    "b_tflops": 6.546291627866647,
    "diag_time": 3.878274489,
    "expanded_elec_energy": -5650.925227153059,
    "expanded_hf_energy": -1614.2593637220962,
    "expanded_nuc_repulsion_energy": 4273.579166478137,
    "expanded_xc_energy": -236.9133030471748,
    "homo": -0.16432020039856352,
    "lumo": -0.1055696551632835,
    "method": "RestrictedKSDFT",
    "mp2_tflops": 0.0,
    "mp2_time": 6.95335580498444e-310,
    "n_atoms": 64,
    "nmers": [
      [
        {
          "fragments": [
            0
          ],
          "hf_energy": -1614.2593637220962,
          "num_basis_fns": 1434,
          "num_iters": 17,
          "schema_version": "0.2.0"
        }
      ]
    ],
    "num_iters": 17,
    "ri_fock_time": 0.24461913000000005,
    "ri_tflops": 2.0132891347295687,
    "scf_tflops": 33.60278580553235,
    "scf_time": 30.157907993,
    "schema_version": "0.2.0",
    "tflops": 31.326879113232014,
    "total_time": 30.340333,
    "transforms_time": 0.09119355400000001,
    "xc_tflops": 41.38494558848055,
    "xc_time": 22.619574482
  },
  "schema_version": "0.2.0"
}
