{
  "calculation_time": 35.267423116,
  "qmmbe": {
    "b_formation_time": 2.201168799,
    "b_tflops": 6.77870612374785,
    "diag_time": 5.0623344050000005,
    "expanded_elec_energy": -5962.973477129024,
    "expanded_hf_energy": -1691.6864356760377,
    "expanded_nuc_repulsion_energy": 4519.820499771809,
    "expanded_xc_energy": -248.533458318823,
    "homo": -0.15914546280764366,
    "lumo": -0.11074395429007482,
    "method": "RestrictedKSDFT",
    "mp2_tflops": 0.0,
    "mp2_time": 6.95335580496863e-310,
    "n_atoms": 68,
    "nmers": [
      [
        {
          "fragments": [
            0
          ],
          "hf_energy": -1691.6864356760377,
          "num_basis_fns": 1508,
          "num_iters": 17,
          "schema_version": "0.2.0"
        }
      ]
    ],
    "num_iters": 17,
    "ri_fock_time": 0.271987242,
    "ri_tflops": 2.1058820391582924,
    "scf_tflops": 33.71342683506568,
    "scf_time": 35.061221802,
    "schema_version": "0.2.0",
    "tflops": 31.60547934169187,
    "total_time": 35.262894,
    "transforms_time": 0.08754323499999997,
    "xc_tflops": 42.30937188070485,
    "xc_time": 25.954503780999996
  },
  "schema_version": "0.2.0"
}
