{
  "calculation_time": 34.513815472,
  "qmmbe": {
    "b_formation_time": 2.886050774,
    "b_tflops": 5.777199432680528,
    "diag_time": 6.813296613,
    "expanded_elec_energy": -6203.503823401963,
    "expanded_hf_energy": -1676.5351535079549,
    "expanded_nuc_repulsion_energy": 4759.16307332254,
    "expanded_xc_energy": -232.1944034285321,
    "homo": -0.17073377236385337,
    "lumo": -0.12457205964338136,
    "method": "RestrictedKSDFT",
    "mp2_tflops": 0.0,
    "mp2_time": 6.9533558049702e-310,
    "n_atoms": 68,
    "nmers": [
      [
        {
          "fragments": [
            0
          ],
          "hf_energy": -1676.5351535079549,
          "num_basis_fns": 1508,
          "num_iters": 18,
          "schema_version": "0.2.0"
        }
      ]
    ],
    "num_iters": 18,
    "ri_fock_time": 4.065289198,
    "ri_tflops": 0.14918141133239987,
    "scf_tflops": 0.04999247522231371,
    "scf_time": 34.245787212,
    "schema_version": "0.2.0",
    "tflops": 0.5278521989836925,
    "total_time": 34.509247,
    "transforms_time": 0.395746333,
    "xc_tflops": 0.0,
    "xc_time": 20.981834092999996
  },
  "schema_version": "0.2.0"
}
