{
  "calculation_time": 28.83776447,
  "qmmbe": {
    "b_formation_time": 1.819963813,
    "b_tflops": 4.144403663797463,
    "diag_time": 5.368962099999999,
    "expanded_elec_energy": -4481.490125028901,
    "expanded_hf_energy": -1371.9180622505182,
    "expanded_nuc_repulsion_energy": 3299.65369341566,
    "expanded_xc_energy": -190.08163063727727,
    "homo": -0.16978280865960152,
    "lumo": -0.12499734020727576,
    "method": "RestrictedKSDFT",
    "mp2_tflops": 0.0,
    "mp2_time": 6.9533558049971e-310,
    "n_atoms": 56,
    "nmers": [
      [
        {
          "fragments": [
            0
          ],
          "hf_energy": -1371.9180622505182,
          "num_basis_fns": 1236,
          "num_iters": 18,
          "schema_version": "0.2.0"
        }
      ]
    ],
    "num_iters": 18,
    "ri_fock_time": 2.6308872549999998,
    "ri_tflops": 0.12693137016698194,
    "scf_tflops": 0.032070151766070504,
    "scf_time": 28.674266139,
    "schema_version": "0.2.0",
    "tflops": 0.29113550850106934,
    "total_time": 28.833906,
    "transforms_time": 0.268590109,
    "xc_tflops": 0.0,
    "xc_time": 18.431433019000004
  },
  "schema_version": "0.2.0"
}
