{
  "calculation_time": 35.809830142,
  "qmmbe": {
    "b_formation_time": 2.734805307,
    "b_tflops": 4.884605419512593,
    "diag_time": 6.826596422,
    "expanded_elec_energy": -5691.543629052538,
    "expanded_hf_energy": -1599.8244382060684,
    "expanded_nuc_repulsion_energy": 4313.063095970421,
    "expanded_xc_energy": -221.34390512395197,
    "homo": -0.1811696613918587,
    "lumo": -0.11608585466667112,
    "method": "RestrictedKSDFT",
    "mp2_tflops": 0.0,
    "mp2_time": 6.95335580500025e-310,
    "n_atoms": 64,
    "nmers": [
      [
        {
          "fragments": [
            0
          ],
          "hf_energy": -1599.8244382060684,
          "num_basis_fns": 1434,
          "num_iters": 17,
          "schema_version": "0.2.0"
        }
      ]
    ],
    "num_iters": 17,
    "ri_fock_time": 3.6303378019999992,
    "ri_tflops": 0.13565928666601812,
    "scf_tflops": 0.03898125156229198,
    "scf_time": 35.590793966,
    "schema_version": "0.2.0",
    "tflops": 0.408091299457101,
    "total_time": 35.805559,
    "transforms_time": 0.09364808899999999,
    "xc_tflops": 0.0,
    "xc_time": 21.750322341
  },
  "schema_version": "0.2.0"
}
