{
  "calculation_time": 38.780571772,
  "qmmbe": {
    "b_formation_time": 2.982806131,
    "b_tflops": 5.262522821794481,
    "diag_time": 8.094238797000001,
    "expanded_elec_energy": -6078.012940421905,
    "expanded_hf_energy": -1676.529677657029,
    "expanded_nuc_repulsion_energy": 4633.674933519835,
    "expanded_xc_energy": -232.19167075495864,
    "homo": -0.17985632911595917,
    "lumo": -0.11720643822258485,
    "method": "RestrictedKSDFT",
    "mp2_tflops": 0.0,
    "mp2_time": 6.953355804956e-310,
    "n_atoms": 68,
    "nmers": [
      [
        {
          "fragments": [
            0
          ],
          "hf_energy": -1676.529677657029,
          "num_basis_fns": 1508,
          "num_iters": 17,
          "schema_version": "0.2.0"
        }
      ]
    ],
    "num_iters": 17,
    "ri_fock_time": 5.188035221999999,
    "ri_tflops": 0.11040269067163248,
    "scf_tflops": 0.04158854853507672,
    "scf_time": 38.552251552,
    "schema_version": "0.2.0",
    "tflops": 0.44238447559268324,
    "total_time": 38.775651,
    "transforms_time": 0.5070170780000001,
    "xc_tflops": 0.0,
    "xc_time": 23.584687073999998
  },
  "schema_version": "0.2.0"
}
