{
  "calculation_time": 36.180301503,
  "qmmbe": {
    "b_formation_time": 2.76184015,
    "b_tflops": 4.741026165484632,
    "diag_time": 7.359079027999999,
    "expanded_elec_energy": -5649.6947091624925,
    "expanded_hf_energy": -1599.8361074181032,
    "expanded_nuc_repulsion_energy": 4271.200590143226,
    "expanded_xc_energy": -221.34198839883646,
    "homo": -0.18397545176766505,
    "lumo": -0.11053512448111821,
    "method": "RestrictedKSDFT",
    "mp2_tflops": 0.0,
    "mp2_time": 6.95335580500025e-310,
    "n_atoms": 64,
    "nmers": [
      [
        {
          "fragments": [
            0
          ],
          "hf_energy": -1599.8361074181032,
          "num_basis_fns": 1434,
          "num_iters": 17,
          "schema_version": "0.2.0"
        }
      ]
    ],
    "num_iters": 17,
    "ri_fock_time": 4.0265173789999995,
    "ri_tflops": 0.12231141460969218,
    "scf_tflops": 0.03851746519120071,
    "scf_time": 35.965541818,
    "schema_version": "0.2.0",
    "tflops": 0.3965906339855439,
    "total_time": 36.176165,
    "transforms_time": 0.08905699800000004,
    "xc_tflops": 0.0,
    "xc_time": 21.611260789
  },
  "schema_version": "0.2.0"
}
