{
  "calculation_time": 33.515767455,
  "qmmbe": {
    "b_formation_time": 2.670579274,
    "b_tflops": 5.497652218756791,
    "diag_time": 6.872673292,
    "expanded_elec_energy": -5910.649923387295,
    "expanded_hf_energy": -1676.530152167354,
    "expanded_nuc_repulsion_energy": 4466.302975206163,
    "expanded_xc_energy": -232.18320398622214,
    "homo": -0.18163035728006488,
    "lumo": -0.11470443837148642,
    "method": "RestrictedKSDFT",
    "mp2_tflops": 0.0,
    "mp2_time": 6.953355804956e-310,
    "n_atoms": 68,
    "nmers": [
      [
        {
          "fragments": [
            0
          ],
          "hf_energy": -1676.530152167354,
          "num_basis_fns": 1508,
          "num_iters": 17,
          "schema_version": "0.2.0"
        }
      ]
    ],
    "num_iters": 17,
    "ri_fock_time": 4.115869125000001,
    "ri_tflops": 0.13916211386045954,
    "scf_tflops": 0.04845027094116818,
    "scf_time": 33.276346266,
    "schema_version": "0.2.0",
    "tflops": 0.4815897409092358,
    "total_time": 33.511047,
    "transforms_time": 0.10101687499999999,
    "xc_tflops": 0.0,
    "xc_time": 20.281006914
  },
  "schema_version": "0.2.0"
}
