{
  "calculation_time": 44.591530473,
  "qmmbe": {
    "b_formation_time": 5.194813359,
    "b_tflops": 3.2958433829853404,
    "diag_time": 8.038209676,
    "expanded_elec_energy": -6266.57811463267,
    "expanded_hf_energy": -1676.543660744002,
    "expanded_nuc_repulsion_energy": 4822.238520382747,
    "expanded_xc_energy": -232.20406649407903,
    "homo": -0.18674484624914883,
    "lumo": -0.10709560930078886,
    "method": "RestrictedKSDFT",
    "mp2_tflops": 0.0,
    "mp2_time": 6.95335580496863e-310,
    "n_atoms": 68,
    "nmers": [
      [
        {
          "fragments": [
            0
          ],
          "hf_energy": -1676.543660744002,
          "num_basis_fns": 1508,
          "num_iters": 18,
          "schema_version": "0.2.0"
        }
      ]
    ],
    "num_iters": 18,
    "ri_fock_time": 4.775931444,
    "ri_tflops": 0.12698372812572556,
    "scf_tflops": 0.04295934608340743,
    "scf_time": 42.356449697,
    "schema_version": "0.2.0",
    "tflops": 0.43062718927332416,
    "total_time": 42.667586,
    "transforms_time": 0.35869633,
    "xc_tflops": 0.0,
    "xc_time": 24.292889862000006
  },
  "schema_version": "0.2.0"
}
