{
  "calculation_time": 32.36833643,
  "qmmbe": {
    "b_formation_time": 2.456113042,
    "b_tflops": 5.000668443613109,
    "diag_time": 6.021939915,
    "expanded_elec_energy": -5511.920969196006,
    "expanded_hf_energy": -1599.8213048692307,
    "expanded_nuc_repulsion_energy": 4133.421752180225,
    "expanded_xc_energy": -221.3220878534496,
    "homo": -0.17722789781273834,
    "lumo": -0.1193810532780788,
    "method": "RestrictedKSDFT",
    "mp2_tflops": 0.0,
    "mp2_time": 6.95335580500025e-310,
    "n_atoms": 64,
    "nmers": [
      [
        {
          "fragments": [
            0
          ],
          "hf_energy": -1599.8213048692307,
          "num_basis_fns": 1434,
          "num_iters": 19,
          "schema_version": "0.2.0"
        }
      ]
    ],
    "num_iters": 19,
    "ri_fock_time": 3.626198515,
    "ri_tflops": 0.1517922752863959,
    "scf_tflops": 0.04785536914917732,
    "scf_time": 32.170265795,
    "schema_version": "0.2.0",
    "tflops": 0.42279762073836724,
    "total_time": 32.363977,
    "transforms_time": 0.10232249699999997,
    "xc_tflops": 0.0,
    "xc_time": 20.106018475
  },
  "schema_version": "0.2.0"
}
