{
  "calculation_time": 31.50901596,
  "qmmbe": {
    "b_formation_time": 2.468345568,
    "b_tflops": 4.411840546469221,
    "diag_time": 6.384051582000001,
    "expanded_elec_energy": -5238.35068805651,
    "expanded_hf_energy": -1523.1090775735217,
    "expanded_nuc_repulsion_energy": 3925.731281430451,
    "expanded_xc_energy": -210.4896709474626,
    "homo": -0.17670321837235858,
    "lumo": -0.11884199358661912,
    "method": "RestrictedKSDFT",
    "mp2_tflops": 0.0,
    "mp2_time": 6.9533558049971e-310,
    "n_atoms": 60,
    "nmers": [
      [
        {
          "fragments": [
            0
          ],
          "hf_energy": -1523.1090775735217,
          "num_basis_fns": 1360,
          "num_iters": 17,
          "schema_version": "0.2.0"
        }
      ]
    ],
    "num_iters": 17,
    "ri_fock_time": 3.283095829,
    "ri_tflops": 0.12795275370562448,
    "scf_tflops": 0.03759724666137744,
    "scf_time": 31.314723975,
    "schema_version": "0.2.0",
    "tflops": 0.3796144968505278,
    "total_time": 31.504833,
    "transforms_time": 0.08715276300000002,
    "xc_tflops": 0.0,
    "xc_time": 19.293856965
  },
  "schema_version": "0.2.0"
}
