{
  "calculation_time": 32.694584607,
  "qmmbe": {
    "b_formation_time": 2.582494971,
    "b_tflops": 5.010847372522531,
    "diag_time": 6.253576049,
    "expanded_elec_energy": -5621.814445680291,
    "expanded_hf_energy": -1599.8186229273774,
    "expanded_nuc_repulsion_energy": 4243.3350022930435,
    "expanded_xc_energy": -221.3391795401298,
    "homo": -0.17545135419543387,
    "lumo": -0.12111121091863089,
    "method": "RestrictedKSDFT",
    "mp2_tflops": 0.0,
    "mp2_time": 6.95335580500025e-310,
    "n_atoms": 64,
    "nmers": [
      [
        {
          "fragments": [
            0
          ],
          "hf_energy": -1599.8186229273774,
          "num_basis_fns": 1434,
          "num_iters": 18,
          "schema_version": "0.2.0"
        }
      ]
    ],
    "num_iters": 18,
    "ri_fock_time": 3.89192174,
    "ri_tflops": 0.13398496032039947,
    "scf_tflops": 0.04539978051976433,
    "scf_time": 32.482773741,
    "schema_version": "0.2.0",
    "tflops": 0.43645507493262364,
    "total_time": 32.690278,
    "transforms_time": 0.14252658299999998,
    "xc_tflops": 0.0,
    "xc_time": 20.18553268
  },
  "schema_version": "0.2.0"
}
