{
  "calculation_time": 39.454455105,
  "qmmbe": {
    "b_formation_time": 2.778399701,
    "b_tflops": 5.255281363213766,
    "diag_time": 8.198720204999999,
    "expanded_elec_energy": -5918.095061335194,
    "expanded_hf_energy": -1676.532182989647,
    "expanded_nuc_repulsion_energy": 4473.7499947820315,
    "expanded_xc_energy": -232.1871164364843,
    "homo": -0.17021390232781547,
    "lumo": -0.1265839587238293,
    "method": "RestrictedKSDFT",
    "mp2_tflops": 0.0,
    "mp2_time": 6.9533558049702e-310,
    "n_atoms": 68,
    "nmers": [
      [
        {
          "fragments": [
            0
          ],
          "hf_energy": -1676.532182989647,
          "num_basis_fns": 1508,
          "num_iters": 19,
          "schema_version": "0.2.0"
        }
      ]
    ],
    "num_iters": 19,
    "ri_fock_time": 4.3337616579999985,
    "ri_tflops": 0.14771419445143844,
    "scf_tflops": 0.04535414732893676,
    "scf_time": 39.214987937,
    "schema_version": "0.2.0",
    "tflops": 0.41139919256663143,
    "total_time": 39.449736,
    "transforms_time": 0.8079666849999999,
    "xc_tflops": 0.0,
    "xc_time": 24.223580376
  },
  "schema_version": "0.2.0"
}
