{
  "calculation_time": 37.370432701,
  "qmmbe": {
    "b_formation_time": 2.696359879,
    "b_tflops": 5.092577943968139,
    "diag_time": 6.73338504,
    "expanded_elec_energy": -5750.163038008814,
    "expanded_hf_energy": -1599.8153996088645,
    "expanded_nuc_repulsion_energy": 4371.691171491342,
    "expanded_xc_energy": -221.34353309139306,
    "homo": -0.18132492578257225,
    "lumo": -0.10936247206852721,
    "method": "RestrictedKSDFT",
    "mp2_tflops": 0.0,
    "mp2_time": 6.95335580500025e-310,
    "n_atoms": 64,
    "nmers": [
      [
        {
          "fragments": [
            0
          ],
          "hf_energy": -1599.8153996088645,
          "num_basis_fns": 1434,
          "num_iters": 18,
          "schema_version": "0.2.0"
        }
      ]
    ],
    "num_iters": 18,
    "ri_fock_time": 3.355955972,
    "ri_tflops": 0.15538314097524758,
    "scf_tflops": 0.03918447579378383,
    "scf_time": 37.140584113,
    "schema_version": "0.2.0",
    "tflops": 0.40300693129610704,
    "total_time": 37.366037,
    "transforms_time": 0.17680384800000007,
    "xc_tflops": 0.0,
    "xc_time": 23.931727084
  },
  "schema_version": "0.2.0"
}
