{
  "calculation_time": 36.735959627,
  "qmmbe": {
    "b_formation_time": 2.611216104,
    "b_tflops": 5.4162326849604945,
    "diag_time": 7.427716208000001,
    "expanded_elec_energy": -5815.569427479139,
    "expanded_hf_energy": -1599.807311229956,
    "expanded_nuc_repulsion_energy": 4437.112288701972,
    "expanded_xc_energy": -221.3501724527884,
    "homo": -0.18548114663060017,
    "lumo": -0.10942651991621088,
    "method": "RestrictedKSDFT",
    "mp2_tflops": 0.0,
    "mp2_time": 6.95335580500025e-310,
    "n_atoms": 64,
    "nmers": [
      [
        {
          "fragments": [
            0
          ],
          "hf_energy": -1599.807311229956,
          "num_basis_fns": 1434,
          "num_iters": 17,
          "schema_version": "0.2.0"
        }
      ]
    ],
    "num_iters": 17,
    "ri_fock_time": 4.544535427,
    "ri_tflops": 0.10836950101654474,
    "scf_tflops": 0.037704714384900424,
    "scf_time": 36.512133452,
    "schema_version": "0.2.0",
    "tflops": 0.4191617101216296,
    "total_time": 36.731521,
    "transforms_time": 0.17672863699999994,
    "xc_tflops": 0.0,
    "xc_time": 22.471673023
  },
  "schema_version": "0.2.0"
}
