{
  "calculation_time": 38.977176657,
  "qmmbe": {
    "b_formation_time": 3.073218088,
    "b_tflops": 5.810161805284806,
    "diag_time": 7.699155665999999,
    "expanded_elec_energy": -6360.321201168503,
    "expanded_hf_energy": -1676.5449980724902,
    "expanded_nuc_repulsion_energy": 4915.984144990367,
    "expanded_xc_energy": -232.20794189435435,
    "homo": -0.18759114735424656,
    "lumo": -0.10538946156003423,
    "method": "RestrictedKSDFT",
    "mp2_tflops": 0.0,
    "mp2_time": 6.95335580499393e-310,
    "n_atoms": 68,
    "nmers": [
      [
        {
          "fragments": [
            0
          ],
          "hf_energy": -1676.5449980724902,
          "num_basis_fns": 1508,
          "num_iters": 17,
          "schema_version": "0.2.0"
        }
      ]
    ],
    "num_iters": 17,
    "ri_fock_time": 4.923541505,
    "ri_tflops": 0.11633354714819245,
    "scf_tflops": 0.041557942567290854,
    "scf_time": 38.715241503,
    "schema_version": "0.2.0",
    "tflops": 0.49554043781493345,
    "total_time": 38.972713,
    "transforms_time": 0.09521441999999998,
    "xc_tflops": 0.0,
    "xc_time": 23.626400867999998
  },
  "schema_version": "0.2.0"
}
