{
  "calculation_time": 34.400243401,
  "qmmbe": {
    "b_formation_time": 2.761154623,
    "b_tflops": 5.536414415502294,
    "diag_time": 7.271842933,
    "expanded_elec_energy": -6014.122397930192,
    "expanded_hf_energy": -1676.5414216717397,
    "expanded_nuc_repulsion_energy": 4569.778257300026,
    "expanded_xc_energy": -232.1972810415735,
    "homo": -0.18247444180475753,
    "lumo": -0.11363803225100778,
    "method": "RestrictedKSDFT",
    "mp2_tflops": 0.0,
    "mp2_time": 6.9533558049702e-310,
    "n_atoms": 68,
    "nmers": [
      [
        {
          "fragments": [
            0
          ],
          "hf_energy": -1676.5414216717397,
          "num_basis_fns": 1508,
          "num_iters": 17,
          "schema_version": "0.2.0"
        }
      ]
    ],
    "num_iters": 17,
    "ri_fock_time": 4.049009993,
    "ri_tflops": 0.14146002326450666,
    "scf_tflops": 0.047258886655585565,
    "scf_time": 34.148302866,
    "schema_version": "0.2.0",
    "tflops": 0.4867909863211414,
    "total_time": 34.395783,
    "transforms_time": 0.10252011399999995,
    "xc_tflops": 0.0,
    "xc_time": 20.510180559
  },
  "schema_version": "0.2.0"
}
