{
  "calculation_time": 40.443155426,
  "qmmbe": {
    "b_formation_time": 3.238953244,
    "b_tflops": 4.782807879697814,
    "diag_time": 8.305271873,
    "expanded_elec_energy": -6044.914265634909,
    "expanded_hf_energy": -1676.5400614736343,
    "expanded_nuc_repulsion_energy": 4600.569845125222,
    "expanded_xc_energy": -232.1956409639476,
    "homo": -0.18543891132953705,
    "lumo": -0.10814340563096898,
    "method": "RestrictedKSDFT",
    "mp2_tflops": 0.0,
    "mp2_time": 6.95335580496863e-310,
    "n_atoms": 68,
    "nmers": [
      [
        {
          "fragments": [
            0
          ],
          "hf_energy": -1676.5400614736343,
          "num_basis_fns": 1508,
          "num_iters": 17,
          "schema_version": "0.2.0"
        }
      ]
    ],
    "num_iters": 17,
    "ri_fock_time": 5.265411945,
    "ri_tflops": 0.10878029179690325,
    "scf_tflops": 0.040121681223609026,
    "scf_time": 40.19338379,
    "schema_version": "0.2.0",
    "tflops": 0.4191050553388708,
    "total_time": 40.438433,
    "transforms_time": 0.09790606699999996,
    "xc_tflops": 0.0,
    "xc_time": 24.686661335000004
  },
  "schema_version": "0.2.0"
}
