{
  "calculation_time": 32.509199795,
  "qmmbe": {
    "b_formation_time": 2.664878423,
    "b_tflops": 4.812826618462211,
    "diag_time": 6.888534148,
    "expanded_elec_energy": -5610.909560598509,
    "expanded_hf_energy": -1599.8221960663518,
    "expanded_nuc_repulsion_energy": 4232.4232167371565,
    "expanded_xc_energy": -221.335852204999,
    "homo": -0.18041810054223578,
    "lumo": -0.11369700081873661,
    "method": "RestrictedKSDFT",
    "mp2_tflops": 0.0,
    "mp2_time": 6.95335580500025e-310,
    "n_atoms": 64,
    "nmers": [
      [
        {
          "fragments": [
            0
          ],
          "hf_energy": -1599.8221960663518,
          "num_basis_fns": 1434,
          "num_iters": 18,
          "schema_version": "0.2.0"
        }
      ]
    ],
    "num_iters": 18,
    "ri_fock_time": 3.497763023,
    "ri_tflops": 0.1490835646883674,
    "scf_tflops": 0.04542761609837778,
    "scf_time": 32.304725034,
    "schema_version": "0.2.0",
    "tflops": 0.4354000942431168,
    "total_time": 32.504886,
    "transforms_time": 0.09259491400000004,
    "xc_tflops": 0.0,
    "xc_time": 19.397398613
  },
  "schema_version": "0.2.0"
}
