{
  "calculation_time": 34.944471855,
  "qmmbe": {
    "b_formation_time": 2.658391724,
    "b_tflops": 4.84663192907683,
    "diag_time": 6.470458046,
    "expanded_elec_energy": -5612.183779359923,
    "expanded_hf_energy": -1599.8178039617203,
    "expanded_nuc_repulsion_energy": 4233.704394816007,
    "expanded_xc_energy": -221.338419417804,
    "homo": -0.1753675646825159,
    "lumo": -0.11909941208094257,
    "method": "RestrictedKSDFT",
    "mp2_tflops": 0.0,
    "mp2_time": 6.95335580499393e-310,
    "n_atoms": 64,
    "nmers": [
      [
        {
          "fragments": [
            0
          ],
          "hf_energy": -1599.8178039617203,
          "num_basis_fns": 1434,
          "num_iters": 18,
          "schema_version": "0.2.0"
        }
      ]
    ],
    "num_iters": 18,
    "ri_fock_time": 3.6051832729999997,
    "ri_tflops": 0.14464146214405227,
    "scf_tflops": 0.042161116541637775,
    "scf_time": 34.71310594,
    "schema_version": "0.2.0",
    "tflops": 0.40674241046930837,
    "total_time": 34.940039,
    "transforms_time": 0.098956009,
    "xc_tflops": 0.0,
    "xc_time": 21.92691739
  },
  "schema_version": "0.2.0"
}
