{
  "calculation_time": 32.521664139,
  "qmmbe": {
    "b_formation_time": 2.457844785,
    "b_tflops": 5.207509751338509,
    "diag_time": 6.057816038,
    "expanded_elec_energy": -5593.923922298123,
    "expanded_hf_energy": -1599.8221711925567,
    "expanded_nuc_repulsion_energy": 4215.431361445004,
    "expanded_xc_energy": -221.3296103394373,
    "homo": -0.1741448546107582,
    "lumo": -0.1198893005161561,
    "method": "RestrictedKSDFT",
    "mp2_tflops": 0.0,
    "mp2_time": 6.95335580500025e-310,
    "n_atoms": 64,
    "nmers": [
      [
        {
          "fragments": [
            0
          ],
          "hf_energy": -1599.8221711925567,
          "num_basis_fns": 1434,
          "num_iters": 19,
          "schema_version": "0.2.0"
        }
      ]
    ],
    "num_iters": 19,
    "ri_fock_time": 3.766814105,
    "ri_tflops": 0.1461258527468533,
    "scf_tflops": 0.04762883491128191,
    "scf_time": 32.310229654,
    "schema_version": "0.2.0",
    "tflops": 0.43670400806154347,
    "total_time": 32.517349,
    "transforms_time": 0.22644001800000002,
    "xc_tflops": 0.0,
    "xc_time": 20.323891743
  },
  "schema_version": "0.2.0"
}
