{
  "calculation_time": 30.869310534,
  "qmmbe": {
    "b_formation_time": 2.157290984,
    "b_tflops": 4.370706136087945,
    "diag_time": 5.467206249,
    "expanded_elec_energy": -4918.153597065015,
    "expanded_hf_energy": -1447.524069976002,
    "expanded_nuc_repulsion_energy": 3670.920001585952,
    "expanded_xc_energy": -200.29047449693923,
    "homo": -0.19107838096445587,
    "lumo": -0.10609102475795686,
    "method": "RestrictedKSDFT",
    "mp2_tflops": 0.0,
    "mp2_time": 6.9533558049971e-310,
    "n_atoms": 58,
    "nmers": [
      [
        {
          "fragments": [
            0
          ],
          "hf_energy": -1447.524069976002,
          "num_basis_fns": 1298,
          "num_iters": 17,
          "schema_version": "0.2.0"
        }
      ]
    ],
    "num_iters": 17,
    "ri_fock_time": 3.081916022,
    "ri_tflops": 0.11851022147546367,
    "scf_tflops": 0.03328478855913358,
    "scf_time": 30.669590711,
    "schema_version": "0.2.0",
    "tflops": 0.33564745022671627,
    "total_time": 30.865457,
    "transforms_time": 0.089708482,
    "xc_tflops": 0.0,
    "xc_time": 19.797162270999998
  },
  "schema_version": "0.2.0"
}
