{
  "calculation_time": 44.312639048,
  "qmmbe": {
    "b_formation_time": 3.227429042,
    "b_tflops": 5.338012722392798,
    "diag_time": 8.156023345,
    "expanded_elec_energy": -6274.439700581892,
    "expanded_hf_energy": -1676.540261424897,
    "expanded_nuc_repulsion_energy": 4830.101327309252,
    "expanded_xc_energy": -232.20188815225725,
    "homo": -0.1845804054981518,
    "lumo": -0.10858922343028318,
    "method": "RestrictedKSDFT",
    "mp2_tflops": 0.0,
    "mp2_time": 6.95335580496863e-310,
    "n_atoms": 68,
    "nmers": [
      [
        {
          "fragments": [
            0
          ],
          "hf_energy": -1676.540261424897,
          "num_basis_fns": 1508,
          "num_iters": 19,
          "schema_version": "0.2.0"
        }
      ]
    ],
    "num_iters": 19,
    "ri_fock_time": 6.3744578,
    "ri_tflops": 0.10042550007249243,
    "scf_tflops": 0.0405527936981541,
    "scf_time": 44.049563428,
    "schema_version": "0.2.0",
    "tflops": 0.42557476362599406,
    "total_time": 44.308019,
    "transforms_time": 0.19211984100000004,
    "xc_tflops": 0.0,
    "xc_time": 28.503258352
  },
  "schema_version": "0.2.0"
}
