{
  "calculation_time": 35.358484279,
  "qmmbe": {
    "b_formation_time": 2.706770349,
    "b_tflops": 5.462920464950017,
    "diag_time": 7.449757827999998,
    "expanded_elec_energy": -5948.458534045369,
    "expanded_hf_energy": -1676.5471378575346,
    "expanded_nuc_repulsion_energy": 4504.107988362695,
    "expanded_xc_energy": -232.19659217486122,
    "homo": -0.18298274357918962,
    "lumo": -0.11325354891947133,
    "method": "RestrictedKSDFT",
    "mp2_tflops": 0.0,
    "mp2_time": 6.953355804956e-310,
    "n_atoms": 68,
    "nmers": [
      [
        {
          "fragments": [
            0
          ],
          "hf_energy": -1676.5471378575346,
          "num_basis_fns": 1508,
          "num_iters": 17,
          "schema_version": "0.2.0"
        }
      ]
    ],
    "num_iters": 17,
    "ri_fock_time": 4.059879484000001,
    "ri_tflops": 0.1410812931923966,
    "scf_tflops": 0.04574875001085031,
    "scf_time": 35.143298935,
    "schema_version": "0.2.0",
    "tflops": 0.4594590361059715,
    "total_time": 35.353601,
    "transforms_time": 0.3415789979999999,
    "xc_tflops": 0.0,
    "xc_time": 21.340423894000004
  },
  "schema_version": "0.2.0"
}
