{
  "calculation_time": 30.230200179,
  "qmmbe": {
    "b_formation_time": 2.192605104,
    "b_tflops": 5.179018391884579,
    "diag_time": 5.662227640999999,
    "expanded_elec_energy": -5305.832682669202,
    "expanded_hf_energy": -1524.2405307310269,
    "expanded_nuc_repulsion_energy": 3992.7359733873286,
    "expanded_xc_energy": -211.14382144915356,
    "homo": -0.18519125797841485,
    "lumo": -0.11002828900553865,
    "method": "RestrictedKSDFT",
    "mp2_tflops": 0.0,
    "mp2_time": 6.9533558049971e-310,
    "n_atoms": 62,
    "nmers": [
      [
        {
          "fragments": [
            0
          ],
          "hf_energy": -1524.2405307310269,
          "num_basis_fns": 1372,
          "num_iters": 18,
          "schema_version": "0.2.0"
        }
      ]
    ],
    "num_iters": 18,
    "ri_fock_time": 3.683361499,
    "ri_tflops": 0.1240013107277147,
    "scf_tflops": 0.04257038751597315,
    "scf_time": 30.010099782,
    "schema_version": "0.2.0",
    "tflops": 0.414171662895148,
    "total_time": 30.226112,
    "transforms_time": 0.3065903960000001,
    "xc_tflops": 0.0,
    "xc_time": 18.938866576
  },
  "schema_version": "0.2.0"
}
