{
  "calculation_time": 17.869676506,
  "qmmbe": {
    "b_formation_time": 1.365217605,
    "b_tflops": 2.5193749729414012,
    "diag_time": 3.3918380150000003,
    "expanded_elec_energy": -3228.973931645787,
    "expanded_hf_energy": -1067.3055727354126,
    "expanded_nuc_repulsion_energy": 2309.6629692016413,
    "expanded_xc_energy": -147.99461029126684,
    "homo": -0.18425994458915726,
    "lumo": -0.1113610410965598,
    "method": "RestrictedKSDFT",
    "mp2_tflops": 0.0,
    "mp2_time": 6.95335580499867e-310,
    "n_atoms": 44,
    "nmers": [
      [
        {
          "fragments": [
            0
          ],
          "hf_energy": -1067.3055727354126,
          "num_basis_fns": 964,
          "num_iters": 17,
          "schema_version": "0.2.0"
        }
      ]
    ],
    "num_iters": 17,
    "ri_fock_time": 1.5657331450000003,
    "ri_tflops": 0.09557117672437085,
    "scf_tflops": 0.023818347279310315,
    "scf_time": 17.747304364,
    "schema_version": "0.2.0",
    "tflops": 0.2139736477205302,
    "total_time": 17.866636,
    "transforms_time": 0.06705814600000001,
    "xc_tflops": 0.0,
    "xc_time": 11.641688672
  },
  "schema_version": "0.2.0"
}
