{
  "calculation_time": 34.021499052,
  "qmmbe": {
    "b_formation_time": 2.789214218,
    "b_tflops": 5.462124784611291,
    "diag_time": 7.04110233,
    "expanded_elec_energy": -6016.660699065414,
    "expanded_hf_energy": -1676.5371936925535,
    "expanded_nuc_repulsion_energy": 4572.31801953661,
    "expanded_xc_energy": -232.19451416375017,
    "homo": -0.18224677914691545,
    "lumo": -0.10759251454959246,
    "method": "RestrictedKSDFT",
    "mp2_tflops": 0.0,
    "mp2_time": 6.95335580499393e-310,
    "n_atoms": 68,
    "nmers": [
      [
        {
          "fragments": [
            0
          ],
          "hf_energy": -1676.5371936925535,
          "num_basis_fns": 1508,
          "num_iters": 17,
          "schema_version": "0.2.0"
        }
      ]
    ],
    "num_iters": 17,
    "ri_fock_time": 4.465562351000001,
    "ri_tflops": 0.12826448334770993,
    "scf_tflops": 0.04801164722484667,
    "scf_time": 33.788039777,
    "schema_version": "0.2.0",
    "tflops": 0.49068889741448507,
    "total_time": 34.016864,
    "transforms_time": 0.098474238,
    "xc_tflops": 0.0,
    "xc_time": 20.270380726000003
  },
  "schema_version": "0.2.0"
}
