{
  "calculation_time": 33.98290816,
  "qmmbe": {
    "b_formation_time": 2.435829765,
    "b_tflops": 4.8111695924513835,
    "diag_time": 5.685763473,
    "expanded_elec_energy": -5359.260441398137,
    "expanded_hf_energy": -1524.1983726128803,
    "expanded_nuc_repulsion_energy": 4046.1968388508735,
    "expanded_xc_energy": -211.13477006561675,
    "homo": -0.16964470979113327,
    "lumo": -0.12501892518004978,
    "method": "RestrictedKSDFT",
    "mp2_tflops": 0.0,
    "mp2_time": 6.9533558049955e-310,
    "n_atoms": 62,
    "nmers": [
      [
        {
          "fragments": [
            0
          ],
          "hf_energy": -1524.1983726128803,
          "num_basis_fns": 1372,
          "num_iters": 18,
          "schema_version": "0.2.0"
        }
      ]
    ],
    "num_iters": 18,
    "ri_fock_time": 4.4532196200000005,
    "ri_tflops": 0.10256436752158204,
    "scf_tflops": 0.037877587843638226,
    "scf_time": 33.760286053,
    "schema_version": "0.2.0",
    "tflops": 0.3791323656614258,
    "total_time": 33.978761,
    "transforms_time": 0.09595737599999998,
    "xc_tflops": 0.0,
    "xc_time": 21.970426168
  },
  "schema_version": "0.2.0"
}
