{
  "calculation_time": 25.414269226,
  "qmmbe": {
    "b_formation_time": 2.32217558,
    "b_tflops": 5.868115830834807,
    "diag_time": 5.588805772,
    "expanded_elec_energy": -5740.879792320571,
    "expanded_hf_energy": -1676.557158908663,
    "expanded_nuc_repulsion_energy": 4296.506455499038,
    "expanded_xc_energy": -232.18382208712953,
    "homo": -0.18660224808461473,
    "lumo": -0.11066706392239947,
    "method": "RestrictedKSDFT",
    "mp2_tflops": 0.0,
    "mp2_time": 6.9533558049702e-310,
    "n_atoms": 68,
    "nmers": [
      [
        {
          "fragments": [
            0
          ],
          "hf_energy": -1676.557158908663,
          "num_basis_fns": 1508,
          "num_iters": 17,
          "schema_version": "0.2.0"
        }
      ]
    ],
    "num_iters": 17,
    "ri_fock_time": 2.6590451489999998,
    "ri_tflops": 0.21540553684220276,
    "scf_tflops": 0.06480211333953859,
    "scf_time": 25.189270154,
    "schema_version": "0.2.0",
    "tflops": 0.5936108104935172,
    "total_time": 25.409673,
    "transforms_time": 0.2690572240000001,
    "xc_tflops": 0.0,
    "xc_time": 14.334734676000002
  },
  "schema_version": "0.2.0"
}
