{
  "calculation_time": 31.503245012,
  "qmmbe": {
    "b_formation_time": 2.327508571,
    "b_tflops": 4.868241996671899,
    "diag_time": 5.434790903,
    "expanded_elec_energy": -5304.092395238376,
    "expanded_hf_energy": -1524.225660357604,
    "expanded_nuc_repulsion_energy": 3991.0169737061433,
    "expanded_xc_energy": -211.15023882537093,
    "homo": -0.1802285047833089,
    "lumo": -0.11655306029254077,
    "method": "RestrictedKSDFT",
    "mp2_tflops": 0.0,
    "mp2_time": 6.95335580500025e-310,
    "n_atoms": 62,
    "nmers": [
      [
        {
          "fragments": [
            0
          ],
          "hf_energy": -1524.225660357604,
          "num_basis_fns": 1372,
          "num_iters": 17,
          "schema_version": "0.2.0"
        }
      ]
    ],
    "num_iters": 17,
    "ri_fock_time": 3.557364794,
    "ri_tflops": 0.12126029868164259,
    "scf_tflops": 0.038765634447363514,
    "scf_time": 31.286592655,
    "schema_version": "0.2.0",
    "tflops": 0.3945970790292307,
    "total_time": 31.498982,
    "transforms_time": 0.257823718,
    "xc_tflops": 0.0,
    "xc_time": 20.212570812
  },
  "schema_version": "0.2.0"
}
