{
  "calculation_time": 20.7580735,
  "qmmbe": {
    "b_formation_time": 1.90724357,
    "b_tflops": 2.7474404870165587,
    "diag_time": 3.6637684950000002,
    "expanded_elec_energy": -3843.425555816348,
    "expanded_hf_energy": -1219.6039735896932,
    "expanded_nuc_repulsion_energy": 2792.85444608228,
    "expanded_xc_energy": -169.0328638556251,
    "homo": -0.16909731508622636,
    "lumo": -0.1269761471154125,
    "method": "RestrictedKSDFT",
    "mp2_tflops": 0.0,
    "mp2_time": 6.9533558049971e-310,
    "n_atoms": 50,
    "nmers": [
      [
        {
          "fragments": [
            0
          ],
          "hf_energy": -1219.6039735896932,
          "num_basis_fns": 1100,
          "num_iters": 17,
          "schema_version": "0.2.0"
        }
      ]
    ],
    "num_iters": 17,
    "ri_fock_time": 1.9254797469999998,
    "ri_tflops": 0.11546242454452574,
    "scf_tflops": 0.03098361376455671,
    "scf_time": 20.604760512,
    "schema_version": "0.2.0",
    "tflops": 0.27985549321494707,
    "total_time": 20.754668,
    "transforms_time": 0.077230039,
    "xc_tflops": 0.0,
    "xc_time": 12.854815806000003
  },
  "schema_version": "0.2.0"
}
