{
  "calculation_time": 33.979080109,
  "qmmbe": {
    "b_formation_time": 4.46036972,
    "b_tflops": 2.4794855681057757,
    "diag_time": 5.9439030740000005,
    "expanded_elec_energy": -5245.568902439606,
    "expanded_hf_energy": -1524.2243558454995,
    "expanded_nuc_repulsion_energy": 3932.4855128229065,
    "expanded_xc_energy": -211.1409662288,
    "homo": -0.1851903765722915,
    "lumo": -0.10981226486106067,
    "method": "RestrictedKSDFT",
    "mp2_tflops": 0.0,
    "mp2_time": 6.9533558049955e-310,
    "n_atoms": 62,
    "nmers": [
      [
        {
          "fragments": [
            0
          ],
          "hf_energy": -1524.2243558454995,
          "num_basis_fns": 1372,
          "num_iters": 17,
          "schema_version": "0.2.0"
        }
      ]
    ],
    "num_iters": 17,
    "ri_fock_time": 3.391900785,
    "ri_tflops": 0.12717562947231076,
    "scf_tflops": 0.04102450871244211,
    "scf_time": 32.064377404,
    "schema_version": "0.2.0",
    "tflops": 0.3753709291762604,
    "total_time": 32.330366,
    "transforms_time": 0.4019263349999999,
    "xc_tflops": 0.0,
    "xc_time": 18.386217726
  },
  "schema_version": "0.2.0"
}
