{
  "calculation_time": 27.355488277,
  "qmmbe": {
    "b_formation_time": 2.252378973,
    "b_tflops": 4.489448275432823,
    "diag_time": 5.511658807,
    "expanded_elec_energy": -5064.160958932792,
    "expanded_hf_energy": -1524.2531517676105,
    "expanded_nuc_repulsion_energy": 3751.044331170241,
    "expanded_xc_energy": -211.1365240050597,
    "homo": -0.18306264255202515,
    "lumo": -0.1142180265006264,
    "method": "RestrictedKSDFT",
    "mp2_tflops": 0.0,
    "mp2_time": 6.9533558049955e-310,
    "n_atoms": 62,
    "nmers": [
      [
        {
          "fragments": [
            0
          ],
          "hf_energy": -1524.2531517676105,
          "num_basis_fns": 1372,
          "num_iters": 17,
          "schema_version": "0.2.0"
        }
      ]
    ],
    "num_iters": 17,
    "ri_fock_time": 2.414295045,
    "ri_tflops": 0.178672080006692,
    "scf_tflops": 0.044815648728518995,
    "scf_time": 27.162280132,
    "schema_version": "0.2.0",
    "tflops": 0.40986707459371297,
    "total_time": 27.351477,
    "transforms_time": 0.17774859799999998,
    "xc_tflops": 0.0,
    "xc_time": 16.787242278
  },
  "schema_version": "0.2.0"
}
