{
  "calculation_time": 29.828532765,
  "qmmbe": {
    "b_formation_time": 4.019225069,
    "b_tflops": 2.679327931897909,
    "diag_time": 5.394048099,
    "expanded_elec_energy": -5191.523492195135,
    "expanded_hf_energy": -1524.2347347285481,
    "expanded_nuc_repulsion_energy": 3878.422457607152,
    "expanded_xc_energy": -211.13370014056505,
    "homo": -0.18353804151146685,
    "lumo": -0.11453423677831565,
    "method": "RestrictedKSDFT",
    "mp2_tflops": 0.0,
    "mp2_time": 6.95335580500025e-310,
    "n_atoms": 62,
    "nmers": [
      [
        {
          "fragments": [
            0
          ],
          "hf_energy": -1524.2347347285481,
          "num_basis_fns": 1372,
          "num_iters": 17,
          "schema_version": "0.2.0"
        }
      ]
    ],
    "num_iters": 17,
    "ri_fock_time": 2.497577256,
    "ri_tflops": 0.17271422391588276,
    "scf_tflops": 0.048061631933012626,
    "scf_time": 27.804676724,
    "schema_version": "0.2.0",
    "tflops": 0.4143999678953778,
    "total_time": 28.107876,
    "transforms_time": 0.43072006100000015,
    "xc_tflops": 0.0,
    "xc_time": 15.155859244
  },
  "schema_version": "0.2.0"
}
