{
  "calculation_time": 31.764879931,
  "qmmbe": {
    "b_formation_time": 1.976954085,
    "b_tflops": 4.976188048470534,
    "diag_time": 4.728230772000001,
    "expanded_elec_energy": -4996.039620077651,
    "expanded_hf_energy": -1447.5202728828372,
    "expanded_nuc_repulsion_energy": 3748.8222291979,
    "expanded_xc_energy": -200.30288200308576,
    "homo": -0.18812051507546002,
    "lumo": -0.10789134386069836,
    "method": "RestrictedKSDFT",
    "mp2_tflops": 0.0,
    "mp2_time": 6.9533558049971e-310,
    "n_atoms": 58,
    "nmers": [
      [
        {
          "fragments": [
            0
          ],
          "hf_energy": -1447.5202728828372,
          "num_basis_fns": 1298,
          "num_iters": 17,
          "schema_version": "0.2.0"
        }
      ]
    ],
    "num_iters": 17,
    "ri_fock_time": 3.010460106,
    "ri_tflops": 0.1213231657207684,
    "scf_tflops": 0.032239397717161514,
    "scf_time": 31.570020199,
    "schema_version": "0.2.0",
    "tflops": 0.33905520837089126,
    "total_time": 31.760971,
    "transforms_time": 0.08831284,
    "xc_tflops": 0.0,
    "xc_time": 21.424002252999998
  },
  "schema_version": "0.2.0"
}
