{
  "calculation_time": 23.306620587,
  "qmmbe": {
    "b_formation_time": 1.632326636,
    "b_tflops": 3.1809255320048577,
    "diag_time": 4.705219488999999,
    "expanded_elec_energy": -3854.623954103004,
    "expanded_hf_energy": -1218.4950190057446,
    "expanded_nuc_repulsion_energy": 2804.50764028885,
    "expanded_xc_energy": -168.37870519159037,
    "homo": -0.17582962393280968,
    "lumo": -0.12079097270488309,
    "method": "RestrictedKSDFT",
    "mp2_tflops": 0.0,
    "mp2_time": 6.9533558049971e-310,
    "n_atoms": 48,
    "nmers": [
      [
        {
          "fragments": [
            0
          ],
          "hf_energy": -1218.4950190057446,
          "num_basis_fns": 1088,
          "num_iters": 17,
          "schema_version": "0.2.0"
        }
      ]
    ],
    "num_iters": 17,
    "ri_fock_time": 1.9327573679999999,
    "ri_tflops": 0.11128222992964941,
    "scf_tflops": 0.02610135123534205,
    "scf_time": 23.152184396,
    "schema_version": "0.2.0",
    "tflops": 0.24641716403596445,
    "total_time": 23.303351,
    "transforms_time": 0.16286289999999995,
    "xc_tflops": 0.0,
    "xc_time": 15.168295832999998
  },
  "schema_version": "0.2.0"
}
