{
  "calculation_time": 40.566443912,
  "qmmbe": {
    "b_formation_time": 2.897285975,
    "b_tflops": 3.8237281011778617,
    "diag_time": 6.445820555,
    "expanded_elec_energy": -5248.69220803873,
    "expanded_hf_energy": -1524.2214577375628,
    "expanded_nuc_repulsion_energy": 3935.6012291139696,
    "expanded_xc_energy": -211.13047881280204,
    "homo": -0.17154954163113012,
    "lumo": -0.12565359708680282,
    "method": "RestrictedKSDFT",
    "mp2_tflops": 0.0,
    "mp2_time": 6.9533558049955e-310,
    "n_atoms": 62,
    "nmers": [
      [
        {
          "fragments": [
            0
          ],
          "hf_energy": -1524.2214577375628,
          "num_basis_fns": 1372,
          "num_iters": 18,
          "schema_version": "0.2.0"
        }
      ]
    ],
    "num_iters": 18,
    "ri_fock_time": 5.1752633679999995,
    "ri_tflops": 0.0882547652713005,
    "scf_tflops": 0.03170219254876321,
    "scf_time": 40.361300708,
    "schema_version": "0.2.0",
    "tflops": 0.3017994792453727,
    "total_time": 40.562331,
    "transforms_time": 0.503427457,
    "xc_tflops": 0.0,
    "xc_time": 26.999683049000005
  },
  "schema_version": "0.2.0"
}
