{
  "calculation_time": 46.412852067,
  "qmmbe": {
    "b_formation_time": 3.241269186,
    "b_tflops": 4.55920067882199,
    "diag_time": 8.740556002,
    "expanded_elec_energy": -5949.459758656574,
    "expanded_hf_energy": -1676.5384417636303,
    "expanded_nuc_repulsion_energy": 4505.107340513083,
    "expanded_xc_energy": -232.18602362013897,
    "homo": -0.17433966603016812,
    "lumo": -0.12219685190909506,
    "method": "RestrictedKSDFT",
    "mp2_tflops": 0.0,
    "mp2_time": 6.953355804956e-310,
    "n_atoms": 68,
    "nmers": [
      [
        {
          "fragments": [
            0
          ],
          "hf_energy": -1676.5384417636303,
          "num_basis_fns": 1508,
          "num_iters": 19,
          "schema_version": "0.2.0"
        }
      ]
    ],
    "num_iters": 19,
    "ri_fock_time": 5.929650385000001,
    "ri_tflops": 0.10795882905261706,
    "scf_tflops": 0.03854629560168379,
    "scf_time": 46.17177032,
    "schema_version": "0.2.0",
    "tflops": 0.3535157376669517,
    "total_time": 46.407874,
    "transforms_time": 0.3510178710000001,
    "xc_tflops": 0.0,
    "xc_time": 29.56897162
  },
  "schema_version": "0.2.0"
}
