{
  "calculation_time": 37.141886666,
  "qmmbe": {
    "b_formation_time": 2.755406848,
    "b_tflops": 5.3115328586364905,
    "diag_time": 8.202174387,
    "expanded_elec_energy": -5928.506624328083,
    "expanded_hf_energy": -1676.5425170728672,
    "expanded_nuc_repulsion_energy": 4484.153132877456,
    "expanded_xc_energy": -232.18902562224082,
    "homo": -0.1826910831131956,
    "lumo": -0.11101771897943231,
    "method": "RestrictedKSDFT",
    "mp2_tflops": 0.0,
    "mp2_time": 6.95335580496863e-310,
    "n_atoms": 68,
    "nmers": [
      [
        {
          "fragments": [
            0
          ],
          "hf_energy": -1676.5425170728672,
          "num_basis_fns": 1508,
          "num_iters": 17,
          "schema_version": "0.2.0"
        }
      ]
    ],
    "num_iters": 17,
    "ri_fock_time": 4.615004874000001,
    "ri_tflops": 0.12411103854621841,
    "scf_tflops": 0.04338487176440803,
    "scf_time": 36.927235509,
    "schema_version": "0.2.0",
    "tflops": 0.433312202939031,
    "total_time": 37.137414,
    "transforms_time": 0.386230515,
    "xc_tflops": 0.0,
    "xc_time": 22.286890188
  },
  "schema_version": "0.2.0"
}
