{
  "calculation_time": 35.593060077,
  "qmmbe": {
    "b_formation_time": 2.539379518,
    "b_tflops": 4.859107773455704,
    "diag_time": 7.298755444,
    "expanded_elec_energy": -5508.431365769713,
    "expanded_hf_energy": -1599.8311400318385,
    "expanded_nuc_repulsion_energy": 4129.9279365403045,
    "expanded_xc_energy": -221.32771080242986,
    "homo": -0.17246900615708596,
    "lumo": -0.12578055955115644,
    "method": "RestrictedKSDFT",
    "mp2_tflops": 0.0,
    "mp2_time": 6.95335580500025e-310,
    "n_atoms": 64,
    "nmers": [
      [
        {
          "fragments": [
            0
          ],
          "hf_energy": -1599.8311400318385,
          "num_basis_fns": 1434,
          "num_iters": 18,
          "schema_version": "0.2.0"
        }
      ]
    ],
    "num_iters": 18,
    "ri_fock_time": 3.530525333,
    "ri_tflops": 0.14770010996094446,
    "scf_tflops": 0.04113185342241461,
    "scf_time": 35.378165333,
    "schema_version": "0.2.0",
    "tflops": 0.38401120838120667,
    "total_time": 35.588722,
    "transforms_time": 0.13754591000000002,
    "xc_tflops": 0.0,
    "xc_time": 21.814183407999998
  },
  "schema_version": "0.2.0"
}
