{
  "calculation_time": 33.205146335,
  "qmmbe": {
    "b_formation_time": 2.587681676,
    "b_tflops": 5.03029435431841,
    "diag_time": 5.92275902,
    "expanded_elec_energy": -5643.602659529075,
    "expanded_hf_energy": -1599.8350210027982,
    "expanded_nuc_repulsion_energy": 4265.114249388057,
    "expanded_xc_energy": -221.3466108617801,
    "homo": -0.1910924426437429,
    "lumo": -0.10680141116248718,
    "method": "RestrictedKSDFT",
    "mp2_tflops": 0.0,
    "mp2_time": 6.95335580500025e-310,
    "n_atoms": 64,
    "nmers": [
      [
        {
          "fragments": [
            0
          ],
          "hf_energy": -1599.8350210027982,
          "num_basis_fns": 1434,
          "num_iters": 17,
          "schema_version": "0.2.0"
        }
      ]
    ],
    "num_iters": 17,
    "ri_fock_time": 3.48855196,
    "ri_tflops": 0.1411729113462882,
    "scf_tflops": 0.042202004008894435,
    "scf_time": 32.970888242,
    "schema_version": "0.2.0",
    "tflops": 0.42981891943791806,
    "total_time": 33.200709,
    "transforms_time": 0.09378344399999998,
    "xc_tflops": 0.0,
    "xc_time": 20.996242333999998
  },
  "schema_version": "0.2.0"
}
