{
  "calculation_time": 36.983501937,
  "qmmbe": {
    "b_formation_time": 3.163822519,
    "b_tflops": 4.789986324514179,
    "diag_time": 7.918616669999999,
    "expanded_elec_energy": -6003.612694818121,
    "expanded_hf_energy": -1676.5479490453918,
    "expanded_nuc_repulsion_energy": 4559.260949956871,
    "expanded_xc_energy": -232.1962041841415,
    "homo": -0.18627132956514011,
    "lumo": -0.10936915428683244,
    "method": "RestrictedKSDFT",
    "mp2_tflops": 0.0,
    "mp2_time": 6.953355804956e-310,
    "n_atoms": 68,
    "nmers": [
      [
        {
          "fragments": [
            0
          ],
          "hf_energy": -1676.5479490453918,
          "num_basis_fns": 1508,
          "num_iters": 17,
          "schema_version": "0.2.0"
        }
      ]
    ],
    "num_iters": 17,
    "ri_fock_time": 4.497201892,
    "ri_tflops": 0.12736209348904187,
    "scf_tflops": 0.04428211221234776,
    "scf_time": 36.745982877,
    "schema_version": "0.2.0",
    "tflops": 0.4492122639734362,
    "total_time": 36.978793,
    "transforms_time": 0.142146806,
    "xc_tflops": 0.0,
    "xc_time": 22.114832748
  },
  "schema_version": "0.2.0"
}
