{
  "calculation_time": 36.065481045,
  "qmmbe": {
    "b_formation_time": 3.019592759,
    "b_tflops": 4.867478683207427,
    "diag_time": 7.134247404999998,
    "expanded_elec_energy": -5923.229990581809,
    "expanded_hf_energy": -1676.53008294908,
    "expanded_nuc_repulsion_energy": 4478.8888367278605,
    "expanded_xc_energy": -232.1889290951314,
    "homo": -0.1844902783534882,
    "lumo": -0.10965889712214161,
    "method": "RestrictedKSDFT",
    "mp2_tflops": 0.0,
    "mp2_time": 6.9533558049702e-310,
    "n_atoms": 68,
    "nmers": [
      [
        {
          "fragments": [
            0
          ],
          "hf_energy": -1676.53008294908,
          "num_basis_fns": 1508,
          "num_iters": 17,
          "schema_version": "0.2.0"
        }
      ]
    ],
    "num_iters": 17,
    "ri_fock_time": 4.385911793999999,
    "ri_tflops": 0.13059383651799908,
    "scf_tflops": 0.045208406623343064,
    "scf_time": 35.834785143,
    "schema_version": "0.2.0",
    "tflops": 0.4479780063038469,
    "total_time": 36.060843,
    "transforms_time": 0.424062399,
    "xc_tflops": 0.0,
    "xc_time": 22.043876433
  },
  "schema_version": "0.2.0"
}
