{
  "calculation_time": 36.429614128,
  "qmmbe": {
    "b_formation_time": 2.606002092,
    "b_tflops": 5.234623856879083,
    "diag_time": 6.369512358,
    "expanded_elec_energy": -5734.660114887293,
    "expanded_hf_energy": -1599.8193623447464,
    "expanded_nuc_repulsion_energy": 4356.18424544827,
    "expanded_xc_energy": -221.34349290572345,
    "homo": -0.1786504512077331,
    "lumo": -0.11904010559032172,
    "method": "RestrictedKSDFT",
    "mp2_tflops": 0.0,
    "mp2_time": 6.95335580500025e-310,
    "n_atoms": 64,
    "nmers": [
      [
        {
          "fragments": [
            0
          ],
          "hf_energy": -1599.8193623447464,
          "num_basis_fns": 1434,
          "num_iters": 18,
          "schema_version": "0.2.0"
        }
      ]
    ],
    "num_iters": 18,
    "ri_fock_time": 3.6942686589999996,
    "ri_tflops": 0.14115350778120006,
    "scf_tflops": 0.04052680433222253,
    "scf_time": 36.201958454,
    "schema_version": "0.2.0",
    "tflops": 0.41094532239141984,
    "total_time": 36.425262,
    "transforms_time": 0.10020301499999998,
    "xc_tflops": 0.0,
    "xc_time": 22.792804143999994
  },
  "schema_version": "0.2.0"
}
