{
  "calculation_time": 29.703149802,
  "qmmbe": {
    "b_formation_time": 2.369499778,
    "b_tflops": 5.3953124453882095,
    "diag_time": 5.711789784,
    "expanded_elec_energy": -5606.884955495567,
    "expanded_hf_energy": -1599.8329105930268,
    "expanded_nuc_repulsion_energy": 4228.385586047916,
    "expanded_xc_energy": -221.33354114537616,
    "homo": -0.1811507809647761,
    "lumo": -0.11576903004082975,
    "method": "RestrictedKSDFT",
    "mp2_tflops": 0.0,
    "mp2_time": 6.95335580500025e-310,
    "n_atoms": 64,
    "nmers": [
      [
        {
          "fragments": [
            0
          ],
          "hf_energy": -1599.8329105930268,
          "num_basis_fns": 1434,
          "num_iters": 17,
          "schema_version": "0.2.0"
        }
      ]
    ],
    "num_iters": 17,
    "ri_fock_time": 3.498253619,
    "ri_tflops": 0.14078139843868193,
    "scf_tflops": 0.047128719673804616,
    "scf_time": 29.485825213,
    "schema_version": "0.2.0",
    "tflops": 0.47266712116852094,
    "total_time": 29.698881,
    "transforms_time": 0.13665769699999994,
    "xc_tflops": 0.0,
    "xc_time": 18.127418926
  },
  "schema_version": "0.2.0"
}
