{
  "calculation_time": 32.827424923,
  "qmmbe": {
    "b_formation_time": 2.367046643,
    "b_tflops": 4.47020481047445,
    "diag_time": 6.052065234,
    "expanded_elec_energy": -5163.599667373321,
    "expanded_hf_energy": -1524.244555078504,
    "expanded_nuc_repulsion_energy": 3850.4944421613814,
    "expanded_xc_energy": -211.1393298665646,
    "homo": -0.18187958803905532,
    "lumo": -0.1127062107648469,
    "method": "RestrictedKSDFT",
    "mp2_tflops": 0.0,
    "mp2_time": 6.9533558049971e-310,
    "n_atoms": 62,
    "nmers": [
      [
        {
          "fragments": [
            0
          ],
          "hf_energy": -1524.244555078504,
          "num_basis_fns": 1372,
          "num_iters": 17,
          "schema_version": "0.2.0"
        }
      ]
    ],
    "num_iters": 17,
    "ri_fock_time": 3.8982129050000003,
    "ri_tflops": 0.11065765979244276,
    "scf_tflops": 0.03696494923339735,
    "scf_time": 32.634400555,
    "schema_version": "0.2.0",
    "tflops": 0.3558384447797979,
    "total_time": 32.823083,
    "transforms_time": 0.090542485,
    "xc_tflops": 0.0,
    "xc_time": 20.686456562
  },
  "schema_version": "0.2.0"
}
