{
  "calculation_time": 24.42794162,
  "qmmbe": {
    "b_formation_time": 2.106901363,
    "b_tflops": 2.9840874871691847,
    "diag_time": 4.218598957,
    "expanded_elec_energy": -4161.632091560729,
    "expanded_hf_energy": -1295.2177551934085,
    "expanded_nuc_repulsion_energy": 3045.650827906866,
    "expanded_xc_energy": -179.23649153954528,
    "homo": -0.17887820840657748,
    "lumo": -0.11701749209040094,
    "method": "RestrictedKSDFT",
    "mp2_tflops": 0.0,
    "mp2_time": 6.9533558049971e-310,
    "n_atoms": 52,
    "nmers": [
      [
        {
          "fragments": [
            0
          ],
          "hf_energy": -1295.2177551934085,
          "num_basis_fns": 1162,
          "num_iters": 17,
          "schema_version": "0.2.0"
        }
      ]
    ],
    "num_iters": 17,
    "ri_fock_time": 1.925202169,
    "ri_tflops": 0.13611274586508115,
    "scf_tflops": 0.030913890957084075,
    "scf_time": 24.269757705,
    "schema_version": "0.2.0",
    "tflops": 0.28481466127171673,
    "total_time": 24.424326,
    "transforms_time": 0.24151177300000004,
    "xc_tflops": 0.0,
    "xc_time": 15.340910515999997
  },
  "schema_version": "0.2.0"
}
