{
  "calculation_time": 34.215357098,
  "qmmbe": {
    "b_formation_time": 2.862709557,
    "b_tflops": 5.712513549073257,
    "diag_time": 6.327932234,
    "expanded_elec_energy": -6172.998572529545,
    "expanded_hf_energy": -1676.531960537421,
    "expanded_nuc_repulsion_energy": 4728.671460277719,
    "expanded_xc_energy": -232.20484828559557,
    "homo": -0.18800767298880347,
    "lumo": -0.1084769407077869,
    "method": "RestrictedKSDFT",
    "mp2_tflops": 0.0,
    "mp2_time": 6.95335580499393e-310,
    "n_atoms": 68,
    "nmers": [
      [
        {
          "fragments": [
            0
          ],
          "hf_energy": -1676.531960537421,
          "num_basis_fns": 1508,
          "num_iters": 17,
          "schema_version": "0.2.0"
        }
      ]
    ],
    "num_iters": 17,
    "ri_fock_time": 3.8815124590000005,
    "ri_tflops": 0.1475643976048358,
    "scf_tflops": 0.047395119182990574,
    "scf_time": 33.977039836,
    "schema_version": "0.2.0",
    "tflops": 0.5205948760305286,
    "total_time": 34.210725,
    "transforms_time": 0.14102463,
    "xc_tflops": 0.0,
    "xc_time": 21.4123239
  },
  "schema_version": "0.2.0"
}
