{
  "calculation_time": 43.282518957,
  "qmmbe": {
    "b_formation_time": 3.139130398,
    "b_tflops": 5.3856737848123,
    "diag_time": 8.184508833,
    "expanded_elec_energy": -6232.036330356734,
    "expanded_hf_energy": -1676.5413689384143,
    "expanded_nuc_repulsion_energy": 4787.698030632103,
    "expanded_xc_energy": -232.20306921378352,
    "homo": -0.18512063439339863,
    "lumo": -0.1074358609765809,
    "method": "RestrictedKSDFT",
    "mp2_tflops": 0.0,
    "mp2_time": 6.95335580496863e-310,
    "n_atoms": 68,
    "nmers": [
      [
        {
          "fragments": [
            0
          ],
          "hf_energy": -1676.5413689384143,
          "num_basis_fns": 1508,
          "num_iters": 17,
          "schema_version": "0.2.0"
        }
      ]
    ],
    "num_iters": 17,
    "ri_fock_time": 5.394256525,
    "ri_tflops": 0.10618201881083139,
    "scf_tflops": 0.03718405738250928,
    "scf_time": 43.045868363,
    "schema_version": "0.2.0",
    "tflops": 0.42430280493106504,
    "total_time": 43.278038,
    "transforms_time": 0.18114742000000003,
    "xc_tflops": 0.0,
    "xc_time": 27.986522616000002
  },
  "schema_version": "0.2.0"
}
