{
  "calculation_time": 38.415146094,
  "qmmbe": {
    "b_formation_time": 2.835660344,
    "b_tflops": 5.497872763497658,
    "diag_time": 7.312929902,
    "expanded_elec_energy": -6052.135988326108,
    "expanded_hf_energy": -1676.546581509714,
    "expanded_nuc_repulsion_energy": 4607.782088626188,
    "expanded_xc_energy": -232.19268180979373,
    "homo": -0.17931716546573911,
    "lumo": -0.11528959714060212,
    "method": "RestrictedKSDFT",
    "mp2_tflops": 0.0,
    "mp2_time": 6.953355804956e-310,
    "n_atoms": 68,
    "nmers": [
      [
        {
          "fragments": [
            0
          ],
          "hf_energy": -1676.546581509714,
          "num_basis_fns": 1508,
          "num_iters": 18,
          "schema_version": "0.2.0"
        }
      ]
    ],
    "num_iters": 18,
    "ri_fock_time": 5.11201676,
    "ri_tflops": 0.11863528789213124,
    "scf_tflops": 0.0444189288347167,
    "scf_time": 38.175074468,
    "schema_version": "0.2.0",
    "tflops": 0.44604333899392196,
    "total_time": 38.410142,
    "transforms_time": 0.11040300400000003,
    "xc_tflops": 0.0,
    "xc_time": 24.029507966000004
  },
  "schema_version": "0.2.0"
}
