{
  "calculation_time": 38.3888844,
  "qmmbe": {
    "b_formation_time": 2.776131326,
    "b_tflops": 5.3899649402853935,
    "diag_time": 8.745141772,
    "expanded_elec_energy": -5953.048976339687,
    "expanded_hf_energy": -1676.525192407054,
    "expanded_nuc_repulsion_energy": 4508.709868702103,
    "expanded_xc_energy": -232.1860847694701,
    "homo": -0.17658302717996288,
    "lumo": -0.12010774993378567,
    "method": "RestrictedKSDFT",
    "mp2_tflops": 0.0,
    "mp2_time": 6.953355804956e-310,
    "n_atoms": 68,
    "nmers": [
      [
        {
          "fragments": [
            0
          ],
          "hf_energy": -1676.525192407054,
          "num_basis_fns": 1508,
          "num_iters": 19,
          "schema_version": "0.2.0"
        }
      ]
    ],
    "num_iters": 19,
    "ri_fock_time": 4.227243358,
    "ri_tflops": 0.151436304475944,
    "scf_tflops": 0.04673541668278023,
    "scf_time": 38.152171366,
    "schema_version": "0.2.0",
    "tflops": 0.43225107275067964,
    "total_time": 38.384098,
    "transforms_time": 0.11468646,
    "xc_tflops": 0.0,
    "xc_time": 22.88759268500001
  },
  "schema_version": "0.2.0"
}
