{
  "calculation_time": 24.469293132,
  "qmmbe": {
    "b_formation_time": 1.966763578,
    "b_tflops": 3.368948596543514,
    "diag_time": 3.8300586389999998,
    "expanded_elec_energy": -4239.197104662869,
    "expanded_hf_energy": -1295.2060623771088,
    "expanded_nuc_repulsion_energy": 3123.230650074866,
    "expanded_xc_energy": -179.23960778910606,
    "homo": -0.17526134415487984,
    "lumo": -0.11894962586376778,
    "method": "RestrictedKSDFT",
    "mp2_tflops": 0.0,
    "mp2_time": 6.9533558049971e-310,
    "n_atoms": 52,
    "nmers": [
      [
        {
          "fragments": [
            0
          ],
          "hf_energy": -1295.2060623771088,
          "num_basis_fns": 1162,
          "num_iters": 17,
          "schema_version": "0.2.0"
        }
      ]
    ],
    "num_iters": 17,
    "ri_fock_time": 2.408480828,
    "ri_tflops": 0.10880076375181343,
    "scf_tflops": 0.03075272969517239,
    "scf_time": 24.302732346,
    "schema_version": "0.2.0",
    "tflops": 0.29817869901916183,
    "total_time": 24.465711,
    "transforms_time": 0.076991286,
    "xc_tflops": 0.0,
    "xc_time": 15.636315350999999
  },
  "schema_version": "0.2.0"
}
