{
  "calculation_time": 28.945187083,
  "qmmbe": {
    "b_formation_time": 1.967243527,
    "b_tflops": 3.9882733735486324,
    "diag_time": 4.453125104,
    "expanded_elec_energy": -4570.451811553173,
    "expanded_hf_energy": -1370.7865145087676,
    "expanded_nuc_repulsion_energy": 3389.0928802016147,
    "expanded_xc_energy": -189.4275831572095,
    "homo": -0.16685843510807424,
    "lumo": -0.12855081722217832,
    "method": "RestrictedKSDFT",
    "mp2_tflops": 0.0,
    "mp2_time": 6.9533558049971e-310,
    "n_atoms": 54,
    "nmers": [
      [
        {
          "fragments": [
            0
          ],
          "hf_energy": -1370.7865145087676,
          "num_basis_fns": 1224,
          "num_iters": 18,
          "schema_version": "0.2.0"
        }
      ]
    ],
    "num_iters": 18,
    "ri_fock_time": 2.736582513,
    "ri_tflops": 0.1184883797552791,
    "scf_tflops": 0.03152106243508389,
    "scf_time": 28.789261341,
    "schema_version": "0.2.0",
    "tflops": 0.29968496339080714,
    "total_time": 28.941432,
    "transforms_time": 0.899019314,
    "xc_tflops": 0.0,
    "xc_time": 19.20962207
  },
  "schema_version": "0.2.0"
}
