{
  "calculation_time": 36.901556689,
  "qmmbe": {
    "b_formation_time": 2.897993083,
    "b_tflops": 5.148809257300771,
    "diag_time": 7.8632085830000005,
    "expanded_elec_energy": -5967.167096420222,
    "expanded_hf_energy": -1676.537409916872,
    "expanded_nuc_repulsion_energy": 4522.828944658713,
    "expanded_xc_energy": -232.19925815536305,
    "homo": -0.17940908117086135,
    "lumo": -0.1166958354637945,
    "method": "RestrictedKSDFT",
    "mp2_tflops": 0.0,
    "mp2_time": 6.95335580496547e-310,
    "n_atoms": 68,
    "nmers": [
      [
        {
          "fragments": [
            0
          ],
          "hf_energy": -1676.537409916872,
          "num_basis_fns": 1508,
          "num_iters": 18,
          "schema_version": "0.2.0"
        }
      ]
    ],
    "num_iters": 18,
    "ri_fock_time": 4.21451714,
    "ri_tflops": 0.14389918462450482,
    "scf_tflops": 0.0463065453679445,
    "scf_time": 36.662801535,
    "schema_version": "0.2.0",
    "tflops": 0.4462088481363585,
    "total_time": 36.896853,
    "transforms_time": 0.4283063069999999,
    "xc_tflops": 0.0,
    "xc_time": 22.150478561999996
  },
  "schema_version": "0.2.0"
}
