{
  "calculation_time": 32.018614746,
  "qmmbe": {
    "b_formation_time": 2.147326037,
    "b_tflops": 5.2334864785137425,
    "diag_time": 5.603896497,
    "expanded_elec_energy": -5307.181068874326,
    "expanded_hf_energy": -1523.105603370041,
    "expanded_nuc_repulsion_energy": 3994.556250550284,
    "expanded_xc_energy": -210.48078504599872,
    "homo": -0.17085708574011954,
    "lumo": -0.12510135451784982,
    "method": "RestrictedKSDFT",
    "mp2_tflops": 0.0,
    "mp2_time": 6.9533558049971e-310,
    "n_atoms": 60,
    "nmers": [
      [
        {
          "fragments": [
            0
          ],
          "hf_energy": -1523.105603370041,
          "num_basis_fns": 1360,
          "num_iters": 18,
          "schema_version": "0.2.0"
        }
      ]
    ],
    "num_iters": 18,
    "ri_fock_time": 3.795682643000001,
    "ri_tflops": 0.11718361355111845,
    "scf_tflops": 0.038969389396193196,
    "scf_time": 31.808620533,
    "schema_version": "0.2.0",
    "tflops": 0.3864257999169875,
    "total_time": 32.014456,
    "transforms_time": 0.100289798,
    "xc_tflops": 0.0,
    "xc_time": 20.430048375
  },
  "schema_version": "0.2.0"
}
