{
  "calculation_time": 41.071385694,
  "qmmbe": {
    "b_formation_time": 5.041543109,
    "b_tflops": 2.8497545950072722,
    "diag_time": 8.137202985,
    "expanded_elec_energy": -5890.114568236994,
    "expanded_hf_energy": -1676.5511456388112,
    "expanded_nuc_repulsion_energy": 4445.748069189569,
    "expanded_xc_energy": -232.18464659138584,
    "homo": -0.1803935554020362,
    "lumo": -0.11768606489661317,
    "method": "RestrictedKSDFT",
    "mp2_tflops": 0.0,
    "mp2_time": 6.953355804956e-310,
    "n_atoms": 68,
    "nmers": [
      [
        {
          "fragments": [
            0
          ],
          "hf_energy": -1676.5511456388112,
          "num_basis_fns": 1508,
          "num_iters": 18,
          "schema_version": "0.2.0"
        }
      ]
    ],
    "num_iters": 18,
    "ri_fock_time": 4.542796893,
    "ri_tflops": 0.13350048314211524,
    "scf_tflops": 0.046820076352504875,
    "scf_time": 38.914842374,
    "schema_version": "0.2.0",
    "tflops": 0.3983726197477001,
    "total_time": 39.340504,
    "transforms_time": 0.6292227299999998,
    "xc_tflops": 0.0,
    "xc_time": 21.780974703
  },
  "schema_version": "0.2.0"
}
