{
  "calculation_time": 38.007360349,
  "qmmbe": {
    "b_formation_time": 3.088095261,
    "b_tflops": 4.579360156218964,
    "diag_time": 8.033913143000001,
    "expanded_elec_energy": -5857.529542825451,
    "expanded_hf_energy": -1676.551647775395,
    "expanded_nuc_repulsion_energy": 4413.161602204079,
    "expanded_xc_energy": -232.18370715402258,
    "homo": -0.18085017459252486,
    "lumo": -0.11752174271586226,
    "method": "RestrictedKSDFT",
    "mp2_tflops": 0.0,
    "mp2_time": 6.95335580496863e-310,
    "n_atoms": 68,
    "nmers": [
      [
        {
          "fragments": [
            0
          ],
          "hf_energy": -1676.551647775395,
          "num_basis_fns": 1508,
          "num_iters": 17,
          "schema_version": "0.2.0"
        }
      ]
    ],
    "num_iters": 17,
    "ri_fock_time": 5.615718404,
    "ri_tflops": 0.1019946170021669,
    "scf_tflops": 0.04261263815398486,
    "scf_time": 37.779211412,
    "schema_version": "0.2.0",
    "tflops": 0.410446758584382,
    "total_time": 38.002884,
    "transforms_time": 0.26537173300000005,
    "xc_tflops": 0.0,
    "xc_time": 23.538940459
  },
  "schema_version": "0.2.0"
}
