{
  "calculation_time": 43.429430376,
  "qmmbe": {
    "b_formation_time": 3.144257355,
    "b_tflops": 5.032812669470562,
    "diag_time": 9.119119879999998,
    "expanded_elec_energy": -6101.210777458469,
    "expanded_hf_energy": -1676.5278661566613,
    "expanded_nuc_repulsion_energy": 4656.877981778971,
    "expanded_xc_energy": -232.19507047716291,
    "homo": -0.18327328112196023,
    "lumo": -0.111769369138238,
    "method": "RestrictedKSDFT",
    "mp2_tflops": 0.0,
    "mp2_time": 6.95335580496863e-310,
    "n_atoms": 68,
    "nmers": [
      [
        {
          "fragments": [
            0
          ],
          "hf_energy": -1676.5278661566613,
          "num_basis_fns": 1508,
          "num_iters": 19,
          "schema_version": "0.2.0"
        }
      ]
    ],
    "num_iters": 19,
    "ri_fock_time": 6.403889581,
    "ri_tflops": 0.09996395224479121,
    "scf_tflops": 0.041339820359810486,
    "scf_time": 43.180353005,
    "schema_version": "0.2.0",
    "tflops": 0.4019075432541756,
    "total_time": 43.424852,
    "transforms_time": 0.11090649200000001,
    "xc_tflops": 0.0,
    "xc_time": 27.038626183
  },
  "schema_version": "0.2.0"
}
