{
  "calculation_time": 34.138166508,
  "qmmbe": {
    "b_formation_time": 2.596722011,
    "b_tflops": 5.144998878244576,
    "diag_time": 6.567832774999999,
    "expanded_elec_energy": -5687.833015278235,
    "expanded_hf_energy": -1599.8107502155221,
    "expanded_nuc_repulsion_energy": 4309.3631848019095,
    "expanded_xc_energy": -221.34091973919692,
    "homo": -0.1763162335521033,
    "lumo": -0.1187341122323163,
    "method": "RestrictedKSDFT",
    "mp2_tflops": 0.0,
    "mp2_time": 6.95335580500025e-310,
    "n_atoms": 64,
    "nmers": [
      [
        {
          "fragments": [
            0
          ],
          "hf_energy": -1599.8107502155221,
          "num_basis_fns": 1434,
          "num_iters": 18,
          "schema_version": "0.2.0"
        }
      ]
    ],
    "num_iters": 18,
    "ri_fock_time": 3.761191812,
    "ri_tflops": 0.13864195339368138,
    "scf_tflops": 0.043149934169521696,
    "scf_time": 33.923998095,
    "schema_version": "0.2.0",
    "tflops": 0.430290654875539,
    "total_time": 34.133861,
    "transforms_time": 0.09598106399999996,
    "xc_tflops": 0.0,
    "xc_time": 21.071630727
  },
  "schema_version": "0.2.0"
}
