{
  "calculation_time": 28.605403949,
  "qmmbe": {
    "b_formation_time": 1.935999317,
    "b_tflops": 5.002270054652091,
    "diag_time": 4.801847518999999,
    "expanded_elec_energy": -4965.888715552593,
    "expanded_hf_energy": -1447.5024199383959,
    "expanded_nuc_repulsion_energy": 3718.672596234219,
    "expanded_xc_energy": -200.28630062002208,
    "homo": -0.16997949846981233,
    "lumo": -0.12672785769652073,
    "method": "RestrictedKSDFT",
    "mp2_tflops": 0.0,
    "mp2_time": 6.9533558049971e-310,
    "n_atoms": 58,
    "nmers": [
      [
        {
          "fragments": [
            0
          ],
          "hf_energy": -1447.5024199383959,
          "num_basis_fns": 1298,
          "num_iters": 19,
          "schema_version": "0.2.0"
        }
      ]
    ],
    "num_iters": 19,
    "ri_fock_time": 3.077055686,
    "ri_tflops": 0.13266181480213876,
    "scf_tflops": 0.039942756503638724,
    "scf_time": 28.418314892,
    "schema_version": "0.2.0",
    "tflops": 0.3749850750115999,
    "total_time": 28.601432,
    "transforms_time": 0.09408417599999996,
    "xc_tflops": 0.0,
    "xc_time": 18.52259035
  },
  "schema_version": "0.2.0"
}
