{
  "calculation_time": 32.836331254,
  "qmmbe": {
    "b_formation_time": 2.472692179,
    "b_tflops": 5.5214787945669315,
    "diag_time": 6.508865917,
    "expanded_elec_energy": -5754.103227424977,
    "expanded_hf_energy": -1676.5496124686401,
    "expanded_nuc_repulsion_energy": 4309.729500770179,
    "expanded_xc_energy": -232.17588581384135,
    "homo": -0.18238417243142388,
    "lumo": -0.11463202343776811,
    "method": "RestrictedKSDFT",
    "mp2_tflops": 0.0,
    "mp2_time": 6.953355804956e-310,
    "n_atoms": 68,
    "nmers": [
      [
        {
          "fragments": [
            0
          ],
          "hf_energy": -1676.5496124686401,
          "num_basis_fns": 1508,
          "num_iters": 18,
          "schema_version": "0.2.0"
        }
      ]
    ],
    "num_iters": 18,
    "ri_fock_time": 3.9904412840000005,
    "ri_tflops": 0.15197957741257168,
    "scf_tflops": 0.051843692499639805,
    "scf_time": 32.630339668,
    "schema_version": "0.2.0",
    "tflops": 0.4628302605519062,
    "total_time": 32.831489,
    "transforms_time": 0.35123311499999993,
    "xc_tflops": 0.0,
    "xc_time": 20.307096809999997
  },
  "schema_version": "0.2.0"
}
