{
  "calculation_time": 37.135372753,
  "qmmbe": {
    "b_formation_time": 2.819316715,
    "b_tflops": 5.413313147186446,
    "diag_time": 7.701953410000001,
    "expanded_elec_energy": -6019.113065004522,
    "expanded_hf_energy": -1676.5356574996165,
    "expanded_nuc_repulsion_energy": 4574.772245618059,
    "expanded_xc_energy": -232.1948381131539,
    "homo": -0.17574554925212435,
    "lumo": -0.12036187580163515,
    "method": "RestrictedKSDFT",
    "mp2_tflops": 0.0,
    "mp2_time": 6.95335580496547e-310,
    "n_atoms": 68,
    "nmers": [
      [
        {
          "fragments": [
            0
          ],
          "hf_energy": -1676.5356574996165,
          "num_basis_fns": 1508,
          "num_iters": 18,
          "schema_version": "0.2.0"
        }
      ]
    ],
    "num_iters": 18,
    "ri_fock_time": 4.5629549439999995,
    "ri_tflops": 0.13291070972100313,
    "scf_tflops": 0.0460420154516457,
    "scf_time": 36.919509755,
    "schema_version": "0.2.0",
    "tflops": 0.45257264899781136,
    "total_time": 37.130687,
    "transforms_time": 0.30958126799999997,
    "xc_tflops": 0.0,
    "xc_time": 22.233279047
  },
  "schema_version": "0.2.0"
}
