{
  "calculation_time": 35.446410053,
  "qmmbe": {
    "b_formation_time": 4.331390705,
    "b_tflops": 2.6799668105572114,
    "diag_time": 6.554059846,
    "expanded_elec_energy": -5342.3344545450145,
    "expanded_hf_energy": -1524.2285201273291,
    "expanded_nuc_repulsion_energy": 4029.244700791014,
    "expanded_xc_energy": -211.13876637332874,
    "homo": -0.17648131966752933,
    "lumo": -0.1218647683416865,
    "method": "RestrictedKSDFT",
    "mp2_tflops": 0.0,
    "mp2_time": 6.9533558049955e-310,
    "n_atoms": 62,
    "nmers": [
      [
        {
          "fragments": [
            0
          ],
          "hf_energy": -1524.2285201273291,
          "num_basis_fns": 1372,
          "num_iters": 18,
          "schema_version": "0.2.0"
        }
      ]
    ],
    "num_iters": 18,
    "ri_fock_time": 3.2250301289999994,
    "ri_tflops": 0.14162399589786906,
    "scf_tflops": 0.04109529502543702,
    "scf_time": 33.502343243,
    "schema_version": "0.2.0",
    "tflops": 0.37143733234459736,
    "total_time": 33.766117,
    "transforms_time": 0.3773890610000001,
    "xc_tflops": 0.0,
    "xc_time": 18.785237917000003
  },
  "schema_version": "0.2.0"
}
