{
  "calculation_time": 42.157584658,
  "qmmbe": {
    "b_formation_time": 2.900265182,
    "b_tflops": 5.393163117410413,
    "diag_time": 8.242179862,
    "expanded_elec_energy": -6074.196996615513,
    "expanded_hf_energy": -1676.5260209960447,
    "expanded_nuc_repulsion_energy": 4629.858767762021,
    "expanded_xc_energy": -232.1877921425525,
    "homo": -0.17009380933771412,
    "lumo": -0.12536767127555978,
    "method": "RestrictedKSDFT",
    "mp2_tflops": 0.0,
    "mp2_time": 6.9533558049702e-310,
    "n_atoms": 68,
    "nmers": [
      [
        {
          "fragments": [
            0
          ],
          "hf_energy": -1676.5260209960447,
          "num_basis_fns": 1508,
          "num_iters": 19,
          "schema_version": "0.2.0"
        }
      ]
    ],
    "num_iters": 19,
    "ri_fock_time": 5.9085662039999995,
    "ri_tflops": 0.10834407031313684,
    "scf_tflops": 0.04226651397928128,
    "scf_time": 41.917282765,
    "schema_version": "0.2.0",
    "tflops": 0.40969643163925556,
    "total_time": 42.152967,
    "transforms_time": 0.10855799300000002,
    "xc_tflops": 0.0,
    "xc_time": 26.320767131999997
  },
  "schema_version": "0.2.0"
}
