{
  "calculation_time": 25.608445157,
  "qmmbe": {
    "b_formation_time": 3.340690115,
    "b_tflops": 1.0432863827263428,
    "diag_time": 4.578322176,
    "expanded_elec_energy": -3245.1714141190987,
    "expanded_hf_energy": -1067.2971374023607,
    "expanded_nuc_repulsion_energy": 2325.866937373726,
    "expanded_xc_energy": -147.9926606569881,
    "homo": -0.1861569273076712,
    "lumo": -0.10674920966496476,
    "method": "RestrictedKSDFT",
    "mp2_tflops": 0.0,
    "mp2_time": 6.9533558049971e-310,
    "n_atoms": 44,
    "nmers": [
      [
        {
          "fragments": [
            0
          ],
          "hf_energy": -1067.2971374023607,
          "num_basis_fns": 964,
          "num_iters": 16,
          "schema_version": "0.2.0"
        }
      ]
    ],
    "num_iters": 16,
    "ri_fock_time": 1.648829449,
    "ri_tflops": 0.0854161523360807,
    "scf_tflops": 0.018761544821283737,
    "scf_time": 23.445003177,
    "schema_version": "0.2.0",
    "tflops": 0.15723302414507676,
    "total_time": 23.906064,
    "transforms_time": 0.48119998299999983,
    "xc_tflops": 0.0,
    "xc_time": 13.146761365000003
  },
  "schema_version": "0.2.0"
}
