{
  "calculation_time": 39.273495963,
  "qmmbe": {
    "b_formation_time": 2.840891725,
    "b_tflops": 6.008022513677461,
    "diag_time": 6.363528972,
    "expanded_elec_energy": -6263.917868401473,
    "expanded_hf_energy": -1676.5341409854016,
    "expanded_nuc_repulsion_energy": 4819.588063246075,
    "expanded_xc_energy": -232.2043358300031,
    "homo": -0.17676074212193993,
    "lumo": -0.11756883088209533,
    "method": "RestrictedKSDFT",
    "mp2_tflops": 0.0,
    "mp2_time": 6.9533558049702e-310,
    "n_atoms": 68,
    "nmers": [
      [
        {
          "fragments": [
            0
          ],
          "hf_energy": -1676.5341409854016,
          "num_basis_fns": 1508,
          "num_iters": 19,
          "schema_version": "0.2.0"
        }
      ]
    ],
    "num_iters": 19,
    "ri_fock_time": 4.72852025,
    "ri_tflops": 0.13538233493998467,
    "scf_tflops": 0.04572351082004147,
    "scf_time": 39.024624045,
    "schema_version": "0.2.0",
    "tflops": 0.47611414099713373,
    "total_time": 39.268861,
    "transforms_time": 0.11123900199999999,
    "xc_tflops": 0.0,
    "xc_time": 26.363236638
  },
  "schema_version": "0.2.0"
}
