{
  "calculation_time": 34.802361591,
  "qmmbe": {
    "b_formation_time": 2.8044576,
    "b_tflops": 5.3968020150434795,
    "diag_time": 8.673503139,
    "expanded_elec_energy": -6005.465528133122,
    "expanded_hf_energy": -1676.5450379225879,
    "expanded_nuc_repulsion_energy": 4561.110362010634,
    "expanded_xc_energy": -232.1898718001005,
    "homo": -0.1830962213430496,
    "lumo": -0.11432979539120365,
    "method": "RestrictedKSDFT",
    "mp2_tflops": 0.0,
    "mp2_time": 6.95335580496863e-310,
    "n_atoms": 68,
    "nmers": [
      [
        {
          "fragments": [
            0
          ],
          "hf_energy": -1676.5450379225879,
          "num_basis_fns": 1508,
          "num_iters": 17,
          "schema_version": "0.2.0"
        }
      ]
    ],
    "num_iters": 17,
    "ri_fock_time": 4.023731075,
    "ri_tflops": 0.1423487397969309,
    "scf_tflops": 0.04662979936533102,
    "scf_time": 34.553296646,
    "schema_version": "0.2.0",
    "tflops": 0.47680670306038897,
    "total_time": 34.797671,
    "transforms_time": 0.5151505849999999,
    "xc_tflops": 0.0,
    "xc_time": 19.490195531
  },
  "schema_version": "0.2.0"
}
