{
  "calculation_time": 33.803259391,
  "qmmbe": {
    "b_formation_time": 2.854295273,
    "b_tflops": 5.1818563168534535,
    "diag_time": 6.946033755999999,
    "expanded_elec_energy": -5947.730845770007,
    "expanded_hf_energy": -1676.5496693680052,
    "expanded_nuc_repulsion_energy": 4503.377072274027,
    "expanded_xc_energy": -232.1958958720253,
    "homo": -0.1929131582659379,
    "lumo": -0.10537223527862509,
    "method": "RestrictedKSDFT",
    "mp2_tflops": 0.0,
    "mp2_time": 6.95335580496863e-310,
    "n_atoms": 68,
    "nmers": [
      [
        {
          "fragments": [
            0
          ],
          "hf_energy": -1676.5496693680052,
          "num_basis_fns": 1508,
          "num_iters": 17,
          "schema_version": "0.2.0"
        }
      ]
    ],
    "num_iters": 17,
    "ri_fock_time": 4.1558107159999995,
    "ri_tflops": 0.13782462362946563,
    "scf_tflops": 0.04821695325651152,
    "scf_time": 33.556291915,
    "schema_version": "0.2.0",
    "tflops": 0.48070588030235767,
    "total_time": 33.79865,
    "transforms_time": 0.104917689,
    "xc_tflops": 0.0,
    "xc_time": 20.584876359
  },
  "schema_version": "0.2.0"
}
