{
  "calculation_time": 37.386464578,
  "qmmbe": {
    "b_formation_time": 3.054637483,
    "b_tflops": 4.528327019272683,
    "diag_time": 8.03501014,
    "expanded_elec_energy": -5780.064095987539,
    "expanded_hf_energy": -1676.5605074258663,
    "expanded_nuc_repulsion_energy": 4335.684467124694,
    "expanded_xc_energy": -232.18087856302068,
    "homo": -0.18333231550427148,
    "lumo": -0.11557278751568409,
    "method": "RestrictedKSDFT",
    "mp2_tflops": 0.0,
    "mp2_time": 6.953355804956e-310,
    "n_atoms": 68,
    "nmers": [
      [
        {
          "fragments": [
            0
          ],
          "hf_energy": -1676.5605074258663,
          "num_basis_fns": 1508,
          "num_iters": 17,
          "schema_version": "0.2.0"
        }
      ]
    ],
    "num_iters": 17,
    "ri_fock_time": 3.844483419,
    "ri_tflops": 0.14898569856674937,
    "scf_tflops": 0.04346769372546892,
    "scf_time": 37.174826877,
    "schema_version": "0.2.0",
    "tflops": 0.4090006666356709,
    "total_time": 37.381498,
    "transforms_time": 0.096635211,
    "xc_tflops": 0.0,
    "xc_time": 21.425627266
  },
  "schema_version": "0.2.0"
}
