{
  "calculation_time": 33.588346345,
  "qmmbe": {
    "b_formation_time": 2.709235393,
    "b_tflops": 5.194539988654282,
    "diag_time": 7.392136848000001,
    "expanded_elec_energy": -5847.3375984430695,
    "expanded_hf_energy": -1676.56204427903,
    "expanded_nuc_repulsion_energy": 4402.9583406716,
    "expanded_xc_energy": -232.1827865075607,
    "homo": -0.18490745846905876,
    "lumo": -0.11448419608357607,
    "method": "RestrictedKSDFT",
    "mp2_tflops": 0.0,
    "mp2_time": 6.953355804956e-310,
    "n_atoms": 68,
    "nmers": [
      [
        {
          "fragments": [
            0
          ],
          "hf_energy": -1676.56204427903,
          "num_basis_fns": 1508,
          "num_iters": 17,
          "schema_version": "0.2.0"
        }
      ]
    ],
    "num_iters": 17,
    "ri_fock_time": 3.3150826479999997,
    "ri_tflops": 0.17277790891685788,
    "scf_tflops": 0.048358431490196474,
    "scf_time": 33.371524711,
    "schema_version": "0.2.0",
    "tflops": 0.46242476095410245,
    "total_time": 33.583608,
    "transforms_time": 0.46874522199999985,
    "xc_tflops": 0.0,
    "xc_time": 19.912243194000002
  },
  "schema_version": "0.2.0"
}
