{
  "calculation_time": 33.616635603,
  "qmmbe": {
    "b_formation_time": 2.708808267,
    "b_tflops": 4.969782281828808,
    "diag_time": 6.742254874,
    "expanded_elec_energy": -5724.426919915859,
    "expanded_hf_energy": -1676.5568998918156,
    "expanded_nuc_repulsion_energy": 4280.048768878078,
    "expanded_xc_energy": -232.17874885403432,
    "homo": -0.17693186324495694,
    "lumo": -0.12297912697532588,
    "method": "RestrictedKSDFT",
    "mp2_tflops": 0.0,
    "mp2_time": 6.953355804956e-310,
    "n_atoms": 68,
    "nmers": [
      [
        {
          "fragments": [
            0
          ],
          "hf_energy": -1676.5568998918156,
          "num_basis_fns": 1508,
          "num_iters": 18,
          "schema_version": "0.2.0"
        }
      ]
    ],
    "num_iters": 18,
    "ri_fock_time": 4.195029915,
    "ri_tflops": 0.14456764130894165,
    "scf_tflops": 0.0511797027164774,
    "scf_time": 33.400396897,
    "schema_version": "0.2.0",
    "tflops": 0.4464117329729354,
    "total_time": 33.611743,
    "transforms_time": 0.18479708799999997,
    "xc_tflops": 0.0,
    "xc_time": 20.269951534
  },
  "schema_version": "0.2.0"
}
