{
  "calculation_time": 47.099932071,
  "qmmbe": {
    "b_formation_time": 3.322892867,
    "b_tflops": 5.449668491942988,
    "diag_time": 8.138270257,
    "expanded_elec_energy": -6417.726942105014,
    "expanded_hf_energy": -1676.543155285822,
    "expanded_nuc_repulsion_energy": 4973.411612055473,
    "expanded_xc_energy": -232.22782523628047,
    "homo": -0.1898507439304142,
    "lumo": -0.10652600537998473,
    "method": "RestrictedKSDFT",
    "mp2_tflops": 0.0,
    "mp2_time": 6.95335580499393e-310,
    "n_atoms": 68,
    "nmers": [
      [
        {
          "fragments": [
            0
          ],
          "hf_energy": -1676.543155285822,
          "num_basis_fns": 1508,
          "num_iters": 18,
          "schema_version": "0.2.0"
        }
      ]
    ],
    "num_iters": 18,
    "ri_fock_time": 5.438894443000001,
    "ri_tflops": 0.11150530432017063,
    "scf_tflops": 0.0360556033226001,
    "scf_time": 46.836086704,
    "schema_version": "0.2.0",
    "tflops": 0.41726211968512206,
    "total_time": 47.095464,
    "transforms_time": 0.10455796400000003,
    "xc_tflops": 0.0,
    "xc_time": 30.424787728000002
  },
  "schema_version": "0.2.0"
}
