{
  "calculation_time": 34.702625044,
  "qmmbe": {
    "b_formation_time": 2.637444692,
    "b_tflops": 5.535092678937588,
    "diag_time": 7.172680527,
    "expanded_elec_energy": -5905.8446236492,
    "expanded_hf_energy": -1676.5513333259116,
    "expanded_nuc_repulsion_energy": 4461.485814254175,
    "expanded_xc_energy": -232.1925239308868,
    "homo": -0.1859219459025549,
    "lumo": -0.10779199739187095,
    "method": "RestrictedKSDFT",
    "mp2_tflops": 0.0,
    "mp2_time": 6.9533558049702e-310,
    "n_atoms": 68,
    "nmers": [
      [
        {
          "fragments": [
            0
          ],
          "hf_energy": -1676.5513333259116,
          "num_basis_fns": 1508,
          "num_iters": 18,
          "schema_version": "0.2.0"
        }
      ]
    ],
    "num_iters": 18,
    "ri_fock_time": 4.037775237000001,
    "ri_tflops": 0.15019795417899331,
    "scf_tflops": 0.04926186138235318,
    "scf_time": 34.470244728,
    "schema_version": "0.2.0",
    "tflops": 0.4651827725181079,
    "total_time": 34.698167,
    "transforms_time": 0.27637395699999995,
    "xc_tflops": 0.0,
    "xc_time": 20.792589275
  },
  "schema_version": "0.2.0"
}
