{
  "calculation_time": 37.555115442,
  "qmmbe": {
    "b_formation_time": 2.857303137,
    "b_tflops": 5.222458322325356,
    "diag_time": 8.658516602999999,
    "expanded_elec_energy": -5971.399629987131,
    "expanded_hf_energy": -1676.5350499360638,
    "expanded_nuc_repulsion_energy": 4527.0561262992505,
    "expanded_xc_energy": -232.19154624818282,
    "homo": -0.17508899061807134,
    "lumo": -0.11960983942001996,
    "method": "RestrictedKSDFT",
    "mp2_tflops": 0.0,
    "mp2_time": 6.9533558049702e-310,
    "n_atoms": 68,
    "nmers": [
      [
        {
          "fragments": [
            0
          ],
          "hf_energy": -1676.5350499360638,
          "num_basis_fns": 1508,
          "num_iters": 18,
          "schema_version": "0.2.0"
        }
      ]
    ],
    "num_iters": 18,
    "ri_fock_time": 4.543106446000001,
    "ri_tflops": 0.13349138683861686,
    "scf_tflops": 0.045630781695212015,
    "scf_time": 37.33538189,
    "schema_version": "0.2.0",
    "tflops": 0.4384647420103702,
    "total_time": 37.550649,
    "transforms_time": 0.14112516499999997,
    "xc_tflops": 0.0,
    "xc_time": 21.895004795000002
  },
  "schema_version": "0.2.0"
}
