{
  "calculation_time": 22.659812836,
  "qmmbe": {
    "b_formation_time": 2.173924568,
    "b_tflops": 2.983126911419127,
    "diag_time": 3.8993844900000005,
    "expanded_elec_energy": -4208.183784498266,
    "expanded_hf_energy": -1295.200883566403,
    "expanded_nuc_repulsion_energy": 3092.213620768937,
    "expanded_xc_energy": -179.23071983707422,
    "homo": -0.172470624332924,
    "lumo": -0.12312246844424793,
    "method": "RestrictedKSDFT",
    "mp2_tflops": 0.0,
    "mp2_time": 6.9533558049971e-310,
    "n_atoms": 52,
    "nmers": [
      [
        {
          "fragments": [
            0
          ],
          "hf_energy": -1295.200883566403,
          "num_basis_fns": 1162,
          "num_iters": 18,
          "schema_version": "0.2.0"
        }
      ]
    ],
    "num_iters": 18,
    "ri_fock_time": 1.5444411710000003,
    "ri_tflops": 0.1796500535480739,
    "scf_tflops": 0.035618353496455576,
    "scf_time": 22.500283398,
    "schema_version": "0.2.0",
    "tflops": 0.3175180732375535,
    "total_time": 22.656194,
    "transforms_time": 0.652723452,
    "xc_tflops": 0.0,
    "xc_time": 13.990937766999998
  },
  "schema_version": "0.2.0"
}
