{
  "calculation_time": 36.095586319,
  "qmmbe": {
    "b_formation_time": 2.807347451,
    "b_tflops": 4.920186211391758,
    "diag_time": 6.861735084,
    "expanded_elec_energy": -5762.682484467326,
    "expanded_hf_energy": -1599.8090080690895,
    "expanded_nuc_repulsion_energy": 4384.2245213493015,
    "expanded_xc_energy": -221.35104495106532,
    "homo": -0.18525394324566213,
    "lumo": -0.11002809759129499,
    "method": "RestrictedKSDFT",
    "mp2_tflops": 0.0,
    "mp2_time": 6.95335580500025e-310,
    "n_atoms": 64,
    "nmers": [
      [
        {
          "fragments": [
            0
          ],
          "hf_energy": -1599.8090080690895,
          "num_basis_fns": 1434,
          "num_iters": 17,
          "schema_version": "0.2.0"
        }
      ]
    ],
    "num_iters": 17,
    "ri_fock_time": 3.9679175680000003,
    "ri_tflops": 0.12411775903505866,
    "scf_tflops": 0.03867556252987617,
    "scf_time": 35.867805626,
    "schema_version": "0.2.0",
    "tflops": 0.41744748868783876,
    "total_time": 36.091162,
    "transforms_time": 0.09375560200000002,
    "xc_tflops": 0.0,
    "xc_time": 22.029623292
  },
  "schema_version": "0.2.0"
}
