{
  "calculation_time": 37.46479158,
  "qmmbe": {
    "b_formation_time": 2.822145759,
    "b_tflops": 5.197037398747624,
    "diag_time": 7.503561628000001,
    "expanded_elec_energy": -5917.467295844799,
    "expanded_hf_energy": -1676.5496946073958,
    "expanded_nuc_repulsion_energy": 4473.1096371085,
    "expanded_xc_energy": -232.19203587109638,
    "homo": -0.18500531962790345,
    "lumo": -0.10838906237423523,
    "method": "RestrictedKSDFT",
    "mp2_tflops": 0.0,
    "mp2_time": 6.9533558049702e-310,
    "n_atoms": 68,
    "nmers": [
      [
        {
          "fragments": [
            0
          ],
          "hf_energy": -1676.5496946073958,
          "num_basis_fns": 1508,
          "num_iters": 18,
          "schema_version": "0.2.0"
        }
      ]
    ],
    "num_iters": 18,
    "ri_fock_time": 5.237812595,
    "ri_tflops": 0.11578604026629936,
    "scf_tflops": 0.0454376554211162,
    "scf_time": 37.250294914,
    "schema_version": "0.2.0",
    "tflops": 0.4327072339178431,
    "total_time": 37.46017,
    "transforms_time": 0.190169568,
    "xc_tflops": 0.0,
    "xc_time": 23.354030497999997
  },
  "schema_version": "0.2.0"
}
