{
  "calculation_time": 37.231506064,
  "qmmbe": {
    "b_formation_time": 2.845024042,
    "b_tflops": 5.79257282214278,
    "diag_time": 7.179128474,
    "expanded_elec_energy": -6186.4718173469255,
    "expanded_hf_energy": -1676.5202478439908,
    "expanded_nuc_repulsion_energy": 4742.1585950746285,
    "expanded_xc_energy": -232.2070255716938,
    "homo": -0.18573745268442665,
    "lumo": -0.10726479370695567,
    "method": "RestrictedKSDFT",
    "mp2_tflops": 0.0,
    "mp2_time": 6.95335580499393e-310,
    "n_atoms": 68,
    "nmers": [
      [
        {
          "fragments": [
            0
          ],
          "hf_energy": -1676.5202478439908,
          "num_basis_fns": 1508,
          "num_iters": 17,
          "schema_version": "0.2.0"
        }
      ]
    ],
    "num_iters": 17,
    "ri_fock_time": 5.372853996,
    "ri_tflops": 0.10660499024064678,
    "scf_tflops": 0.0432546479648207,
    "scf_time": 36.989052277,
    "schema_version": "0.2.0",
    "tflops": 0.4818178003160388,
    "total_time": 37.227082,
    "transforms_time": 0.15392429700000004,
    "xc_tflops": 0.0,
    "xc_time": 23.254273403
  },
  "schema_version": "0.2.0"
}
