{
  "calculation_time": 35.571156166,
  "qmmbe": {
    "b_formation_time": 2.724215198,
    "b_tflops": 5.397539644478557,
    "diag_time": 7.599676812999999,
    "expanded_elec_energy": -5941.279480155079,
    "expanded_hf_energy": -1676.5477698176514,
    "expanded_nuc_repulsion_energy": 4496.926113619909,
    "expanded_xc_energy": -232.1944032824817,
    "homo": -0.18550364992968096,
    "lumo": -0.10942286016924731,
    "method": "RestrictedKSDFT",
    "mp2_tflops": 0.0,
    "mp2_time": 6.953355804956e-310,
    "n_atoms": 68,
    "nmers": [
      [
        {
          "fragments": [
            0
          ],
          "hf_energy": -1676.5477698176514,
          "num_basis_fns": 1508,
          "num_iters": 18,
          "schema_version": "0.2.0"
        }
      ]
    ],
    "num_iters": 18,
    "ri_fock_time": 4.104475901,
    "ri_tflops": 0.1477571301817713,
    "scf_tflops": 0.0482384044981055,
    "scf_time": 35.336584588,
    "schema_version": "0.2.0",
    "tflops": 0.45679667022327763,
    "total_time": 35.566258,
    "transforms_time": 0.34984614800000013,
    "xc_tflops": 0.0,
    "xc_time": 21.533913994000002
  },
  "schema_version": "0.2.0"
}
