{
  "calculation_time": 31.965384167,
  "qmmbe": {
    "b_formation_time": 2.505596258,
    "b_tflops": 5.086442669684096,
    "diag_time": 6.314425745,
    "expanded_elec_energy": -5599.234690562551,
    "expanded_hf_energy": -1599.826277903923,
    "expanded_nuc_repulsion_energy": 4220.744964479313,
    "expanded_xc_energy": -221.3365518206854,
    "homo": -0.1806747372288862,
    "lumo": -0.11433551070441822,
    "method": "RestrictedKSDFT",
    "mp2_tflops": 0.0,
    "mp2_time": 6.95335580500025e-310,
    "n_atoms": 64,
    "nmers": [
      [
        {
          "fragments": [
            0
          ],
          "hf_energy": -1599.826277903923,
          "num_basis_fns": 1434,
          "num_iters": 17,
          "schema_version": "0.2.0"
        }
      ]
    ],
    "num_iters": 17,
    "ri_fock_time": 3.031824283,
    "ri_tflops": 0.1624398350977915,
    "scf_tflops": 0.043734620166888054,
    "scf_time": 31.744304158,
    "schema_version": "0.2.0",
    "tflops": 0.43797244670786556,
    "total_time": 31.961062,
    "transforms_time": 0.09605631400000002,
    "xc_tflops": 0.0,
    "xc_time": 19.337529216
  },
  "schema_version": "0.2.0"
}
