{
  "calculation_time": 33.52535458,
  "qmmbe": {
    "b_formation_time": 2.68134048,
    "b_tflops": 5.3579347076310135,
    "diag_time": 7.213699269999999,
    "expanded_elec_energy": -5875.8144341961215,
    "expanded_hf_energy": -1676.5578384470214,
    "expanded_nuc_repulsion_energy": 4431.44199977084,
    "expanded_xc_energy": -232.18540402173994,
    "homo": -0.18275051938103024,
    "lumo": -0.11217753927981028,
    "method": "RestrictedKSDFT",
    "mp2_tflops": 0.0,
    "mp2_time": 6.9533558049702e-310,
    "n_atoms": 68,
    "nmers": [
      [
        {
          "fragments": [
            0
          ],
          "hf_energy": -1676.5578384470214,
          "num_basis_fns": 1508,
          "num_iters": 18,
          "schema_version": "0.2.0"
        }
      ]
    ],
    "num_iters": 18,
    "ri_fock_time": 3.3296940479999995,
    "ri_tflops": 0.1821385302341148,
    "scf_tflops": 0.051260821831227515,
    "scf_time": 33.303253395,
    "schema_version": "0.2.0",
    "tflops": 0.47459852408720477,
    "total_time": 33.520831,
    "transforms_time": 0.5130111170000001,
    "xc_tflops": 0.0,
    "xc_time": 19.966787983000003
  },
  "schema_version": "0.2.0"
}
