{
  "calculation_time": 38.718833685,
  "qmmbe": {
    "b_formation_time": 2.655323596,
    "b_tflops": 5.302413969386502,
    "diag_time": 8.423518504999999,
    "expanded_elec_energy": -5828.476916730326,
    "expanded_hf_energy": -1676.5473661998033,
    "expanded_nuc_repulsion_energy": 4384.111876915641,
    "expanded_xc_energy": -232.18232638511859,
    "homo": -0.1710859742225457,
    "lumo": -0.126907961302394,
    "method": "RestrictedKSDFT",
    "mp2_tflops": 0.0,
    "mp2_time": 6.9533558049702e-310,
    "n_atoms": 68,
    "nmers": [
      [
        {
          "fragments": [
            0
          ],
          "hf_energy": -1676.5473661998033,
          "num_basis_fns": 1508,
          "num_iters": 18,
          "schema_version": "0.2.0"
        }
      ]
    ],
    "num_iters": 18,
    "ri_fock_time": 4.372523030000001,
    "ri_tflops": 0.13869923059776312,
    "scf_tflops": 0.04377007946018217,
    "scf_time": 38.496132887,
    "schema_version": "0.2.0",
    "tflops": 0.40352336895959473,
    "total_time": 38.714273,
    "transforms_time": 0.5959402550000001,
    "xc_tflops": 0.0,
    "xc_time": 23.731349048
  },
  "schema_version": "0.2.0"
}
