{
  "calculation_time": 34.481780258,
  "qmmbe": {
    "b_formation_time": 2.818248662,
    "b_tflops": 5.478864629190766,
    "diag_time": 7.274690025999999,
    "expanded_elec_energy": -6048.977196198141,
    "expanded_hf_energy": -1676.5409797511838,
    "expanded_nuc_repulsion_energy": 4604.632705515197,
    "expanded_xc_energy": -232.19648906823932,
    "homo": -0.18334321433551196,
    "lumo": -0.11033339648007233,
    "method": "RestrictedKSDFT",
    "mp2_tflops": 0.0,
    "mp2_time": 6.9533558049702e-310,
    "n_atoms": 68,
    "nmers": [
      [
        {
          "fragments": [
            0
          ],
          "hf_energy": -1676.5409797511838,
          "num_basis_fns": 1508,
          "num_iters": 17,
          "schema_version": "0.2.0"
        }
      ]
    ],
    "num_iters": 17,
    "ri_fock_time": 4.122672537,
    "ri_tflops": 0.13893246253916577,
    "scf_tflops": 0.04715164409941857,
    "scf_time": 34.255685412,
    "schema_version": "0.2.0",
    "tflops": 0.4901047159269208,
    "total_time": 34.477252,
    "transforms_time": 0.09516403099999998,
    "xc_tflops": 0.0,
    "xc_time": 20.336007810999995
  },
  "schema_version": "0.2.0"
}
