{
  "calculation_time": 46.017400186,
  "qmmbe": {
    "b_formation_time": 3.043861964,
    "b_tflops": 6.420045836564749,
    "diag_time": 8.865628803999998,
    "expanded_elec_energy": -6600.60241685113,
    "expanded_hf_energy": -1676.5347412777287,
    "expanded_nuc_repulsion_energy": 5156.2954763072585,
    "expanded_xc_energy": -232.2278007338569,
    "homo": -0.17234687077397473,
    "lumo": -0.12206172647690809,
    "method": "RestrictedKSDFT",
    "mp2_tflops": 0.0,
    "mp2_time": 6.95335580496547e-310,
    "n_atoms": 68,
    "nmers": [
      [
        {
          "fragments": [
            0
          ],
          "hf_energy": -1676.5347412777287,
          "num_basis_fns": 1508,
          "num_iters": 20,
          "schema_version": "0.2.0"
        }
      ]
    ],
    "num_iters": 20,
    "ri_fock_time": 5.408607217000001,
    "ri_tflops": 0.12458857103950795,
    "scf_tflops": 0.040676020163761414,
    "scf_time": 45.747061807,
    "schema_version": "0.2.0",
    "tflops": 0.46195589880360427,
    "total_time": 46.012789,
    "transforms_time": 0.19227055700000006,
    "xc_tflops": 0.0,
    "xc_time": 29.234759122
  },
  "schema_version": "0.2.0"
}
