{
  "calculation_time": 28.100319219,
  "qmmbe": {
    "b_formation_time": 1.975987425,
    "b_tflops": 5.253795678457823,
    "diag_time": 4.715372193,
    "expanded_elec_energy": -5090.9239181616795,
    "expanded_hf_energy": -1447.511828831844,
    "expanded_nuc_repulsion_energy": 3843.7068387049553,
    "expanded_xc_energy": -200.29474937511995,
    "homo": -0.1842406641030453,
    "lumo": -0.11008556267442977,
    "method": "RestrictedKSDFT",
    "mp2_tflops": 0.0,
    "mp2_time": 6.9533558049971e-310,
    "n_atoms": 58,
    "nmers": [
      [
        {
          "fragments": [
            0
          ],
          "hf_energy": -1447.511828831844,
          "num_basis_fns": 1298,
          "num_iters": 17,
          "schema_version": "0.2.0"
        }
      ]
    ],
    "num_iters": 17,
    "ri_fock_time": 3.229158362,
    "ri_tflops": 0.11310642260040389,
    "scf_tflops": 0.03656943193285899,
    "scf_time": 27.885482609,
    "schema_version": "0.2.0",
    "tflops": 0.40263000762253803,
    "total_time": 28.09642,
    "transforms_time": 0.08574260199999999,
    "xc_tflops": 0.0,
    "xc_time": 18.365716704
  },
  "schema_version": "0.2.0"
}
