{
  "calculation_time": 26.662232383,
  "qmmbe": {
    "b_formation_time": 1.914768757,
    "b_tflops": 4.2206085484734075,
    "diag_time": 4.278477414,
    "expanded_elec_energy": -4594.489465783019,
    "expanded_hf_energy": -1371.917304063627,
    "expanded_nuc_repulsion_energy": 3412.668783479946,
    "expanded_xc_energy": -190.09662176055383,
    "homo": -0.18676501607232737,
    "lumo": -0.10655752948141364,
    "method": "RestrictedKSDFT",
    "mp2_tflops": 0.0,
    "mp2_time": 6.9533558049971e-310,
    "n_atoms": 56,
    "nmers": [
      [
        {
          "fragments": [
            0
          ],
          "hf_energy": -1371.917304063627,
          "num_basis_fns": 1236,
          "num_iters": 17,
          "schema_version": "0.2.0"
        }
      ]
    ],
    "num_iters": 17,
    "ri_fock_time": 2.909120722,
    "ri_tflops": 0.10841412713569747,
    "scf_tflops": 0.0335246081426473,
    "scf_time": 26.48341238,
    "schema_version": "0.2.0",
    "tflops": 0.3333270938672141,
    "total_time": 26.658491,
    "transforms_time": 0.16360299399999995,
    "xc_tflops": 0.0,
    "xc_time": 17.364281637999998
  },
  "schema_version": "0.2.0"
}
