{
  "calculation_time": 44.129893327,
  "qmmbe": {
    "b_formation_time": 3.082453242,
    "b_tflops": 5.263972498871079,
    "diag_time": 8.234679652,
    "expanded_elec_energy": -6149.35970121248,
    "expanded_hf_energy": -1676.5358728534065,
    "expanded_nuc_repulsion_energy": 4705.021142858382,
    "expanded_xc_energy": -232.19731449930808,
    "homo": -0.18282272028829713,
    "lumo": -0.10843509541595697,
    "method": "RestrictedKSDFT",
    "mp2_tflops": 0.0,
    "mp2_time": 6.95335580499393e-310,
    "n_atoms": 68,
    "nmers": [
      [
        {
          "fragments": [
            0
          ],
          "hf_energy": -1676.5358728534065,
          "num_basis_fns": 1508,
          "num_iters": 18,
          "schema_version": "0.2.0"
        }
      ]
    ],
    "num_iters": 18,
    "ri_fock_time": 5.933688330000001,
    "ri_tflops": 0.10220718485765158,
    "scf_tflops": 0.03863002405858236,
    "scf_time": 43.87993513,
    "schema_version": "0.2.0",
    "tflops": 0.402680798795015,
    "total_time": 44.125368,
    "transforms_time": 0.10507924800000001,
    "xc_tflops": 0.0,
    "xc_time": 27.634069906000004
  },
  "schema_version": "0.2.0"
}
