{
  "calculation_time": 36.857870893,
  "qmmbe": {
    "b_formation_time": 2.859467878,
    "b_tflops": 5.483630436557749,
    "diag_time": 7.678175537,
    "expanded_elec_energy": -6076.02085486563,
    "expanded_hf_energy": -1676.5394194062133,
    "expanded_nuc_repulsion_energy": 4631.685864581674,
    "expanded_xc_energy": -232.20442912225695,
    "homo": -0.18712305899157633,
    "lumo": -0.1078695150874731,
    "method": "RestrictedKSDFT",
    "mp2_tflops": 0.0,
    "mp2_time": 6.95335580499393e-310,
    "n_atoms": 68,
    "nmers": [
      [
        {
          "fragments": [
            0
          ],
          "hf_energy": -1676.5394194062133,
          "num_basis_fns": 1508,
          "num_iters": 18,
          "schema_version": "0.2.0"
        }
      ]
    ],
    "num_iters": 18,
    "ri_fock_time": 4.808911628,
    "ri_tflops": 0.1261128560776289,
    "scf_tflops": 0.046357079270847354,
    "scf_time": 36.616125123,
    "schema_version": "0.2.0",
    "tflops": 0.4673337838551128,
    "total_time": 36.853218,
    "transforms_time": 0.10141126800000001,
    "xc_tflops": 0.0,
    "xc_time": 22.473323244
  },
  "schema_version": "0.2.0"
}
