{
  "calculation_time": 26.994939761,
  "qmmbe": {
    "b_formation_time": 2.052223404,
    "b_tflops": 4.49347458253624,
    "diag_time": 4.735249436,
    "expanded_elec_energy": -4882.15327512239,
    "expanded_hf_energy": -1447.519749911413,
    "expanded_nuc_repulsion_energy": 3634.925352968423,
    "expanded_xc_energy": -200.2918277574456,
    "homo": -0.17969360838504783,
    "lumo": -0.11545008912234012,
    "method": "RestrictedKSDFT",
    "mp2_tflops": 0.0,
    "mp2_time": 6.9533558049971e-310,
    "n_atoms": 58,
    "nmers": [
      [
        {
          "fragments": [
            0
          ],
          "hf_energy": -1447.519749911413,
          "num_basis_fns": 1298,
          "num_iters": 17,
          "schema_version": "0.2.0"
        }
      ]
    ],
    "num_iters": 17,
    "ri_fock_time": 2.9146932640000003,
    "ri_tflops": 0.1253094295880597,
    "scf_tflops": 0.038234955997343355,
    "scf_time": 26.809274739,
    "schema_version": "0.2.0",
    "tflops": 0.3761481975590958,
    "total_time": 26.991068,
    "transforms_time": 0.08817998400000002,
    "xc_tflops": 0.0,
    "xc_time": 17.397975704000004
  },
  "schema_version": "0.2.0"
}
