{
  "calculation_time": 37.736339037,
  "qmmbe": {
    "b_formation_time": 3.028227019,
    "b_tflops": 5.414830009485494,
    "diag_time": 6.833845333,
    "expanded_elec_energy": -6174.085662749301,
    "expanded_hf_energy": -1676.5523447456276,
    "expanded_nuc_repulsion_energy": 4729.737145369993,
    "expanded_xc_energy": -232.20382736631967,
    "homo": -0.18707729505220416,
    "lumo": -0.1084716534949288,
    "method": "RestrictedKSDFT",
    "mp2_tflops": 0.0,
    "mp2_time": 6.95335580499393e-310,
    "n_atoms": 68,
    "nmers": [
      [
        {
          "fragments": [
            0
          ],
          "hf_energy": -1676.5523447456276,
          "num_basis_fns": 1508,
          "num_iters": 18,
          "schema_version": "0.2.0"
        }
      ]
    ],
    "num_iters": 18,
    "ri_fock_time": 4.259229996,
    "ri_tflops": 0.14238854924518146,
    "scf_tflops": 0.04551289367986342,
    "scf_time": 37.47090764,
    "schema_version": "0.2.0",
    "tflops": 0.47545478372242916,
    "total_time": 37.731923,
    "transforms_time": 0.182093599,
    "xc_tflops": 0.0,
    "xc_time": 23.604173661999997
  },
  "schema_version": "0.2.0"
}
