{
  "calculation_time": 27.419247789,
  "qmmbe": {
    "b_formation_time": 2.086720104,
    "b_tflops": 5.2688148947838,
    "diag_time": 5.703162731999999,
    "expanded_elec_energy": -5263.273747090417,
    "expanded_hf_energy": -1523.1045761916373,
    "expanded_nuc_repulsion_energy": 3950.647362261507,
    "expanded_xc_energy": -210.4781913627277,
    "homo": -0.18142491456165244,
    "lumo": -0.11707634665186638,
    "method": "RestrictedKSDFT",
    "mp2_tflops": 0.0,
    "mp2_time": 6.9533558049971e-310,
    "n_atoms": 60,
    "nmers": [
      [
        {
          "fragments": [
            0
          ],
          "hf_energy": -1523.1045761916373,
          "num_basis_fns": 1360,
          "num_iters": 18,
          "schema_version": "0.2.0"
        }
      ]
    ],
    "num_iters": 18,
    "ri_fock_time": 2.834996856,
    "ri_tflops": 0.15689322796201363,
    "scf_tflops": 0.04584862859370812,
    "scf_time": 27.223029029,
    "schema_version": "0.2.0",
    "tflops": 0.44237548298650453,
    "total_time": 27.415063,
    "transforms_time": 0.095061116,
    "xc_tflops": 0.0,
    "xc_time": 16.540208478
  },
  "schema_version": "0.2.0"
}
