{
  "calculation_time": 30.892484837,
  "qmmbe": {
    "b_formation_time": 2.531056238,
    "b_tflops": 5.691950056009778,
    "diag_time": 6.707428735,
    "expanded_elec_energy": -5873.196838340922,
    "expanded_hf_energy": -1676.5349786514323,
    "expanded_nuc_repulsion_energy": 4428.8460422978715,
    "expanded_xc_energy": -232.1841826083817,
    "homo": -0.17675853100326397,
    "lumo": -0.12069764201649918,
    "method": "RestrictedKSDFT",
    "mp2_tflops": 0.0,
    "mp2_time": 6.95335580496547e-310,
    "n_atoms": 68,
    "nmers": [
      [
        {
          "fragments": [
            0
          ],
          "hf_energy": -1676.5349786514323,
          "num_basis_fns": 1508,
          "num_iters": 18,
          "schema_version": "0.2.0"
        }
      ]
    ],
    "num_iters": 18,
    "ri_fock_time": 3.7114435749999997,
    "ri_tflops": 0.16340423012681798,
    "scf_tflops": 0.055676361686676966,
    "scf_time": 30.676250434,
    "schema_version": "0.2.0",
    "tflops": 0.5163575595461104,
    "total_time": 30.887775,
    "transforms_time": 0.10048340600000001,
    "xc_tflops": 0.0,
    "xc_time": 18.180610811999998
  },
  "schema_version": "0.2.0"
}
