{
  "calculation_time": 32.202979126,
  "qmmbe": {
    "b_formation_time": 2.212216953,
    "b_tflops": 6.89143677354325,
    "diag_time": 4.348868927999999,
    "expanded_elec_energy": -6013.759260864079,
    "expanded_hf_energy": -1691.530025108947,
    "expanded_nuc_repulsion_energy": 4570.941400133413,
    "expanded_xc_energy": -248.7121643782807,
    "homo": -0.18302210868116364,
    "lumo": -0.10834698825488583,
    "method": "RestrictedKSDFT",
    "mp2_tflops": 0.0,
    "mp2_time": 6.95335580496863e-310,
    "n_atoms": 68,
    "nmers": [
      [
        {
          "fragments": [
            0
          ],
          "hf_energy": -1691.530025108947,
          "num_basis_fns": 1508,
          "num_iters": 16,
          "schema_version": "0.2.0"
        }
      ]
    ],
    "num_iters": 16,
    "ri_fock_time": 0.2581714,
    "ri_tflops": 2.0880721705967433,
    "scf_tflops": 35.11847567395056,
    "scf_time": 32.0080971,
    "schema_version": "0.2.0",
    "tflops": 32.71299702976441,
    "total_time": 32.198434,
    "transforms_time": 0.084589215,
    "xc_tflops": 43.74813653162197,
    "xc_time": 23.697167215
  },
  "schema_version": "0.2.0"
}
