{
  "calculation_time": 32.407181538,
  "qmmbe": {
    "b_formation_time": 2.185964037,
    "b_tflops": 6.957619511600409,
    "diag_time": 4.308787148,
    "expanded_elec_energy": -6011.361436203166,
    "expanded_hf_energy": -1691.5371342129133,
    "expanded_nuc_repulsion_energy": 4568.5242442663075,
    "expanded_xc_energy": -248.6999422760549,
    "homo": -0.1880468064713287,
    "lumo": -0.10411823835944617,
    "method": "RestrictedKSDFT",
    "mp2_tflops": 0.0,
    "mp2_time": 6.95335580496705e-310,
    "n_atoms": 68,
    "nmers": [
      [
        {
          "fragments": [
            0
          ],
          "hf_energy": -1691.5371342129133,
          "num_basis_fns": 1508,
          "num_iters": 16,
          "schema_version": "0.2.0"
        }
      ]
    ],
    "num_iters": 16,
    "ri_fock_time": 0.256363114,
    "ri_tflops": 2.102800622027083,
    "scf_tflops": 34.90472745879405,
    "scf_time": 32.192154527,
    "schema_version": "0.2.0",
    "tflops": 32.525704251608985,
    "total_time": 32.402722,
    "transforms_time": 0.08585785400000001,
    "xc_tflops": 43.38938541600696,
    "xc_time": 23.907884521
  },
  "schema_version": "0.2.0"
}
