{
  "calculation_time": 35.978801388,
  "qmmbe": {
    "b_formation_time": 2.307067235,
    "b_tflops": 7.584368359865334,
    "diag_time": 4.780191261,
    "expanded_elec_energy": -6330.814461573436,
    "expanded_hf_energy": -1691.5052955693989,
    "expanded_nuc_repulsion_energy": 4888.022313214292,
    "expanded_xc_energy": -248.71314721025433,
    "homo": -0.1739903102332818,
    "lumo": -0.12005687131225516,
    "method": "RestrictedKSDFT",
    "mp2_tflops": 0.0,
    "mp2_time": 6.95335580496073e-310,
    "n_atoms": 68,
    "nmers": [
      [
        {
          "fragments": [
            0
          ],
          "hf_energy": -1691.5052955693989,
          "num_basis_fns": 1508,
          "num_iters": 18,
          "schema_version": "0.2.0"
        }
      ]
    ],
    "num_iters": 18,
    "ri_fock_time": 0.288320007,
    "ri_tflops": 2.103446050596135,
    "scf_tflops": 34.75476048738747,
    "scf_time": 35.755753814,
    "schema_version": "0.2.0",
    "tflops": 32.506461336873635,
    "total_time": 35.973902,
    "transforms_time": 0.09774720999999999,
    "xc_tflops": 43.088978471308025,
    "xc_time": 26.696756571
  },
  "schema_version": "0.2.0"
}
