{
  "calculation_time": 34.09537903,
  "qmmbe": {
    "b_formation_time": 2.142495082,
    "b_tflops": 6.820752061824336,
    "diag_time": 4.507154205000001,
    "expanded_elec_energy": -5921.136798967601,
    "expanded_hf_energy": -1691.5240596586204,
    "expanded_nuc_repulsion_energy": 4478.316217450323,
    "expanded_xc_energy": -248.70347814134269,
    "homo": -0.18385242160739304,
    "lumo": -0.10757452836257214,
    "method": "RestrictedKSDFT",
    "mp2_tflops": 0.0,
    "mp2_time": 6.95335580496863e-310,
    "n_atoms": 68,
    "nmers": [
      [
        {
          "fragments": [
            0
          ],
          "hf_energy": -1691.5240596586204,
          "num_basis_fns": 1508,
          "num_iters": 17,
          "schema_version": "0.2.0"
        }
      ]
    ],
    "num_iters": 17,
    "ri_fock_time": 0.274705716,
    "ri_tflops": 2.085042336024781,
    "scf_tflops": 34.964461036703476,
    "scf_time": 33.891706653,
    "schema_version": "0.2.0",
    "tflops": 32.73775307057641,
    "total_time": 34.090768,
    "transforms_time": 0.093243438,
    "xc_tflops": 43.394823202778156,
    "xc_time": 25.348424525000002
  },
  "schema_version": "0.2.0"
}
