{
  "calculation_time": 25.734731977,
  "qmmbe": {
    "b_formation_time": 1.7510279,
    "b_tflops": 6.132151179976058,
    "diag_time": 3.491676455,
    "expanded_elec_energy": -5192.21068561088,
    "expanded_hf_energy": -1537.8507815493815,
    "expanded_nuc_repulsion_energy": 3880.509098431334,
    "expanded_xc_energy": -226.1491943698354,
    "homo": -0.17997199607038428,
    "lumo": -0.11313438145490422,
    "method": "RestrictedKSDFT",
    "mp2_tflops": 0.0,
    "mp2_time": 6.95335580496863e-310,
    "n_atoms": 62,
    "nmers": [
      [
        {
          "fragments": [
            0
          ],
          "hf_energy": -1537.8507815493815,
          "num_basis_fns": 1372,
          "num_iters": 17,
          "schema_version": "0.2.0"
        }
      ]
    ],
    "num_iters": 17,
    "ri_fock_time": 0.208871711,
    "ri_tflops": 2.065225182360861,
    "scf_tflops": 35.204127866172435,
    "scf_time": 25.568907211,
    "schema_version": "0.2.0",
    "tflops": 32.707497237900945,
    "total_time": 25.73067,
    "transforms_time": 0.08612701299999997,
    "xc_tflops": 44.06731497473696,
    "xc_time": 18.829335131
  },
  "schema_version": "0.2.0"
}
