{
  "calculation_time": 33.902277824,
  "qmmbe": {
    "b_formation_time": 2.048581842,
    "b_tflops": 6.403181240029756,
    "diag_time": 4.517351464,
    "expanded_elec_energy": -5659.917349628095,
    "expanded_hf_energy": -1691.5449461751468,
    "expanded_nuc_repulsion_energy": 4217.0661114053055,
    "expanded_xc_energy": -248.69370795235784,
    "homo": -0.18406644983036075,
    "lumo": -0.11099187176247916,
    "method": "RestrictedKSDFT",
    "mp2_tflops": 0.0,
    "mp2_time": 6.95335580496073e-310,
    "n_atoms": 68,
    "nmers": [
      [
        {
          "fragments": [
            0
          ],
          "hf_energy": -1691.5449461751468,
          "num_basis_fns": 1508,
          "num_iters": 17,
          "schema_version": "0.2.0"
        }
      ]
    ],
    "num_iters": 17,
    "ri_fock_time": 0.274800924,
    "ri_tflops": 2.0843199486767374,
    "scf_tflops": 35.14669664919135,
    "scf_time": 33.729115384,
    "schema_version": "0.2.0",
    "tflops": 32.98509647732468,
    "total_time": 33.897569,
    "transforms_time": 0.09213372100000002,
    "xc_tflops": 43.61504237037718,
    "xc_time": 25.301928639000003
  },
  "schema_version": "0.2.0"
}
