{
  "calculation_time": 33.997994237,
  "qmmbe": {
    "b_formation_time": 2.06265213,
    "b_tflops": 6.466377638408664,
    "diag_time": 4.489463999000001,
    "expanded_elec_energy": -5675.527336272162,
    "expanded_hf_energy": -1691.5386006594817,
    "expanded_nuc_repulsion_energy": 4232.683373076532,
    "expanded_xc_energy": -248.69463746385196,
    "homo": -0.1734042201195582,
    "lumo": -0.12165771325974327,
    "method": "RestrictedKSDFT",
    "mp2_tflops": 0.0,
    "mp2_time": 6.95335580496073e-310,
    "n_atoms": 68,
    "nmers": [
      [
        {
          "fragments": [
            0
          ],
          "hf_energy": -1691.5386006594817,
          "num_basis_fns": 1508,
          "num_iters": 17,
          "schema_version": "0.2.0"
        }
      ]
    ],
    "num_iters": 17,
    "ri_fock_time": 0.27177115899999993,
    "ri_tflops": 2.1075564085444407,
    "scf_tflops": 35.01747774326879,
    "scf_time": 33.807065628,
    "schema_version": "0.2.0",
    "tflops": 32.861368676692436,
    "total_time": 33.992795,
    "transforms_time": 0.09203568699999999,
    "xc_tflops": 43.40091706184841,
    "xc_time": 25.397048255
  },
  "schema_version": "0.2.0"
}
