{
  "calculation_time": 21.05793404,
  "qmmbe": {
    "b_formation_time": 1.51863143,
    "b_tflops": 5.74286729248584,
    "diag_time": 2.7341424039999995,
    "expanded_elec_energy": -4717.595601175637,
    "expanded_hf_energy": -1384.1895339119944,
    "expanded_nuc_repulsion_energy": 3537.0269757148967,
    "expanded_xc_energy": -203.62090845125408,
    "homo": -0.18723708963253596,
    "lumo": -0.10245348854128099,
    "method": "RestrictedKSDFT",
    "mp2_tflops": 0.0,
    "mp2_time": 6.95335580496863e-310,
    "n_atoms": 56,
    "nmers": [
      [
        {
          "fragments": [
            0
          ],
          "hf_energy": -1384.1895339119944,
          "num_basis_fns": 1236,
          "num_iters": 17,
          "schema_version": "0.2.0"
        }
      ]
    ],
    "num_iters": 17,
    "ri_fock_time": 0.15023027,
    "ri_tflops": 2.099375737046868,
    "scf_tflops": 31.60550067457388,
    "scf_time": 20.88369368,
    "schema_version": "0.2.0",
    "tflops": 29.167597938888612,
    "total_time": 21.05432,
    "transforms_time": 0.07305497999999999,
    "xc_tflops": 39.2703257835813,
    "xc_time": 15.395777826
  },
  "schema_version": "0.2.0"
}
