{
  "calculation_time": 18.43480888,
  "qmmbe": {
    "b_formation_time": 1.731269658,
    "b_tflops": 3.9292252345243837,
    "diag_time": 2.304941373,
    "expanded_elec_energy": -4282.54932498871,
    "expanded_hf_energy": -1306.764298694479,
    "expanded_nuc_repulsion_energy": 3167.7815009834676,
    "expanded_xc_energy": -191.9964746892362,
    "homo": -0.18000763043756252,
    "lumo": -0.10956091558368922,
    "method": "RestrictedKSDFT",
    "mp2_tflops": 0.0,
    "mp2_time": 6.95335580496863e-310,
    "n_atoms": 52,
    "nmers": [
      [
        {
          "fragments": [
            0
          ],
          "hf_energy": -1306.764298694479,
          "num_basis_fns": 1162,
          "num_iters": 16,
          "schema_version": "0.2.0"
        }
      ]
    ],
    "num_iters": 16,
    "ri_fock_time": 0.11848945800000002,
    "ri_tflops": 2.0814524112685193,
    "scf_tflops": 28.84988933539158,
    "scf_time": 18.292383751,
    "schema_version": "0.2.0",
    "tflops": 25.984358410495307,
    "total_time": 18.431339,
    "transforms_time": 0.06778570499999997,
    "xc_tflops": 35.772882303689755,
    "xc_time": 13.180405602999999
  },
  "schema_version": "0.2.0"
}
