{
  "calculation_time": 34.144419029,
  "qmmbe": {
    "b_formation_time": 2.136998868,
    "b_tflops": 6.74314958920231,
    "diag_time": 4.515819338999999,
    "expanded_elec_energy": -5882.055032867704,
    "expanded_hf_energy": -1691.531128300075,
    "expanded_nuc_repulsion_energy": 4439.223873081074,
    "expanded_xc_energy": -248.69996851344533,
    "homo": -0.17882617512623564,
    "lumo": -0.11194570838232767,
    "method": "RestrictedKSDFT",
    "mp2_tflops": 0.0,
    "mp2_time": 6.95335580496073e-310,
    "n_atoms": 68,
    "nmers": [
      [
        {
          "fragments": [
            0
          ],
          "hf_energy": -1691.531128300075,
          "num_basis_fns": 1508,
          "num_iters": 17,
          "schema_version": "0.2.0"
        }
      ]
    ],
    "num_iters": 17,
    "ri_fock_time": 0.273815756,
    "ri_tflops": 2.0918191713116756,
    "scf_tflops": 34.93345712804225,
    "scf_time": 33.940870478,
    "schema_version": "0.2.0",
    "tflops": 32.7128872655458,
    "total_time": 34.139481,
    "transforms_time": 0.09519576,
    "xc_tflops": 43.29138178575128,
    "xc_time": 25.430658616
  },
  "schema_version": "0.2.0"
}
