{
  "calculation_time": 36.290244643,
  "qmmbe": {
    "b_formation_time": 2.342060738,
    "b_tflops": 8.419680171529352,
    "diag_time": 4.788890904999999,
    "expanded_elec_energy": -6631.442764240099,
    "expanded_hf_energy": -1691.5159980533401,
    "expanded_nuc_repulsion_energy": 5188.6658964278395,
    "expanded_xc_energy": -248.73913024108074,
    "homo": -0.18150852196491502,
    "lumo": -0.10662680736724311,
    "method": "RestrictedKSDFT",
    "mp2_tflops": 0.0,
    "mp2_time": 6.95335580496073e-310,
    "n_atoms": 68,
    "nmers": [
      [
        {
          "fragments": [
            0
          ],
          "hf_energy": -1691.5159980533401,
          "num_basis_fns": 1508,
          "num_iters": 18,
          "schema_version": "0.2.0"
        }
      ]
    ],
    "num_iters": 18,
    "ri_fock_time": 0.28751897400000004,
    "ri_tflops": 2.1093062888851293,
    "scf_tflops": 34.23768022630985,
    "scf_time": 36.027115046,
    "schema_version": "0.2.0",
    "tflops": 32.04980711612127,
    "total_time": 36.285379,
    "transforms_time": 0.100065685,
    "xc_tflops": 42.40758619855441,
    "xc_time": 26.921306508
  },
  "schema_version": "0.2.0"
}
