{
  "calculation_time": 34.410723934,
  "qmmbe": {
    "b_formation_time": 2.195820033,
    "b_tflops": 6.77772370627789,
    "diag_time": 4.551888601,
    "expanded_elec_energy": -5956.055081858578,
    "expanded_hf_energy": -1691.5194260949693,
    "expanded_nuc_repulsion_energy": 4513.240551960999,
    "expanded_xc_energy": -248.7048961973906,
    "homo": -0.17707099442191696,
    "lumo": -0.11695696457677934,
    "method": "RestrictedKSDFT",
    "mp2_tflops": 0.0,
    "mp2_time": 6.95335580496073e-310,
    "n_atoms": 68,
    "nmers": [
      [
        {
          "fragments": [
            0
          ],
          "hf_energy": -1691.5194260949693,
          "num_basis_fns": 1508,
          "num_iters": 17,
          "schema_version": "0.2.0"
        }
      ]
    ],
    "num_iters": 17,
    "ri_fock_time": 0.27394614700000003,
    "ri_tflops": 2.0908235216317896,
    "scf_tflops": 34.65280080339506,
    "scf_time": 34.217023937,
    "schema_version": "0.2.0",
    "tflops": 32.43046974314167,
    "total_time": 34.406025,
    "transforms_time": 0.089950628,
    "xc_tflops": 42.871706067781055,
    "xc_time": 25.645313541999997
  },
  "schema_version": "0.2.0"
}
