{
  "calculation_time": 25.783159289,
  "qmmbe": {
    "b_formation_time": 1.824590087,
    "b_tflops": 6.442498503586356,
    "diag_time": 3.482452058,
    "expanded_elec_energy": -5369.5503271388525,
    "expanded_hf_energy": -1537.8331179129402,
    "expanded_nuc_repulsion_energy": 4057.8809921287093,
    "expanded_xc_energy": -226.16378290279695,
    "homo": -0.18644068286212165,
    "lumo": -0.10513782538032634,
    "method": "RestrictedKSDFT",
    "mp2_tflops": 0.0,
    "mp2_time": 6.9533558049623e-310,
    "n_atoms": 62,
    "nmers": [
      [
        {
          "fragments": [
            0
          ],
          "hf_energy": -1537.8331179129402,
          "num_basis_fns": 1372,
          "num_iters": 17,
          "schema_version": "0.2.0"
        }
      ]
    ],
    "num_iters": 17,
    "ri_fock_time": 0.20850767399999998,
    "ri_tflops": 2.068830893197725,
    "scf_tflops": 35.11097335064432,
    "scf_time": 25.585894665,
    "schema_version": "0.2.0",
    "tflops": 32.53907020909425,
    "total_time": 25.778843,
    "transforms_time": 0.085977303,
    "xc_tflops": 43.99636741067864,
    "xc_time": 18.773604922
  },
  "schema_version": "0.2.0"
}
