{
  "calculation_time": 23.451323639,
  "qmmbe": {
    "b_formation_time": 1.764434572,
    "b_tflops": 6.028525069956519,
    "diag_time": 3.198386635,
    "expanded_elec_energy": -5184.275967334937,
    "expanded_hf_energy": -1536.6985435144056,
    "expanded_nuc_repulsion_energy": 3873.0361340688546,
    "expanded_xc_energy": -225.45871024832275,
    "homo": -0.17912985658450253,
    "lumo": -0.11446206502003478,
    "method": "RestrictedKSDFT",
    "mp2_tflops": 0.0,
    "mp2_time": 6.9533558049623e-310,
    "n_atoms": 60,
    "nmers": [
      [
        {
          "fragments": [
            0
          ],
          "hf_energy": -1536.6985435144056,
          "num_basis_fns": 1360,
          "num_iters": 16,
          "schema_version": "0.2.0"
        }
      ]
    ],
    "num_iters": 16,
    "ri_fock_time": 0.18558573499999997,
    "ri_tflops": 2.1303927050212135,
    "scf_tflops": 35.09596831728277,
    "scf_time": 23.28512767,
    "schema_version": "0.2.0",
    "tflops": 32.357987279759776,
    "total_time": 23.446922,
    "transforms_time": 0.07831292999999999,
    "xc_tflops": 44.11478399896061,
    "xc_time": 16.934561116999998
  },
  "schema_version": "0.2.0"
}
