{
  "calculation_time": 34.014538568,
  "qmmbe": {
    "b_formation_time": 2.191678842,
    "b_tflops": 6.9035208403878,
    "diag_time": 4.477102797,
    "expanded_elec_energy": -6004.588057557126,
    "expanded_hf_energy": -1691.5186694164543,
    "expanded_nuc_repulsion_energy": 4561.771312842876,
    "expanded_xc_energy": -248.7019247022038,
    "homo": -0.17235399260287365,
    "lumo": -0.12101075264389528,
    "method": "RestrictedKSDFT",
    "mp2_tflops": 0.0,
    "mp2_time": 6.95335580496073e-310,
    "n_atoms": 68,
    "nmers": [
      [
        {
          "fragments": [
            0
          ],
          "hf_energy": -1691.5186694164543,
          "num_basis_fns": 1508,
          "num_iters": 17,
          "schema_version": "0.2.0"
        }
      ]
    ],
    "num_iters": 17,
    "ri_fock_time": 0.27443334199999997,
    "ri_tflops": 2.08711173224717,
    "scf_tflops": 35.11182384491234,
    "scf_time": 33.804344167000004,
    "schema_version": "0.2.0",
    "tflops": 32.81857445094937,
    "total_time": 34.009893,
    "transforms_time": 0.088022585,
    "xc_tflops": 43.456485536310815,
    "xc_time": 25.302877068999997
  },
  "schema_version": "0.2.0"
}
