{
  "calculation_time": 24.824518089,
  "qmmbe": {
    "b_formation_time": 1.767381954,
    "b_tflops": 6.086152750180226,
    "diag_time": 3.720101438,
    "expanded_elec_energy": -5191.838231351219,
    "expanded_hf_energy": -1537.8569143722846,
    "expanded_nuc_repulsion_energy": 3880.141563477688,
    "expanded_xc_energy": -226.16024649875345,
    "homo": -0.18235945080577792,
    "lumo": -0.10926515968415354,
    "method": "RestrictedKSDFT",
    "mp2_tflops": 0.0,
    "mp2_time": 6.95335580496863e-310,
    "n_atoms": 62,
    "nmers": [
      [
        {
          "fragments": [
            0
          ],
          "hf_energy": -1537.8569143722846,
          "num_basis_fns": 1372,
          "num_iters": 16,
          "schema_version": "0.2.0"
        }
      ]
    ],
    "num_iters": 16,
    "ri_fock_time": 0.204041369,
    "ri_tflops": 1.9897562102712611,
    "scf_tflops": 34.62314267817924,
    "scf_time": 24.660072515,
    "schema_version": "0.2.0",
    "tflops": 32.035812901221696,
    "total_time": 24.820349,
    "transforms_time": 0.08078638899999999,
    "xc_tflops": 44.21358159843294,
    "xc_time": 17.717892469000002
  },
  "schema_version": "0.2.0"
}
