{
  "calculation_time": 15.49402053,
  "qmmbe": {
    "b_formation_time": 1.467948938,
    "b_tflops": 3.5513897784828807,
    "diag_time": 2.0500121800000004,
    "expanded_elec_energy": -3837.25748030079,
    "expanded_hf_energy": -1230.5269794618869,
    "expanded_nuc_repulsion_energy": 2787.7999235330753,
    "expanded_xc_energy": -181.0694226941721,
    "homo": -0.18209075649238507,
    "lumo": -0.10843913511573432,
    "method": "RestrictedKSDFT",
    "mp2_tflops": 0.0,
    "mp2_time": 6.95335580496863e-310,
    "n_atoms": 50,
    "nmers": [
      [
        {
          "fragments": [
            0
          ],
          "hf_energy": -1230.5269794618869,
          "num_basis_fns": 1100,
          "num_iters": 16,
          "schema_version": "0.2.0"
        }
      ]
    ],
    "num_iters": 16,
    "ri_fock_time": 0.10212027599999998,
    "ri_tflops": 2.0489846698024987,
    "scf_tflops": 29.715793762586454,
    "scf_time": 15.372934389,
    "schema_version": "0.2.0",
    "tflops": 26.653917569217242,
    "total_time": 15.490714,
    "transforms_time": 0.06944541,
    "xc_tflops": 37.37136469219031,
    "xc_time": 10.894697924999997
  },
  "schema_version": "0.2.0"
}
