{
  "calculation_time": 36.107412139,
  "qmmbe": {
    "b_formation_time": 2.374156041,
    "b_tflops": 8.372740817603235,
    "diag_time": 4.7757843410000005,
    "expanded_elec_energy": -6649.903071287736,
    "expanded_hf_energy": -1691.524897188646,
    "expanded_nuc_repulsion_energy": 5207.124711472513,
    "expanded_xc_energy": -248.74653737342337,
    "homo": -0.18816394864127353,
    "lumo": -0.1019136733956876,
    "method": "RestrictedKSDFT",
    "mp2_tflops": 0.0,
    "mp2_time": 6.95335580496863e-310,
    "n_atoms": 68,
    "nmers": [
      [
        {
          "fragments": [
            0
          ],
          "hf_energy": -1691.524897188646,
          "num_basis_fns": 1508,
          "num_iters": 18,
          "schema_version": "0.2.0"
        }
      ]
    ],
    "num_iters": 18,
    "ri_fock_time": 0.288253117,
    "ri_tflops": 2.1039341615584335,
    "scf_tflops": 34.4120910964843,
    "scf_time": 35.860807079,
    "schema_version": "0.2.0",
    "tflops": 32.17281422022663,
    "total_time": 36.102862,
    "transforms_time": 0.09862470899999999,
    "xc_tflops": 42.666353646569306,
    "xc_time": 26.721289796999997
  },
  "schema_version": "0.2.0"
}
