{
  "calculation_time": 34.301347708,
  "qmmbe": {
    "b_formation_time": 2.128365368,
    "b_tflops": 6.492727965778477,
    "diag_time": 4.511052234,
    "expanded_elec_energy": -5800.676172735945,
    "expanded_hf_energy": -1691.5385187327126,
    "expanded_nuc_repulsion_energy": 4357.835776521351,
    "expanded_xc_energy": -248.69812251811868,
    "homo": -0.18633981908470432,
    "lumo": -0.11038402564924858,
    "method": "RestrictedKSDFT",
    "mp2_tflops": 0.0,
    "mp2_time": 6.95335580496863e-310,
    "n_atoms": 68,
    "nmers": [
      [
        {
          "fragments": [
            0
          ],
          "hf_energy": -1691.5385187327126,
          "num_basis_fns": 1508,
          "num_iters": 17,
          "schema_version": "0.2.0"
        }
      ]
    ],
    "num_iters": 17,
    "ri_fock_time": 0.27492949199999994,
    "ri_tflops": 2.083345237505477,
    "scf_tflops": 34.754230567911236,
    "scf_time": 34.121744305,
    "schema_version": "0.2.0",
    "tflops": 32.58480961818489,
    "total_time": 34.29694,
    "transforms_time": 0.092435667,
    "xc_tflops": 42.96894663267034,
    "xc_time": 25.653279644999994
  },
  "schema_version": "0.2.0"
}
