{
  "calculation_time": 29.985601848,
  "qmmbe": {
    "b_formation_time": 2.03876289,
    "b_tflops": 6.734261371706642,
    "diag_time": 4.376953333,
    "expanded_elec_energy": -5745.601117535578,
    "expanded_hf_energy": -1614.079710228165,
    "expanded_nuc_repulsion_energy": 4368.601593583487,
    "expanded_xc_energy": -237.08018627607356,
    "homo": -0.17173128114917977,
    "lumo": -0.11876356667948873,
    "method": "RestrictedKSDFT",
    "mp2_tflops": 0.0,
    "mp2_time": 6.95335580496863e-310,
    "n_atoms": 64,
    "nmers": [
      [
        {
          "fragments": [
            0
          ],
          "hf_energy": -1614.079710228165,
          "num_basis_fns": 1434,
          "num_iters": 17,
          "schema_version": "0.2.0"
        }
      ]
    ],
    "num_iters": 17,
    "ri_fock_time": 0.23561905300000005,
    "ri_tflops": 2.0901919021633617,
    "scf_tflops": 33.95250824513988,
    "scf_time": 29.795103582,
    "schema_version": "0.2.0",
    "tflops": 31.608104746314073,
    "total_time": 29.981373,
    "transforms_time": 0.085420517,
    "xc_tflops": 42.901901435303806,
    "xc_time": 21.740039463
  },
  "schema_version": "0.2.0"
}
