{
  "calculation_time": 32.163402937,
  "qmmbe": {
    "b_formation_time": 2.098510852,
    "b_tflops": 6.602055937384307,
    "diag_time": 4.2500840239999995,
    "expanded_elec_energy": -5772.719976550898,
    "expanded_hf_energy": -1691.5416952288215,
    "expanded_nuc_repulsion_energy": 4329.882384337635,
    "expanded_xc_energy": -248.70410301555876,
    "homo": -0.17881262826321212,
    "lumo": -0.11538436365631165,
    "method": "RestrictedKSDFT",
    "mp2_tflops": 0.0,
    "mp2_time": 6.95335580496863e-310,
    "n_atoms": 68,
    "nmers": [
      [
        {
          "fragments": [
            0
          ],
          "hf_energy": -1691.5416952288215,
          "num_basis_fns": 1508,
          "num_iters": 16,
          "schema_version": "0.2.0"
        }
      ]
    ],
    "num_iters": 16,
    "ri_fock_time": 0.257458806,
    "ri_tflops": 2.093851532831237,
    "scf_tflops": 35.135298964419896,
    "scf_time": 31.967656202,
    "schema_version": "0.2.0",
    "tflops": 32.81496252626819,
    "total_time": 32.158965,
    "transforms_time": 0.087576387,
    "xc_tflops": 43.55042409787926,
    "xc_time": 23.881790764
  },
  "schema_version": "0.2.0"
}
