{
  "calculation_time": 34.38162574,
  "qmmbe": {
    "b_formation_time": 2.227812916,
    "b_tflops": 7.120933642419011,
    "diag_time": 4.520448241,
    "expanded_elec_energy": -6105.34182324482,
    "expanded_hf_energy": -1691.5185995547515,
    "expanded_nuc_repulsion_energy": 4662.538086826167,
    "expanded_xc_energy": -248.71486313609853,
    "homo": -0.1866788232433319,
    "lumo": -0.1033433564760685,
    "method": "RestrictedKSDFT",
    "mp2_tflops": 0.0,
    "mp2_time": 6.95335580496705e-310,
    "n_atoms": 68,
    "nmers": [
      [
        {
          "fragments": [
            0
          ],
          "hf_energy": -1691.5185995547515,
          "num_basis_fns": 1508,
          "num_iters": 17,
          "schema_version": "0.2.0"
        }
      ]
    ],
    "num_iters": 17,
    "ri_fock_time": 0.274162754,
    "ri_tflops": 2.089171630541762,
    "scf_tflops": 34.63250037489632,
    "scf_time": 34.176681321,
    "schema_version": "0.2.0",
    "tflops": 32.37585286766941,
    "total_time": 34.377215,
    "transforms_time": 0.09488461500000002,
    "xc_tflops": 42.879602250935086,
    "xc_time": 25.552114071999995
  },
  "schema_version": "0.2.0"
}
