{
  "calculation_time": 34.092217853,
  "qmmbe": {
    "b_formation_time": 2.073507919,
    "b_tflops": 6.56477613088682,
    "diag_time": 4.532219175,
    "expanded_elec_energy": -5728.417164859905,
    "expanded_hf_energy": -1691.537318606857,
    "expanded_nuc_repulsion_energy": 4285.575368293159,
    "expanded_xc_energy": -248.6955220401112,
    "homo": -0.18314366432356843,
    "lumo": -0.11016579362350974,
    "method": "RestrictedKSDFT",
    "mp2_tflops": 0.0,
    "mp2_time": 6.95335580496863e-310,
    "n_atoms": 68,
    "nmers": [
      [
        {
          "fragments": [
            0
          ],
          "hf_energy": -1691.537318606857,
          "num_basis_fns": 1508,
          "num_iters": 17,
          "schema_version": "0.2.0"
        }
      ]
    ],
    "num_iters": 17,
    "ri_fock_time": 0.272079895,
    "ri_tflops": 2.1051649105054233,
    "scf_tflops": 34.92203738049578,
    "scf_time": 33.89897089,
    "schema_version": "0.2.0",
    "tflops": 32.76512033454941,
    "total_time": 34.087807,
    "transforms_time": 0.09260035,
    "xc_tflops": 43.32586321132507,
    "xc_time": 25.431162842000003
  },
  "schema_version": "0.2.0"
}
