{
  "calculation_time": 34.008256219,
  "qmmbe": {
    "b_formation_time": 2.106754567,
    "b_tflops": 6.552270254299632,
    "diag_time": 4.504937590999999,
    "expanded_elec_energy": -5761.418918491114,
    "expanded_hf_energy": -1691.5199849422143,
    "expanded_nuc_repulsion_energy": 4318.594553412211,
    "expanded_xc_energy": -248.69561986331163,
    "homo": -0.17097146677260885,
    "lumo": -0.1231608624575913,
    "method": "RestrictedKSDFT",
    "mp2_tflops": 0.0,
    "mp2_time": 6.95335580496073e-310,
    "n_atoms": 68,
    "nmers": [
      [
        {
          "fragments": [
            0
          ],
          "hf_energy": -1691.5199849422143,
          "num_basis_fns": 1508,
          "num_iters": 17,
          "schema_version": "0.2.0"
        }
      ]
    ],
    "num_iters": 17,
    "ri_fock_time": 0.273997362,
    "ri_tflops": 2.090432709377691,
    "scf_tflops": 35.04951114623049,
    "scf_time": 33.827257988,
    "schema_version": "0.2.0",
    "tflops": 32.853450360199595,
    "total_time": 34.003525,
    "transforms_time": 0.09192041099999995,
    "xc_tflops": 43.38538781119914,
    "xc_time": 25.397240693
  },
  "schema_version": "0.2.0"
}
