{
  "calculation_time": 34.227796917,
  "qmmbe": {
    "b_formation_time": 2.131639588,
    "b_tflops": 6.623552942676911,
    "diag_time": 4.53844421,
    "expanded_elec_energy": -5817.827491072252,
    "expanded_hf_energy": -1691.5264471874896,
    "expanded_nuc_repulsion_energy": 4374.998690249592,
    "expanded_xc_energy": -248.69764636482964,
    "homo": -0.1857838118406719,
    "lumo": -0.10577536172778318,
    "method": "RestrictedKSDFT",
    "mp2_tflops": 0.0,
    "mp2_time": 6.95335580496863e-310,
    "n_atoms": 68,
    "nmers": [
      [
        {
          "fragments": [
            0
          ],
          "hf_energy": -1691.5264471874896,
          "num_basis_fns": 1508,
          "num_iters": 17,
          "schema_version": "0.2.0"
        }
      ]
    ],
    "num_iters": 17,
    "ri_fock_time": 0.27233208300000006,
    "ri_tflops": 2.1032154621605854,
    "scf_tflops": 34.839292318166436,
    "scf_time": 34.04540636,
    "schema_version": "0.2.0",
    "tflops": 32.630335567732125,
    "total_time": 34.223212,
    "transforms_time": 0.092180872,
    "xc_tflops": 43.17625795159713,
    "xc_time": 25.503062597000007
  },
  "schema_version": "0.2.0"
}
