{
  "calculation_time": 29.776864896,
  "qmmbe": {
    "b_formation_time": 2.002758434,
    "b_tflops": 6.7532167751050896,
    "diag_time": 4.4361264039999995,
    "expanded_elec_energy": -5718.878802941044,
    "expanded_hf_energy": -1614.0779844732365,
    "expanded_nuc_repulsion_energy": 4341.879759990008,
    "expanded_xc_energy": -237.07894152220032,
    "homo": -0.17258297108785678,
    "lumo": -0.11729323157635933,
    "method": "RestrictedKSDFT",
    "mp2_tflops": 0.0,
    "mp2_time": 6.95335580496705e-310,
    "n_atoms": 64,
    "nmers": [
      [
        {
          "fragments": [
            0
          ],
          "hf_energy": -1614.0779844732365,
          "num_basis_fns": 1434,
          "num_iters": 17,
          "schema_version": "0.2.0"
        }
      ]
    ],
    "num_iters": 17,
    "ri_fock_time": 0.236813612,
    "ri_tflops": 2.079648346295229,
    "scf_tflops": 34.19988966578198,
    "scf_time": 29.572847799,
    "schema_version": "0.2.0",
    "tflops": 31.84532160960357,
    "total_time": 29.772654,
    "transforms_time": 0.08380990900000003,
    "xc_tflops": 43.463402263098416,
    "xc_time": 21.474513146
  },
  "schema_version": "0.2.0"
}
