{
  "calculation_time": 32.286549245,
  "qmmbe": {
    "b_formation_time": 2.223306335,
    "b_tflops": 7.249268515527348,
    "diag_time": 4.296461219999999,
    "expanded_elec_energy": -6135.210493095787,
    "expanded_hf_energy": -1691.5313733407932,
    "expanded_nuc_repulsion_energy": 4692.395758554992,
    "expanded_xc_energy": -248.71663879999883,
    "homo": -0.183992064032773,
    "lumo": -0.10425480586773381,
    "method": "RestrictedKSDFT",
    "mp2_tflops": 0.0,
    "mp2_time": 6.95335580496073e-310,
    "n_atoms": 68,
    "nmers": [
      [
        {
          "fragments": [
            0
          ],
          "hf_energy": -1691.5313733407932,
          "num_basis_fns": 1508,
          "num_iters": 16,
          "schema_version": "0.2.0"
        }
      ]
    ],
    "num_iters": 16,
    "ri_fock_time": 0.258402936,
    "ri_tflops": 2.0862012016148297,
    "scf_tflops": 35.009616903912786,
    "scf_time": 32.08020585,
    "schema_version": "0.2.0",
    "tflops": 32.61306079075424,
    "total_time": 32.281794,
    "transforms_time": 0.08697125599999997,
    "xc_tflops": 43.49163526509282,
    "xc_time": 23.804738557
  },
  "schema_version": "0.2.0"
}
