{
  "calculation_time": 32.274880906,
  "qmmbe": {
    "b_formation_time": 2.129300472,
    "b_tflops": 6.642362580786578,
    "diag_time": 4.2731370140000005,
    "expanded_elec_energy": -5857.579190455634,
    "expanded_hf_energy": -1691.5485989998622,
    "expanded_nuc_repulsion_energy": 4414.743470158889,
    "expanded_xc_energy": -248.71287870311775,
    "homo": -0.19090659289954168,
    "lumo": -0.1008692090283306,
    "method": "RestrictedKSDFT",
    "mp2_tflops": 0.0,
    "mp2_time": 6.95335580496705e-310,
    "n_atoms": 68,
    "nmers": [
      [
        {
          "fragments": [
            0
          ],
          "hf_energy": -1691.5485989998622,
          "num_basis_fns": 1508,
          "num_iters": 16,
          "schema_version": "0.2.0"
        }
      ]
    ],
    "num_iters": 16,
    "ri_fock_time": 0.25849973200000004,
    "ri_tflops": 2.0854200173174644,
    "scf_tflops": 35.00486418534518,
    "scf_time": 32.092108243,
    "schema_version": "0.2.0",
    "tflops": 32.664132906926014,
    "total_time": 32.270481,
    "transforms_time": 0.086157202,
    "xc_tflops": 43.374581777249055,
    "xc_time": 23.944739665999997
  },
  "schema_version": "0.2.0"
}
