{
  "calculation_time": 24.843740114,
  "qmmbe": {
    "b_formation_time": 1.769749794,
    "b_tflops": 5.727705756555099,
    "diag_time": 3.7484633690000004,
    "expanded_elec_energy": -5068.031844021367,
    "expanded_hf_energy": -1537.879036953934,
    "expanded_nuc_repulsion_energy": 3756.312262767311,
    "expanded_xc_energy": -226.15945569987827,
    "homo": -0.1867692595654108,
    "lumo": -0.10702823435769487,
    "method": "RestrictedKSDFT",
    "mp2_tflops": 0.0,
    "mp2_time": 6.9533558049623e-310,
    "n_atoms": 62,
    "nmers": [
      [
        {
          "fragments": [
            0
          ],
          "hf_energy": -1537.879036953934,
          "num_basis_fns": 1372,
          "num_iters": 16,
          "schema_version": "0.2.0"
        }
      ]
    ],
    "num_iters": 16,
    "ri_fock_time": 0.203878806,
    "ri_tflops": 1.9913427446695955,
    "scf_tflops": 34.58420404881825,
    "scf_time": 24.688919894,
    "schema_version": "0.2.0",
    "tflops": 32.04178327551288,
    "total_time": 24.839401,
    "transforms_time": 0.08001074099999997,
    "xc_tflops": 44.16737590104605,
    "xc_time": 17.767536093
  },
  "schema_version": "0.2.0"
}
