{
  "calculation_time": 25.020129871,
  "qmmbe": {
    "b_formation_time": 1.776587159,
    "b_tflops": 6.358113705807777,
    "diag_time": 3.4556950110000004,
    "expanded_elec_energy": -5311.76368624904,
    "expanded_hf_energy": -1536.6908601425553,
    "expanded_nuc_repulsion_energy": 4000.5329338653096,
    "expanded_xc_energy": -225.46010775882485,
    "homo": -0.17917218279559063,
    "lumo": -0.11191692296544645,
    "method": "RestrictedKSDFT",
    "mp2_tflops": 0.0,
    "mp2_time": 6.9533558049623e-310,
    "n_atoms": 60,
    "nmers": [
      [
        {
          "fragments": [
            0
          ],
          "hf_energy": -1536.6908601425553,
          "num_basis_fns": 1360,
          "num_iters": 17,
          "schema_version": "0.2.0"
        }
      ]
    ],
    "num_iters": 17,
    "ri_fock_time": 0.192354634,
    "ri_tflops": 2.183888910105488,
    "scf_tflops": 34.64633444145522,
    "scf_time": 24.846000041,
    "schema_version": "0.2.0",
    "tflops": 32.087499142458086,
    "total_time": 25.015889,
    "transforms_time": 0.083299392,
    "xc_tflops": 43.5776325788505,
    "xc_time": 18.136501511000002
  },
  "schema_version": "0.2.0"
}
