{
  "calculation_time": 25.691843712,
  "qmmbe": {
    "b_formation_time": 1.778444762,
    "b_tflops": 5.928686697639475,
    "diag_time": 3.500289252,
    "expanded_elec_energy": -5164.940634391623,
    "expanded_hf_energy": -1537.8711731939084,
    "expanded_nuc_repulsion_energy": 3853.2242041698764,
    "expanded_xc_energy": -226.1547429721623,
    "homo": -0.18687224593264007,
    "lumo": -0.10365552795223734,
    "method": "RestrictedKSDFT",
    "mp2_tflops": 0.0,
    "mp2_time": 6.95335580496863e-310,
    "n_atoms": 62,
    "nmers": [
      [
        {
          "fragments": [
            0
          ],
          "hf_energy": -1537.8711731939084,
          "num_basis_fns": 1372,
          "num_iters": 17,
          "schema_version": "0.2.0"
        }
      ]
    ],
    "num_iters": 17,
    "ri_fock_time": 0.21748631899999998,
    "ri_tflops": 1.9834218511923962,
    "scf_tflops": 35.33056522520785,
    "scf_time": 25.518076705,
    "schema_version": "0.2.0",
    "tflops": 32.751336634444776,
    "total_time": 25.687818,
    "transforms_time": 0.08353731899999997,
    "xc_tflops": 44.27288933307804,
    "xc_time": 18.740163730000003
  },
  "schema_version": "0.2.0"
}
