{
  "calculation_time": 19.753401309,
  "qmmbe": {
    "b_formation_time": 1.400961566,
    "b_tflops": 5.044785043703333,
    "diag_time": 2.5288495849999997,
    "expanded_elec_energy": -4357.349627516145,
    "expanded_hf_energy": -1384.1993378653929,
    "expanded_nuc_repulsion_energy": 3176.7499421484563,
    "expanded_xc_energy": -203.59965249770408,
    "homo": -0.17860984935303753,
    "lumo": -0.11566912373423431,
    "method": "RestrictedKSDFT",
    "mp2_tflops": 0.0,
    "mp2_time": 6.95335580496863e-310,
    "n_atoms": 56,
    "nmers": [
      [
        {
          "fragments": [
            0
          ],
          "hf_energy": -1384.1993378653929,
          "num_basis_fns": 1236,
          "num_iters": 16,
          "schema_version": "0.2.0"
        }
      ]
    ],
    "num_iters": 16,
    "ri_fock_time": 0.14110896299999998,
    "ri_tflops": 2.1036044576700634,
    "scf_tflops": 32.00482339563003,
    "scf_time": 19.620434506,
    "schema_version": "0.2.0",
    "tflops": 29.564101213788224,
    "total_time": 19.749734,
    "transforms_time": 0.07500956300000002,
    "xc_tflops": 39.71555969122508,
    "xc_time": 14.504853893
  },
  "schema_version": "0.2.0"
}
