{
  "calculation_time": 22.81703806,
  "qmmbe": {
    "b_formation_time": 1.633192736,
    "b_tflops": 5.993714456653082,
    "diag_time": 3.0892759420000013,
    "expanded_elec_energy": -4983.801862413017,
    "expanded_hf_energy": -1460.4309848455036,
    "expanded_nuc_repulsion_energy": 3737.900877978026,
    "expanded_xc_energy": -214.53000041051234,
    "homo": -0.17195352230304028,
    "lumo": -0.11988760939832807,
    "method": "RestrictedKSDFT",
    "mp2_tflops": 0.0,
    "mp2_time": 6.95335580496863e-310,
    "n_atoms": 58,
    "nmers": [
      [
        {
          "fragments": [
            0
          ],
          "hf_energy": -1460.4309848455036,
          "num_basis_fns": 1298,
          "num_iters": 17,
          "schema_version": "0.2.0"
        }
      ]
    ],
    "num_iters": 17,
    "ri_fock_time": 0.18104348900000003,
    "ri_tflops": 2.017407819267115,
    "scf_tflops": 33.39205823781894,
    "scf_time": 22.652167839,
    "schema_version": "0.2.0",
    "tflops": 30.885632629063554,
    "total_time": 22.813212,
    "transforms_time": 0.079805748,
    "xc_tflops": 41.85425213686481,
    "xc_time": 16.578744795
  },
  "schema_version": "0.2.0"
}
