{
  "calculation_time": 33.796917883,
  "qmmbe": {
    "b_formation_time": 2.231977725,
    "b_tflops": 7.279266024610528,
    "diag_time": 4.502935001,
    "expanded_elec_energy": -6141.534504414452,
    "expanded_hf_energy": -1691.520816887434,
    "expanded_nuc_repulsion_energy": 4698.720713611714,
    "expanded_xc_energy": -248.7070260846956,
    "homo": -0.18250382931855602,
    "lumo": -0.10788073832689937,
    "method": "RestrictedKSDFT",
    "mp2_tflops": 0.0,
    "mp2_time": 6.95335580496863e-310,
    "n_atoms": 68,
    "nmers": [
      [
        {
          "fragments": [
            0
          ],
          "hf_energy": -1691.520816887434,
          "num_basis_fns": 1508,
          "num_iters": 17,
          "schema_version": "0.2.0"
        }
      ]
    ],
    "num_iters": 17,
    "ri_fock_time": 0.271770663,
    "ri_tflops": 2.1075602549786616,
    "scf_tflops": 35.24107341265405,
    "scf_time": 33.592029907,
    "schema_version": "0.2.0",
    "tflops": 32.906031366087724,
    "total_time": 33.792416,
    "transforms_time": 0.09170850300000001,
    "xc_tflops": 43.75897270777684,
    "xc_time": 25.006748191
  },
  "schema_version": "0.2.0"
}
