{
  "calculation_time": 29.608107085,
  "qmmbe": {
    "b_formation_time": 2.041170647,
    "b_tflops": 6.361044962103064,
    "diag_time": 3.9380891860000005,
    "expanded_elec_energy": -5634.677681260991,
    "expanded_hf_energy": -1614.1135583542498,
    "expanded_nuc_repulsion_energy": 4257.643187774325,
    "expanded_xc_energy": -237.07906486758353,
    "homo": -0.18162678431236604,
    "lumo": -0.10993828783983074,
    "method": "RestrictedKSDFT",
    "mp2_tflops": 0.0,
    "mp2_time": 6.95335580496705e-310,
    "n_atoms": 64,
    "nmers": [
      [
        {
          "fragments": [
            0
          ],
          "hf_energy": -1614.1135583542498,
          "num_basis_fns": 1434,
          "num_iters": 17,
          "schema_version": "0.2.0"
        }
      ]
    ],
    "num_iters": 17,
    "ri_fock_time": 0.244236167,
    "ri_tflops": 2.0164459777818244,
    "scf_tflops": 34.55011033911789,
    "scf_time": 29.426921832,
    "schema_version": "0.2.0",
    "tflops": 32.100845455048386,
    "total_time": 29.603618,
    "transforms_time": 0.08563661700000001,
    "xc_tflops": 42.988078753928406,
    "xc_time": 21.775297611
  },
  "schema_version": "0.2.0"
}
