{
  "calculation_time": 25.635737001,
  "qmmbe": {
    "b_formation_time": 1.793541742,
    "b_tflops": 6.1940581553278395,
    "diag_time": 3.490836584,
    "expanded_elec_energy": -5250.344463390542,
    "expanded_hf_energy": -1537.8432984655446,
    "expanded_nuc_repulsion_energy": 3938.657083487285,
    "expanded_xc_energy": -226.15591856228764,
    "homo": -0.18083181358688402,
    "lumo": -0.11035291097914834,
    "method": "RestrictedKSDFT",
    "mp2_tflops": 0.0,
    "mp2_time": 6.95335580496863e-310,
    "n_atoms": 62,
    "nmers": [
      [
        {
          "fragments": [
            0
          ],
          "hf_energy": -1537.8432984655446,
          "num_basis_fns": 1372,
          "num_iters": 17,
          "schema_version": "0.2.0"
        }
      ]
    ],
    "num_iters": 17,
    "ri_fock_time": 0.21726316400000004,
    "ri_tflops": 1.985459060331092,
    "scf_tflops": 35.36310298401672,
    "scf_time": 25.46619101,
    "schema_version": "0.2.0",
    "tflops": 32.77621632156872,
    "total_time": 25.631545,
    "transforms_time": 0.087600909,
    "xc_tflops": 44.3733693147114,
    "xc_time": 18.658180195
  },
  "schema_version": "0.2.0"
}
