{
  "calculation_time": 25.477156516,
  "qmmbe": {
    "b_formation_time": 1.780150037,
    "b_tflops": 6.300254349715804,
    "diag_time": 3.5032926480000004,
    "expanded_elec_energy": -5276.6602558114555,
    "expanded_hf_energy": -1537.8402299518511,
    "expanded_nuc_repulsion_energy": 3964.9763089393846,
    "expanded_xc_energy": -226.1562830797802,
    "homo": -0.17629757359120374,
    "lumo": -0.11726181276579405,
    "method": "RestrictedKSDFT",
    "mp2_tflops": 0.0,
    "mp2_time": 6.95335580496863e-310,
    "n_atoms": 62,
    "nmers": [
      [
        {
          "fragments": [
            0
          ],
          "hf_energy": -1537.8402299518511,
          "num_basis_fns": 1372,
          "num_iters": 17,
          "schema_version": "0.2.0"
        }
      ]
    ],
    "num_iters": 17,
    "ri_fock_time": 0.21693925700000002,
    "ri_tflops": 1.9884235034510143,
    "scf_tflops": 35.53253150517501,
    "scf_time": 25.307352281,
    "schema_version": "0.2.0",
    "tflops": 32.965868633842845,
    "total_time": 25.473131,
    "transforms_time": 0.08471342500000002,
    "xc_tflops": 44.62859009034806,
    "xc_time": 18.540594051000003
  },
  "schema_version": "0.2.0"
}
