{
  "calculation_time": 24.22957797,
  "qmmbe": {
    "b_formation_time": 1.739932992,
    "b_tflops": 5.6804208451701115,
    "diag_time": 3.2693689969999995,
    "expanded_elec_energy": -5009.24535228808,
    "expanded_hf_energy": -1537.8779485722519,
    "expanded_nuc_repulsion_energy": 3697.518863904208,
    "expanded_xc_energy": -226.1514601883803,
    "homo": -0.18061347675725897,
    "lumo": -0.1109435758720723,
    "method": "RestrictedKSDFT",
    "mp2_tflops": 0.0,
    "mp2_time": 6.95335580496863e-310,
    "n_atoms": 62,
    "nmers": [
      [
        {
          "fragments": [
            0
          ],
          "hf_energy": -1537.8779485722519,
          "num_basis_fns": 1372,
          "num_iters": 16,
          "schema_version": "0.2.0"
        }
      ]
    ],
    "num_iters": 16,
    "ri_fock_time": 0.19775594800000001,
    "ri_tflops": 2.052998077812557,
    "scf_tflops": 35.55657016232168,
    "scf_time": 24.078125052,
    "schema_version": "0.2.0",
    "tflops": 32.87113948259511,
    "total_time": 24.225532,
    "transforms_time": 0.08249734700000003,
    "xc_tflops": 44.55929993260906,
    "xc_time": 17.626309115
  },
  "schema_version": "0.2.0"
}
