{
  "calculation_time": 34.142048934,
  "qmmbe": {
    "b_formation_time": 2.152682939,
    "b_tflops": 6.8375205870185045,
    "diag_time": 4.487074535999999,
    "expanded_elec_energy": -5946.345199448629,
    "expanded_hf_energy": -1691.5167730850544,
    "expanded_nuc_repulsion_energy": 4503.52692076519,
    "expanded_xc_energy": -248.69849440161568,
    "homo": -0.1820497826859463,
    "lumo": -0.1106217540033162,
    "method": "RestrictedKSDFT",
    "mp2_tflops": 0.0,
    "mp2_time": 6.95335580496073e-310,
    "n_atoms": 68,
    "nmers": [
      [
        {
          "fragments": [
            0
          ],
          "hf_energy": -1691.5167730850544,
          "num_basis_fns": 1508,
          "num_iters": 17,
          "schema_version": "0.2.0"
        }
      ]
    ],
    "num_iters": 17,
    "ri_fock_time": 0.27480301900000004,
    "ri_tflops": 2.0843040585664014,
    "scf_tflops": 34.92316802391338,
    "scf_time": 33.951539735,
    "schema_version": "0.2.0",
    "tflops": 32.69068553045717,
    "total_time": 34.137104,
    "transforms_time": 0.09309041600000001,
    "xc_tflops": 43.18056840898039,
    "xc_time": 25.469471870999993
  },
  "schema_version": "0.2.0"
}
