{
  "calculation_time": 34.278352919,
  "qmmbe": {
    "b_formation_time": 2.252640984,
    "b_tflops": 6.99585641568883,
    "diag_time": 4.515974758,
    "expanded_elec_energy": -6082.227342147491,
    "expanded_hf_energy": -1691.5136969603416,
    "expanded_nuc_repulsion_energy": 4639.4101723325575,
    "expanded_xc_energy": -248.69652714540808,
    "homo": -0.17728599571338793,
    "lumo": -0.11311394289712,
    "method": "RestrictedKSDFT",
    "mp2_tflops": 0.0,
    "mp2_time": 6.95335580496705e-310,
    "n_atoms": 68,
    "nmers": [
      [
        {
          "fragments": [
            0
          ],
          "hf_energy": -1691.5136969603416,
          "num_basis_fns": 1508,
          "num_iters": 17,
          "schema_version": "0.2.0"
        }
      ]
    ],
    "num_iters": 17,
    "ri_fock_time": 0.275075811,
    "ri_tflops": 2.082237059397418,
    "scf_tflops": 34.751494924790066,
    "scf_time": 34.077837852,
    "schema_version": "0.2.0",
    "tflops": 32.45619815762527,
    "total_time": 34.273678,
    "transforms_time": 0.09270224899999999,
    "xc_tflops": 43.051811602130755,
    "xc_time": 25.438610482000005
  },
  "schema_version": "0.2.0"
}
