{
  "calculation_time": 30.186263417,
  "qmmbe": {
    "b_formation_time": 1.988756206,
    "b_tflops": 6.586200743889471,
    "diag_time": 3.9278461080000007,
    "expanded_elec_energy": -5645.196390501133,
    "expanded_hf_energy": -1614.102069032478,
    "expanded_nuc_repulsion_energy": 4268.179829778552,
    "expanded_xc_energy": -237.08550830989716,
    "homo": -0.17820929772807426,
    "lumo": -0.1144593955585514,
    "method": "RestrictedKSDFT",
    "mp2_tflops": 0.0,
    "mp2_time": 6.95335580496705e-310,
    "n_atoms": 64,
    "nmers": [
      [
        {
          "fragments": [
            0
          ],
          "hf_energy": -1614.102069032478,
          "num_basis_fns": 1434,
          "num_iters": 17,
          "schema_version": "0.2.0"
        }
      ]
    ],
    "num_iters": 17,
    "ri_fock_time": 0.24361659700000002,
    "ri_tflops": 2.0215742385400777,
    "scf_tflops": 33.75228603914058,
    "scf_time": 30.004301065,
    "schema_version": "0.2.0",
    "tflops": 31.466115687672062,
    "total_time": 30.181968,
    "transforms_time": 0.08939052099999999,
    "xc_tflops": 41.7137694705896,
    "xc_time": 22.422770255999996
  },
  "schema_version": "0.2.0"
}
