{
  "calculation_time": 25.636144864,
  "qmmbe": {
    "b_formation_time": 1.76070452,
    "b_tflops": 5.897861230546509,
    "diag_time": 3.479523055,
    "expanded_elec_energy": -5142.057435727716,
    "expanded_hf_energy": -1537.861448480804,
    "expanded_nuc_repulsion_energy": 3830.3486624809393,
    "expanded_xc_energy": -226.15267523402682,
    "homo": -0.1703869121215766,
    "lumo": -0.12275640530189354,
    "method": "RestrictedKSDFT",
    "mp2_tflops": 0.0,
    "mp2_time": 6.95335580496863e-310,
    "n_atoms": 62,
    "nmers": [
      [
        {
          "fragments": [
            0
          ],
          "hf_energy": -1537.861448480804,
          "num_basis_fns": 1372,
          "num_iters": 17,
          "schema_version": "0.2.0"
        }
      ]
    ],
    "num_iters": 17,
    "ri_fock_time": 0.21715041300000001,
    "ri_tflops": 1.986489970157229,
    "scf_tflops": 35.42977678277303,
    "scf_time": 25.475842618,
    "schema_version": "0.2.0",
    "tflops": 32.875536532069354,
    "total_time": 25.632018,
    "transforms_time": 0.08648019099999998,
    "xc_tflops": 44.386841334638255,
    "xc_time": 18.726196546
  },
  "schema_version": "0.2.0"
}
