{
  "calculation_time": 32.43388598,
  "qmmbe": {
    "b_formation_time": 2.164725718,
    "b_tflops": 6.5683042804409455,
    "diag_time": 4.351864256,
    "expanded_elec_energy": -5844.990588671055,
    "expanded_hf_energy": -1691.5316119490162,
    "expanded_nuc_repulsion_energy": 4402.16780122704,
    "expanded_xc_energy": -248.70882450500173,
    "homo": -0.18392510610246696,
    "lumo": -0.10997583580444378,
    "method": "RestrictedKSDFT",
    "mp2_tflops": 0.0,
    "mp2_time": 6.95335580496073e-310,
    "n_atoms": 68,
    "nmers": [
      [
        {
          "fragments": [
            0
          ],
          "hf_energy": -1691.5316119490162,
          "num_basis_fns": 1508,
          "num_iters": 16,
          "schema_version": "0.2.0"
        }
      ]
    ],
    "num_iters": 16,
    "ri_fock_time": 0.25844176100000005,
    "ri_tflops": 2.0858877973053276,
    "scf_tflops": 34.86787349811108,
    "scf_time": 32.250239807,
    "schema_version": "0.2.0",
    "tflops": 32.540247147417574,
    "total_time": 32.429196,
    "transforms_time": 0.08370562200000002,
    "xc_tflops": 43.310112168094975,
    "xc_time": 24.004938986
  },
  "schema_version": "0.2.0"
}
