{
  "calculation_time": 23.62924444,
  "qmmbe": {
    "b_formation_time": 1.621186064,
    "b_tflops": 5.967840686244636,
    "diag_time": 3.080976782,
    "expanded_elec_energy": -4966.125990215802,
    "expanded_hf_energy": -1460.4315856176565,
    "expanded_nuc_repulsion_energy": 3720.2331127340194,
    "expanded_xc_energy": -214.5387081358743,
    "homo": -0.17858052987463072,
    "lumo": -0.11200218849537026,
    "method": "RestrictedKSDFT",
    "mp2_tflops": 0.0,
    "mp2_time": 6.9533558049623e-310,
    "n_atoms": 58,
    "nmers": [
      [
        {
          "fragments": [
            0
          ],
          "hf_energy": -1460.4315856176565,
          "num_basis_fns": 1298,
          "num_iters": 17,
          "schema_version": "0.2.0"
        }
      ]
    ],
    "num_iters": 17,
    "ri_fock_time": 0.18016184,
    "ri_tflops": 2.0272803071727066,
    "scf_tflops": 32.150014358931365,
    "scf_time": 23.465709161,
    "schema_version": "0.2.0",
    "tflops": 29.836399382589885,
    "total_time": 23.625335,
    "transforms_time": 0.07973580700000002,
    "xc_tflops": 39.89767006726368,
    "xc_time": 17.402095841999998
  },
  "schema_version": "0.2.0"
}
