{
  "calculation_time": 22.591672403,
  "qmmbe": {
    "b_formation_time": 1.622643692,
    "b_tflops": 5.791688055026192,
    "diag_time": 3.113886842,
    "expanded_elec_energy": -4908.926282355301,
    "expanded_hf_energy": -1460.4303162426252,
    "expanded_nuc_repulsion_energy": 3663.0295852700883,
    "expanded_xc_energy": -214.53361915741257,
    "homo": -0.17321363845340665,
    "lumo": -0.11843478822948318,
    "method": "RestrictedKSDFT",
    "mp2_tflops": 0.0,
    "mp2_time": 6.95335580496863e-310,
    "n_atoms": 58,
    "nmers": [
      [
        {
          "fragments": [
            0
          ],
          "hf_energy": -1460.4303162426252,
          "num_basis_fns": 1298,
          "num_iters": 17,
          "schema_version": "0.2.0"
        }
      ]
    ],
    "num_iters": 17,
    "ri_fock_time": 0.18147267500000003,
    "ri_tflops": 2.0126366150496207,
    "scf_tflops": 33.7647098192551,
    "scf_time": 22.434458883,
    "schema_version": "0.2.0",
    "tflops": 31.231874856469403,
    "total_time": 22.587884,
    "transforms_time": 0.079262145,
    "xc_tflops": 42.51568788136955,
    "xc_time": 16.350618519
  },
  "schema_version": "0.2.0"
}
