{
  "calculation_time": 34.148680214,
  "qmmbe": {
    "b_formation_time": 2.198164546,
    "b_tflops": 6.876011783550984,
    "diag_time": 4.4891551750000005,
    "expanded_elec_energy": -5986.6809137862865,
    "expanded_hf_energy": -1691.511248832544,
    "expanded_nuc_repulsion_energy": 4543.869003901931,
    "expanded_xc_energy": -248.69933894818865,
    "homo": -0.17417247942503383,
    "lumo": -0.11764855668575706,
    "method": "RestrictedKSDFT",
    "mp2_tflops": 0.0,
    "mp2_time": 6.9533558049544e-310,
    "n_atoms": 68,
    "nmers": [
      [
        {
          "fragments": [
            0
          ],
          "hf_energy": -1691.511248832544,
          "num_basis_fns": 1508,
          "num_iters": 17,
          "schema_version": "0.2.0"
        }
      ]
    ],
    "num_iters": 17,
    "ri_fock_time": 0.27492084299999997,
    "ri_tflops": 2.083410779472985,
    "scf_tflops": 34.93693870485543,
    "scf_time": 33.939990478,
    "schema_version": "0.2.0",
    "tflops": 32.65728291145111,
    "total_time": 34.143984,
    "transforms_time": 0.095073351,
    "xc_tflops": 43.27370705243359,
    "xc_time": 25.38443981
  },
  "schema_version": "0.2.0"
}
