{
  "calculation_time": 24.283095206,
  "qmmbe": {
    "b_formation_time": 1.760772699,
    "b_tflops": 6.29994218666381,
    "diag_time": 3.249056956,
    "expanded_elec_energy": -5259.0569461373,
    "expanded_hf_energy": -1537.8543430327688,
    "expanded_nuc_repulsion_energy": 3947.3612649032902,
    "expanded_xc_energy": -226.1586617987594,
    "homo": -0.1872006034236353,
    "lumo": -0.10136483767895502,
    "method": "RestrictedKSDFT",
    "mp2_tflops": 0.0,
    "mp2_time": 6.9533558049623e-310,
    "n_atoms": 62,
    "nmers": [
      [
        {
          "fragments": [
            0
          ],
          "hf_energy": -1537.8543430327688,
          "num_basis_fns": 1372,
          "num_iters": 16,
          "schema_version": "0.2.0"
        }
      ]
    ],
    "num_iters": 16,
    "ri_fock_time": 0.19627740800000001,
    "ri_tflops": 2.0684631270451663,
    "scf_tflops": 35.398745822836865,
    "scf_time": 24.098005173,
    "schema_version": "0.2.0",
    "tflops": 32.705212148522634,
    "total_time": 24.278667,
    "transforms_time": 0.08212266700000001,
    "xc_tflops": 44.33465051868331,
    "xc_time": 17.636352391000003
  },
  "schema_version": "0.2.0"
}
