{
  "calculation_time": 29.582212584,
  "qmmbe": {
    "b_formation_time": 2.027217468,
    "b_tflops": 6.8725371697102995,
    "diag_time": 3.903405866,
    "expanded_elec_energy": -5773.140386159737,
    "expanded_hf_energy": -1614.1091815684151,
    "expanded_nuc_repulsion_energy": 4396.121433002825,
    "expanded_xc_energy": -237.090228411503,
    "homo": -0.18081712139567904,
    "lumo": -0.10932392531460412,
    "method": "RestrictedKSDFT",
    "mp2_tflops": 0.0,
    "mp2_time": 6.9533558049623e-310,
    "n_atoms": 64,
    "nmers": [
      [
        {
          "fragments": [
            0
          ],
          "hf_energy": -1614.1091815684151,
          "num_basis_fns": 1434,
          "num_iters": 17,
          "schema_version": "0.2.0"
        }
      ]
    ],
    "num_iters": 17,
    "ri_fock_time": 0.23582194699999995,
    "ri_tflops": 2.088393564895807,
    "scf_tflops": 34.41130031720192,
    "scf_time": 29.376146611,
    "schema_version": "0.2.0",
    "tflops": 32.0074171435577,
    "total_time": 29.57792,
    "transforms_time": 0.08184727100000003,
    "xc_tflops": 42.75777315506619,
    "xc_time": 21.786422628
  },
  "schema_version": "0.2.0"
}
