{
  "calculation_time": 24.755884481,
  "qmmbe": {
    "b_formation_time": 1.75206252,
    "b_tflops": 6.293964101781025,
    "diag_time": 3.2545187219999994,
    "expanded_elec_energy": -5247.147445371279,
    "expanded_hf_energy": -1537.857938833577,
    "expanded_nuc_repulsion_energy": 3935.450890524894,
    "expanded_xc_energy": -226.16138398719215,
    "homo": -0.18752234165359016,
    "lumo": -0.10148212128169694,
    "method": "RestrictedKSDFT",
    "mp2_tflops": 0.0,
    "mp2_time": 6.95335580496863e-310,
    "n_atoms": 62,
    "nmers": [
      [
        {
          "fragments": [
            0
          ],
          "hf_energy": -1537.857938833577,
          "num_basis_fns": 1372,
          "num_iters": 16,
          "schema_version": "0.2.0"
        }
      ]
    ],
    "num_iters": 16,
    "ri_fock_time": 0.19721604099999998,
    "ri_tflops": 2.058618452441199,
    "scf_tflops": 34.717793818578755,
    "scf_time": 24.57272584,
    "schema_version": "0.2.0",
    "tflops": 32.13891157428456,
    "total_time": 24.751866,
    "transforms_time": 0.08390229099999996,
    "xc_tflops": 43.211549481440386,
    "xc_time": 18.130461482
  },
  "schema_version": "0.2.0"
}
