{
  "calculation_time": 29.770801378,
  "qmmbe": {
    "b_formation_time": 1.921045252,
    "b_tflops": 6.268233390618744,
    "diag_time": 3.8476825440000004,
    "expanded_elec_energy": -5447.987989372618,
    "expanded_hf_energy": -1614.120202750733,
    "expanded_nuc_repulsion_energy": 4070.946598797035,
    "expanded_xc_energy": -237.07881217514972,
    "homo": -0.17523484709490392,
    "lumo": -0.11760472674312535,
    "method": "RestrictedKSDFT",
    "mp2_tflops": 0.0,
    "mp2_time": 6.95335580496705e-310,
    "n_atoms": 64,
    "nmers": [
      [
        {
          "fragments": [
            0
          ],
          "hf_energy": -1614.120202750733,
          "num_basis_fns": 1434,
          "num_iters": 17,
          "schema_version": "0.2.0"
        }
      ]
    ],
    "num_iters": 17,
    "ri_fock_time": 0.235707434,
    "ri_tflops": 2.08940816256139,
    "scf_tflops": 34.213352195791956,
    "scf_time": 29.598214485,
    "schema_version": "0.2.0",
    "tflops": 31.94972618628183,
    "total_time": 29.76642,
    "transforms_time": 0.08940481000000002,
    "xc_tflops": 42.277358936533936,
    "xc_time": 22.180501437999997
  },
  "schema_version": "0.2.0"
}
