{
  "calculation_time": 25.390483581,
  "qmmbe": {
    "b_formation_time": 1.761176352,
    "b_tflops": 6.469933192243999,
    "diag_time": 3.815189531,
    "expanded_elec_energy": -5332.638549228463,
    "expanded_hf_energy": -1536.6907124797729,
    "expanded_nuc_repulsion_energy": 4021.4133432743088,
    "expanded_xc_energy": -225.46550652561905,
    "homo": -0.17686364582451655,
    "lumo": -0.1140132161892657,
    "method": "RestrictedKSDFT",
    "mp2_tflops": 0.0,
    "mp2_time": 6.9533558049623e-310,
    "n_atoms": 60,
    "nmers": [
      [
        {
          "fragments": [
            0
          ],
          "hf_energy": -1536.6907124797729,
          "num_basis_fns": 1360,
          "num_iters": 17,
          "schema_version": "0.2.0"
        }
      ]
    ],
    "num_iters": 17,
    "ri_fock_time": 0.192723019,
    "ri_tflops": 2.1797144636884296,
    "scf_tflops": 34.06335956281944,
    "scf_time": 25.216536001,
    "schema_version": "0.2.0",
    "tflops": 31.61027088621093,
    "total_time": 25.386328,
    "transforms_time": 0.083728561,
    "xc_tflops": 43.52940266048125,
    "xc_time": 18.149173287
  },
  "schema_version": "0.2.0"
}
