{
  "calculation_time": 30.041816286,
  "qmmbe": {
    "b_formation_time": 2.025335644,
    "b_tflops": 6.394535941581443,
    "diag_time": 3.9366368240000003,
    "expanded_elec_energy": -5628.411218406471,
    "expanded_hf_energy": -1614.1061225705596,
    "expanded_nuc_repulsion_energy": 4251.3913135126895,
    "expanded_xc_energy": -237.08621767677846,
    "homo": -0.18544959670959463,
    "lumo": -0.10352773392398164,
    "method": "RestrictedKSDFT",
    "mp2_tflops": 0.0,
    "mp2_time": 6.9533558049623e-310,
    "n_atoms": 64,
    "nmers": [
      [
        {
          "fragments": [
            0
          ],
          "hf_energy": -1614.1061225705596,
          "num_basis_fns": 1434,
          "num_iters": 17,
          "schema_version": "0.2.0"
        }
      ]
    ],
    "num_iters": 17,
    "ri_fock_time": 0.23563824699999997,
    "ri_tflops": 2.090021644813883,
    "scf_tflops": 33.96531380541681,
    "scf_time": 29.860997818,
    "schema_version": "0.2.0",
    "tflops": 31.62987865453617,
    "total_time": 30.037398,
    "transforms_time": 0.08716531299999997,
    "xc_tflops": 42.04756651956288,
    "xc_time": 22.257928442999997
  },
  "schema_version": "0.2.0"
}
