{
  "calculation_time": 32.710635367,
  "qmmbe": {
    "b_formation_time": 2.0794022,
    "b_tflops": 6.543686795291454,
    "diag_time": 4.242523079000001,
    "expanded_elec_energy": -5725.303239070667,
    "expanded_hf_energy": -1691.5348369956373,
    "expanded_nuc_repulsion_energy": 4282.464730168631,
    "expanded_xc_energy": -248.6963280936016,
    "homo": -0.18567247532608153,
    "lumo": -0.11199293998964412,
    "method": "RestrictedKSDFT",
    "mp2_tflops": 0.0,
    "mp2_time": 6.95335580496863e-310,
    "n_atoms": 68,
    "nmers": [
      [
        {
          "fragments": [
            0
          ],
          "hf_energy": -1691.5348369956373,
          "num_basis_fns": 1508,
          "num_iters": 16,
          "schema_version": "0.2.0"
        }
      ]
    ],
    "num_iters": 16,
    "ri_fock_time": 0.258276712,
    "ri_tflops": 2.0872207618315968,
    "scf_tflops": 34.50460187642058,
    "scf_time": 32.532290412,
    "schema_version": "0.2.0",
    "tflops": 32.29189285389341,
    "total_time": 32.706025,
    "transforms_time": 0.089307671,
    "xc_tflops": 42.63151724295602,
    "xc_time": 24.422149939000004
  },
  "schema_version": "0.2.0"
}
