{
  "calculation_time": 16.2140854,
  "qmmbe": {
    "b_formation_time": 1.448769278,
    "b_tflops": 3.449130592110747,
    "diag_time": 2.1569388129999996,
    "expanded_elec_energy": -3777.104814324639,
    "expanded_hf_energy": -1230.51769158981,
    "expanded_nuc_repulsion_energy": 2727.6396086697855,
    "expanded_xc_energy": -181.05248593495662,
    "homo": -0.17052421540096313,
    "lumo": -0.12285533953613748,
    "method": "RestrictedKSDFT",
    "mp2_tflops": 0.0,
    "mp2_time": 6.95335580496863e-310,
    "n_atoms": 50,
    "nmers": [
      [
        {
          "fragments": [
            0
          ],
          "hf_energy": -1230.51769158981,
          "num_basis_fns": 1100,
          "num_iters": 17,
          "schema_version": "0.2.0"
        }
      ]
    ],
    "num_iters": 17,
    "ri_fock_time": 0.11321192000000002,
    "ri_tflops": 1.963755759994177,
    "scf_tflops": 29.882407505859117,
    "scf_time": 16.098572171,
    "schema_version": "0.2.0",
    "tflops": 26.981360399761172,
    "total_time": 16.210643,
    "transforms_time": 0.07308310100000001,
    "xc_tflops": 37.5544628290732,
    "xc_time": 11.498858553000002
  },
  "schema_version": "0.2.0"
}
