{
  "calculation_time": 20.268615008,
  "qmmbe": {
    "b_formation_time": 1.411918035,
    "b_tflops": 5.393537629124483,
    "diag_time": 2.62240743,
    "expanded_elec_energy": -4518.113704666755,
    "expanded_hf_energy": -1383.033249465887,
    "expanded_nuc_repulsion_energy": 3337.993199092431,
    "expanded_xc_energy": -202.9127438915624,
    "homo": -0.17661516829098112,
    "lumo": -0.1165857927271361,
    "method": "RestrictedKSDFT",
    "mp2_tflops": 0.0,
    "mp2_time": 6.95335580496863e-310,
    "n_atoms": 54,
    "nmers": [
      [
        {
          "fragments": [
            0
          ],
          "hf_energy": -1383.033249465887,
          "num_basis_fns": 1224,
          "num_iters": 17,
          "schema_version": "0.2.0"
        }
      ]
    ],
    "num_iters": 17,
    "ri_fock_time": 0.13840155300000004,
    "ri_tflops": 2.212685863488829,
    "scf_tflops": 31.21652821736761,
    "scf_time": 20.125317806,
    "schema_version": "0.2.0",
    "tflops": 28.90181718395859,
    "total_time": 20.264998,
    "transforms_time": 0.076398117,
    "xc_tflops": 38.75989945324059,
    "xc_time": 14.894571122
  },
  "schema_version": "0.2.0"
}
