{
  "calculation_time": 32.355055538,
  "qmmbe": {
    "b_formation_time": 2.150829448,
    "b_tflops": 6.662409287005447,
    "diag_time": 4.283027648999999,
    "expanded_elec_energy": -5881.837480527789,
    "expanded_hf_energy": -1691.5432173663287,
    "expanded_nuc_repulsion_energy": 4438.998886765533,
    "expanded_xc_energy": -248.70462360407254,
    "homo": -0.18399562222415264,
    "lumo": -0.10957795394624553,
    "method": "RestrictedKSDFT",
    "mp2_tflops": 0.0,
    "mp2_time": 6.9533558049623e-310,
    "n_atoms": 68,
    "nmers": [
      [
        {
          "fragments": [
            0
          ],
          "hf_energy": -1691.5432173663287,
          "num_basis_fns": 1508,
          "num_iters": 16,
          "schema_version": "0.2.0"
        }
      ]
    ],
    "num_iters": 16,
    "ri_fock_time": 0.259138151,
    "ri_tflops": 2.08028232625616,
    "scf_tflops": 34.9699150479062,
    "scf_time": 32.156486341,
    "schema_version": "0.2.0",
    "tflops": 32.624247357398,
    "total_time": 32.35058,
    "transforms_time": 0.08451437100000003,
    "xc_tflops": 43.376441373648944,
    "xc_time": 23.969517349999997
  },
  "schema_version": "0.2.0"
}
