{
  "calculation_time": 34.13963536,
  "qmmbe": {
    "b_formation_time": 2.1242163,
    "b_tflops": 6.591787988159209,
    "diag_time": 4.488547876000001,
    "expanded_elec_energy": -5820.941360198232,
    "expanded_hf_energy": -1691.5343123976493,
    "expanded_nuc_repulsion_energy": 4378.107223733683,
    "expanded_xc_energy": -248.70017593309998,
    "homo": -0.1821959944865307,
    "lumo": -0.11068149585956978,
    "method": "RestrictedKSDFT",
    "mp2_tflops": 0.0,
    "mp2_time": 6.95335580496863e-310,
    "n_atoms": 68,
    "nmers": [
      [
        {
          "fragments": [
            0
          ],
          "hf_energy": -1691.5343123976493,
          "num_basis_fns": 1508,
          "num_iters": 17,
          "schema_version": "0.2.0"
        }
      ]
    ],
    "num_iters": 17,
    "ri_fock_time": 0.272212721,
    "ri_tflops": 2.1041376968124865,
    "scf_tflops": 34.92420369810918,
    "scf_time": 33.960337251,
    "schema_version": "0.2.0",
    "tflops": 32.71952371720579,
    "total_time": 34.135075,
    "transforms_time": 0.09479916799999998,
    "xc_tflops": 43.20545672414002,
    "xc_time": 25.492597048999997
  },
  "schema_version": "0.2.0"
}
