{
  "calculation_time": 24.327633789,
  "qmmbe": {
    "b_formation_time": 1.840614246,
    "b_tflops": 6.49157526337868,
    "diag_time": 3.2897948009999998,
    "expanded_elec_energy": -5402.419498948328,
    "expanded_hf_energy": -1537.8476539724752,
    "expanded_nuc_repulsion_energy": 4090.746562990994,
    "expanded_xc_energy": -226.17471801514154,
    "homo": -0.19104890928142979,
    "lumo": -0.09636663912391248,
    "method": "RestrictedKSDFT",
    "mp2_tflops": 0.0,
    "mp2_time": 6.9533558049623e-310,
    "n_atoms": 62,
    "nmers": [
      [
        {
          "fragments": [
            0
          ],
          "hf_energy": -1537.8476539724752,
          "num_basis_fns": 1372,
          "num_iters": 16,
          "schema_version": "0.2.0"
        }
      ]
    ],
    "num_iters": 16,
    "ri_fock_time": 0.20310889500000004,
    "ri_tflops": 1.998891191446834,
    "scf_tflops": 35.41016111450951,
    "scf_time": 24.136081099,
    "schema_version": "0.2.0",
    "tflops": 32.59166849384972,
    "total_time": 24.32315,
    "transforms_time": 0.081298408,
    "xc_tflops": 44.42870827181381,
    "xc_time": 17.551119321
  },
  "schema_version": "0.2.0"
}
