{
  "calculation_time": 32.52531055,
  "qmmbe": {
    "b_formation_time": 2.095110442,
    "b_tflops": 6.293235613483711,
    "diag_time": 4.3150635909999995,
    "expanded_elec_energy": -5641.702286493051,
    "expanded_hf_energy": -1691.5451784289228,
    "expanded_nuc_repulsion_energy": 4198.8550210349595,
    "expanded_xc_energy": -248.69791297083097,
    "homo": -0.18722005736248565,
    "lumo": -0.10391693862309055,
    "method": "RestrictedKSDFT",
    "mp2_tflops": 0.0,
    "mp2_time": 6.95335580496073e-310,
    "n_atoms": 68,
    "nmers": [
      [
        {
          "fragments": [
            0
          ],
          "hf_energy": -1691.5451784289228,
          "num_basis_fns": 1508,
          "num_iters": 16,
          "schema_version": "0.2.0"
        }
      ]
    ],
    "num_iters": 16,
    "ri_fock_time": 0.258164725,
    "ri_tflops": 2.088126158924307,
    "scf_tflops": 34.67364118771992,
    "scf_time": 32.35250021,
    "schema_version": "0.2.0",
    "tflops": 32.44605300589639,
    "total_time": 32.520476,
    "transforms_time": 0.08490532099999999,
    "xc_tflops": 42.903347461313025,
    "xc_time": 24.254541452000005
  },
  "schema_version": "0.2.0"
}
