{
  "calculation_time": 29.404148004,
  "qmmbe": {
    "b_formation_time": 1.933871247,
    "b_tflops": 6.269675130642242,
    "diag_time": 3.8970691150000007,
    "expanded_elec_energy": -5472.201428915689,
    "expanded_hf_energy": -1614.1092783493675,
    "expanded_nuc_repulsion_energy": 4095.1611080309,
    "expanded_xc_energy": -237.06895746457872,
    "homo": -0.17465618902695376,
    "lumo": -0.11715385914173687,
    "method": "RestrictedKSDFT",
    "mp2_tflops": 0.0,
    "mp2_time": 6.95335580496705e-310,
    "n_atoms": 64,
    "nmers": [
      [
        {
          "fragments": [
            0
          ],
          "hf_energy": -1614.1092783493675,
          "num_basis_fns": 1434,
          "num_iters": 17,
          "schema_version": "0.2.0"
        }
      ]
    ],
    "num_iters": 17,
    "ri_fock_time": 0.235459429,
    "ri_tflops": 2.091608896987515,
    "scf_tflops": 34.69566328985627,
    "scf_time": 29.22943776,
    "schema_version": "0.2.0",
    "tflops": 32.34972608768478,
    "total_time": 29.39991,
    "transforms_time": 0.08828161100000001,
    "xc_tflops": 43.22563707397173,
    "xc_time": 21.693077452999997
  },
  "schema_version": "0.2.0"
}
