{
  "calculation_time": 28.454344549,
  "qmmbe": {
    "b_formation_time": 1.981776642,
    "b_tflops": 6.475360396843349,
    "diag_time": 3.7126699579999993,
    "expanded_elec_energy": -5604.778993072237,
    "expanded_hf_energy": -1614.1101963480023,
    "expanded_nuc_repulsion_energy": 4227.756154551157,
    "expanded_xc_energy": -237.087357826922,
    "homo": -0.1763151689031981,
    "lumo": -0.11486631468231338,
    "method": "RestrictedKSDFT",
    "mp2_tflops": 0.0,
    "mp2_time": 6.95335580496705e-310,
    "n_atoms": 64,
    "nmers": [
      [
        {
          "fragments": [
            0
          ],
          "hf_energy": -1614.1101963480023,
          "num_basis_fns": 1434,
          "num_iters": 16,
          "schema_version": "0.2.0"
        }
      ]
    ],
    "num_iters": 16,
    "ri_fock_time": 0.23003766000000003,
    "ri_tflops": 2.014970475912509,
    "scf_tflops": 34.02274023778114,
    "scf_time": 28.273751895,
    "schema_version": "0.2.0",
    "tflops": 31.581273387168327,
    "total_time": 28.45009,
    "transforms_time": 0.08407097100000001,
    "xc_tflops": 42.22137652588391,
    "xc_time": 20.94827367
  },
  "schema_version": "0.2.0"
}
