{
  "calculation_time": 26.049331174,
  "qmmbe": {
    "b_formation_time": 1.863036103,
    "b_tflops": 6.602750779519381,
    "diag_time": 3.5566199340000004,
    "expanded_elec_energy": -5457.551111578114,
    "expanded_hf_energy": -1537.8417591108027,
    "expanded_nuc_repulsion_energy": 4145.875079812194,
    "expanded_xc_energy": -226.1657273448826,
    "homo": -0.18487705011486102,
    "lumo": -0.10581267837438031,
    "method": "RestrictedKSDFT",
    "mp2_tflops": 0.0,
    "mp2_time": 6.9533558049623e-310,
    "n_atoms": 62,
    "nmers": [
      [
        {
          "fragments": [
            0
          ],
          "hf_energy": -1537.8417591108027,
          "num_basis_fns": 1372,
          "num_iters": 17,
          "schema_version": "0.2.0"
        }
      ]
    ],
    "num_iters": 17,
    "ri_fock_time": 0.20885685299999998,
    "ri_tflops": 2.065372101723663,
    "scf_tflops": 34.7285195252197,
    "scf_time": 25.846727767,
    "schema_version": "0.2.0",
    "tflops": 32.140432625169424,
    "total_time": 26.045008,
    "transforms_time": 0.085180625,
    "xc_tflops": 43.57615865002844,
    "xc_time": 18.902844951
  },
  "schema_version": "0.2.0"
}
