{
  "calculation_time": 29.97805355,
  "qmmbe": {
    "b_formation_time": 2.061082115,
    "b_tflops": 6.970768516213145,
    "diag_time": 3.96874163,
    "expanded_elec_energy": -5841.494350588102,
    "expanded_hf_energy": -1614.0943186215495,
    "expanded_nuc_repulsion_energy": 4464.483853305205,
    "expanded_xc_energy": -237.08382133865277,
    "homo": -0.18578333069952407,
    "lumo": -0.10579378954743845,
    "method": "RestrictedKSDFT",
    "mp2_tflops": 0.0,
    "mp2_time": 6.9533558049623e-310,
    "n_atoms": 64,
    "nmers": [
      [
        {
          "fragments": [
            0
          ],
          "hf_energy": -1614.0943186215495,
          "num_basis_fns": 1434,
          "num_iters": 17,
          "schema_version": "0.2.0"
        }
      ]
    ],
    "num_iters": 17,
    "ri_fock_time": 0.24411802099999996,
    "ri_tflops": 2.017421878805089,
    "scf_tflops": 33.89340361581954,
    "scf_time": 29.778646227,
    "schema_version": "0.2.0",
    "tflops": 31.547612892592152,
    "total_time": 29.973501,
    "transforms_time": 0.08494665000000001,
    "xc_tflops": 42.09242850179461,
    "xc_time": 22.093798234
  },
  "schema_version": "0.2.0"
}
