{
  "calculation_time": 24.770422926,
  "qmmbe": {
    "b_formation_time": 1.786099297,
    "b_tflops": 5.981030278719156,
    "diag_time": 3.709192693,
    "expanded_elec_energy": -5186.969086905205,
    "expanded_hf_energy": -1537.869250308259,
    "expanded_nuc_repulsion_energy": 3875.25492215847,
    "expanded_xc_energy": -226.15508556152443,
    "homo": -0.18903624101572203,
    "lumo": -0.10307862527547569,
    "method": "RestrictedKSDFT",
    "mp2_tflops": 0.0,
    "mp2_time": 6.9533558049623e-310,
    "n_atoms": 62,
    "nmers": [
      [
        {
          "fragments": [
            0
          ],
          "hf_energy": -1537.869250308259,
          "num_basis_fns": 1372,
          "num_iters": 16,
          "schema_version": "0.2.0"
        }
      ]
    ],
    "num_iters": 16,
    "ri_fock_time": 0.20432053600000002,
    "ri_tflops": 1.9870375688521096,
    "scf_tflops": 34.72122648231925,
    "scf_time": 24.590560679,
    "schema_version": "0.2.0",
    "tflops": 32.10796752518901,
    "total_time": 24.766077,
    "transforms_time": 0.08141454199999999,
    "xc_tflops": 44.372753491616635,
    "xc_time": 17.656865380000003
  },
  "schema_version": "0.2.0"
}
