{
  "calculation_time": 32.253306544,
  "qmmbe": {
    "b_formation_time": 2.161128774,
    "b_tflops": 6.854361524376243,
    "diag_time": 4.234101105,
    "expanded_elec_energy": -5952.473928393252,
    "expanded_hf_energy": -1691.527164409551,
    "expanded_nuc_repulsion_energy": 4509.660453943347,
    "expanded_xc_energy": -248.71368995964633,
    "homo": -0.1874730497236351,
    "lumo": -0.10304687481160454,
    "method": "RestrictedKSDFT",
    "mp2_tflops": 0.0,
    "mp2_time": 6.95335580496073e-310,
    "n_atoms": 68,
    "nmers": [
      [
        {
          "fragments": [
            0
          ],
          "hf_energy": -1691.527164409551,
          "num_basis_fns": 1508,
          "num_iters": 16,
          "schema_version": "0.2.0"
        }
      ]
    ],
    "num_iters": 16,
    "ri_fock_time": 0.258397425,
    "ri_tflops": 2.0862456953044326,
    "scf_tflops": 35.08912253216526,
    "scf_time": 32.061178731,
    "schema_version": "0.2.0",
    "tflops": 32.70455950481469,
    "total_time": 32.248568,
    "transforms_time": 0.08962887199999998,
    "xc_tflops": 43.45148464262252,
    "xc_time": 23.899732600999997
  },
  "schema_version": "0.2.0"
}
