{
  "calculation_time": 24.211864038,
  "qmmbe": {
    "b_formation_time": 1.737449361,
    "b_tflops": 5.648197334803359,
    "diag_time": 3.235079073,
    "expanded_elec_energy": -5004.545218946689,
    "expanded_hf_energy": -1537.8729757963533,
    "expanded_nuc_repulsion_energy": 3692.8221387009876,
    "expanded_xc_energy": -226.14989555065233,
    "homo": -0.1830892068342423,
    "lumo": -0.11157977229597803,
    "method": "RestrictedKSDFT",
    "mp2_tflops": 0.0,
    "mp2_time": 6.9533558049623e-310,
    "n_atoms": 62,
    "nmers": [
      [
        {
          "fragments": [
            0
          ],
          "hf_energy": -1537.8729757963533,
          "num_basis_fns": 1372,
          "num_iters": 16,
          "schema_version": "0.2.0"
        }
      ]
    ],
    "num_iters": 16,
    "ri_fock_time": 0.19632612300000002,
    "ri_tflops": 2.0679498729774233,
    "scf_tflops": 35.57656197030168,
    "scf_time": 24.048202734,
    "schema_version": "0.2.0",
    "tflops": 32.88428732566573,
    "total_time": 24.207472,
    "transforms_time": 0.08441487900000003,
    "xc_tflops": 44.504161675527705,
    "xc_time": 17.643210525999997
  },
  "schema_version": "0.2.0"
}
