{
  "calculation_time": 26.026545202,
  "qmmbe": {
    "b_formation_time": 1.765077308,
    "b_tflops": 6.257747399784713,
    "diag_time": 3.4531075009999994,
    "expanded_elec_energy": -5247.549311563251,
    "expanded_hf_energy": -1537.8251291696288,
    "expanded_nuc_repulsion_energy": 3935.874584840112,
    "expanded_xc_energy": -226.15040244649015,
    "homo": -0.16755086820586595,
    "lumo": -0.12251602536174856,
    "method": "RestrictedKSDFT",
    "mp2_tflops": 0.0,
    "mp2_time": 6.95335580496863e-310,
    "n_atoms": 62,
    "nmers": [
      [
        {
          "fragments": [
            0
          ],
          "hf_energy": -1537.8251291696288,
          "num_basis_fns": 1372,
          "num_iters": 17,
          "schema_version": "0.2.0"
        }
      ]
    ],
    "num_iters": 17,
    "ri_fock_time": 0.209680777,
    "ri_tflops": 2.057256385691474,
    "scf_tflops": 34.769180344077405,
    "scf_time": 25.855395386,
    "schema_version": "0.2.0",
    "tflops": 32.28319967554428,
    "total_time": 26.02227,
    "transforms_time": 0.09076444099999999,
    "xc_tflops": 43.30512474103013,
    "xc_time": 19.118934216
  },
  "schema_version": "0.2.0"
}
