{
  "calculation_time": 29.938645985,
  "qmmbe": {
    "b_formation_time": 1.9446507,
    "b_tflops": 6.183432052003992,
    "diag_time": 4.402391926,
    "expanded_elec_energy": -5469.022048746706,
    "expanded_hf_energy": -1614.1079000853233,
    "expanded_nuc_repulsion_energy": 4091.980779223393,
    "expanded_xc_energy": -237.06663056201018,
    "homo": -0.17342511347758532,
    "lumo": -0.12072039868975168,
    "method": "RestrictedKSDFT",
    "mp2_tflops": 0.0,
    "mp2_time": 6.9533558049623e-310,
    "n_atoms": 64,
    "nmers": [
      [
        {
          "fragments": [
            0
          ],
          "hf_energy": -1614.1079000853233,
          "num_basis_fns": 1434,
          "num_iters": 17,
          "schema_version": "0.2.0"
        }
      ]
    ],
    "num_iters": 17,
    "ri_fock_time": 0.23632686299999997,
    "ri_tflops": 2.083931679726143,
    "scf_tflops": 33.977856575558825,
    "scf_time": 29.768470471,
    "schema_version": "0.2.0",
    "tflops": 31.749880939720327,
    "total_time": 29.934145,
    "transforms_time": 0.08314152399999998,
    "xc_tflops": 42.94352290621956,
    "xc_time": 21.822610786
  },
  "schema_version": "0.2.0"
}
