{
  "calculation_time": 24.710772194,
  "qmmbe": {
    "b_formation_time": 1.699391597,
    "b_tflops": 6.061212505571781,
    "diag_time": 3.3625674110000006,
    "expanded_elec_energy": -5121.182209675961,
    "expanded_hf_energy": -1536.7018271604898,
    "expanded_nuc_repulsion_energy": 3809.9314371522964,
    "expanded_xc_energy": -225.45105463682557,
    "homo": -0.17525431139223982,
    "lumo": -0.11657597517784482,
    "method": "RestrictedKSDFT",
    "mp2_tflops": 0.0,
    "mp2_time": 6.9533558049623e-310,
    "n_atoms": 60,
    "nmers": [
      [
        {
          "fragments": [
            0
          ],
          "hf_energy": -1536.7018271604898,
          "num_basis_fns": 1360,
          "num_iters": 17,
          "schema_version": "0.2.0"
        }
      ]
    ],
    "num_iters": 17,
    "ri_fock_time": 0.19311433499999997,
    "ri_tflops": 2.175297613198938,
    "scf_tflops": 35.04341271394426,
    "scf_time": 24.549418154,
    "schema_version": "0.2.0",
    "tflops": 32.50533661242443,
    "total_time": 24.706659,
    "transforms_time": 0.08854772000000001,
    "xc_tflops": 43.92790946181509,
    "xc_time": 18.023138600000003
  },
  "schema_version": "0.2.0"
}
