{
  "calculation_time": 34.526248564,
  "qmmbe": {
    "b_formation_time": 2.156421961,
    "b_tflops": 6.717062026626244,
    "diag_time": 5.068883382999998,
    "expanded_elec_energy": -5885.115965954974,
    "expanded_hf_energy": -1691.5160594755193,
    "expanded_nuc_repulsion_energy": 4442.294260499317,
    "expanded_xc_energy": -248.69435401986215,
    "homo": -0.17548911126455108,
    "lumo": -0.11886612824749511,
    "method": "RestrictedKSDFT",
    "mp2_tflops": 0.0,
    "mp2_time": 6.95335580496073e-310,
    "n_atoms": 68,
    "nmers": [
      [
        {
          "fragments": [
            0
          ],
          "hf_energy": -1691.5160594755193,
          "num_basis_fns": 1508,
          "num_iters": 17,
          "schema_version": "0.2.0"
        }
      ]
    ],
    "num_iters": 17,
    "ri_fock_time": 0.27518885200000004,
    "ri_tflops": 2.081381726204519,
    "scf_tflops": 34.45579215493493,
    "scf_time": 34.339758927,
    "schema_version": "0.2.0",
    "tflops": 32.28292479138755,
    "total_time": 34.521282,
    "transforms_time": 0.08910129100000003,
    "xc_tflops": 43.465478523579804,
    "xc_time": 25.27347538
  },
  "schema_version": "0.2.0"
}
