{
  "calculation_time": 29.423833216,
  "qmmbe": {
    "b_formation_time": 1.950278464,
    "b_tflops": 6.0415110005849915,
    "diag_time": 3.8972508130000003,
    "expanded_elec_energy": -5421.751327094133,
    "expanded_hf_energy": -1614.1214065927775,
    "expanded_nuc_repulsion_energy": 4044.6992637533426,
    "expanded_xc_energy": -237.0693432519875,
    "homo": -0.18002765018000008,
    "lumo": -0.11336875685176002,
    "method": "RestrictedKSDFT",
    "mp2_tflops": 0.0,
    "mp2_time": 6.95335580496705e-310,
    "n_atoms": 64,
    "nmers": [
      [
        {
          "fragments": [
            0
          ],
          "hf_energy": -1614.1214065927775,
          "num_basis_fns": 1434,
          "num_iters": 17,
          "schema_version": "0.2.0"
        }
      ]
    ],
    "num_iters": 17,
    "ri_fock_time": 0.244233421,
    "ri_tflops": 2.0164686493745667,
    "scf_tflops": 34.69254482314677,
    "scf_time": 29.254676279,
    "schema_version": "0.2.0",
    "tflops": 32.352026245269315,
    "total_time": 29.419528,
    "transforms_time": 0.08587555200000002,
    "xc_tflops": 43.09790181498997,
    "xc_time": 21.781904778000005
  },
  "schema_version": "0.2.0"
}
