{
  "calculation_time": 34.076592672,
  "qmmbe": {
    "b_formation_time": 2.239221877,
    "b_tflops": 6.96297072163698,
    "diag_time": 4.523200184999999,
    "expanded_elec_energy": -6056.030282222285,
    "expanded_hf_energy": -1691.498858525931,
    "expanded_nuc_repulsion_energy": 4613.240046789204,
    "expanded_xc_energy": -248.70862309285002,
    "homo": -0.18401881807609716,
    "lumo": -0.10422400730372006,
    "method": "RestrictedKSDFT",
    "mp2_tflops": 0.0,
    "mp2_time": 6.95335580496073e-310,
    "n_atoms": 68,
    "nmers": [
      [
        {
          "fragments": [
            0
          ],
          "hf_energy": -1691.498858525931,
          "num_basis_fns": 1508,
          "num_iters": 17,
          "schema_version": "0.2.0"
        }
      ]
    ],
    "num_iters": 17,
    "ri_fock_time": 0.27521296900000003,
    "ri_tflops": 2.081199334061906,
    "scf_tflops": 34.94589234522778,
    "scf_time": 33.877860866,
    "schema_version": "0.2.0",
    "tflops": 32.659987175829876,
    "total_time": 34.071204,
    "transforms_time": 0.09092918000000001,
    "xc_tflops": 43.39411329088552,
    "xc_time": 25.250957864000007
  },
  "schema_version": "0.2.0"
}
