{
  "calculation_time": 33.903885848,
  "qmmbe": {
    "b_formation_time": 2.208210473,
    "b_tflops": 6.812596738611701,
    "diag_time": 4.578441087,
    "expanded_elec_energy": -5966.2722070879445,
    "expanded_hf_energy": -1691.504693757193,
    "expanded_nuc_repulsion_energy": 4523.470947895416,
    "expanded_xc_energy": -248.70343456466503,
    "homo": -0.1877645256655364,
    "lumo": -0.10421951133971326,
    "method": "RestrictedKSDFT",
    "mp2_tflops": 0.0,
    "mp2_time": 6.95335580496073e-310,
    "n_atoms": 68,
    "nmers": [
      [
        {
          "fragments": [
            0
          ],
          "hf_energy": -1691.504693757193,
          "num_basis_fns": 1508,
          "num_iters": 17,
          "schema_version": "0.2.0"
        }
      ]
    ],
    "num_iters": 17,
    "ri_fock_time": 0.27411349900000004,
    "ri_tflops": 2.089547030327025,
    "scf_tflops": 35.16920418250604,
    "scf_time": 33.696791137,
    "schema_version": "0.2.0",
    "tflops": 32.859660699391405,
    "total_time": 33.899016,
    "transforms_time": 0.09165887100000003,
    "xc_tflops": 43.74233369497102,
    "xc_time": 25.088344380999995
  },
  "schema_version": "0.2.0"
}
