{
  "calculation_time": 29.451762098,
  "qmmbe": {
    "b_formation_time": 1.956228873,
    "b_tflops": 6.128382310146999,
    "diag_time": 3.885855396,
    "expanded_elec_energy": -5445.656346316751,
    "expanded_hf_energy": -1614.1259391134192,
    "expanded_nuc_repulsion_energy": 4068.6092476477693,
    "expanded_xc_energy": -237.07884044443713,
    "homo": -0.18389926705890963,
    "lumo": -0.10891215758310151,
    "method": "RestrictedKSDFT",
    "mp2_tflops": 0.0,
    "mp2_time": 6.95335580496705e-310,
    "n_atoms": 64,
    "nmers": [
      [
        {
          "fragments": [
            0
          ],
          "hf_energy": -1614.1259391134192,
          "num_basis_fns": 1434,
          "num_iters": 17,
          "schema_version": "0.2.0"
        }
      ]
    ],
    "num_iters": 17,
    "ri_fock_time": 0.24461450700000004,
    "ri_tflops": 2.013327184131397,
    "scf_tflops": 34.6223372963041,
    "scf_time": 29.265787679,
    "schema_version": "0.2.0",
    "tflops": 32.287047257114295,
    "total_time": 29.44755,
    "transforms_time": 0.08407274,
    "xc_tflops": 42.94232596032123,
    "xc_time": 21.832501883
  },
  "schema_version": "0.2.0"
}
