{
  "calculation_time": 34.161753464,
  "qmmbe": {
    "b_formation_time": 2.215492078,
    "b_tflops": 7.1516545559121605,
    "diag_time": 4.5198287079999995,
    "expanded_elec_energy": -6104.539158091748,
    "expanded_hf_energy": -1691.51751204642,
    "expanded_nuc_repulsion_energy": 4661.7372125431875,
    "expanded_xc_energy": -248.71556649785987,
    "homo": -0.1910293204574197,
    "lumo": -0.09964505721491082,
    "method": "RestrictedKSDFT",
    "mp2_tflops": 0.0,
    "mp2_time": 6.95335580496705e-310,
    "n_atoms": 68,
    "nmers": [
      [
        {
          "fragments": [
            0
          ],
          "hf_energy": -1691.51751204642,
          "num_basis_fns": 1508,
          "num_iters": 17,
          "schema_version": "0.2.0"
        }
      ]
    ],
    "num_iters": 17,
    "ri_fock_time": 0.27450897900000004,
    "ri_tflops": 2.0865366586351257,
    "scf_tflops": 34.87458001679629,
    "scf_time": 33.945195674,
    "schema_version": "0.2.0",
    "tflops": 32.62778950221019,
    "total_time": 34.157171,
    "transforms_time": 0.086383773,
    "xc_tflops": 43.23024367856425,
    "xc_time": 25.379662376000002
  },
  "schema_version": "0.2.0"
}
