{
  "calculation_time": 21.973378419,
  "qmmbe": {
    "b_formation_time": 1.617978641,
    "b_tflops": 5.645708524287002,
    "diag_time": 3.2950062820000006,
    "expanded_elec_energy": -4857.711705357886,
    "expanded_hf_energy": -1460.4473522114167,
    "expanded_nuc_repulsion_energy": 3611.804512847972,
    "expanded_xc_energy": -214.5401597015029,
    "homo": -0.17831539292615498,
    "lumo": -0.11214908630229449,
    "method": "RestrictedKSDFT",
    "mp2_tflops": 0.0,
    "mp2_time": 6.9533558049623e-310,
    "n_atoms": 58,
    "nmers": [
      [
        {
          "fragments": [
            0
          ],
          "hf_energy": -1460.4473522114167,
          "num_basis_fns": 1298,
          "num_iters": 16,
          "schema_version": "0.2.0"
        }
      ]
    ],
    "num_iters": 16,
    "ri_fock_time": 0.17694189600000002,
    "ri_tflops": 1.9427503462944693,
    "scf_tflops": 32.95554186844181,
    "scf_time": 21.819553353,
    "schema_version": "0.2.0",
    "tflops": 30.39070570640314,
    "total_time": 21.969227,
    "transforms_time": 0.07551899399999999,
    "xc_tflops": 42.11898468406622,
    "xc_time": 15.614355173999996
  },
  "schema_version": "0.2.0"
}
