{
  "calculation_time": 35.980548135,
  "qmmbe": {
    "b_formation_time": 2.2276354289999998,
    "b_tflops": 7.320295545455702,
    "diag_time": 4.763997285999999,
    "expanded_elec_energy": -6153.45743952108,
    "expanded_hf_energy": -1691.5080369545053,
    "expanded_nuc_repulsion_energy": 4710.64799201772,
    "expanded_xc_energy": -248.698589451145,
    "homo": -0.17414171584609117,
    "lumo": -0.1180497754208314,
    "method": "RestrictedKSDFT",
    "mp2_tflops": 0.0,
    "mp2_time": 6.9533558049544e-310,
    "n_atoms": 68,
    "nmers": [
      [
        {
          "fragments": [
            0
          ],
          "hf_energy": -1691.5080369545053,
          "num_basis_fns": 1508,
          "num_iters": 18,
          "schema_version": "0.2.0"
        }
      ]
    ],
    "num_iters": 18,
    "ri_fock_time": 0.290425707,
    "ri_tflops": 2.0881952437908673,
    "scf_tflops": 34.80837324352039,
    "scf_time": 35.77387374,
    "schema_version": "0.2.0",
    "tflops": 32.64295065961255,
    "total_time": 35.975961,
    "transforms_time": 0.098180444,
    "xc_tflops": 43.067046109381934,
    "xc_time": 26.853622276
  },
  "schema_version": "0.2.0"
}
