{
  "calculation_time": 36.627584058,
  "qmmbe": {
    "b_formation_time": 4.210456199,
    "b_tflops": 3.4798575503091227,
    "diag_time": 4.7339698,
    "expanded_elec_energy": -5927.517979366478,
    "expanded_hf_energy": -1691.5332424671633,
    "expanded_nuc_repulsion_energy": 4484.692244150926,
    "expanded_xc_energy": -248.70750725161088,
    "homo": -0.19156196075612744,
    "lumo": -0.10084580485606671,
    "method": "RestrictedKSDFT",
    "mp2_tflops": 0.0,
    "mp2_time": 6.95335580496863e-310,
    "n_atoms": 68,
    "nmers": [
      [
        {
          "fragments": [
            0
          ],
          "hf_energy": -1691.5332424671633,
          "num_basis_fns": 1508,
          "num_iters": 16,
          "schema_version": "0.2.0"
        }
      ]
    ],
    "num_iters": 16,
    "ri_fock_time": 0.29245776500000004,
    "ri_tflops": 1.8432764662070094,
    "scf_tflops": 34.358477581150055,
    "scf_time": 34.712070677,
    "schema_version": "0.2.0",
    "tflops": 29.557951796317155,
    "total_time": 35.091346,
    "transforms_time": 0.27586032100000013,
    "xc_tflops": 43.55823085025705,
    "xc_time": 23.800687234999998
  },
  "schema_version": "0.2.0"
}
