{
  "calculation_time": 18.379304915,
  "qmmbe": {
    "b_formation_time": 1.718856033,
    "b_tflops": 3.830915110757272,
    "diag_time": 2.267726561,
    "expanded_elec_energy": -4229.900753407337,
    "expanded_hf_energy": -1306.7666474619123,
    "expanded_nuc_repulsion_energy": 3115.1211056928614,
    "expanded_xc_energy": -191.98699974743647,
    "homo": -0.1886805197917739,
    "lumo": -0.1025944029761755,
    "method": "RestrictedKSDFT",
    "mp2_tflops": 0.0,
    "mp2_time": 6.95335580496863e-310,
    "n_atoms": 52,
    "nmers": [
      [
        {
          "fragments": [
            0
          ],
          "hf_energy": -1306.7666474619123,
          "num_basis_fns": 1162,
          "num_iters": 16,
          "schema_version": "0.2.0"
        }
      ]
    ],
    "num_iters": 16,
    "ri_fock_time": 0.118931343,
    "ri_tflops": 2.073718851926191,
    "scf_tflops": 28.93031924728294,
    "scf_time": 18.23884108,
    "schema_version": "0.2.0",
    "tflops": 26.065716571424527,
    "total_time": 18.375797,
    "transforms_time": 0.06984700299999998,
    "xc_tflops": 35.76683857815886,
    "xc_time": 13.190461489000002
  },
  "schema_version": "0.2.0"
}
