{
  "calculation_time": 33.901273876,
  "qmmbe": {
    "b_formation_time": 2.192230616,
    "b_tflops": 6.837760945449729,
    "diag_time": 4.523863608,
    "expanded_elec_energy": -5964.420116617424,
    "expanded_hf_energy": -1691.520055422977,
    "expanded_nuc_repulsion_energy": 4521.608902345497,
    "expanded_xc_energy": -248.70884115104968,
    "homo": -0.18678876767246594,
    "lumo": -0.10308039225506105,
    "method": "RestrictedKSDFT",
    "mp2_tflops": 0.0,
    "mp2_time": 6.95335580496073e-310,
    "n_atoms": 68,
    "nmers": [
      [
        {
          "fragments": [
            0
          ],
          "hf_energy": -1691.520055422977,
          "num_basis_fns": 1508,
          "num_iters": 17,
          "schema_version": "0.2.0"
        }
      ]
    ],
    "num_iters": 17,
    "ri_fock_time": 0.27207244299999994,
    "ri_tflops": 2.1052225704754677,
    "scf_tflops": 35.15389147608027,
    "scf_time": 33.708846653,
    "schema_version": "0.2.0",
    "tflops": 32.856053041804984,
    "total_time": 33.896618,
    "transforms_time": 0.09003118699999997,
    "xc_tflops": 43.64008901546838,
    "xc_time": 25.143377681000004
  },
  "schema_version": "0.2.0"
}
