{
  "calculation_time": 32.432532222,
  "qmmbe": {
    "b_formation_time": 3.937518311,
    "b_tflops": 3.0114907489759735,
    "diag_time": 4.072822087,
    "expanded_elec_energy": -5413.925528549647,
    "expanded_hf_energy": -1614.1253891450401,
    "expanded_nuc_repulsion_energy": 4036.8798281393133,
    "expanded_xc_energy": -237.0796887347061,
    "homo": -0.177799297311757,
    "lumo": -0.11301114728817435,
    "method": "RestrictedKSDFT",
    "mp2_tflops": 0.0,
    "mp2_time": 6.9533558049623e-310,
    "n_atoms": 64,
    "nmers": [
      [
        {
          "fragments": [
            0
          ],
          "hf_energy": -1614.1253891450401,
          "num_basis_fns": 1434,
          "num_iters": 16,
          "schema_version": "0.2.0"
        }
      ]
    ],
    "num_iters": 16,
    "ri_fock_time": 0.259886819,
    "ri_tflops": 1.7835421397342974,
    "scf_tflops": 33.52950321327402,
    "scf_time": 30.644307424,
    "schema_version": "0.2.0",
    "tflops": 28.564432274294493,
    "total_time": 30.890888,
    "transforms_time": 0.26354914499999993,
    "xc_tflops": 42.45095959443702,
    "xc_time": 20.858400649
  },
  "schema_version": "0.2.0"
}
