{
  "calculation_time": 29.429455683,
  "qmmbe": {
    "b_formation_time": 2.008402676,
    "b_tflops": 6.997780551280244,
    "diag_time": 3.905626811,
    "expanded_elec_energy": -5793.830122417449,
    "expanded_hf_energy": -1614.0914007798788,
    "expanded_nuc_repulsion_energy": 4416.820529908524,
    "expanded_xc_energy": -237.0818082709534,
    "homo": -0.17375629102072268,
    "lumo": -0.11754486627816121,
    "method": "RestrictedKSDFT",
    "mp2_tflops": 0.0,
    "mp2_time": 6.9533558049623e-310,
    "n_atoms": 64,
    "nmers": [
      [
        {
          "fragments": [
            0
          ],
          "hf_energy": -1614.0914007798788,
          "num_basis_fns": 1434,
          "num_iters": 17,
          "schema_version": "0.2.0"
        }
      ]
    ],
    "num_iters": 17,
    "ri_fock_time": 0.23652006100000003,
    "ri_tflops": 2.0822294501945016,
    "scf_tflops": 34.60569616252697,
    "scf_time": 29.232657785,
    "schema_version": "0.2.0",
    "tflops": 32.17525300674984,
    "total_time": 29.424869,
    "transforms_time": 0.09016935499999995,
    "xc_tflops": 43.068409227896666,
    "xc_time": 21.627150282999995
  },
  "schema_version": "0.2.0"
}
