{
  "calculation_time": 34.135435998,
  "qmmbe": {
    "b_formation_time": 2.101736809,
    "b_tflops": 6.477477895473257,
    "diag_time": 4.5688056790000005,
    "expanded_elec_energy": -5740.19822206071,
    "expanded_hf_energy": -1691.527051104725,
    "expanded_nuc_repulsion_energy": 4297.36224022692,
    "expanded_xc_energy": -248.69106927093543,
    "homo": -0.17693485345910887,
    "lumo": -0.11765204058438507,
    "method": "RestrictedKSDFT",
    "mp2_tflops": 0.0,
    "mp2_time": 6.95335580496863e-310,
    "n_atoms": 68,
    "nmers": [
      [
        {
          "fragments": [
            0
          ],
          "hf_energy": -1691.527051104725,
          "num_basis_fns": 1508,
          "num_iters": 17,
          "schema_version": "0.2.0"
        }
      ]
    ],
    "num_iters": 17,
    "ri_fock_time": 0.273981974,
    "ri_tflops": 2.090550117023392,
    "scf_tflops": 34.886779002469424,
    "scf_time": 33.957241812,
    "schema_version": "0.2.0",
    "tflops": 32.712248802281934,
    "total_time": 34.130788,
    "transforms_time": 0.08965720499999999,
    "xc_tflops": 43.259124365537794,
    "xc_time": 25.461058097999995
  },
  "schema_version": "0.2.0"
}
