{
  "calculation_time": 34.075906597,
  "qmmbe": {
    "b_formation_time": 2.126301142,
    "b_tflops": 6.586228055946743,
    "diag_time": 4.495105066,
    "expanded_elec_energy": -5828.764084630933,
    "expanded_hf_energy": -1691.531269183153,
    "expanded_nuc_repulsion_energy": 4385.931995922777,
    "expanded_xc_energy": -248.69918047499667,
    "homo": -0.17665478818076877,
    "lumo": -0.11769833612560701,
    "method": "RestrictedKSDFT",
    "mp2_tflops": 0.0,
    "mp2_time": 6.95335580496863e-310,
    "n_atoms": 68,
    "nmers": [
      [
        {
          "fragments": [
            0
          ],
          "hf_energy": -1691.531269183153,
          "num_basis_fns": 1508,
          "num_iters": 17,
          "schema_version": "0.2.0"
        }
      ]
    ],
    "num_iters": 17,
    "ri_fock_time": 0.27212428899999996,
    "ri_tflops": 2.1048214766598807,
    "scf_tflops": 34.99155376786291,
    "scf_time": 33.896486045,
    "schema_version": "0.2.0",
    "tflops": 32.763346481149895,
    "total_time": 34.07157,
    "transforms_time": 0.09522912000000003,
    "xc_tflops": 43.340564269878186,
    "xc_time": 25.399347076999998
  },
  "schema_version": "0.2.0"
}
