{
  "calculation_time": 34.275432172,
  "qmmbe": {
    "b_formation_time": 2.13516694,
    "b_tflops": 6.762570079898296,
    "diag_time": 4.5044608429999995,
    "expanded_elec_energy": -5896.721923246356,
    "expanded_hf_energy": -1691.5267225183384,
    "expanded_nuc_repulsion_energy": 4453.893967276395,
    "expanded_xc_energy": -248.698766548378,
    "homo": -0.1751636260077175,
    "lumo": -0.11867581038359576,
    "method": "RestrictedKSDFT",
    "mp2_tflops": 0.0,
    "mp2_time": 6.95335580496863e-310,
    "n_atoms": 68,
    "nmers": [
      [
        {
          "fragments": [
            0
          ],
          "hf_energy": -1691.5267225183384,
          "num_basis_fns": 1508,
          "num_iters": 17,
          "schema_version": "0.2.0"
        }
      ]
    ],
    "num_iters": 17,
    "ri_fock_time": 0.27510712499999995,
    "ri_tflops": 2.0820000492826205,
    "scf_tflops": 34.77071782559199,
    "scf_time": 34.072159102,
    "schema_version": "0.2.0",
    "tflops": 32.575407688502295,
    "total_time": 34.270856,
    "transforms_time": 0.09268995299999999,
    "xc_tflops": 42.96710666822396,
    "xc_time": 25.611972869
  },
  "schema_version": "0.2.0"
}
