{
  "calculation_time": 22.755785843,
  "qmmbe": {
    "b_formation_time": 1.599693074,
    "b_tflops": 5.488613944897282,
    "diag_time": 3.073843589,
    "expanded_elec_energy": -4788.988764445901,
    "expanded_hf_energy": -1460.4483690550687,
    "expanded_nuc_repulsion_energy": 3543.0707484754307,
    "expanded_xc_energy": -214.53035308459812,
    "homo": -0.1787789173240446,
    "lumo": -0.11245513618643857,
    "method": "RestrictedKSDFT",
    "mp2_tflops": 0.0,
    "mp2_time": 6.9533558049623e-310,
    "n_atoms": 58,
    "nmers": [
      [
        {
          "fragments": [
            0
          ],
          "hf_energy": -1460.4483690550687,
          "num_basis_fns": 1298,
          "num_iters": 17,
          "schema_version": "0.2.0"
        }
      ]
    ],
    "num_iters": 17,
    "ri_fock_time": 0.18823621100000001,
    "ri_tflops": 1.9403203474808572,
    "scf_tflops": 33.550423350168664,
    "scf_time": 22.593430161,
    "schema_version": "0.2.0",
    "tflops": 31.042575628252212,
    "total_time": 22.751705,
    "transforms_time": 0.07904895899999999,
    "xc_tflops": 42.05134763863302,
    "xc_time": 16.564658162999997
  },
  "schema_version": "0.2.0"
}
