{
  "calculation_time": 27.777422399,
  "qmmbe": {
    "b_formation_time": 2.002605,
    "b_tflops": 6.545188734503309,
    "diag_time": 3.666086708999999,
    "expanded_elec_energy": -5653.8807667971,
    "expanded_hf_energy": -1614.1076350282783,
    "expanded_nuc_repulsion_energy": 4276.8422650436705,
    "expanded_xc_energy": -237.06913327484938,
    "homo": -0.1866540106902944,
    "lumo": -0.1041277935380143,
    "method": "RestrictedKSDFT",
    "mp2_tflops": 0.0,
    "mp2_time": 6.9533558049623e-310,
    "n_atoms": 64,
    "nmers": [
      [
        {
          "fragments": [
            0
          ],
          "hf_energy": -1614.1076350282783,
          "num_basis_fns": 1434,
          "num_iters": 16,
          "schema_version": "0.2.0"
        }
      ]
    ],
    "num_iters": 16,
    "ri_fock_time": 0.229278362,
    "ri_tflops": 2.0216434259417815,
    "scf_tflops": 34.871680506200136,
    "scf_time": 27.593020732,
    "schema_version": "0.2.0",
    "tflops": 32.28016170546348,
    "total_time": 27.772845,
    "transforms_time": 0.082243447,
    "xc_tflops": 43.393691395805,
    "xc_time": 20.330423208000003
  },
  "schema_version": "0.2.0"
}
