{
  "calculation_time": 2.000402631,
  "qmmbe": {
    "b_formation_time": 0.152768299,
    "b_tflops": 13.29181019240124,
    "diag_time": 0.183597251,
    "expanded_elec_energy": -2635.280112702962,
    "expanded_hf_energy": -922.2803708182618,
    "expanded_nuc_repulsion_energy": 1815.2054054375233,
    "expanded_xc_energy": -102.20566355282301,
    "homo": -0.22080229416941755,
    "lumo": -0.057575819841840147,
    "method": "RestrictedKSDFT",
    "mp2_tflops": 0.0,
    "mp2_time": 4.6812045292542e-310,
    "n_atoms": 38,
    "nmers": [
      [
        {
          "fragments": [
            0
          ],
          "hf_energy": -922.2803708182618,
          "num_basis_fns": 828,
          "num_iters": 13,
          "schema_version": "0.2.0"
        }
      ]
    ],
    "num_iters": 13,
    "ri_fock_time": 0.5439645719999999,
    "ri_tflops": 14.926109460760987,
    "scf_tflops": 15.860951682212447,
    "scf_time": 1.92225117,
    "schema_version": "0.2.0",
    "tflops": 13.257410253770493,
    "total_time": 1.99783,
    "transforms_time": 0.018355003999999998,
    "xc_tflops": 23.373906764296258,
    "xc_time": 0.700237574
  },
  "schema_version": "0.2.0"
}
