{
  "calculation_time": 34.906140325,
  "qmmbe": {
    "b_formation_time": 2.212393396,
    "b_tflops": 6.784014735332359,
    "diag_time": 4.516376387999999,
    "expanded_elec_energy": -5983.419787881814,
    "expanded_hf_energy": -1692.124566475749,
    "expanded_nuc_repulsion_energy": 4540.362715226688,
    "expanded_xc_energy": -249.06749382062293,
    "homo": -0.17373854535836802,
    "lumo": -0.09390894604025155,
    "method": "RestrictedKSDFT",
    "mp2_tflops": 0.0,
    "mp2_time": 6.9533558049544e-310,
    "n_atoms": 68,
    "nmers": [
      [
        {
          "fragments": [
            0
          ],
          "hf_energy": -1692.124566475749,
          "num_basis_fns": 1508,
          "num_iters": 17,
          "schema_version": "0.2.0"
        }
      ]
    ],
    "num_iters": 17,
    "ri_fock_time": 0.271806942,
    "ri_tflops": 2.107278951720078,
    "scf_tflops": 34.1112359734951,
    "scf_time": 34.711899572,
    "schema_version": "0.2.0",
    "tflops": 31.953854274367014,
    "total_time": 34.900497,
    "transforms_time": 0.08835663899999999,
    "xc_tflops": 41.99368597029258,
    "xc_time": 26.164108525
  },
  "schema_version": "0.2.0"
}
