{
  "calculation_time": 34.951639605,
  "qmmbe": {
    "b_formation_time": 2.177382551,
    "b_tflops": 6.796868752561249,
    "diag_time": 4.623763,
    "expanded_elec_energy": -5939.008150601549,
    "expanded_hf_energy": -1692.1299908724632,
    "expanded_nuc_repulsion_energy": 4495.941318999644,
    "expanded_xc_energy": -249.0631592705585,
    "homo": -0.1717567568286968,
    "lumo": -0.10066244684669766,
    "method": "RestrictedKSDFT",
    "mp2_tflops": 0.0,
    "mp2_time": 6.9533558049544e-310,
    "n_atoms": 68,
    "nmers": [
      [
        {
          "fragments": [
            0
          ],
          "hf_energy": -1692.1299908724632,
          "num_basis_fns": 1508,
          "num_iters": 17,
          "schema_version": "0.2.0"
        }
      ]
    ],
    "num_iters": 17,
    "ri_fock_time": 0.272205751,
    "ri_tflops": 2.1041915745857995,
    "scf_tflops": 34.068853415724796,
    "scf_time": 34.763108855,
    "schema_version": "0.2.0",
    "tflops": 31.945050247442026,
    "total_time": 34.946925,
    "transforms_time": 0.08966263699999998,
    "xc_tflops": 42.08554131154132,
    "xc_time": 26.14029289
  },
  "schema_version": "0.2.0"
}
