{
  "calculation_time": 36.669134933,
  "qmmbe": {
    "b_formation_time": 2.156620947,
    "b_tflops": 6.77738663775299,
    "diag_time": 4.825673611000001,
    "expanded_elec_energy": -5917.19319163269,
    "expanded_hf_energy": -1692.1289429925819,
    "expanded_nuc_repulsion_energy": 4474.123455000848,
    "expanded_xc_energy": -249.05920636073913,
    "homo": -0.16477519774169935,
    "lumo": -0.10671699542665647,
    "method": "RestrictedKSDFT",
    "mp2_tflops": 0.0,
    "mp2_time": 6.953355804986e-310,
    "n_atoms": 68,
    "nmers": [
      [
        {
          "fragments": [
            0
          ],
          "hf_energy": -1692.1289429925819,
          "num_basis_fns": 1508,
          "num_iters": 18,
          "schema_version": "0.2.0"
        }
      ]
    ],
    "num_iters": 18,
    "ri_fock_time": 0.288157026,
    "ri_tflops": 2.104635755201055,
    "scf_tflops": 34.16906434156508,
    "scf_time": 36.48203461,
    "schema_version": "0.2.0",
    "tflops": 32.1437887147783,
    "total_time": 36.664717,
    "transforms_time": 0.09420514799999999,
    "xc_tflops": 42.19433793829897,
    "xc_time": 27.548400783
  },
  "schema_version": "0.2.0"
}
