{
  "calculation_time": 35.211604283,
  "qmmbe": {
    "b_formation_time": 2.260018996,
    "b_tflops": 6.957125118550111,
    "diag_time": 4.564687090999999,
    "expanded_elec_energy": -6075.38534228703,
    "expanded_hf_energy": -1692.1323212496795,
    "expanded_nuc_repulsion_energy": 4632.320544917981,
    "expanded_xc_energy": -249.06752388063117,
    "homo": -0.1670607730410364,
    "lumo": -0.10319003592656947,
    "method": "RestrictedKSDFT",
    "mp2_tflops": 0.0,
    "mp2_time": 6.9533558049544e-310,
    "n_atoms": 68,
    "nmers": [
      [
        {
          "fragments": [
            0
          ],
          "hf_energy": -1692.1323212496795,
          "num_basis_fns": 1508,
          "num_iters": 17,
          "schema_version": "0.2.0"
        }
      ]
    ],
    "num_iters": 17,
    "ri_fock_time": 0.27542714799999996,
    "ri_tflops": 2.079580941701506,
    "scf_tflops": 33.75500545206512,
    "scf_time": 35.011956784,
    "schema_version": "0.2.0",
    "tflops": 31.613537527630985,
    "total_time": 35.206907,
    "transforms_time": 0.08936124099999998,
    "xc_tflops": 41.61722730148653,
    "xc_time": 26.331421115
  },
  "schema_version": "0.2.0"
}
