{
  "calculation_time": 36.933534237,
  "qmmbe": {
    "b_formation_time": 2.177305442,
    "b_tflops": 6.6926105223595895,
    "diag_time": 4.871670311000001,
    "expanded_elec_energy": -5910.508342462093,
    "expanded_hf_energy": -1692.1315915636847,
    "expanded_nuc_repulsion_energy": 4467.429786658961,
    "expanded_xc_energy": -249.05303576055255,
    "homo": -0.1616101215840962,
    "lumo": -0.10902291246178637,
    "method": "RestrictedKSDFT",
    "mp2_tflops": 0.0,
    "mp2_time": 6.953355804986e-310,
    "n_atoms": 68,
    "nmers": [
      [
        {
          "fragments": [
            0
          ],
          "hf_energy": -1692.1315915636847,
          "num_basis_fns": 1508,
          "num_iters": 18,
          "schema_version": "0.2.0"
        }
      ]
    ],
    "num_iters": 18,
    "ri_fock_time": 0.289190235,
    "ri_tflops": 2.097116384417337,
    "scf_tflops": 33.808281792978924,
    "scf_time": 36.744571751,
    "schema_version": "0.2.0",
    "tflops": 31.830852123153086,
    "total_time": 36.929227,
    "transforms_time": 0.09595221100000001,
    "xc_tflops": 41.69386279617883,
    "xc_time": 27.806874542
  },
  "schema_version": "0.2.0"
}
