{
  "calculation_time": 21.764665543,
  "qmmbe": {
    "b_formation_time": 1.504162006,
    "b_tflops": 5.236186457356907,
    "diag_time": 2.7334827610000008,
    "expanded_elec_energy": -4551.140845343272,
    "expanded_hf_energy": -1384.6854135125525,
    "expanded_nuc_repulsion_energy": 3370.3677239352082,
    "expanded_xc_energy": -203.91229210448847,
    "homo": -0.16888742708807084,
    "lumo": -0.10009231598512351,
    "method": "RestrictedKSDFT",
    "mp2_tflops": 0.0,
    "mp2_time": 6.9533558049813e-310,
    "n_atoms": 56,
    "nmers": [
      [
        {
          "fragments": [
            0
          ],
          "hf_energy": -1384.6854135125525,
          "num_basis_fns": 1236,
          "num_iters": 17,
          "schema_version": "0.2.0"
        }
      ]
    ],
    "num_iters": 17,
    "ri_fock_time": 0.150826608,
    "ri_tflops": 2.091075228636051,
    "scf_tflops": 30.58207877883127,
    "scf_time": 21.619305687,
    "schema_version": "0.2.0",
    "tflops": 28.35773274347713,
    "total_time": 21.760966,
    "transforms_time": 0.075424686,
    "xc_tflops": 37.68000199568027,
    "xc_time": 16.14724632
  },
  "schema_version": "0.2.0"
}
