{
  "calculation_time": 35.510597013,
  "qmmbe": {
    "b_formation_time": 2.186458508,
    "b_tflops": 6.760008359790929,
    "diag_time": 5.105018084,
    "expanded_elec_energy": -5934.651773200031,
    "expanded_hf_energy": -1692.1277807853785,
    "expanded_nuc_repulsion_energy": 4491.584666630981,
    "expanded_xc_energy": -249.06067421632827,
    "homo": -0.1669800394387466,
    "lumo": -0.1049629215866607,
    "method": "RestrictedKSDFT",
    "mp2_tflops": 0.0,
    "mp2_time": 6.9533558049544e-310,
    "n_atoms": 68,
    "nmers": [
      [
        {
          "fragments": [
            0
          ],
          "hf_energy": -1692.1277807853785,
          "num_basis_fns": 1508,
          "num_iters": 17,
          "schema_version": "0.2.0"
        }
      ]
    ],
    "num_iters": 17,
    "ri_fock_time": 0.2741023020000001,
    "ri_tflops": 2.089632387720698,
    "scf_tflops": 33.476865261865896,
    "scf_time": 35.319278947,
    "schema_version": "0.2.0",
    "tflops": 31.435493613119647,
    "total_time": 35.505968,
    "transforms_time": 0.08951915200000002,
    "xc_tflops": 41.9587874393041,
    "xc_time": 26.21412521
  },
  "schema_version": "0.2.0"
}
