{
  "calculation_time": 41.100823519,
  "qmmbe": {
    "b_formation_time": 4.420285133,
    "b_tflops": 4.2313298220691955,
    "diag_time": 5.301564244000001,
    "expanded_elec_energy": -6495.547014950627,
    "expanded_hf_energy": -1692.100242453888,
    "expanded_nuc_repulsion_energy": 5052.533067753273,
    "expanded_xc_energy": -249.08629525653373,
    "homo": -0.17344201122192235,
    "lumo": -0.09267480484713625,
    "method": "RestrictedKSDFT",
    "mp2_tflops": 0.0,
    "mp2_time": 6.9533558049734e-310,
    "n_atoms": 68,
    "nmers": [
      [
        {
          "fragments": [
            0
          ],
          "hf_energy": -1692.100242453888,
          "num_basis_fns": 1508,
          "num_iters": 18,
          "schema_version": "0.2.0"
        }
      ]
    ],
    "num_iters": 18,
    "ri_fock_time": 0.32654771899999996,
    "ri_tflops": 1.8572035409991643,
    "scf_tflops": 33.23284347452932,
    "scf_time": 39.305387787,
    "schema_version": "0.2.0",
    "tflops": 29.072177951247202,
    "total_time": 39.550566,
    "transforms_time": 0.278047771,
    "xc_tflops": 41.851178593092,
    "xc_time": 27.401119506999997
  },
  "schema_version": "0.2.0"
}
