{
  "calculation_time": 34.854669261,
  "qmmbe": {
    "b_formation_time": 2.154144497,
    "b_tflops": 6.646182328646266,
    "diag_time": 4.5892440080000005,
    "expanded_elec_energy": -5857.047865375584,
    "expanded_hf_energy": -1692.1406824148992,
    "expanded_nuc_repulsion_energy": 4413.967729877406,
    "expanded_xc_energy": -249.06054691672153,
    "homo": -0.17795354715135997,
    "lumo": -0.09270488894933937,
    "method": "RestrictedKSDFT",
    "mp2_tflops": 0.0,
    "mp2_time": 6.9533558049623e-310,
    "n_atoms": 68,
    "nmers": [
      [
        {
          "fragments": [
            0
          ],
          "hf_energy": -1692.1406824148992,
          "num_basis_fns": 1508,
          "num_iters": 17,
          "schema_version": "0.2.0"
        }
      ]
    ],
    "num_iters": 17,
    "ri_fock_time": 0.272106003,
    "ri_tflops": 2.1049629243497434,
    "scf_tflops": 34.101500259382924,
    "scf_time": 34.670113655,
    "schema_version": "0.2.0",
    "tflops": 31.984109531117834,
    "total_time": 34.850049,
    "transforms_time": 0.08917016900000001,
    "xc_tflops": 42.09523379253036,
    "xc_time": 26.104370646000003
  },
  "schema_version": "0.2.0"
}
