{
  "calculation_time": 30.476291386,
  "qmmbe": {
    "b_formation_time": 1.9921857,
    "b_tflops": 6.723702709495404,
    "diag_time": 3.856699368,
    "expanded_elec_energy": -5693.172074495066,
    "expanded_hf_energy": -1614.6798722601627,
    "expanded_nuc_repulsion_energy": 4315.922455570527,
    "expanded_xc_energy": -237.43025333562323,
    "homo": -0.1762917464334035,
    "lumo": -0.0916997926617304,
    "method": "RestrictedKSDFT",
    "mp2_tflops": 0.0,
    "mp2_time": 6.9533558049734e-310,
    "n_atoms": 64,
    "nmers": [
      [
        {
          "fragments": [
            0
          ],
          "hf_energy": -1614.6798722601627,
          "num_basis_fns": 1434,
          "num_iters": 17,
          "schema_version": "0.2.0"
        }
      ]
    ],
    "num_iters": 17,
    "ri_fock_time": 0.23617541700000005,
    "ri_tflops": 2.0852679878024727,
    "scf_tflops": 33.322049367128294,
    "scf_time": 30.275092993,
    "schema_version": "0.2.0",
    "tflops": 31.096941172549148,
    "total_time": 30.471988,
    "transforms_time": 0.09281229899999999,
    "xc_tflops": 40.93458959539998,
    "xc_time": 22.790787725999998
  },
  "schema_version": "0.2.0"
}
