{
  "calculation_time": 34.546605689,
  "qmmbe": {
    "b_formation_time": 2.205550025,
    "b_tflops": 6.791204880681861,
    "diag_time": 4.539107253,
    "expanded_elec_energy": -5985.397393102031,
    "expanded_hf_energy": -1692.1386958919816,
    "expanded_nuc_repulsion_energy": 4542.322243059062,
    "expanded_xc_energy": -249.0635458490127,
    "homo": -0.17017200348020897,
    "lumo": -0.09910929985321008,
    "method": "RestrictedKSDFT",
    "mp2_tflops": 0.0,
    "mp2_time": 6.9533558049623e-310,
    "n_atoms": 68,
    "nmers": [
      [
        {
          "fragments": [
            0
          ],
          "hf_energy": -1692.1386958919816,
          "num_basis_fns": 1508,
          "num_iters": 17,
          "schema_version": "0.2.0"
        }
      ]
    ],
    "num_iters": 17,
    "ri_fock_time": 0.271904428,
    "ri_tflops": 2.1065234281804344,
    "scf_tflops": 34.535774226376446,
    "scf_time": 34.35290858,
    "schema_version": "0.2.0",
    "tflops": 32.31249397665198,
    "total_time": 34.541782,
    "transforms_time": 0.091099407,
    "xc_tflops": 42.67884229229626,
    "xc_time": 25.766949677
  },
  "schema_version": "0.2.0"
}
