{
  "calculation_time": 35.501804564,
  "qmmbe": {
    "b_formation_time": 2.23027061,
    "b_tflops": 6.750723510840688,
    "diag_time": 4.494255588,
    "expanded_elec_energy": -5994.969479078679,
    "expanded_hf_energy": -1692.1317653887686,
    "expanded_nuc_repulsion_energy": 4551.90017532501,
    "expanded_xc_energy": -249.06246163510025,
    "homo": -0.17662230298081744,
    "lumo": -0.09415239694865207,
    "method": "RestrictedKSDFT",
    "mp2_tflops": 0.0,
    "mp2_time": 6.9533558049639e-310,
    "n_atoms": 68,
    "nmers": [
      [
        {
          "fragments": [
            0
          ],
          "hf_energy": -1692.1317653887686,
          "num_basis_fns": 1508,
          "num_iters": 17,
          "schema_version": "0.2.0"
        }
      ]
    ],
    "num_iters": 17,
    "ri_fock_time": 0.274614184,
    "ri_tflops": 2.085737304115362,
    "scf_tflops": 33.571725522962694,
    "scf_time": 35.307304834,
    "schema_version": "0.2.0",
    "tflops": 31.453463314249785,
    "total_time": 35.497182,
    "transforms_time": 0.093194377,
    "xc_tflops": 41.160166307582074,
    "xc_time": 26.724737824999995
  },
  "schema_version": "0.2.0"
}
