{
  "calculation_time": 34.725301948,
  "qmmbe": {
    "b_formation_time": 2.217192631,
    "b_tflops": 7.214470637767513,
    "diag_time": 4.534692244,
    "expanded_elec_energy": -6113.956180344288,
    "expanded_hf_energy": -1692.1132939687907,
    "expanded_nuc_repulsion_energy": 4670.9138412626435,
    "expanded_xc_energy": -249.07095488714577,
    "homo": -0.17058010785544003,
    "lumo": -0.1003493489239202,
    "method": "RestrictedKSDFT",
    "mp2_tflops": 0.0,
    "mp2_time": 6.9533558049544e-310,
    "n_atoms": 68,
    "nmers": [
      [
        {
          "fragments": [
            0
          ],
          "hf_energy": -1692.1132939687907,
          "num_basis_fns": 1508,
          "num_iters": 17,
          "schema_version": "0.2.0"
        }
      ]
    ],
    "num_iters": 17,
    "ri_fock_time": 0.274297994,
    "ri_tflops": 2.0881415844696263,
    "scf_tflops": 34.228861376159536,
    "scf_time": 34.518762633,
    "schema_version": "0.2.0",
    "tflops": 32.05862813825923,
    "total_time": 34.720632,
    "transforms_time": 0.090413737,
    "xc_tflops": 42.267580088139525,
    "xc_time": 25.9210727
  },
  "schema_version": "0.2.0"
}
