{
  "calculation_time": 22.150094064,
  "qmmbe": {
    "b_formation_time": 1.448833458,
    "b_tflops": 5.235977732468959,
    "diag_time": 3.12745872,
    "expanded_elec_energy": -4486.325859988161,
    "expanded_hf_energy": -1384.6910179162708,
    "expanded_nuc_repulsion_energy": 3305.5419739740732,
    "expanded_xc_energy": -203.90713190218298,
    "homo": -0.1649851289449196,
    "lumo": -0.10560555508365378,
    "method": "RestrictedKSDFT",
    "mp2_tflops": 0.0,
    "mp2_time": 6.9533558049813e-310,
    "n_atoms": 56,
    "nmers": [
      [
        {
          "fragments": [
            0
          ],
          "hf_energy": -1384.6910179162708,
          "num_basis_fns": 1236,
          "num_iters": 17,
          "schema_version": "0.2.0"
        }
      ]
    ],
    "num_iters": 17,
    "ri_fock_time": 0.149970936,
    "ri_tflops": 2.103006037169762,
    "scf_tflops": 29.91371659809798,
    "scf_time": 22.00622122,
    "schema_version": "0.2.0",
    "tflops": 27.88224861022216,
    "total_time": 22.14631,
    "transforms_time": 0.07438704099999999,
    "xc_tflops": 37.51244764790624,
    "xc_time": 16.237839614
  },
  "schema_version": "0.2.0"
}
