{
  "calculation_time": 35.04280956,
  "qmmbe": {
    "b_formation_time": 2.232152317,
    "b_tflops": 6.904801174806208,
    "diag_time": 4.590381783,
    "expanded_elec_energy": -6039.1311561354005,
    "expanded_hf_energy": -1692.1292020168996,
    "expanded_nuc_repulsion_energy": 4596.071606167029,
    "expanded_xc_energy": -249.06965204852833,
    "homo": -0.17930057958293003,
    "lumo": -0.08978607478486977,
    "method": "RestrictedKSDFT",
    "mp2_tflops": 0.0,
    "mp2_time": 6.9533558049639e-310,
    "n_atoms": 68,
    "nmers": [
      [
        {
          "fragments": [
            0
          ],
          "hf_energy": -1692.1292020168996,
          "num_basis_fns": 1508,
          "num_iters": 17,
          "schema_version": "0.2.0"
        }
      ]
    ],
    "num_iters": 17,
    "ri_fock_time": 0.27186673100000003,
    "ri_tflops": 2.1068155184019184,
    "scf_tflops": 33.93013275534928,
    "scf_time": 34.844532971,
    "schema_version": "0.2.0",
    "tflops": 31.78740045075207,
    "total_time": 35.038286,
    "transforms_time": 0.08976993800000001,
    "xc_tflops": 41.86928787010648,
    "xc_time": 26.198361536
  },
  "schema_version": "0.2.0"
}
