{
  "calculation_time": 35.470383066,
  "qmmbe": {
    "b_formation_time": 2.197365219,
    "b_tflops": 6.767263390725399,
    "diag_time": 5.140291809000001,
    "expanded_elec_energy": -5942.093005100309,
    "expanded_hf_energy": -1692.129109232329,
    "expanded_nuc_repulsion_energy": 4499.030838658682,
    "expanded_xc_energy": -249.06694279070237,
    "homo": -0.17332867937909865,
    "lumo": -0.0968043090932987,
    "method": "RestrictedKSDFT",
    "mp2_tflops": 0.0,
    "mp2_time": 6.9533558049544e-310,
    "n_atoms": 68,
    "nmers": [
      [
        {
          "fragments": [
            0
          ],
          "hf_energy": -1692.129109232329,
          "num_basis_fns": 1508,
          "num_iters": 17,
          "schema_version": "0.2.0"
        }
      ]
    ],
    "num_iters": 17,
    "ri_fock_time": 0.26993216800000003,
    "ri_tflops": 2.1219147464039927,
    "scf_tflops": 33.485055229371405,
    "scf_time": 35.278978397,
    "schema_version": "0.2.0",
    "tflops": 31.430109663656204,
    "total_time": 35.465868,
    "transforms_time": 0.08830237699999997,
    "xc_tflops": 42.03144147098391,
    "xc_time": 26.132264549
  },
  "schema_version": "0.2.0"
}
