{
  "calculation_time": 26.178953324,
  "qmmbe": {
    "b_formation_time": 1.758946409,
    "b_tflops": 6.314605795221815,
    "diag_time": 3.464285192,
    "expanded_elec_energy": -5262.257902785829,
    "expanded_hf_energy": -1538.4265897934397,
    "expanded_nuc_repulsion_energy": 3950.3246671460765,
    "expanded_xc_energy": -226.49335415368694,
    "homo": -0.17802038422082486,
    "lumo": -0.0912296488173452,
    "method": "RestrictedKSDFT",
    "mp2_tflops": 0.0,
    "mp2_time": 6.9533558049734e-310,
    "n_atoms": 62,
    "nmers": [
      [
        {
          "fragments": [
            0
          ],
          "hf_energy": -1538.4265897934397,
          "num_basis_fns": 1372,
          "num_iters": 17,
          "schema_version": "0.2.0"
        }
      ]
    ],
    "num_iters": 17,
    "ri_fock_time": 0.20862543200000003,
    "ri_tflops": 2.067663147798778,
    "scf_tflops": 34.5467398906034,
    "scf_time": 26.010111772,
    "schema_version": "0.2.0",
    "tflops": 32.14861926441863,
    "total_time": 26.174884,
    "transforms_time": 0.08371098900000001,
    "xc_tflops": 42.966714169833764,
    "xc_time": 19.300438035
  },
  "schema_version": "0.2.0"
}
