{
  "calculation_time": 34.912839781,
  "qmmbe": {
    "b_formation_time": 2.239568168,
    "b_tflops": 7.174233822469654,
    "diag_time": 4.543787064,
    "expanded_elec_energy": -6127.584983097404,
    "expanded_hf_energy": -1692.1218750704777,
    "expanded_nuc_repulsion_energy": 4684.532326678015,
    "expanded_xc_energy": -249.06921865108896,
    "homo": -0.17267451881289778,
    "lumo": -0.09659990112235228,
    "method": "RestrictedKSDFT",
    "mp2_tflops": 0.0,
    "mp2_time": 6.9533558049734e-310,
    "n_atoms": 68,
    "nmers": [
      [
        {
          "fragments": [
            0
          ],
          "hf_energy": -1692.1218750704777,
          "num_basis_fns": 1508,
          "num_iters": 17,
          "schema_version": "0.2.0"
        }
      ]
    ],
    "num_iters": 17,
    "ri_fock_time": 0.272236492,
    "ri_tflops": 2.1039539688455875,
    "scf_tflops": 34.070396798209856,
    "scf_time": 34.710878492,
    "schema_version": "0.2.0",
    "tflops": 31.891110838987593,
    "total_time": 34.908482,
    "transforms_time": 0.09206523899999997,
    "xc_tflops": 42.050876617802636,
    "xc_time": 26.057372736999998
  },
  "schema_version": "0.2.0"
}
