{
  "calculation_time": 34.707165107,
  "qmmbe": {
    "b_formation_time": 2.230656063,
    "b_tflops": 6.92434147341342,
    "diag_time": 4.499888458,
    "expanded_elec_energy": -6039.5382076751375,
    "expanded_hf_energy": -1692.1237174204632,
    "expanded_nuc_repulsion_energy": 4596.477574991816,
    "expanded_xc_energy": -249.06308473714193,
    "homo": -0.16974470726289184,
    "lumo": -0.09991209068931751,
    "method": "RestrictedKSDFT",
    "mp2_tflops": 0.0,
    "mp2_time": 6.9533558049544e-310,
    "n_atoms": 68,
    "nmers": [
      [
        {
          "fragments": [
            0
          ],
          "hf_energy": -1692.1237174204632,
          "num_basis_fns": 1508,
          "num_iters": 17,
          "schema_version": "0.2.0"
        }
      ]
    ],
    "num_iters": 17,
    "ri_fock_time": 0.271851902,
    "ri_tflops": 2.106930441148799,
    "scf_tflops": 34.30329658392187,
    "scf_time": 34.510232174,
    "schema_version": "0.2.0",
    "tflops": 32.08747387893534,
    "total_time": 34.702395,
    "transforms_time": 0.09304151799999999,
    "xc_tflops": 42.30247983322069,
    "xc_time": 25.922697914
  },
  "schema_version": "0.2.0"
}
