{
  "calculation_time": 34.962865277,
  "qmmbe": {
    "b_formation_time": 2.225657645,
    "b_tflops": 7.005726969671474,
    "diag_time": 4.529079423000001,
    "expanded_elec_energy": -6079.552928870024,
    "expanded_hf_energy": -1692.1198206968024,
    "expanded_nuc_repulsion_energy": 4636.496729039115,
    "expanded_xc_energy": -249.06362086589385,
    "homo": -0.1745371950909466,
    "lumo": -0.09374748590888561,
    "method": "RestrictedKSDFT",
    "mp2_tflops": 0.0,
    "mp2_time": 6.9533558049623e-310,
    "n_atoms": 68,
    "nmers": [
      [
        {
          "fragments": [
            0
          ],
          "hf_energy": -1692.1198206968024,
          "num_basis_fns": 1508,
          "num_iters": 17,
          "schema_version": "0.2.0"
        }
      ]
    ],
    "num_iters": 17,
    "ri_fock_time": 0.271825482,
    "ri_tflops": 2.1071352236505922,
    "scf_tflops": 34.025306345470376,
    "scf_time": 34.763570911,
    "schema_version": "0.2.0",
    "tflops": 31.850958416536663,
    "total_time": 34.958136,
    "transforms_time": 0.09163176199999999,
    "xc_tflops": 41.93582012078359,
    "xc_time": 26.144256245
  },
  "schema_version": "0.2.0"
}
