{
  "calculation_time": 22.826463274,
  "qmmbe": {
    "b_formation_time": 1.593273379,
    "b_tflops": 5.862374700067088,
    "diag_time": 2.9780731879999998,
    "expanded_elec_energy": -4923.999028120591,
    "expanded_hf_energy": -1459.8052060965958,
    "expanded_nuc_repulsion_energy": 3678.3274378450787,
    "expanded_xc_energy": -214.1336158210835,
    "homo": -0.17295746231696835,
    "lumo": -0.09718799966328534,
    "method": "RestrictedKSDFT",
    "mp2_tflops": 0.0,
    "mp2_time": 6.9533558049813e-310,
    "n_atoms": 56,
    "nmers": [
      [
        {
          "fragments": [
            0
          ],
          "hf_energy": -1459.8052060965958,
          "num_basis_fns": 1286,
          "num_iters": 17,
          "schema_version": "0.2.0"
        }
      ]
    ],
    "num_iters": 17,
    "ri_fock_time": 0.17620308699999998,
    "ri_tflops": 2.0155309096485925,
    "scf_tflops": 31.722203320612532,
    "scf_time": 22.655294828,
    "schema_version": "0.2.0",
    "tflops": 29.399387636038085,
    "total_time": 22.822645,
    "transforms_time": 0.079761507,
    "xc_tflops": 39.43061265022366,
    "xc_time": 16.756852257
  },
  "schema_version": "0.2.0"
}
