{
  "calculation_time": 34.747362726,
  "qmmbe": {
    "b_formation_time": 2.19544444,
    "b_tflops": 6.979880220247341,
    "diag_time": 4.504137604,
    "expanded_elec_energy": -6034.203921154236,
    "expanded_hf_energy": -1692.1347641766467,
    "expanded_nuc_repulsion_energy": 4591.136867910262,
    "expanded_xc_energy": -249.06771093267238,
    "homo": -0.17337781637200306,
    "lumo": -0.09404708612435844,
    "method": "RestrictedKSDFT",
    "mp2_tflops": 0.0,
    "mp2_time": 6.9533558049734e-310,
    "n_atoms": 68,
    "nmers": [
      [
        {
          "fragments": [
            0
          ],
          "hf_energy": -1692.1347641766467,
          "num_basis_fns": 1508,
          "num_iters": 17,
          "schema_version": "0.2.0"
        }
      ]
    ],
    "num_iters": 17,
    "ri_fock_time": 0.272172297,
    "ri_tflops": 2.104450210845669,
    "scf_tflops": 34.26080153819152,
    "scf_time": 34.547106079,
    "schema_version": "0.2.0",
    "tflops": 32.07588488232336,
    "total_time": 34.742888,
    "transforms_time": 0.096282772,
    "xc_tflops": 42.295247651493476,
    "xc_time": 25.951217167999996
  },
  "schema_version": "0.2.0"
}
