{
  "calculation_time": 26.426363929,
  "qmmbe": {
    "b_formation_time": 1.828672831,
    "b_tflops": 6.319767118449632,
    "diag_time": 3.5178304270000007,
    "expanded_elec_energy": -5330.5694797006445,
    "expanded_hf_energy": -1538.4159449585693,
    "expanded_nuc_repulsion_energy": 4018.644610115239,
    "expanded_xc_energy": -226.49107537316405,
    "homo": -0.17398409345467106,
    "lumo": -0.09311247815825366,
    "method": "RestrictedKSDFT",
    "mp2_tflops": 0.0,
    "mp2_time": 6.9533558049734e-310,
    "n_atoms": 62,
    "nmers": [
      [
        {
          "fragments": [
            0
          ],
          "hf_energy": -1538.4159449585693,
          "num_basis_fns": 1372,
          "num_iters": 17,
          "schema_version": "0.2.0"
        }
      ]
    ],
    "num_iters": 17,
    "ri_fock_time": 0.20986858899999997,
    "ri_tflops": 2.055415341073266,
    "scf_tflops": 34.2436312117295,
    "scf_time": 26.235498151,
    "schema_version": "0.2.0",
    "tflops": 31.767808370859488,
    "total_time": 26.422112,
    "transforms_time": 0.08404518899999999,
    "xc_tflops": 42.689230827164685,
    "xc_time": 19.366516021999995
  },
  "schema_version": "0.2.0"
}
