{
  "calculation_time": 36.740126302,
  "qmmbe": {
    "b_formation_time": 2.181172427,
    "b_tflops": 6.6234934881138585,
    "diag_time": 4.761009044000001,
    "expanded_elec_energy": -5895.306690553029,
    "expanded_hf_energy": -1692.1223616445423,
    "expanded_nuc_repulsion_energy": 4452.238792591293,
    "expanded_xc_energy": -249.05446368280639,
    "homo": -0.15812781149199012,
    "lumo": -0.11267024745882669,
    "method": "RestrictedKSDFT",
    "mp2_tflops": 0.0,
    "mp2_time": 6.9533558049544e-310,
    "n_atoms": 68,
    "nmers": [
      [
        {
          "fragments": [
            0
          ],
          "hf_energy": -1692.1223616445423,
          "num_basis_fns": 1508,
          "num_iters": 18,
          "schema_version": "0.2.0"
        }
      ]
    ],
    "num_iters": 18,
    "ri_fock_time": 0.28780395000000003,
    "ri_tflops": 2.1072177085547295,
    "scf_tflops": 34.086397420278104,
    "scf_time": 36.538795979,
    "schema_version": "0.2.0",
    "tflops": 32.04785894656662,
    "total_time": 36.735613,
    "transforms_time": 0.095301137,
    "xc_tflops": 41.95250397791075,
    "xc_time": 27.681443254999998
  },
  "schema_version": "0.2.0"
}
