{
  "calculation_time": 34.843762491,
  "qmmbe": {
    "b_formation_time": 2.202267577,
    "b_tflops": 6.811693407313874,
    "diag_time": 4.52758365,
    "expanded_elec_energy": -5976.668760613176,
    "expanded_hf_energy": -1692.1240750316047,
    "expanded_nuc_repulsion_energy": 4533.608973114522,
    "expanded_xc_energy": -249.0642875329505,
    "homo": -0.16181955321854516,
    "lumo": -0.11086056380630645,
    "method": "RestrictedKSDFT",
    "mp2_tflops": 0.0,
    "mp2_time": 6.9533558049544e-310,
    "n_atoms": 68,
    "nmers": [
      [
        {
          "fragments": [
            0
          ],
          "hf_energy": -1692.1240750316047,
          "num_basis_fns": 1508,
          "num_iters": 17,
          "schema_version": "0.2.0"
        }
      ]
    ],
    "num_iters": 17,
    "ri_fock_time": 0.27338727999999995,
    "ri_tflops": 2.0950976497809264,
    "scf_tflops": 34.17770405465043,
    "scf_time": 34.646813879,
    "schema_version": "0.2.0",
    "tflops": 32.01151517876668,
    "total_time": 34.839152,
    "transforms_time": 0.09039767099999999,
    "xc_tflops": 42.13200388856062,
    "xc_time": 26.079760356
  },
  "schema_version": "0.2.0"
}
