{
  "calculation_time": 34.533688842,
  "qmmbe": {
    "b_formation_time": 2.207600571,
    "b_tflops": 7.314117384536589,
    "diag_time": 4.490220897,
    "expanded_elec_energy": -6141.311708482404,
    "expanded_hf_energy": -1692.1000728995114,
    "expanded_nuc_repulsion_energy": 4698.279893984331,
    "expanded_xc_energy": -249.06825840143762,
    "homo": -0.17467811850952306,
    "lumo": -0.09491657093418926,
    "method": "RestrictedKSDFT",
    "mp2_tflops": 0.0,
    "mp2_time": 6.9533558049639e-310,
    "n_atoms": 68,
    "nmers": [
      [
        {
          "fragments": [
            0
          ],
          "hf_energy": -1692.1000728995114,
          "num_basis_fns": 1508,
          "num_iters": 17,
          "schema_version": "0.2.0"
        }
      ]
    ],
    "num_iters": 17,
    "ri_fock_time": 0.273483814,
    "ri_tflops": 2.0943581246384113,
    "scf_tflops": 34.41233427031353,
    "scf_time": 34.308935613,
    "schema_version": "0.2.0",
    "tflops": 32.1962824693539,
    "total_time": 34.528902,
    "transforms_time": 0.093187935,
    "xc_tflops": 42.52111480901731,
    "xc_time": 25.730534213000002
  },
  "schema_version": "0.2.0"
}
