{
  "calculation_time": 38.757434602,
  "qmmbe": {
    "b_formation_time": 2.354574758,
    "b_tflops": 7.841663568847279,
    "diag_time": 5.143884362,
    "expanded_elec_energy": -6449.101664529047,
    "expanded_hf_energy": -1692.1099122584383,
    "expanded_nuc_repulsion_energy": 5006.070356698845,
    "expanded_xc_energy": -249.07860442823585,
    "homo": -0.16840010412996106,
    "lumo": -0.09969449176822578,
    "method": "RestrictedKSDFT",
    "mp2_tflops": 0.0,
    "mp2_time": 6.953355804986e-310,
    "n_atoms": 68,
    "nmers": [
      [
        {
          "fragments": [
            0
          ],
          "hf_energy": -1692.1099122584383,
          "num_basis_fns": 1508,
          "num_iters": 19,
          "schema_version": "0.2.0"
        }
      ]
    ],
    "num_iters": 19,
    "ri_fock_time": 0.30748967199999994,
    "ri_tflops": 2.0818849234585026,
    "scf_tflops": 33.6419401023347,
    "scf_time": 38.527055963,
    "schema_version": "0.2.0",
    "tflops": 31.64204068776563,
    "total_time": 38.753043,
    "transforms_time": 0.09911035700000001,
    "xc_tflops": 41.61092161185284,
    "xc_time": 28.985839597
  },
  "schema_version": "0.2.0"
}
