{
  "calculation_time": 22.813983834,
  "qmmbe": {
    "b_formation_time": 1.406471995,
    "b_tflops": 5.204729757788032,
    "diag_time": 2.838813612,
    "expanded_elec_energy": -4427.349504922831,
    "expanded_hf_energy": -1384.6958585939344,
    "expanded_nuc_repulsion_energy": 3246.5543812937176,
    "expanded_xc_energy": -203.90073496482063,
    "homo": -0.1677579087994421,
    "lumo": -0.10278993753539702,
    "method": "RestrictedKSDFT",
    "mp2_tflops": 0.0,
    "mp2_time": 6.9533558049813e-310,
    "n_atoms": 56,
    "nmers": [
      [
        {
          "fragments": [
            0
          ],
          "hf_energy": -1384.6958585939344,
          "num_basis_fns": 1236,
          "num_iters": 18,
          "schema_version": "0.2.0"
        }
      ]
    ],
    "num_iters": 18,
    "ri_fock_time": 0.15895823,
    "ri_tflops": 2.1008168248476347,
    "scf_tflops": 30.586953231957366,
    "scf_time": 22.674757833,
    "schema_version": "0.2.0",
    "tflops": 28.579035854353247,
    "total_time": 22.8102,
    "transforms_time": 0.08529104899999998,
    "xc_tflops": 37.51506353037941,
    "xc_time": 17.159171647
  },
  "schema_version": "0.2.0"
}
