{
  "calculation_time": 34.55957763,
  "qmmbe": {
    "b_formation_time": 2.078709743,
    "b_tflops": 6.544401405390439,
    "diag_time": 4.526155641000001,
    "expanded_elec_energy": -5737.207400950789,
    "expanded_hf_energy": -1692.1488995175164,
    "expanded_nuc_repulsion_energy": 4294.11780172147,
    "expanded_xc_energy": -249.05930028819728,
    "homo": -0.17548769356447713,
    "lumo": -0.0943504601221619,
    "method": "RestrictedKSDFT",
    "mp2_tflops": 0.0,
    "mp2_time": 6.9533558049544e-310,
    "n_atoms": 68,
    "nmers": [
      [
        {
          "fragments": [
            0
          ],
          "hf_energy": -1692.1488995175164,
          "num_basis_fns": 1508,
          "num_iters": 17,
          "schema_version": "0.2.0"
        }
      ]
    ],
    "num_iters": 17,
    "ri_fock_time": 0.272429066,
    "ri_tflops": 2.1024667309471305,
    "scf_tflops": 34.39561517009781,
    "scf_time": 34.382272818,
    "schema_version": "0.2.0",
    "tflops": 32.32078848811641,
    "total_time": 34.555036,
    "transforms_time": 0.09021210399999996,
    "xc_tflops": 42.43596295622125,
    "xc_time": 25.962861758999995
  },
  "schema_version": "0.2.0"
}
