{
  "calculation_time": 35.092069045,
  "qmmbe": {
    "b_formation_time": 2.2409064,
    "b_tflops": 7.174051464760867,
    "diag_time": 4.5598466239999995,
    "expanded_elec_energy": -6125.247559445472,
    "expanded_hf_energy": -1692.1062420331205,
    "expanded_nuc_repulsion_energy": 4682.203230928614,
    "expanded_xc_energy": -249.06191351626288,
    "homo": -0.1675590076423424,
    "lumo": -0.100811020308102,
    "method": "RestrictedKSDFT",
    "mp2_tflops": 0.0,
    "mp2_time": 6.953355804986e-310,
    "n_atoms": 68,
    "nmers": [
      [
        {
          "fragments": [
            0
          ],
          "hf_energy": -1692.1062420331205,
          "num_basis_fns": 1508,
          "num_iters": 17,
          "schema_version": "0.2.0"
        }
      ]
    ],
    "num_iters": 17,
    "ri_fock_time": 0.27525408,
    "ri_tflops": 2.0808884933077105,
    "scf_tflops": 33.87820205501551,
    "scf_time": 34.87149299,
    "schema_version": "0.2.0",
    "tflops": 31.72386543883216,
    "total_time": 35.087723,
    "transforms_time": 0.08976577799999999,
    "xc_tflops": 41.75018305954101,
    "xc_time": 26.241500926999997
  },
  "schema_version": "0.2.0"
}
