{
  "calculation_time": 34.899788453,
  "qmmbe": {
    "b_formation_time": 2.260758044,
    "b_tflops": 6.951282483754373,
    "diag_time": 4.564152277000001,
    "expanded_elec_energy": -6082.55958904106,
    "expanded_hf_energy": -1692.1302407599137,
    "expanded_nuc_repulsion_energy": 4639.501313408635,
    "expanded_xc_energy": -249.07196512748897,
    "homo": -0.16763747303759222,
    "lumo": -0.10016425361759247,
    "method": "RestrictedKSDFT",
    "mp2_tflops": 0.0,
    "mp2_time": 6.9533558049544e-310,
    "n_atoms": 68,
    "nmers": [
      [
        {
          "fragments": [
            0
          ],
          "hf_energy": -1692.1302407599137,
          "num_basis_fns": 1508,
          "num_iters": 17,
          "schema_version": "0.2.0"
        }
      ]
    ],
    "num_iters": 17,
    "ri_fock_time": 0.2758600259999999,
    "ri_tflops": 2.076317674993622,
    "scf_tflops": 34.1188821447638,
    "scf_time": 34.695773611,
    "schema_version": "0.2.0",
    "tflops": 31.92227208630076,
    "total_time": 34.895059,
    "transforms_time": 0.090306752,
    "xc_tflops": 42.12787853395736,
    "xc_time": 26.034039229
  },
  "schema_version": "0.2.0"
}
