{
  "calculation_time": 30.649133468,
  "qmmbe": {
    "b_formation_time": 2.046914093,
    "b_tflops": 6.645413173171211,
    "diag_time": 3.938635575,
    "expanded_elec_energy": -5729.214477664955,
    "expanded_hf_energy": -1614.6676401479344,
    "expanded_nuc_repulsion_energy": 4351.969516629603,
    "expanded_xc_energy": -237.42267911258287,
    "homo": -0.16880303967292315,
    "lumo": -0.10045356015168302,
    "method": "RestrictedKSDFT",
    "mp2_tflops": 0.0,
    "mp2_time": 6.9533558049734e-310,
    "n_atoms": 64,
    "nmers": [
      [
        {
          "fragments": [
            0
          ],
          "hf_energy": -1614.6676401479344,
          "num_basis_fns": 1434,
          "num_iters": 17,
          "schema_version": "0.2.0"
        }
      ]
    ],
    "num_iters": 17,
    "ri_fock_time": 0.24376811799999998,
    "ri_tflops": 2.0203176716325144,
    "scf_tflops": 33.19492884492319,
    "scf_time": 30.45971354,
    "schema_version": "0.2.0",
    "tflops": 30.942324017490847,
    "total_time": 30.644985,
    "transforms_time": 0.086298331,
    "xc_tflops": 40.89322042182648,
    "xc_time": 22.824700427999996
  },
  "schema_version": "0.2.0"
}
