{
  "calculation_time": 34.723362595,
  "qmmbe": {
    "b_formation_time": 2.132536206,
    "b_tflops": 6.805640396803654,
    "diag_time": 4.546693285,
    "expanded_elec_energy": -5888.137184800527,
    "expanded_hf_energy": -1692.1243331248502,
    "expanded_nuc_repulsion_energy": 4445.069066769048,
    "expanded_xc_energy": -249.05621509337072,
    "homo": -0.16305582501887395,
    "lumo": -0.11025891539561354,
    "method": "RestrictedKSDFT",
    "mp2_tflops": 0.0,
    "mp2_time": 6.9533558049544e-310,
    "n_atoms": 68,
    "nmers": [
      [
        {
          "fragments": [
            0
          ],
          "hf_energy": -1692.1243331248502,
          "num_basis_fns": 1508,
          "num_iters": 17,
          "schema_version": "0.2.0"
        }
      ]
    ],
    "num_iters": 17,
    "ri_fock_time": 0.271857181,
    "ri_tflops": 2.106889528174722,
    "scf_tflops": 34.2942730829628,
    "scf_time": 34.520269116,
    "schema_version": "0.2.0",
    "tflops": 32.16288290293979,
    "total_time": 34.718796,
    "transforms_time": 0.093157919,
    "xc_tflops": 42.35556049762576,
    "xc_time": 25.986543337
  },
  "schema_version": "0.2.0"
}
