{
  "calculation_time": 26.131058366,
  "qmmbe": {
    "b_formation_time": 1.734012152,
    "b_tflops": 6.024024142825038,
    "diag_time": 3.87745269,
    "expanded_elec_energy": -5153.540584740842,
    "expanded_hf_energy": -1537.255977891069,
    "expanded_nuc_repulsion_energy": 3842.0589696800193,
    "expanded_xc_energy": -225.77436283024633,
    "homo": -0.1647004524884899,
    "lumo": -0.10671874397295407,
    "method": "RestrictedKSDFT",
    "mp2_tflops": 0.0,
    "mp2_time": 6.9533558049813e-310,
    "n_atoms": 60,
    "nmers": [
      [
        {
          "fragments": [
            0
          ],
          "hf_energy": -1537.255977891069,
          "num_basis_fns": 1360,
          "num_iters": 17,
          "schema_version": "0.2.0"
        }
      ]
    ],
    "num_iters": 17,
    "ri_fock_time": 0.192867774,
    "ri_tflops": 2.1780785005586263,
    "scf_tflops": 33.00168148916109,
    "scf_time": 25.968938511,
    "schema_version": "0.2.0",
    "tflops": 30.753610127409047,
    "total_time": 26.127005,
    "transforms_time": 0.082530516,
    "xc_tflops": 41.87222633742064,
    "xc_time": 18.914620061
  },
  "schema_version": "0.2.0"
}
