{
  "calculation_time": 36.890208932,
  "qmmbe": {
    "b_formation_time": 2.20064382,
    "b_tflops": 6.7685402824269865,
    "diag_time": 4.780519522,
    "expanded_elec_energy": -5951.412032761373,
    "expanded_hf_energy": -1692.1285812368644,
    "expanded_nuc_repulsion_energy": 4508.342323182713,
    "expanded_xc_energy": -249.0588716582044,
    "homo": -0.16281948393422227,
    "lumo": -0.10734726011454317,
    "method": "RestrictedKSDFT",
    "mp2_tflops": 0.0,
    "mp2_time": 6.953355804986e-310,
    "n_atoms": 68,
    "nmers": [
      [
        {
          "fragments": [
            0
          ],
          "hf_energy": -1692.1285812368644,
          "num_basis_fns": 1508,
          "num_iters": 18,
          "schema_version": "0.2.0"
        }
      ]
    ],
    "num_iters": 18,
    "ri_fock_time": 0.29008999299999993,
    "ri_tflops": 2.0906118606855912,
    "scf_tflops": 33.90861518665798,
    "scf_time": 36.686430109,
    "schema_version": "0.2.0",
    "tflops": 31.906015287545817,
    "total_time": 36.885814,
    "transforms_time": 0.09008907399999999,
    "xc_tflops": 41.677028552846856,
    "xc_time": 27.843617067999997
  },
  "schema_version": "0.2.0"
}
