{
  "calculation_time": 29.984210326,
  "qmmbe": {
    "b_formation_time": 1.921768003,
    "b_tflops": 6.578323411694352,
    "diag_time": 3.855755758000001,
    "expanded_elec_energy": -5565.6587500740825,
    "expanded_hf_energy": -1614.6836829784252,
    "expanded_nuc_repulsion_energy": 4188.393102049951,
    "expanded_xc_energy": -237.41803495429406,
    "homo": -0.16560014786841926,
    "lumo": -0.10361510918763032,
    "method": "RestrictedKSDFT",
    "mp2_tflops": 0.0,
    "mp2_time": 6.9533558049734e-310,
    "n_atoms": 64,
    "nmers": [
      [
        {
          "fragments": [
            0
          ],
          "hf_energy": -1614.6836829784252,
          "num_basis_fns": 1434,
          "num_iters": 17,
          "schema_version": "0.2.0"
        }
      ]
    ],
    "num_iters": 17,
    "ri_fock_time": 0.23606142199999997,
    "ri_tflops": 2.08627497201131,
    "scf_tflops": 33.905794464817035,
    "scf_time": 29.80482199,
    "schema_version": "0.2.0",
    "tflops": 31.678289943694516,
    "total_time": 29.980069,
    "transforms_time": 0.08987258299999999,
    "xc_tflops": 41.80599807265388,
    "xc_time": 22.384638946000003
  },
  "schema_version": "0.2.0"
}
