{
  "calculation_time": 27.698477249,
  "qmmbe": {
    "b_formation_time": 1.849118089,
    "b_tflops": 6.6555686517628345,
    "diag_time": 3.743723095000001,
    "expanded_elec_energy": -5453.7515895383585,
    "expanded_hf_energy": -1538.373907110781,
    "expanded_nuc_repulsion_energy": 4141.865591407321,
    "expanded_xc_energy": -226.487908979743,
    "homo": -0.1569510459336963,
    "lumo": -0.10965949053149492,
    "method": "RestrictedKSDFT",
    "mp2_tflops": 0.0,
    "mp2_time": 6.9533558049734e-310,
    "n_atoms": 62,
    "nmers": [
      [
        {
          "fragments": [
            0
          ],
          "hf_energy": -1538.373907110781,
          "num_basis_fns": 1372,
          "num_iters": 18,
          "schema_version": "0.2.0"
        }
      ]
    ],
    "num_iters": 18,
    "ri_fock_time": 0.22108811900000003,
    "ri_tflops": 2.0658805901731876,
    "scf_tflops": 34.25719878704544,
    "scf_time": 27.513697504,
    "schema_version": "0.2.0",
    "tflops": 31.900982131421458,
    "total_time": 27.694243,
    "transforms_time": 0.088356134,
    "xc_tflops": 42.772552822920844,
    "xc_time": 20.340647466
  },
  "schema_version": "0.2.0"
}
