{
  "calculation_time": 26.189453066,
  "qmmbe": {
    "b_formation_time": 1.844900531,
    "b_tflops": 6.238693451682898,
    "diag_time": 3.5184832699999995,
    "expanded_elec_energy": -5325.49710733205,
    "expanded_hf_energy": -1538.4178885475249,
    "expanded_nuc_repulsion_energy": 4013.5732120661737,
    "expanded_xc_energy": -226.4939932816482,
    "homo": -0.17783279308993535,
    "lumo": -0.09355533952422411,
    "method": "RestrictedKSDFT",
    "mp2_tflops": 0.0,
    "mp2_time": 6.9533558049734e-310,
    "n_atoms": 62,
    "nmers": [
      [
        {
          "fragments": [
            0
          ],
          "hf_energy": -1538.4178885475249,
          "num_basis_fns": 1372,
          "num_iters": 17,
          "schema_version": "0.2.0"
        }
      ]
    ],
    "num_iters": 17,
    "ri_fock_time": 0.20884963699999998,
    "ri_tflops": 2.0654434627530622,
    "scf_tflops": 34.609942498665355,
    "scf_time": 26.016198389,
    "schema_version": "0.2.0",
    "tflops": 32.09005301244354,
    "total_time": 26.185406,
    "transforms_time": 0.08630833300000001,
    "xc_tflops": 43.21085984878561,
    "xc_time": 19.15474109
  },
  "schema_version": "0.2.0"
}
