{
  "calculation_time": 25.427056356,
  "qmmbe": {
    "b_formation_time": 1.716141831,
    "b_tflops": 6.087727843282202,
    "diag_time": 3.423290743,
    "expanded_elec_energy": -5159.69322634162,
    "expanded_hf_energy": -1537.2599962198117,
    "expanded_nuc_repulsion_energy": 3848.2096814407764,
    "expanded_xc_energy": -225.776451318968,
    "homo": -0.171971021851706,
    "lumo": -0.09754184230944823,
    "method": "RestrictedKSDFT",
    "mp2_tflops": 0.0,
    "mp2_time": 6.9533558049734e-310,
    "n_atoms": 60,
    "nmers": [
      [
        {
          "fragments": [
            0
          ],
          "hf_energy": -1537.2599962198117,
          "num_basis_fns": 1360,
          "num_iters": 17,
          "schema_version": "0.2.0"
        }
      ]
    ],
    "num_iters": 17,
    "ri_fock_time": 0.19249437100000003,
    "ri_tflops": 2.182303564606572,
    "scf_tflops": 33.94231504789821,
    "scf_time": 25.266373677,
    "schema_version": "0.2.0",
    "tflops": 31.57270032943808,
    "total_time": 25.423118,
    "transforms_time": 0.08310631000000002,
    "xc_tflops": 42.32987184662177,
    "xc_time": 18.690255506
  },
  "schema_version": "0.2.0"
}
