{
  "calculation_time": 29.842402192,
  "qmmbe": {
    "b_formation_time": 2.000261284,
    "b_tflops": 6.817906960908813,
    "diag_time": 3.886627599,
    "expanded_elec_energy": -5729.116521455298,
    "expanded_hf_energy": -1614.6730922688012,
    "expanded_nuc_repulsion_energy": 4351.860004358839,
    "expanded_xc_energy": -237.41657517234228,
    "homo": -0.16500615480626893,
    "lumo": -0.10470951082471813,
    "method": "RestrictedKSDFT",
    "mp2_tflops": 0.0,
    "mp2_time": 6.9533558049734e-310,
    "n_atoms": 64,
    "nmers": [
      [
        {
          "fragments": [
            0
          ],
          "hf_energy": -1614.6730922688012,
          "num_basis_fns": 1434,
          "num_iters": 17,
          "schema_version": "0.2.0"
        }
      ]
    ],
    "num_iters": 17,
    "ri_fock_time": 0.236076845,
    "ri_tflops": 2.0861386747861697,
    "scf_tflops": 34.11055622968419,
    "scf_time": 29.654518039,
    "schema_version": "0.2.0",
    "tflops": 31.762688064596688,
    "total_time": 29.838114,
    "transforms_time": 0.088955535,
    "xc_tflops": 42.21197829001535,
    "xc_time": 22.098920601
  },
  "schema_version": "0.2.0"
}
