{
  "calculation_time": 35.221896004,
  "qmmbe": {
    "b_formation_time": 2.216388943,
    "b_tflops": 6.962166977617881,
    "diag_time": 4.562165842,
    "expanded_elec_energy": -6042.128124771884,
    "expanded_hf_energy": -1692.125674472269,
    "expanded_nuc_repulsion_energy": 4599.068923711045,
    "expanded_xc_energy": -249.0664734114294,
    "homo": -0.17462526916907872,
    "lumo": -0.09422511422129141,
    "method": "RestrictedKSDFT",
    "mp2_tflops": 0.0,
    "mp2_time": 6.9533558049544e-310,
    "n_atoms": 68,
    "nmers": [
      [
        {
          "fragments": [
            0
          ],
          "hf_energy": -1692.125674472269,
          "num_basis_fns": 1508,
          "num_iters": 17,
          "schema_version": "0.2.0"
        }
      ]
    ],
    "num_iters": 17,
    "ri_fock_time": 0.27442767700000004,
    "ri_tflops": 2.087154816414526,
    "scf_tflops": 33.79532944162167,
    "scf_time": 35.005626502,
    "schema_version": "0.2.0",
    "tflops": 31.656482464934967,
    "total_time": 35.217052,
    "transforms_time": 0.092330786,
    "xc_tflops": 41.6315887336279,
    "xc_time": 26.372811216
  },
  "schema_version": "0.2.0"
}
