{
  "calculation_time": 26.227217446,
  "qmmbe": {
    "b_formation_time": 1.786329525,
    "b_tflops": 6.3043609069586415,
    "diag_time": 3.462803768000001,
    "expanded_elec_energy": -5286.401631128241,
    "expanded_hf_energy": -1538.4035687421876,
    "expanded_nuc_repulsion_energy": 3974.4829361271504,
    "expanded_xc_energy": -226.48487374109692,
    "homo": -0.1645538072518483,
    "lumo": -0.10451878882215616,
    "method": "RestrictedKSDFT",
    "mp2_tflops": 0.0,
    "mp2_time": 6.9533558049734e-310,
    "n_atoms": 62,
    "nmers": [
      [
        {
          "fragments": [
            0
          ],
          "hf_energy": -1538.4035687421876,
          "num_basis_fns": 1372,
          "num_iters": 17,
          "schema_version": "0.2.0"
        }
      ]
    ],
    "num_iters": 17,
    "ri_fock_time": 0.20924095299999995,
    "ri_tflops": 2.0615807338633183,
    "scf_tflops": 34.52126229604315,
    "scf_time": 26.055162769,
    "schema_version": "0.2.0",
    "tflops": 32.06191760303567,
    "total_time": 26.223251,
    "transforms_time": 0.09023561299999998,
    "xc_tflops": 42.954141132637,
    "xc_time": 19.285819473
  },
  "schema_version": "0.2.0"
}
