{
  "calculation_time": 34.822859521,
  "qmmbe": {
    "b_formation_time": 2.1429798,
    "b_tflops": 6.759375061241362,
    "diag_time": 4.5013928530000005,
    "expanded_elec_energy": -5888.915900083646,
    "expanded_hf_energy": -1692.1344400598246,
    "expanded_nuc_repulsion_energy": 4445.850222249499,
    "expanded_xc_energy": -249.06876222567726,
    "homo": -0.1757031356280498,
    "lumo": -0.09198190856483071,
    "method": "RestrictedKSDFT",
    "mp2_tflops": 0.0,
    "mp2_time": 6.9533558049734e-310,
    "n_atoms": 68,
    "nmers": [
      [
        {
          "fragments": [
            0
          ],
          "hf_energy": -1692.1344400598246,
          "num_basis_fns": 1508,
          "num_iters": 17,
          "schema_version": "0.2.0"
        }
      ]
    ],
    "num_iters": 17,
    "ri_fock_time": 0.272319416,
    "ri_tflops": 2.1033132937094727,
    "scf_tflops": 34.17500582289448,
    "scf_time": 34.637378756,
    "schema_version": "0.2.0",
    "tflops": 32.04775155558825,
    "total_time": 34.818501,
    "transforms_time": 0.09408978000000003,
    "xc_tflops": 42.104174048449444,
    "xc_time": 26.122978811000003
  },
  "schema_version": "0.2.0"
}
