{
  "calculation_time": 34.859245063,
  "qmmbe": {
    "b_formation_time": 2.118688092,
    "b_tflops": 6.465321696826717,
    "diag_time": 4.506288228,
    "expanded_elec_energy": -5744.719515505578,
    "expanded_hf_energy": -1692.13868734427,
    "expanded_nuc_repulsion_energy": 4301.641271382902,
    "expanded_xc_energy": -249.06044322159443,
    "homo": -0.17043029144992644,
    "lumo": -0.1009035947490495,
    "method": "RestrictedKSDFT",
    "mp2_tflops": 0.0,
    "mp2_time": 6.9533558049544e-310,
    "n_atoms": 68,
    "nmers": [
      [
        {
          "fragments": [
            0
          ],
          "hf_energy": -1692.13868734427,
          "num_basis_fns": 1508,
          "num_iters": 17,
          "schema_version": "0.2.0"
        }
      ]
    ],
    "num_iters": 17,
    "ri_fock_time": 0.27222684799999997,
    "ri_tflops": 2.1040285042274744,
    "scf_tflops": 34.116099477712,
    "scf_time": 34.680657212,
    "schema_version": "0.2.0",
    "tflops": 32.0349797739424,
    "total_time": 34.854596,
    "transforms_time": 0.08950257900000001,
    "xc_tflops": 41.958949637219916,
    "xc_time": 26.249418652
  },
  "schema_version": "0.2.0"
}
