{
  "calculation_time": 34.994249163,
  "qmmbe": {
    "b_formation_time": 2.24789522,
    "b_tflops": 7.202282436363737,
    "diag_time": 4.598079689,
    "expanded_elec_energy": -6144.752675950629,
    "expanded_hf_energy": -1692.1025350780615,
    "expanded_nuc_repulsion_energy": 4701.719854168573,
    "expanded_xc_energy": -249.0697132960055,
    "homo": -0.17229578821247274,
    "lumo": -0.09409748634352856,
    "method": "RestrictedKSDFT",
    "mp2_tflops": 0.0,
    "mp2_time": 6.9533558049528e-310,
    "n_atoms": 68,
    "nmers": [
      [
        {
          "fragments": [
            0
          ],
          "hf_energy": -1692.1025350780615,
          "num_basis_fns": 1508,
          "num_iters": 17,
          "schema_version": "0.2.0"
        }
      ]
    ],
    "num_iters": 17,
    "ri_fock_time": 0.27514936900000003,
    "ri_tflops": 2.0816803974135225,
    "scf_tflops": 33.963986202112984,
    "scf_time": 34.787737506,
    "schema_version": "0.2.0",
    "tflops": 31.807426648393733,
    "total_time": 34.989818,
    "transforms_time": 0.09087440800000002,
    "xc_tflops": 41.94268463894822,
    "xc_time": 26.113806843
  },
  "schema_version": "0.2.0"
}
