{
  "calculation_time": 35.450705822,
  "qmmbe": {
    "b_formation_time": 2.18222012,
    "b_tflops": 6.850681743398095,
    "diag_time": 4.551379719000001,
    "expanded_elec_energy": -5952.391676900951,
    "expanded_hf_energy": -1692.1156020148944,
    "expanded_nuc_repulsion_energy": 4509.331238586913,
    "expanded_xc_energy": -249.05516370085638,
    "homo": -0.16762353447383851,
    "lumo": -0.10364038238975921,
    "method": "RestrictedKSDFT",
    "mp2_tflops": 0.0,
    "mp2_time": 6.9533558049734e-310,
    "n_atoms": 68,
    "nmers": [
      [
        {
          "fragments": [
            0
          ],
          "hf_energy": -1692.1156020148944,
          "num_basis_fns": 1508,
          "num_iters": 17,
          "schema_version": "0.2.0"
        }
      ]
    ],
    "num_iters": 17,
    "ri_fock_time": 0.27587193800000004,
    "ri_tflops": 2.076228020727501,
    "scf_tflops": 33.45636895892158,
    "scf_time": 35.258207261,
    "schema_version": "0.2.0",
    "tflops": 31.410779583098595,
    "total_time": 35.446309,
    "transforms_time": 0.08851068600000003,
    "xc_tflops": 41.08809797120223,
    "xc_time": 26.69818446
  },
  "schema_version": "0.2.0"
}
