{
  "calculation_time": 34.909583799,
  "qmmbe": {
    "b_formation_time": 2.162489934,
    "b_tflops": 6.870564769931549,
    "diag_time": 4.505958701999999,
    "expanded_elec_energy": -5955.588142558116,
    "expanded_hf_energy": -1692.1357917686505,
    "expanded_nuc_repulsion_energy": 4512.525001152359,
    "expanded_xc_energy": -249.07265036289448,
    "homo": -0.17588531359239692,
    "lumo": -0.09205307602403806,
    "method": "RestrictedKSDFT",
    "mp2_tflops": 0.0,
    "mp2_time": 6.9533558049734e-310,
    "n_atoms": 68,
    "nmers": [
      [
        {
          "fragments": [
            0
          ],
          "hf_energy": -1692.1357917686505,
          "num_basis_fns": 1508,
          "num_iters": 17,
          "schema_version": "0.2.0"
        }
      ]
    ],
    "num_iters": 17,
    "ri_fock_time": 0.27413878999999997,
    "ri_tflops": 2.0893542566814425,
    "scf_tflops": 34.08434844066333,
    "scf_time": 34.715772879,
    "schema_version": "0.2.0",
    "tflops": 31.956234290416134,
    "total_time": 34.904948,
    "transforms_time": 0.09381345099999998,
    "xc_tflops": 41.97986148434355,
    "xc_time": 26.182078302
  },
  "schema_version": "0.2.0"
}
