{
  "calculation_time": 24.469705305,
  "qmmbe": {
    "b_formation_time": 1.57342795,
    "b_tflops": 5.861656572774114,
    "diag_time": 3.257147143,
    "expanded_elec_energy": -4870.793223234778,
    "expanded_hf_energy": -1460.9638749229357,
    "expanded_nuc_repulsion_energy": 3624.6636437253146,
    "expanded_xc_energy": -214.83429541347186,
    "homo": -0.16085200393700058,
    "lumo": -0.11080303075342156,
    "method": "RestrictedKSDFT",
    "mp2_tflops": 0.0,
    "mp2_time": 6.9533558049813e-310,
    "n_atoms": 58,
    "nmers": [
      [
        {
          "fragments": [
            0
          ],
          "hf_energy": -1460.9638749229357,
          "num_basis_fns": 1298,
          "num_iters": 18,
          "schema_version": "0.2.0"
        }
      ]
    ],
    "num_iters": 18,
    "ri_fock_time": 0.190433871,
    "ri_tflops": 2.0307478334250737,
    "scf_tflops": 32.665688232841624,
    "scf_time": 24.314779771,
    "schema_version": "0.2.0",
    "tflops": 30.435489275828598,
    "total_time": 24.465754,
    "transforms_time": 0.08857369700000002,
    "xc_tflops": 40.68307212051524,
    "xc_time": 18.052057541
  },
  "schema_version": "0.2.0"
}
