{
  "calculation_time": 37.492569568,
  "qmmbe": {
    "b_formation_time": 2.358582362,
    "b_tflops": 7.666513442203042,
    "diag_time": 5.3631990190000005,
    "expanded_elec_energy": -6407.638776904663,
    "expanded_hf_energy": -1692.1084400185237,
    "expanded_nuc_repulsion_energy": 4964.607561837314,
    "expanded_xc_energy": -249.07722495117463,
    "homo": -0.16619924356141222,
    "lumo": -0.10045592568900455,
    "method": "RestrictedKSDFT",
    "mp2_tflops": 0.0,
    "mp2_time": 6.9533558049639e-310,
    "n_atoms": 68,
    "nmers": [
      [
        {
          "fragments": [
            0
          ],
          "hf_energy": -1692.1084400185237,
          "num_basis_fns": 1508,
          "num_iters": 18,
          "schema_version": "0.2.0"
        }
      ]
    ],
    "num_iters": 18,
    "ri_fock_time": 0.28802612899999996,
    "ri_tflops": 2.1055922326824734,
    "scf_tflops": 33.14459541429566,
    "scf_time": 37.267543212,
    "schema_version": "0.2.0",
    "tflops": 31.109567503277344,
    "total_time": 37.487995,
    "transforms_time": 0.095064751,
    "xc_tflops": 41.50568239687314,
    "xc_time": 27.625469909
  },
  "schema_version": "0.2.0"
}
