{
  "calculation_time": 24.146870387,
  "qmmbe": {
    "b_formation_time": 1.766474058,
    "b_tflops": 5.810050599201044,
    "diag_time": 3.572339684,
    "expanded_elec_energy": -5107.914675858847,
    "expanded_hf_energy": -1538.4345400847137,
    "expanded_nuc_repulsion_energy": 3795.9655071349684,
    "expanded_xc_energy": -226.48537136083544,
    "homo": -0.1743419591118829,
    "lumo": -0.09713876017866603,
    "method": "RestrictedKSDFT",
    "mp2_tflops": 0.0,
    "mp2_time": 6.9533558049734e-310,
    "n_atoms": 62,
    "nmers": [
      [
        {
          "fragments": [
            0
          ],
          "hf_energy": -1538.4345400847137,
          "num_basis_fns": 1372,
          "num_iters": 15,
          "schema_version": "0.2.0"
        }
      ]
    ],
    "num_iters": 15,
    "ri_fock_time": 0.18467067299999998,
    "ri_tflops": 2.061063831180168,
    "scf_tflops": 33.58548679505549,
    "scf_time": 23.989695768,
    "schema_version": "0.2.0",
    "tflops": 31.061764373146925,
    "total_time": 24.142819,
    "transforms_time": 0.07561799599999999,
    "xc_tflops": 42.794052302877525,
    "xc_time": 17.261538866999995
  },
  "schema_version": "0.2.0"
}
