{
  "calculation_time": 35.060893664,
  "qmmbe": {
    "b_formation_time": 2.098583718,
    "b_tflops": 6.429901963312573,
    "diag_time": 4.529112568,
    "expanded_elec_energy": -5729.329097634358,
    "expanded_hf_energy": -1692.1375644546697,
    "expanded_nuc_repulsion_energy": 4286.241004322149,
    "expanded_xc_energy": -249.0494711424609,
    "homo": -0.16769864303144857,
    "lumo": -0.10509338325394102,
    "method": "RestrictedKSDFT",
    "mp2_tflops": 0.0,
    "mp2_time": 6.953355804986e-310,
    "n_atoms": 68,
    "nmers": [
      [
        {
          "fragments": [
            0
          ],
          "hf_energy": -1692.1375644546697,
          "num_basis_fns": 1508,
          "num_iters": 17,
          "schema_version": "0.2.0"
        }
      ]
    ],
    "num_iters": 17,
    "ri_fock_time": 0.274623317,
    "ri_tflops": 2.0856679398712528,
    "scf_tflops": 33.875687374474715,
    "scf_time": 34.883805404,
    "schema_version": "0.2.0",
    "tflops": 31.85617891172174,
    "total_time": 35.05642,
    "transforms_time": 0.09063086900000002,
    "xc_tflops": 41.633914066428886,
    "xc_time": 26.464085382000007
  },
  "schema_version": "0.2.0"
}
