{
  "calculation_time": 26.400603188,
  "qmmbe": {
    "b_formation_time": 1.801398253,
    "b_tflops": 6.169628600697883,
    "diag_time": 3.549139528,
    "expanded_elec_energy": -5253.799982226338,
    "expanded_hf_energy": -1538.4077109390125,
    "expanded_nuc_repulsion_energy": 3941.870879418613,
    "expanded_xc_energy": -226.47860813128753,
    "homo": -0.17119080277945234,
    "lumo": -0.09863800013959827,
    "method": "RestrictedKSDFT",
    "mp2_tflops": 0.0,
    "mp2_time": 6.9533558049734e-310,
    "n_atoms": 62,
    "nmers": [
      [
        {
          "fragments": [
            0
          ],
          "hf_energy": -1538.4077109390125,
          "num_basis_fns": 1372,
          "num_iters": 17,
          "schema_version": "0.2.0"
        }
      ]
    ],
    "num_iters": 17,
    "ri_fock_time": 0.20861473199999997,
    "ri_tflops": 2.0677691997322607,
    "scf_tflops": 34.229246385942794,
    "scf_time": 26.231970992,
    "schema_version": "0.2.0",
    "tflops": 31.827415427404354,
    "total_time": 26.39655,
    "transforms_time": 0.08510693199999998,
    "xc_tflops": 42.699111917276525,
    "xc_time": 19.389732662999997
  },
  "schema_version": "0.2.0"
}
