{
  "calculation_time": 34.915875398,
  "qmmbe": {
    "b_formation_time": 2.202339005,
    "b_tflops": 6.966414248538454,
    "diag_time": 4.486290517,
    "expanded_elec_energy": -6030.3263307601,
    "expanded_hf_energy": -1692.1287056439446,
    "expanded_nuc_repulsion_energy": 4587.2564447386885,
    "expanded_xc_energy": -249.0588196225331,
    "homo": -0.16882338404250846,
    "lumo": -0.10217205380634269,
    "method": "RestrictedKSDFT",
    "mp2_tflops": 0.0,
    "mp2_time": 6.9533558049623e-310,
    "n_atoms": 68,
    "nmers": [
      [
        {
          "fragments": [
            0
          ],
          "hf_energy": -1692.1287056439446,
          "num_basis_fns": 1508,
          "num_iters": 17,
          "schema_version": "0.2.0"
        }
      ]
    ],
    "num_iters": 17,
    "ri_fock_time": 0.274977793,
    "ri_tflops": 2.0829792891966368,
    "scf_tflops": 34.0887911230987,
    "scf_time": 34.715609501,
    "schema_version": "0.2.0",
    "tflops": 31.920948296167854,
    "total_time": 34.910884,
    "transforms_time": 0.09620376200000001,
    "xc_tflops": 41.938774830695415,
    "xc_time": 26.171111048
  },
  "schema_version": "0.2.0"
}
