{
  "calculation_time": 34.893508596,
  "qmmbe": {
    "b_formation_time": 2.23835909,
    "b_tflops": 6.921327402337398,
    "diag_time": 4.540008080999999,
    "expanded_elec_energy": -6041.905001628798,
    "expanded_hf_energy": -1692.1236897392089,
    "expanded_nuc_repulsion_energy": 4598.848415256063,
    "expanded_xc_energy": -249.0671033664738,
    "homo": -0.1760092251571614,
    "lumo": -0.0921213048747934,
    "method": "RestrictedKSDFT",
    "mp2_tflops": 0.0,
    "mp2_time": 6.9533558049639e-310,
    "n_atoms": 68,
    "nmers": [
      [
        {
          "fragments": [
            0
          ],
          "hf_energy": -1692.1236897392089,
          "num_basis_fns": 1508,
          "num_iters": 17,
          "schema_version": "0.2.0"
        }
      ]
    ],
    "num_iters": 17,
    "ri_fock_time": 0.27399944800000003,
    "ri_tflops": 2.090416794591498,
    "scf_tflops": 34.10103279497674,
    "scf_time": 34.697009957,
    "schema_version": "0.2.0",
    "tflops": 31.929865298075043,
    "total_time": 34.88904,
    "transforms_time": 0.09007973900000002,
    "xc_tflops": 42.020135457846585,
    "xc_time": 26.107888277999997
  },
  "schema_version": "0.2.0"
}
