{
  "calculation_time": 34.871536835,
  "qmmbe": {
    "b_formation_time": 2.287139355,
    "b_tflops": 7.413482695614759,
    "diag_time": 4.510820822,
    "expanded_elec_energy": -6254.140842284867,
    "expanded_hf_energy": -1692.1171216807493,
    "expanded_nuc_repulsion_energy": 4811.102112430575,
    "expanded_xc_energy": -249.07839182645733,
    "homo": -0.17755596900392298,
    "lumo": -0.0910738886049782,
    "method": "RestrictedKSDFT",
    "mp2_tflops": 0.0,
    "mp2_time": 6.9533558049639e-310,
    "n_atoms": 68,
    "nmers": [
      [
        {
          "fragments": [
            0
          ],
          "hf_energy": -1692.1171216807493,
          "num_basis_fns": 1508,
          "num_iters": 17,
          "schema_version": "0.2.0"
        }
      ]
    ],
    "num_iters": 17,
    "ri_fock_time": 0.272006694,
    "ri_tflops": 2.105731441329896,
    "scf_tflops": 34.10190630246126,
    "scf_time": 34.641858055,
    "schema_version": "0.2.0",
    "tflops": 31.855913914418302,
    "total_time": 34.867111,
    "transforms_time": 0.09484748499999998,
    "xc_tflops": 42.133608992928885,
    "xc_time": 25.924563615
  },
  "schema_version": "0.2.0"
}
