{
  "calculation_time": 30.486173246,
  "qmmbe": {
    "b_formation_time": 2.024764714,
    "b_tflops": 6.688101892386101,
    "diag_time": 3.8753860710000008,
    "expanded_elec_energy": -5722.725964374401,
    "expanded_hf_energy": -1614.6791276706247,
    "expanded_nuc_repulsion_energy": 4345.466890744862,
    "expanded_xc_energy": -237.42005404108588,
    "homo": -0.16912409975716253,
    "lumo": -0.10134557085666566,
    "method": "RestrictedKSDFT",
    "mp2_tflops": 0.0,
    "mp2_time": 6.9533558049734e-310,
    "n_atoms": 64,
    "nmers": [
      [
        {
          "fragments": [
            0
          ],
          "hf_energy": -1614.6791276706247,
          "num_basis_fns": 1434,
          "num_iters": 17,
          "schema_version": "0.2.0"
        }
      ]
    ],
    "num_iters": 17,
    "ri_fock_time": 0.23580079100000004,
    "ri_tflops": 2.0885809351504676,
    "scf_tflops": 33.354800517013416,
    "scf_time": 30.296244727,
    "schema_version": "0.2.0",
    "tflops": 31.091068359695207,
    "total_time": 30.4818,
    "transforms_time": 0.08764293100000002,
    "xc_tflops": 41.076007884192684,
    "xc_time": 22.711812377999998
  },
  "schema_version": "0.2.0"
}
