{
  "calculation_time": 30.375454284,
  "qmmbe": {
    "b_formation_time": 1.949527827,
    "b_tflops": 6.4707311484751635,
    "diag_time": 3.870360476,
    "expanded_elec_energy": -5567.3368213522535,
    "expanded_hf_energy": -1614.6986098302548,
    "expanded_nuc_repulsion_energy": 4190.061047026091,
    "expanded_xc_energy": -237.4228355040921,
    "homo": -0.17808381886592517,
    "lumo": -0.09299419793941775,
    "method": "RestrictedKSDFT",
    "mp2_tflops": 0.0,
    "mp2_time": 6.9533558049734e-310,
    "n_atoms": 64,
    "nmers": [
      [
        {
          "fragments": [
            0
          ],
          "hf_energy": -1614.6986098302548,
          "num_basis_fns": 1434,
          "num_iters": 17,
          "schema_version": "0.2.0"
        }
      ]
    ],
    "num_iters": 17,
    "ri_fock_time": 0.23715262700000003,
    "ri_tflops": 2.076675442334442,
    "scf_tflops": 33.5173978653119,
    "scf_time": 30.196451061,
    "schema_version": "0.2.0",
    "tflops": 31.322992149492627,
    "total_time": 30.371293,
    "transforms_time": 0.086013256,
    "xc_tflops": 41.22823442372352,
    "xc_time": 22.737961981999998
  },
  "schema_version": "0.2.0"
}
