{
  "calculation_time": 36.990900513,
  "qmmbe": {
    "b_formation_time": 2.15763964,
    "b_tflops": 6.525068696479825,
    "diag_time": 4.810990383,
    "expanded_elec_energy": -5808.701751825587,
    "expanded_hf_energy": -1692.1354883549932,
    "expanded_nuc_repulsion_energy": 4365.621491544289,
    "expanded_xc_energy": -249.055228073695,
    "homo": -0.16069754084400664,
    "lumo": -0.11079319314283333,
    "method": "RestrictedKSDFT",
    "mp2_tflops": 0.0,
    "mp2_time": 6.953355804986e-310,
    "n_atoms": 68,
    "nmers": [
      [
        {
          "fragments": [
            0
          ],
          "hf_energy": -1692.1354883549932,
          "num_basis_fns": 1508,
          "num_iters": 18,
          "schema_version": "0.2.0"
        }
      ]
    ],
    "num_iters": 18,
    "ri_fock_time": 0.291406331,
    "ri_tflops": 2.081168168003872,
    "scf_tflops": 33.849681212782095,
    "scf_time": 36.79306601,
    "schema_version": "0.2.0",
    "tflops": 31.857909726625174,
    "total_time": 36.986274,
    "transforms_time": 0.09332947800000002,
    "xc_tflops": 41.62684806852699,
    "xc_time": 27.931069716999996
  },
  "schema_version": "0.2.0"
}
