{
  "calculation_time": 36.843380258,
  "qmmbe": {
    "b_formation_time": 2.331431753,
    "b_tflops": 7.923540859706221,
    "diag_time": 4.786691338000001,
    "expanded_elec_energy": -6451.728015939591,
    "expanded_hf_energy": -1692.1063735852586,
    "expanded_nuc_repulsion_energy": 5008.698519742935,
    "expanded_xc_energy": -249.07687738860193,
    "homo": -0.17195451615552318,
    "lumo": -0.09252948145704581,
    "method": "RestrictedKSDFT",
    "mp2_tflops": 0.0,
    "mp2_time": 6.9533558049639e-310,
    "n_atoms": 68,
    "nmers": [
      [
        {
          "fragments": [
            0
          ],
          "hf_energy": -1692.1063735852586,
          "num_basis_fns": 1508,
          "num_iters": 18,
          "schema_version": "0.2.0"
        }
      ]
    ],
    "num_iters": 18,
    "ri_fock_time": 0.291211431,
    "ri_tflops": 2.082561038038373,
    "scf_tflops": 33.74223626129292,
    "scf_time": 36.612120247,
    "schema_version": "0.2.0",
    "tflops": 31.64898162073206,
    "total_time": 36.838918,
    "transforms_time": 0.09572718899999999,
    "xc_tflops": 41.57935325271062,
    "xc_time": 27.559063643999995
  },
  "schema_version": "0.2.0"
}
