{
  "calculation_time": 39.420122448,
  "qmmbe": {
    "b_formation_time": 4.237689667,
    "b_tflops": 3.4192202904375635,
    "diag_time": 4.990910813,
    "expanded_elec_energy": -5901.939953442034,
    "expanded_hf_energy": -1692.1462413963873,
    "expanded_nuc_repulsion_energy": 4458.855367415271,
    "expanded_xc_energy": -249.06165536962465,
    "homo": -0.16920099536214006,
    "lumo": -0.10198945983815838,
    "method": "RestrictedKSDFT",
    "mp2_tflops": 0.0,
    "mp2_time": 6.953355804986e-310,
    "n_atoms": 68,
    "nmers": [
      [
        {
          "fragments": [
            0
          ],
          "hf_energy": -1692.1462413963873,
          "num_basis_fns": 1508,
          "num_iters": 17,
          "schema_version": "0.2.0"
        }
      ]
    ],
    "num_iters": 17,
    "ri_fock_time": 0.30994470099999993,
    "ri_tflops": 1.8479846435832439,
    "scf_tflops": 33.418686581466524,
    "scf_time": 37.452121184,
    "schema_version": "0.2.0",
    "tflops": 29.078695278418962,
    "total_time": 37.829318,
    "transforms_time": 0.2680955410000001,
    "xc_tflops": 42.040943602178736,
    "xc_time": 26.148320092
  },
  "schema_version": "0.2.0"
}
