{
  "calculation_time": 30.438977696,
  "qmmbe": {
    "b_formation_time": 2.053360392,
    "b_tflops": 7.233465837319025,
    "diag_time": 3.9086755070000008,
    "expanded_elec_energy": -5916.230687059047,
    "expanded_hf_energy": -1614.6694403215924,
    "expanded_nuc_repulsion_energy": 4538.991574747016,
    "expanded_xc_energy": -237.43032800956095,
    "homo": -0.16272757987795924,
    "lumo": -0.10429274938045657,
    "method": "RestrictedKSDFT",
    "mp2_tflops": 0.0,
    "mp2_time": 6.9533558049734e-310,
    "n_atoms": 64,
    "nmers": [
      [
        {
          "fragments": [
            0
          ],
          "hf_energy": -1614.6694403215924,
          "num_basis_fns": 1434,
          "num_iters": 17,
          "schema_version": "0.2.0"
        }
      ]
    ],
    "num_iters": 17,
    "ri_fock_time": 0.23661535399999994,
    "ri_tflops": 2.0813908660213154,
    "scf_tflops": 33.307978753506156,
    "scf_time": 30.217106729,
    "schema_version": "0.2.0",
    "tflops": 31.04553859256903,
    "total_time": 30.434849,
    "transforms_time": 0.08573905299999998,
    "xc_tflops": 41.12150409451881,
    "xc_time": 22.585585286000004
  },
  "schema_version": "0.2.0"
}
