{
  "calculation_time": 26.48178879,
  "qmmbe": {
    "b_formation_time": 1.768896322,
    "b_tflops": 6.017997414523427,
    "diag_time": 3.471765513,
    "expanded_elec_energy": -5174.343565166935,
    "expanded_hf_energy": -1538.4061384432791,
    "expanded_nuc_repulsion_energy": 3862.4127652301304,
    "expanded_xc_energy": -226.47533850647437,
    "homo": -0.15977451855886418,
    "lumo": -0.11205090557058531,
    "method": "RestrictedKSDFT",
    "mp2_tflops": 0.0,
    "mp2_time": 6.9533558049734e-310,
    "n_atoms": 62,
    "nmers": [
      [
        {
          "fragments": [
            0
          ],
          "hf_energy": -1538.4061384432791,
          "num_basis_fns": 1372,
          "num_iters": 17,
          "schema_version": "0.2.0"
        }
      ]
    ],
    "num_iters": 17,
    "ri_fock_time": 0.208586463,
    "ri_tflops": 2.0680494373213474,
    "scf_tflops": 34.18141477522836,
    "scf_time": 26.318696472,
    "schema_version": "0.2.0",
    "tflops": 31.79542440447324,
    "total_time": 26.477677,
    "transforms_time": 0.09041005399999999,
    "xc_tflops": 42.478442148609325,
    "xc_time": 19.542396779000004
  },
  "schema_version": "0.2.0"
}
