{
  "calculation_time": 35.057053541,
  "qmmbe": {
    "b_formation_time": 2.118714747,
    "b_tflops": 6.540821725808283,
    "diag_time": 4.582610997999999,
    "expanded_elec_energy": -5773.757216605962,
    "expanded_hf_energy": -1692.1388259687308,
    "expanded_nuc_repulsion_energy": 4330.679264747094,
    "expanded_xc_energy": -249.06087410986294,
    "homo": -0.1680715594935349,
    "lumo": -0.10430877395813465,
    "method": "RestrictedKSDFT",
    "mp2_tflops": 0.0,
    "mp2_time": 6.9533558049639e-310,
    "n_atoms": 68,
    "nmers": [
      [
        {
          "fragments": [
            0
          ],
          "hf_energy": -1692.1388259687308,
          "num_basis_fns": 1508,
          "num_iters": 17,
          "schema_version": "0.2.0"
        }
      ]
    ],
    "num_iters": 17,
    "ri_fock_time": 0.27504279000000004,
    "ri_tflops": 2.08248704795352,
    "scf_tflops": 33.89391741355079,
    "scf_time": 34.875418048,
    "schema_version": "0.2.0",
    "tflops": 31.857176601799072,
    "total_time": 35.052524,
    "transforms_time": 0.090400684,
    "xc_tflops": 41.78584190642719,
    "xc_time": 26.357213194000007
  },
  "schema_version": "0.2.0"
}
