{
  "calculation_time": 30.56045344,
  "qmmbe": {
    "b_formation_time": 1.94123762,
    "b_tflops": 6.507502593684538,
    "diag_time": 3.8945892939999998,
    "expanded_elec_energy": -5577.638362955035,
    "expanded_hf_energy": -1614.6946977412456,
    "expanded_nuc_repulsion_energy": 4200.359189347329,
    "expanded_xc_energy": -237.41552413354037,
    "homo": -0.1667770768557816,
    "lumo": -0.10161031143486955,
    "method": "RestrictedKSDFT",
    "mp2_tflops": 0.0,
    "mp2_time": 6.9533558049734e-310,
    "n_atoms": 64,
    "nmers": [
      [
        {
          "fragments": [
            0
          ],
          "hf_energy": -1614.6946977412456,
          "num_basis_fns": 1434,
          "num_iters": 17,
          "schema_version": "0.2.0"
        }
      ]
    ],
    "num_iters": 17,
    "ri_fock_time": 0.24440976800000003,
    "ri_tflops": 2.0150137230849134,
    "scf_tflops": 33.248731237595884,
    "scf_time": 30.38126454,
    "schema_version": "0.2.0",
    "tflops": 31.127144433704075,
    "total_time": 30.556097,
    "transforms_time": 0.08493035199999999,
    "xc_tflops": 40.85167922884875,
    "xc_time": 22.942212223
  },
  "schema_version": "0.2.0"
}
