{
  "calculation_time": 19.381429322,
  "qmmbe": {
    "b_formation_time": 1.433241026,
    "b_tflops": 5.201516359752878,
    "diag_time": 2.446408553,
    "expanded_elec_energy": -4454.120930211302,
    "expanded_hf_energy": -1384.7005423458756,
    "expanded_nuc_repulsion_energy": 3273.3261460749213,
    "expanded_xc_energy": -203.905758209495,
    "homo": -0.16901561760424272,
    "lumo": -0.10108360014794941,
    "method": "RestrictedKSDFT",
    "mp2_tflops": 0.0,
    "mp2_time": 6.9533558049813e-310,
    "n_atoms": 56,
    "nmers": [
      [
        {
          "fragments": [
            0
          ],
          "hf_energy": -1384.7005423458756,
          "num_basis_fns": 1236,
          "num_iters": 15,
          "schema_version": "0.2.0"
        }
      ]
    ],
    "num_iters": 15,
    "ri_fock_time": 0.132811568,
    "ri_tflops": 2.095337835029551,
    "scf_tflops": 30.75624368076018,
    "scf_time": 19.24093501,
    "schema_version": "0.2.0",
    "tflops": 28.3679202808655,
    "total_time": 19.377672,
    "transforms_time": 0.06776375700000001,
    "xc_tflops": 37.98607660307173,
    "xc_time": 14.256586300000002
  },
  "schema_version": "0.2.0"
}
