{
  "calculation_time": 30.236441174,
  "qmmbe": {
    "b_formation_time": 2.032534203,
    "b_tflops": 7.167617543496758,
    "diag_time": 3.884536278,
    "expanded_elec_energy": -5873.8215917288235,
    "expanded_hf_energy": -1614.6681920180413,
    "expanded_nuc_repulsion_energy": 4496.586532628722,
    "expanded_xc_energy": -237.4331329179399,
    "homo": -0.17596556915070122,
    "lumo": -0.09177209565818369,
    "method": "RestrictedKSDFT",
    "mp2_tflops": 0.0,
    "mp2_time": 6.9533558049734e-310,
    "n_atoms": 64,
    "nmers": [
      [
        {
          "fragments": [
            0
          ],
          "hf_energy": -1614.6681920180413,
          "num_basis_fns": 1434,
          "num_iters": 17,
          "schema_version": "0.2.0"
        }
      ]
    ],
    "num_iters": 17,
    "ri_fock_time": 0.23624158299999998,
    "ri_tflops": 2.0846839507336017,
    "scf_tflops": 33.56567748207292,
    "scf_time": 30.020719408,
    "schema_version": "0.2.0",
    "tflops": 31.27843924663359,
    "total_time": 30.232084,
    "transforms_time": 0.08812880199999996,
    "xc_tflops": 41.388472182491874,
    "xc_time": 22.465054548999998
  },
  "schema_version": "0.2.0"
}
