{
  "calculation_time": 29.985816933,
  "qmmbe": {
    "b_formation_time": 1.960318465,
    "b_tflops": 6.27895558736983,
    "diag_time": 3.896010927,
    "expanded_elec_energy": -5506.234124904518,
    "expanded_hf_energy": -1614.6868336164448,
    "expanded_nuc_repulsion_energy": 4128.963901000422,
    "expanded_xc_energy": -237.4166097123492,
    "homo": -0.16952767148771772,
    "lumo": -0.10179880759984435,
    "method": "RestrictedKSDFT",
    "mp2_tflops": 0.0,
    "mp2_time": 6.9533558049734e-310,
    "n_atoms": 64,
    "nmers": [
      [
        {
          "fragments": [
            0
          ],
          "hf_energy": -1614.6868336164448,
          "num_basis_fns": 1434,
          "num_iters": 17,
          "schema_version": "0.2.0"
        }
      ]
    ],
    "num_iters": 17,
    "ri_fock_time": 0.237273458,
    "ri_tflops": 2.075617899815832,
    "scf_tflops": 33.992698060572764,
    "scf_time": 29.797969427,
    "schema_version": "0.2.0",
    "tflops": 31.717221218113853,
    "total_time": 29.981516,
    "transforms_time": 0.08764885400000001,
    "xc_tflops": 42.07001209501904,
    "xc_time": 22.281280588
  },
  "schema_version": "0.2.0"
}
