{
  "calculation_time": 25.35901344,
  "qmmbe": {
    "b_formation_time": 1.744271053,
    "b_tflops": 6.377994354756972,
    "diag_time": 3.416340139,
    "expanded_elec_energy": -5285.521743953988,
    "expanded_hf_energy": -1537.2311497474338,
    "expanded_nuc_repulsion_energy": 3974.0629674454794,
    "expanded_xc_energy": -225.77237323892504,
    "homo": -0.166735605213009,
    "lumo": -0.1037002506554519,
    "method": "RestrictedKSDFT",
    "mp2_tflops": 0.0,
    "mp2_time": 6.9533558049813e-310,
    "n_atoms": 60,
    "nmers": [
      [
        {
          "fragments": [
            0
          ],
          "hf_energy": -1537.2311497474338,
          "num_basis_fns": 1360,
          "num_iters": 17,
          "schema_version": "0.2.0"
        }
      ]
    ],
    "num_iters": 17,
    "ri_fock_time": 0.193006236,
    "ri_tflops": 2.176515954645113,
    "scf_tflops": 34.08307326162594,
    "scf_time": 25.186482845,
    "schema_version": "0.2.0",
    "tflops": 31.66237371032279,
    "total_time": 25.35479,
    "transforms_time": 0.08497653700000003,
    "xc_tflops": 42.56609400995108,
    "xc_time": 18.573495199
  },
  "schema_version": "0.2.0"
}
