{
  "calculation_time": 23.662324635,
  "qmmbe": {
    "b_formation_time": 1.650092942,
    "b_tflops": 6.312439292816514,
    "diag_time": 3.0627637460000003,
    "expanded_elec_energy": -5098.5362774159275,
    "expanded_hf_energy": -1460.953970216681,
    "expanded_nuc_repulsion_energy": 3852.432534075647,
    "expanded_xc_energy": -214.85022687640026,
    "homo": -0.17208783402448113,
    "lumo": -0.09601387881558104,
    "method": "RestrictedKSDFT",
    "mp2_tflops": 0.0,
    "mp2_time": 6.9533558049813e-310,
    "n_atoms": 58,
    "nmers": [
      [
        {
          "fragments": [
            0
          ],
          "hf_energy": -1460.953970216681,
          "num_basis_fns": 1298,
          "num_iters": 17,
          "schema_version": "0.2.0"
        }
      ]
    ],
    "num_iters": 17,
    "ri_fock_time": 0.18024216399999998,
    "ri_tflops": 2.026376860055897,
    "scf_tflops": 32.031252386715,
    "scf_time": 23.489050384,
    "schema_version": "0.2.0",
    "tflops": 29.69973913868973,
    "total_time": 23.658327,
    "transforms_time": 0.08175334100000002,
    "xc_tflops": 39.71154094061069,
    "xc_time": 17.408148229000002
  },
  "schema_version": "0.2.0"
}
