{
  "calculation_time": 34.854203846,
  "qmmbe": {
    "b_formation_time": 2.214674202,
    "b_tflops": 7.022815757363484,
    "diag_time": 4.495934619,
    "expanded_elec_energy": -6053.716312091235,
    "expanded_hf_energy": -1692.1231201990552,
    "expanded_nuc_repulsion_energy": 4610.656345354561,
    "expanded_xc_energy": -249.063153462382,
    "homo": -0.15942399235301327,
    "lumo": -0.11010650732906896,
    "method": "RestrictedKSDFT",
    "mp2_tflops": 0.0,
    "mp2_time": 6.9533558049544e-310,
    "n_atoms": 68,
    "nmers": [
      [
        {
          "fragments": [
            0
          ],
          "hf_energy": -1692.1231201990552,
          "num_basis_fns": 1508,
          "num_iters": 17,
          "schema_version": "0.2.0"
        }
      ]
    ],
    "num_iters": 17,
    "ri_fock_time": 0.27377637199999993,
    "ri_tflops": 2.0921200891945495,
    "scf_tflops": 34.14703976512706,
    "scf_time": 34.63740776,
    "schema_version": "0.2.0",
    "tflops": 31.965021515647674,
    "total_time": 34.849569,
    "transforms_time": 0.09483893799999998,
    "xc_tflops": 42.05866433811649,
    "xc_time": 26.081308862
  },
  "schema_version": "0.2.0"
}
