{
  "calculation_time": 34.870369109,
  "qmmbe": {
    "b_formation_time": 2.195478916,
    "b_tflops": 6.732858897569117,
    "diag_time": 4.534379416,
    "expanded_elec_energy": -5921.343675572137,
    "expanded_hf_energy": -1692.1229250718707,
    "expanded_nuc_repulsion_energy": 4478.284387473554,
    "expanded_xc_energy": -249.0636369732874,
    "homo": -0.17145060051983027,
    "lumo": -0.09533847852404134,
    "method": "RestrictedKSDFT",
    "mp2_tflops": 0.0,
    "mp2_time": 6.9533558049544e-310,
    "n_atoms": 68,
    "nmers": [
      [
        {
          "fragments": [
            0
          ],
          "hf_energy": -1692.1229250718707,
          "num_basis_fns": 1508,
          "num_iters": 17,
          "schema_version": "0.2.0"
        }
      ]
    ],
    "num_iters": 17,
    "ri_fock_time": 0.275006282,
    "ri_tflops": 2.0827635050460414,
    "scf_tflops": 34.11885338621425,
    "scf_time": 34.682162619,
    "schema_version": "0.2.0",
    "tflops": 31.977779247812727,
    "total_time": 34.865781,
    "transforms_time": 0.08845260199999996,
    "xc_tflops": 42.01836082087076,
    "xc_time": 26.147844278000004
  },
  "schema_version": "0.2.0"
}
