{
  "calculation_time": 27.94030383,
  "qmmbe": {
    "b_formation_time": 1.74240797,
    "b_tflops": 6.292859482820203,
    "diag_time": 3.65204332,
    "expanded_elec_energy": -5235.347220741207,
    "expanded_hf_energy": -1538.3915539273837,
    "expanded_nuc_repulsion_energy": 3923.432324759792,
    "expanded_xc_energy": -226.47665794596898,
    "homo": -0.15751551785185863,
    "lumo": -0.11005866548724509,
    "method": "RestrictedKSDFT",
    "mp2_tflops": 0.0,
    "mp2_time": 6.9533558049734e-310,
    "n_atoms": 62,
    "nmers": [
      [
        {
          "fragments": [
            0
          ],
          "hf_energy": -1538.3915539273837,
          "num_basis_fns": 1372,
          "num_iters": 18,
          "schema_version": "0.2.0"
        }
      ]
    ],
    "num_iters": 18,
    "ri_fock_time": 0.22948680199999996,
    "ri_tflops": 1.9902741673135524,
    "scf_tflops": 33.98901037430682,
    "scf_time": 27.758422391,
    "schema_version": "0.2.0",
    "tflops": 31.771946935476503,
    "total_time": 27.936065,
    "transforms_time": 0.09369925099999998,
    "xc_tflops": 42.07756042396667,
    "xc_time": 20.805483276
  },
  "schema_version": "0.2.0"
}
