{
  "calculation_time": 33.331433209,
  "qmmbe": {
    "b_formation_time": 2.209015318,
    "b_tflops": 7.299744362163811,
    "diag_time": 4.302919581,
    "expanded_elec_energy": -6133.34063550173,
    "expanded_hf_energy": -1692.1392940346675,
    "expanded_nuc_repulsion_energy": 4690.2812984899665,
    "expanded_xc_energy": -249.07995702290438,
    "homo": -0.18001656005641617,
    "lumo": -0.09215679763961174,
    "method": "RestrictedKSDFT",
    "mp2_tflops": 0.0,
    "mp2_time": 6.9533558049639e-310,
    "n_atoms": 68,
    "nmers": [
      [
        {
          "fragments": [
            0
          ],
          "hf_energy": -1692.1392940346675,
          "num_basis_fns": 1508,
          "num_iters": 16,
          "schema_version": "0.2.0"
        }
      ]
    ],
    "num_iters": 16,
    "ri_fock_time": 0.25754679999999996,
    "ri_tflops": 2.093136142961202,
    "scf_tflops": 33.819242533194256,
    "scf_time": 33.124775025,
    "schema_version": "0.2.0",
    "tflops": 31.602586067096258,
    "total_time": 33.326949,
    "transforms_time": 0.08692559200000001,
    "xc_tflops": 41.664050902131436,
    "xc_time": 24.858532645
  },
  "schema_version": "0.2.0"
}
