{
  "calculation_time": 34.996871198,
  "qmmbe": {
    "b_formation_time": 2.141312594,
    "b_tflops": 6.871867167582726,
    "diag_time": 4.536432176000001,
    "expanded_elec_energy": -5915.459899298197,
    "expanded_hf_energy": -1692.1301447385492,
    "expanded_nuc_repulsion_energy": 4472.396585293142,
    "expanded_xc_energy": -249.06683073349421,
    "homo": -0.17583689084004223,
    "lumo": -0.09371805932262406,
    "method": "RestrictedKSDFT",
    "mp2_tflops": 0.0,
    "mp2_time": 6.953355804986e-310,
    "n_atoms": 68,
    "nmers": [
      [
        {
          "fragments": [
            0
          ],
          "hf_energy": -1692.1301447385492,
          "num_basis_fns": 1508,
          "num_iters": 17,
          "schema_version": "0.2.0"
        }
      ]
    ],
    "num_iters": 17,
    "ri_fock_time": 0.275301284,
    "ri_tflops": 2.080531697803487,
    "scf_tflops": 33.94007348995161,
    "scf_time": 34.809771679,
    "schema_version": "0.2.0",
    "tflops": 31.870825225820827,
    "total_time": 34.992207,
    "transforms_time": 0.08997115699999998,
    "xc_tflops": 41.798093061070134,
    "xc_time": 26.294309075999998
  },
  "schema_version": "0.2.0"
}
