{
  "calculation_time": 34.727118177,
  "qmmbe": {
    "b_formation_time": 2.123434745,
    "b_tflops": 6.736512316688121,
    "diag_time": 4.52772152,
    "expanded_elec_energy": -5874.912719357072,
    "expanded_hf_energy": -1692.148631539193,
    "expanded_nuc_repulsion_energy": 4431.829370326697,
    "expanded_xc_energy": -249.06528250881829,
    "homo": -0.17845848350290422,
    "lumo": -0.09178944955370187,
    "method": "RestrictedKSDFT",
    "mp2_tflops": 0.0,
    "mp2_time": 6.9533558049639e-310,
    "n_atoms": 68,
    "nmers": [
      [
        {
          "fragments": [
            0
          ],
          "hf_energy": -1692.148631539193,
          "num_basis_fns": 1508,
          "num_iters": 17,
          "schema_version": "0.2.0"
        }
      ]
    ],
    "num_iters": 17,
    "ri_fock_time": 0.27178889,
    "ri_tflops": 2.1074189154972447,
    "scf_tflops": 34.27046749486992,
    "scf_time": 34.541206423,
    "schema_version": "0.2.0",
    "tflops": 32.17231957074133,
    "total_time": 34.722517,
    "transforms_time": 0.09123688499999998,
    "xc_tflops": 42.27874186511665,
    "xc_time": 26.049451253999997
  },
  "schema_version": "0.2.0"
}
