{
  "calculation_time": 31.563215715,
  "qmmbe": {
    "b_formation_time": 1.921859959,
    "b_tflops": 6.49286199788712,
    "diag_time": 4.14574407,
    "expanded_elec_energy": -5546.95348760063,
    "expanded_hf_energy": -1614.6935417795016,
    "expanded_nuc_repulsion_energy": 4169.6750936808985,
    "expanded_xc_energy": -237.41514785977017,
    "homo": -0.1662181518869691,
    "lumo": -0.1051653625530477,
    "method": "RestrictedKSDFT",
    "mp2_tflops": 0.0,
    "mp2_time": 6.9533558049734e-310,
    "n_atoms": 64,
    "nmers": [
      [
        {
          "fragments": [
            0
          ],
          "hf_energy": -1614.6935417795016,
          "num_basis_fns": 1434,
          "num_iters": 18,
          "schema_version": "0.2.0"
        }
      ]
    ],
    "num_iters": 18,
    "ri_fock_time": 0.250507207,
    "ri_tflops": 2.081612685514473,
    "scf_tflops": 33.87660595844994,
    "scf_time": 31.385025533,
    "schema_version": "0.2.0",
    "tflops": 31.78588508457952,
    "total_time": 31.559032,
    "transforms_time": 0.08949196899999999,
    "xc_tflops": 41.917633325732595,
    "xc_time": 23.601448928999996
  },
  "schema_version": "0.2.0"
}
