{
  "calculation_time": 29.998892535,
  "qmmbe": {
    "b_formation_time": 2.003998885,
    "b_tflops": 6.636913388200812,
    "diag_time": 3.8392915590000003,
    "expanded_elec_energy": -5683.561043596558,
    "expanded_hf_energy": -1614.6871002283108,
    "expanded_nuc_repulsion_energy": 4306.2986363741375,
    "expanded_xc_energy": -237.42469300589008,
    "homo": -0.16704219952577756,
    "lumo": -0.1016867407709156,
    "method": "RestrictedKSDFT",
    "mp2_tflops": 0.0,
    "mp2_time": 6.9533558049734e-310,
    "n_atoms": 64,
    "nmers": [
      [
        {
          "fragments": [
            0
          ],
          "hf_energy": -1614.6871002283108,
          "num_basis_fns": 1434,
          "num_iters": 17,
          "schema_version": "0.2.0"
        }
      ]
    ],
    "num_iters": 17,
    "ri_fock_time": 0.23595214500000003,
    "ri_tflops": 2.0872411928105166,
    "scf_tflops": 33.956392727196494,
    "scf_time": 29.797685238,
    "schema_version": "0.2.0",
    "tflops": 31.626069645520403,
    "total_time": 29.994785,
    "transforms_time": 0.08871958299999999,
    "xc_tflops": 41.897618781940814,
    "xc_time": 22.293711529000003
  },
  "schema_version": "0.2.0"
}
