{
  "calculation_time": 34.322374153,
  "qmmbe": {
    "b_formation_time": 2.132547263,
    "b_tflops": 6.685840181420635,
    "diag_time": 4.527814539,
    "expanded_elec_energy": -5857.842794687809,
    "expanded_hf_energy": -1692.1322309909597,
    "expanded_nuc_repulsion_energy": 4414.771569091253,
    "expanded_xc_energy": -249.0610053944032,
    "homo": -0.1682802741541251,
    "lumo": -0.10241923742563108,
    "method": "RestrictedKSDFT",
    "mp2_tflops": 0.0,
    "mp2_time": 6.9533558049734e-310,
    "n_atoms": 68,
    "nmers": [
      [
        {
          "fragments": [
            0
          ],
          "hf_energy": -1692.1322309909597,
          "num_basis_fns": 1508,
          "num_iters": 17,
          "schema_version": "0.2.0"
        }
      ]
    ],
    "num_iters": 17,
    "ri_fock_time": 0.27205875199999996,
    "ri_tflops": 2.1053285130411834,
    "scf_tflops": 34.68412349157706,
    "scf_time": 34.139694747,
    "schema_version": "0.2.0",
    "tflops": 32.50001137612949,
    "total_time": 34.317832,
    "transforms_time": 0.09368013700000002,
    "xc_tflops": 42.89142859651539,
    "xc_time": 25.636947372
  },
  "schema_version": "0.2.0"
}
