{
  "calculation_time": 25.489700045,
  "qmmbe": {
    "b_formation_time": 1.728012053,
    "b_tflops": 6.40654011387269,
    "diag_time": 3.397702179,
    "expanded_elec_energy": -5274.7810619192305,
    "expanded_hf_energy": -1537.2435586494753,
    "expanded_nuc_repulsion_energy": 3963.318961094525,
    "expanded_xc_energy": -225.7814578247698,
    "homo": -0.1694062757118892,
    "lumo": -0.09985743052792517,
    "method": "RestrictedKSDFT",
    "mp2_tflops": 0.0,
    "mp2_time": 6.9533558049813e-310,
    "n_atoms": 60,
    "nmers": [
      [
        {
          "fragments": [
            0
          ],
          "hf_energy": -1537.2435586494753,
          "num_basis_fns": 1360,
          "num_iters": 17,
          "schema_version": "0.2.0"
        }
      ]
    ],
    "num_iters": 17,
    "ri_fock_time": 0.193118717,
    "ri_tflops": 2.1752482541606777,
    "scf_tflops": 33.90298505033436,
    "scf_time": 25.319271872,
    "schema_version": "0.2.0",
    "tflops": 31.510591841816975,
    "total_time": 25.48576,
    "transforms_time": 0.08386701899999997,
    "xc_tflops": 42.2311855539785,
    "xc_time": 18.728468427000003
  },
  "schema_version": "0.2.0"
}
