{
  "calculation_time": 30.923131886,
  "qmmbe": {
    "b_formation_time": 3.871365653,
    "b_tflops": 3.0969064289923844,
    "diag_time": 3.935062141,
    "expanded_elec_energy": -5403.890007460045,
    "expanded_hf_energy": -1538.387507673902,
    "expanded_nuc_repulsion_energy": 4091.987488094593,
    "expanded_xc_energy": -226.48498830845003,
    "homo": -0.16499440503279217,
    "lumo": -0.10576140920625708,
    "method": "RestrictedKSDFT",
    "mp2_tflops": 0.0,
    "mp2_time": 6.9533558049734e-310,
    "n_atoms": 62,
    "nmers": [
      [
        {
          "fragments": [
            0
          ],
          "hf_energy": -1538.387507673902,
          "num_basis_fns": 1372,
          "num_iters": 17,
          "schema_version": "0.2.0"
        }
      ]
    ],
    "num_iters": 17,
    "ri_fock_time": 0.24566738600000004,
    "ri_tflops": 1.7558990001220591,
    "scf_tflops": 33.1866809842731,
    "scf_time": 29.050734982,
    "schema_version": "0.2.0",
    "tflops": 28.0329082072321,
    "total_time": 29.369893,
    "transforms_time": 0.271974247,
    "xc_tflops": 42.331047379164225,
    "xc_time": 19.506871894
  },
  "schema_version": "0.2.0"
}
