{
  "calculation_time": 34.908620117,
  "qmmbe": {
    "b_formation_time": 2.307086089,
    "b_tflops": 7.206023046773268,
    "diag_time": 4.597739095999999,
    "expanded_elec_energy": -6203.699584963058,
    "expanded_hf_energy": -1692.125370639184,
    "expanded_nuc_repulsion_energy": 4760.643385599518,
    "expanded_xc_energy": -249.0691712756439,
    "homo": -0.17716755946447926,
    "lumo": -0.09448316652413875,
    "method": "RestrictedKSDFT",
    "mp2_tflops": 0.0,
    "mp2_time": 6.9533558049623e-310,
    "n_atoms": 68,
    "nmers": [
      [
        {
          "fragments": [
            0
          ],
          "hf_energy": -1692.125370639184,
          "num_basis_fns": 1508,
          "num_iters": 17,
          "schema_version": "0.2.0"
        }
      ]
    ],
    "num_iters": 17,
    "ri_fock_time": 0.271938374,
    "ri_tflops": 2.106260471381652,
    "scf_tflops": 34.08690727569327,
    "scf_time": 34.698070763,
    "schema_version": "0.2.0",
    "tflops": 31.84993744462255,
    "total_time": 34.903942,
    "transforms_time": 0.08890893599999997,
    "xc_tflops": 42.15622825600343,
    "xc_time": 25.941511303999995
  },
  "schema_version": "0.2.0"
}
