{
  "calculation_time": 32.909706212,
  "qmmbe": {
    "b_formation_time": 2.162986578,
    "b_tflops": 6.761830199007365,
    "diag_time": 4.234505544999999,
    "expanded_elec_energy": -5924.612133106681,
    "expanded_hf_energy": -1692.1180977944916,
    "expanded_nuc_repulsion_energy": 4481.5445258406935,
    "expanded_xc_energy": -249.05049052850453,
    "homo": -0.16910509346056157,
    "lumo": -0.10176897253141469,
    "method": "RestrictedKSDFT",
    "mp2_tflops": 0.0,
    "mp2_time": 6.9533558049734e-310,
    "n_atoms": 68,
    "nmers": [
      [
        {
          "fragments": [
            0
          ],
          "hf_energy": -1692.1180977944916,
          "num_basis_fns": 1508,
          "num_iters": 16,
          "schema_version": "0.2.0"
        }
      ]
    ],
    "num_iters": 16,
    "ri_fock_time": 0.258063253,
    "ri_tflops": 2.0889472225012993,
    "scf_tflops": 34.31094523554812,
    "scf_time": 32.708033025,
    "schema_version": "0.2.0",
    "tflops": 32.02994097475631,
    "total_time": 32.905081,
    "transforms_time": 0.087863739,
    "xc_tflops": 42.38011328430814,
    "xc_time": 24.490866224999998
  },
  "schema_version": "0.2.0"
}
