{
  "calculation_time": 32.38499324,
  "qmmbe": {
    "b_formation_time": 2.034689482,
    "b_tflops": 6.464255989207497,
    "diag_time": 4.131838065,
    "expanded_elec_energy": -5662.161191901101,
    "expanded_hf_energy": -1614.6839436741307,
    "expanded_nuc_repulsion_energy": 4284.890865968437,
    "expanded_xc_energy": -237.41361774146628,
    "homo": -0.16246297726532435,
    "lumo": -0.10611077907671902,
    "method": "RestrictedKSDFT",
    "mp2_tflops": 0.0,
    "mp2_time": 6.9533558049734e-310,
    "n_atoms": 64,
    "nmers": [
      [
        {
          "fragments": [
            0
          ],
          "hf_energy": -1614.6839436741307,
          "num_basis_fns": 1434,
          "num_iters": 18,
          "schema_version": "0.2.0"
        }
      ]
    ],
    "num_iters": 18,
    "ri_fock_time": 0.25766582699999996,
    "ri_tflops": 2.02378012627961,
    "scf_tflops": 33.00286586365656,
    "scf_time": 32.201896152,
    "schema_version": "0.2.0",
    "tflops": 30.88993392839955,
    "total_time": 32.380859,
    "transforms_time": 0.09265020800000001,
    "xc_tflops": 40.54681003501638,
    "xc_time": 24.311652857
  },
  "schema_version": "0.2.0"
}
