{
  "calculation_time": 16.712967254,
  "qmmbe": {
    "b_formation_time": 1.458660802,
    "b_tflops": 3.364027824434539,
    "diag_time": 2.1610319009999994,
    "expanded_elec_energy": -3749.8752470967675,
    "expanded_hf_energy": -1230.9793118118469,
    "expanded_nuc_repulsion_energy": 2700.2180188710163,
    "expanded_xc_energy": -181.3220835860957,
    "homo": -0.1649148680551796,
    "lumo": -0.10611129945315068,
    "method": "RestrictedKSDFT",
    "mp2_tflops": 0.0,
    "mp2_time": 6.9533558049813e-310,
    "n_atoms": 50,
    "nmers": [
      [
        {
          "fragments": [
            0
          ],
          "hf_energy": -1230.9793118118469,
          "num_basis_fns": 1100,
          "num_iters": 17,
          "schema_version": "0.2.0"
        }
      ]
    ],
    "num_iters": 17,
    "ri_fock_time": 0.1087267,
    "ri_tflops": 2.0447650853010346,
    "scf_tflops": 28.89691083266387,
    "scf_time": 16.598167875,
    "schema_version": "0.2.0",
    "tflops": 26.17816628536831,
    "total_time": 16.709657,
    "transforms_time": 0.06902514899999997,
    "xc_tflops": 36.008244184613325,
    "xc_time": 11.996347866
  },
  "schema_version": "0.2.0"
}
