{
  "calculation_time": 34.865680934,
  "qmmbe": {
    "b_formation_time": 2.252109075,
    "b_tflops": 7.171822249499173,
    "diag_time": 4.517705655,
    "expanded_elec_energy": -6142.000688860206,
    "expanded_hf_energy": -1692.1102803393812,
    "expanded_nuc_repulsion_energy": 4698.965247840814,
    "expanded_xc_energy": -249.0748393199899,
    "homo": -0.17403055735121611,
    "lumo": -0.09180160504281647,
    "method": "RestrictedKSDFT",
    "mp2_tflops": 0.0,
    "mp2_time": 6.9533558049528e-310,
    "n_atoms": 68,
    "nmers": [
      [
        {
          "fragments": [
            0
          ],
          "hf_energy": -1692.1102803393812,
          "num_basis_fns": 1508,
          "num_iters": 17,
          "schema_version": "0.2.0"
        }
      ]
    ],
    "num_iters": 17,
    "ri_fock_time": 0.274614941,
    "ri_tflops": 2.0857315545988446,
    "scf_tflops": 34.10300114102087,
    "scf_time": 34.660294441,
    "schema_version": "0.2.0",
    "tflops": 31.89984913965588,
    "total_time": 34.861278,
    "transforms_time": 0.09204323900000001,
    "xc_tflops": 42.024694653742635,
    "xc_time": 26.043338409999997
  },
  "schema_version": "0.2.0"
}
