{
  "calculation_time": 34.727852807,
  "qmmbe": {
    "b_formation_time": 2.099021984,
    "b_tflops": 6.4680641894830195,
    "diag_time": 4.581552258000001,
    "expanded_elec_energy": -5748.780169026223,
    "expanded_hf_energy": -1692.1547667189138,
    "expanded_nuc_repulsion_energy": 4305.681803796947,
    "expanded_xc_energy": -249.0564014896376,
    "homo": -0.167742910643841,
    "lumo": -0.10461449930547866,
    "method": "RestrictedKSDFT",
    "mp2_tflops": 0.0,
    "mp2_time": 6.953355804986e-310,
    "n_atoms": 68,
    "nmers": [
      [
        {
          "fragments": [
            0
          ],
          "hf_energy": -1692.1547667189138,
          "num_basis_fns": 1508,
          "num_iters": 17,
          "schema_version": "0.2.0"
        }
      ]
    ],
    "num_iters": 17,
    "ri_fock_time": 0.27194913800000003,
    "ri_tflops": 2.1061771036317825,
    "scf_tflops": 34.26496953262603,
    "scf_time": 34.547169823,
    "schema_version": "0.2.0",
    "tflops": 32.185627024083374,
    "total_time": 34.723246,
    "transforms_time": 0.08888682699999999,
    "xc_tflops": 42.34810177257155,
    "xc_time": 26.035417486
  },
  "schema_version": "0.2.0"
}
