{
  "calculation_time": 25.535521014,
  "qmmbe": {
    "b_formation_time": 1.746582247,
    "b_tflops": 6.47248911307639,
    "diag_time": 3.387997448,
    "expanded_elec_energy": -5318.520374444424,
    "expanded_hf_energy": -1537.2394170527512,
    "expanded_nuc_repulsion_energy": 4007.0590685748994,
    "expanded_xc_energy": -225.77811118322617,
    "homo": -0.17524897540776252,
    "lumo": -0.0935719667729555,
    "method": "RestrictedKSDFT",
    "mp2_tflops": 0.0,
    "mp2_time": 6.9533558049734e-310,
    "n_atoms": 60,
    "nmers": [
      [
        {
          "fragments": [
            0
          ],
          "hf_energy": -1537.2394170527512,
          "num_basis_fns": 1360,
          "num_iters": 17,
          "schema_version": "0.2.0"
        }
      ]
    ],
    "num_iters": 17,
    "ri_fock_time": 0.198659445,
    "ri_tflops": 2.1145793093300953,
    "scf_tflops": 33.78834806795368,
    "scf_time": 25.360489326,
    "schema_version": "0.2.0",
    "tflops": 31.38128252410345,
    "total_time": 25.531329,
    "transforms_time": 0.08803949100000001,
    "xc_tflops": 42.064289033136106,
    "xc_time": 18.753051162000002
  },
  "schema_version": "0.2.0"
}
