{
  "calculation_time": 26.711091398,
  "qmmbe": {
    "b_formation_time": 1.735799077,
    "b_tflops": 6.102039222365597,
    "diag_time": 3.5573050319999995,
    "expanded_elec_energy": -5178.4295394701,
    "expanded_hf_energy": -1537.244813193552,
    "expanded_nuc_repulsion_energy": 3866.956626039784,
    "expanded_xc_energy": -225.771899763236,
    "homo": -0.16774769849697166,
    "lumo": -0.10420442094336724,
    "method": "RestrictedKSDFT",
    "mp2_tflops": 0.0,
    "mp2_time": 6.9533558049734e-310,
    "n_atoms": 60,
    "nmers": [
      [
        {
          "fragments": [
            0
          ],
          "hf_energy": -1537.244813193552,
          "num_basis_fns": 1360,
          "num_iters": 18,
          "schema_version": "0.2.0"
        }
      ]
    ],
    "num_iters": 18,
    "ri_fock_time": 0.20401351300000004,
    "ri_tflops": 2.180207582622235,
    "scf_tflops": 34.03573520766359,
    "scf_time": 26.527604292,
    "schema_version": "0.2.0",
    "tflops": 31.723704187762568,
    "total_time": 26.706886,
    "transforms_time": 0.09094360499999998,
    "xc_tflops": 42.402611156491474,
    "xc_time": 19.704466712
  },
  "schema_version": "0.2.0"
}
