{
  "calculation_time": 35.425020196,
  "qmmbe": {
    "b_formation_time": 2.272738848,
    "b_tflops": 7.178764020373713,
    "diag_time": 4.54714798,
    "expanded_elec_energy": -6165.20829062652,
    "expanded_hf_energy": -1692.1084879889754,
    "expanded_nuc_repulsion_energy": 4722.158744210228,
    "expanded_xc_energy": -249.0589415726841,
    "homo": -0.16415889388204982,
    "lumo": -0.10533469819056249,
    "method": "RestrictedKSDFT",
    "mp2_tflops": 0.0,
    "mp2_time": 6.9533558049544e-310,
    "n_atoms": 68,
    "nmers": [
      [
        {
          "fragments": [
            0
          ],
          "hf_energy": -1692.1084879889754,
          "num_basis_fns": 1508,
          "num_iters": 17,
          "schema_version": "0.2.0"
        }
      ]
    ],
    "num_iters": 17,
    "ri_fock_time": 0.2722947680000001,
    "ri_tflops": 2.103503684683357,
    "scf_tflops": 33.59037295603786,
    "scf_time": 35.197810028,
    "schema_version": "0.2.0",
    "tflops": 31.41916690853439,
    "total_time": 35.42046,
    "transforms_time": 0.09030113200000002,
    "xc_tflops": 41.29347193827302,
    "xc_time": 26.520326687999997
  },
  "schema_version": "0.2.0"
}
