{
  "calculation_time": 28.437747555,
  "qmmbe": {
    "b_formation_time": 1.855137225,
    "b_tflops": 6.849867843041099,
    "diag_time": 4.370034888,
    "expanded_elec_energy": -5518.07578777301,
    "expanded_hf_energy": -1537.2574962969468,
    "expanded_nuc_repulsion_energy": 4205.993063198173,
    "expanded_xc_energy": -225.17477172210985,
    "homo": -0.16043250917872112,
    "lumo": -0.1157108420271205,
    "method": "RestrictedKSDFT",
    "mp2_tflops": 0.0,
    "mp2_time": 6.9533558049623e-310,
    "n_atoms": 62,
    "nmers": [
      [
        {
          "fragments": [
            0
          ],
          "hf_energy": -1537.2574962969468,
          "num_basis_fns": 1372,
          "num_iters": 19,
          "schema_version": "0.2.0"
        }
      ]
    ],
    "num_iters": 19,
    "ri_fock_time": 0.23357956199999996,
    "ri_tflops": 2.0640341387402725,
    "scf_tflops": 35.01465126959137,
    "scf_time": 28.248096686,
    "schema_version": "0.2.0",
    "tflops": 32.663621111138646,
    "total_time": 28.433477,
    "transforms_time": 0.09288772399999999,
    "xc_tflops": 44.86502291129458,
    "xc_time": 20.390633637000004
  },
  "schema_version": "0.2.0"
}
