{
  "calculation_time": 27.591348062,
  "qmmbe": {
    "b_formation_time": 2.045049136,
    "b_tflops": 6.7437071407735605,
    "diag_time": 4.160549439,
    "expanded_elec_energy": -5760.304958694851,
    "expanded_hf_energy": -1613.464501665211,
    "expanded_nuc_repulsion_energy": 4382.8890881985135,
    "expanded_xc_energy": -236.04863116887353,
    "homo": -0.16855838421261732,
    "lumo": -0.10832713872798914,
    "method": "RestrictedKSDFT",
    "mp2_tflops": 0.0,
    "mp2_time": 6.9533558049734e-310,
    "n_atoms": 64,
    "nmers": [
      [
        {
          "fragments": [
            0
          ],
          "hf_energy": -1613.464501665211,
          "num_basis_fns": 1434,
          "num_iters": 16,
          "schema_version": "0.2.0"
        }
      ]
    ],
    "num_iters": 16,
    "ri_fock_time": 0.223026857,
    "ri_tflops": 2.0783106549719257,
    "scf_tflops": 35.07032164526456,
    "scf_time": 27.387113665,
    "schema_version": "0.2.0",
    "tflops": 32.409787052668975,
    "total_time": 27.58706,
    "transforms_time": 0.07974767200000002,
    "xc_tflops": 44.80498122270199,
    "xc_time": 19.621369698000002
  },
  "schema_version": "0.2.0"
}
