{
  "calculation_time": 31.624117248,
  "qmmbe": {
    "b_formation_time": 2.126362884,
    "b_tflops": 6.6141681969802475,
    "diag_time": 4.228185008,
    "expanded_elec_energy": -5815.549802083162,
    "expanded_hf_energy": -1690.9023999768403,
    "expanded_nuc_repulsion_energy": 4372.261131834197,
    "expanded_xc_energy": -247.61372972787538,
    "homo": -0.17784333160896526,
    "lumo": -0.10148639516809208,
    "method": "RestrictedKSDFT",
    "mp2_tflops": 0.0,
    "mp2_time": 6.9533558049639e-310,
    "n_atoms": 68,
    "nmers": [
      [
        {
          "fragments": [
            0
          ],
          "hf_energy": -1690.9023999768403,
          "num_basis_fns": 1508,
          "num_iters": 16,
          "schema_version": "0.2.0"
        }
      ]
    ],
    "num_iters": 16,
    "ri_fock_time": 0.257334218,
    "ri_tflops": 2.0948652681082622,
    "scf_tflops": 35.84786404365553,
    "scf_time": 31.428604586,
    "schema_version": "0.2.0",
    "tflops": 33.391006155710386,
    "total_time": 31.61967,
    "transforms_time": 0.08824024100000001,
    "xc_tflops": 44.6077480361262,
    "xc_time": 23.322318424000002
  },
  "schema_version": "0.2.0"
}
