{
  "calculation_time": 27.809203358,
  "qmmbe": {
    "b_formation_time": 1.988052369,
    "b_tflops": 6.753080987586398,
    "diag_time": 3.6295851690000003,
    "expanded_elec_energy": -5698.787141058062,
    "expanded_hf_energy": -1613.5043808231544,
    "expanded_nuc_repulsion_energy": 4321.327184243174,
    "expanded_xc_energy": -236.0444240082665,
    "homo": -0.17941396480588453,
    "lumo": -0.09631121321793394,
    "method": "RestrictedKSDFT",
    "mp2_tflops": 0.0,
    "mp2_time": 6.9533558049797e-310,
    "n_atoms": 64,
    "nmers": [
      [
        {
          "fragments": [
            0
          ],
          "hf_energy": -1613.5043808231544,
          "num_basis_fns": 1434,
          "num_iters": 16,
          "schema_version": "0.2.0"
        }
      ]
    ],
    "num_iters": 16,
    "ri_fock_time": 0.222802703,
    "ri_tflops": 2.0804015705680197,
    "scf_tflops": 34.83401057114315,
    "scf_time": 27.621517603,
    "schema_version": "0.2.0",
    "tflops": 32.2595594710416,
    "total_time": 27.804917,
    "transforms_time": 0.08545792299999998,
    "xc_tflops": 43.2159928310312,
    "xc_time": 20.417551279
  },
  "schema_version": "0.2.0"
}
