{
  "calculation_time": 31.750223068,
  "qmmbe": {
    "b_formation_time": 2.197571764,
    "b_tflops": 7.406305797977116,
    "diag_time": 4.256940996999999,
    "expanded_elec_energy": -6162.120063399668,
    "expanded_hf_energy": -1690.874616208816,
    "expanded_nuc_repulsion_energy": 4718.871727893841,
    "expanded_xc_energy": -247.62628070298933,
    "homo": -0.17370401332579405,
    "lumo": -0.1027369506315665,
    "method": "RestrictedKSDFT",
    "mp2_tflops": 0.0,
    "mp2_time": 6.9533558049639e-310,
    "n_atoms": 68,
    "nmers": [
      [
        {
          "fragments": [
            0
          ],
          "hf_energy": -1690.874616208816,
          "num_basis_fns": 1508,
          "num_iters": 16,
          "schema_version": "0.2.0"
        }
      ]
    ],
    "num_iters": 16,
    "ri_fock_time": 0.25739880099999995,
    "ri_tflops": 2.0943396530584466,
    "scf_tflops": 35.60181452109876,
    "scf_time": 31.540781859,
    "schema_version": "0.2.0",
    "tflops": 33.10870835881634,
    "total_time": 31.745617,
    "transforms_time": 0.08955593900000003,
    "xc_tflops": 44.41087468697457,
    "xc_time": 23.268962334999998
  },
  "schema_version": "0.2.0"
}
