{
  "calculation_time": 21.221014377,
  "qmmbe": {
    "b_formation_time": 1.617690483,
    "b_tflops": 6.243048467881726,
    "diag_time": 2.8806134529999996,
    "expanded_elec_energy": -5039.340805236104,
    "expanded_hf_energy": -1459.8850077229267,
    "expanded_nuc_repulsion_energy": 3793.06090021021,
    "expanded_xc_energy": -213.6051026970331,
    "homo": -0.1759742805607244,
    "lumo": -0.1024120534885109,
    "method": "RestrictedKSDFT",
    "mp2_tflops": 0.0,
    "mp2_time": 6.9533558049734e-310,
    "n_atoms": 58,
    "nmers": [
      [
        {
          "fragments": [
            0
          ],
          "hf_energy": -1459.8850077229267,
          "num_basis_fns": 1298,
          "num_iters": 16,
          "schema_version": "0.2.0"
        }
      ]
    ],
    "num_iters": 16,
    "ri_fock_time": 0.17667540599999998,
    "ri_tflops": 1.9456807119379143,
    "scf_tflops": 34.05052480741946,
    "scf_time": 21.052063582,
    "schema_version": "0.2.0",
    "tflops": 31.330247819289585,
    "total_time": 21.217102,
    "transforms_time": 0.07485907399999998,
    "xc_tflops": 42.83088364194328,
    "xc_time": 15.263776486000001
  },
  "schema_version": "0.2.0"
}
