{
  "calculation_time": 27.637415642,
  "qmmbe": {
    "b_formation_time": 2.011319403,
    "b_tflops": 6.927205112344854,
    "diag_time": 3.6778426699999995,
    "expanded_elec_energy": -5783.971839432774,
    "expanded_hf_energy": -1613.4905997805306,
    "expanded_nuc_repulsion_energy": 4406.533881982111,
    "expanded_xc_energy": -236.05264232986778,
    "homo": -0.17967941408773086,
    "lumo": -0.09724805400309455,
    "method": "RestrictedKSDFT",
    "mp2_tflops": 0.0,
    "mp2_time": 6.9533558049797e-310,
    "n_atoms": 64,
    "nmers": [
      [
        {
          "fragments": [
            0
          ],
          "hf_energy": -1613.4905997805306,
          "num_basis_fns": 1434,
          "num_iters": 16,
          "schema_version": "0.2.0"
        }
      ]
    ],
    "num_iters": 16,
    "ri_fock_time": 0.230326844,
    "ri_tflops": 2.0124406048302386,
    "scf_tflops": 34.96758216336091,
    "scf_time": 27.444546442,
    "schema_version": "0.2.0",
    "tflops": 32.37978497997276,
    "total_time": 27.633026,
    "transforms_time": 0.07873757500000002,
    "xc_tflops": 43.58299032188245,
    "xc_time": 20.183044586
  },
  "schema_version": "0.2.0"
}
