{
  "calculation_time": 31.656808267,
  "qmmbe": {
    "b_formation_time": 2.187518672,
    "b_tflops": 6.848801771185978,
    "diag_time": 4.246594783,
    "expanded_elec_energy": -5965.31777976655,
    "expanded_hf_energy": -1690.8770859072827,
    "expanded_nuc_repulsion_energy": 4522.060884107464,
    "expanded_xc_energy": -247.6201902481959,
    "homo": -0.17021063685051097,
    "lumo": -0.1109657547300512,
    "method": "RestrictedKSDFT",
    "mp2_tflops": 0.0,
    "mp2_time": 6.9533558049639e-310,
    "n_atoms": 68,
    "nmers": [
      [
        {
          "fragments": [
            0
          ],
          "hf_energy": -1690.8770859072827,
          "num_basis_fns": 1508,
          "num_iters": 16,
          "schema_version": "0.2.0"
        }
      ]
    ],
    "num_iters": 16,
    "ri_fock_time": 0.258628731,
    "ri_tflops": 2.0843798502185744,
    "scf_tflops": 35.75265736790206,
    "scf_time": 31.462694758,
    "schema_version": "0.2.0",
    "tflops": 33.23058602382875,
    "total_time": 31.652223,
    "transforms_time": 0.08906572399999996,
    "xc_tflops": 44.531185404558435,
    "xc_time": 23.252289018
  },
  "schema_version": "0.2.0"
}
