{
  "calculation_time": 27.487377876,
  "qmmbe": {
    "b_formation_time": 2.044227363,
    "b_tflops": 7.043085297178854,
    "diag_time": 3.634629556,
    "expanded_elec_energy": -5848.092505915446,
    "expanded_hf_energy": -1613.4952731280248,
    "expanded_nuc_repulsion_energy": 4470.653019107557,
    "expanded_xc_energy": -236.0557863201359,
    "homo": -0.1687317091839609,
    "lumo": -0.10905409159592984,
    "method": "RestrictedKSDFT",
    "mp2_tflops": 0.0,
    "mp2_time": 6.9533558049797e-310,
    "n_atoms": 64,
    "nmers": [
      [
        {
          "fragments": [
            0
          ],
          "hf_energy": -1613.4952731280248,
          "num_basis_fns": 1434,
          "num_iters": 16,
          "schema_version": "0.2.0"
        }
      ]
    ],
    "num_iters": 16,
    "ri_fock_time": 0.230393146,
    "ri_tflops": 2.011861469385899,
    "scf_tflops": 35.204370395335594,
    "scf_time": 27.288056549,
    "schema_version": "0.2.0",
    "tflops": 32.52131562761685,
    "total_time": 27.483026,
    "transforms_time": 0.08535495999999998,
    "xc_tflops": 43.88435169358124,
    "xc_time": 20.011520765999997
  },
  "schema_version": "0.2.0"
}
