{
  "calculation_time": 31.60298832,
  "qmmbe": {
    "b_formation_time": 2.159598596,
    "b_tflops": 6.537941598743288,
    "diag_time": 4.243589695999999,
    "expanded_elec_energy": -5823.123137071915,
    "expanded_hf_energy": -1690.9005753065612,
    "expanded_nuc_repulsion_energy": 4379.835279587052,
    "expanded_xc_energy": -247.61271782169837,
    "homo": -0.17407270380129278,
    "lumo": -0.10599093522240088,
    "method": "RestrictedKSDFT",
    "mp2_tflops": 0.0,
    "mp2_time": 6.95335580496547e-310,
    "n_atoms": 68,
    "nmers": [
      [
        {
          "fragments": [
            0
          ],
          "hf_energy": -1690.9005753065612,
          "num_basis_fns": 1508,
          "num_iters": 16,
          "schema_version": "0.2.0"
        }
      ]
    ],
    "num_iters": 16,
    "ri_fock_time": 0.257725179,
    "ri_tflops": 2.0916874233076,
    "scf_tflops": 35.914368517131436,
    "scf_time": 31.404865441,
    "schema_version": "0.2.0",
    "tflops": 33.41257009623309,
    "total_time": 31.598491,
    "transforms_time": 0.08417926599999999,
    "xc_tflops": 44.79703251125374,
    "xc_time": 23.222269035
  },
  "schema_version": "0.2.0"
}
