{
  "calculation_time": 31.935281628,
  "qmmbe": {
    "b_formation_time": 2.229077191,
    "b_tflops": 7.030567030975464,
    "diag_time": 4.2241066620000005,
    "expanded_elec_energy": -6075.2849521590015,
    "expanded_hf_energy": -1690.8848333484239,
    "expanded_nuc_repulsion_energy": 4632.02905077874,
    "expanded_xc_energy": -247.62893196816273,
    "homo": -0.17481261702573309,
    "lumo": -0.10103896027718945,
    "method": "RestrictedKSDFT",
    "mp2_tflops": 0.0,
    "mp2_time": 6.9533558049639e-310,
    "n_atoms": 68,
    "nmers": [
      [
        {
          "fragments": [
            0
          ],
          "hf_energy": -1690.8848333484239,
          "num_basis_fns": 1508,
          "num_iters": 16,
          "schema_version": "0.2.0"
        }
      ]
    ],
    "num_iters": 16,
    "ri_fock_time": 0.25942678900000005,
    "ri_tflops": 2.0779678061081035,
    "scf_tflops": 35.45931538402058,
    "scf_time": 31.733539855,
    "schema_version": "0.2.0",
    "tflops": 32.953419982760735,
    "total_time": 31.930672,
    "transforms_time": 0.08614797299999999,
    "xc_tflops": 44.04846302717637,
    "xc_time": 23.500697487
  },
  "schema_version": "0.2.0"
}
