{
  "calculation_time": 33.733770951,
  "qmmbe": {
    "b_formation_time": 2.319909029,
    "b_tflops": 7.393580760715251,
    "diag_time": 4.550899251999999,
    "expanded_elec_energy": -6275.441819942247,
    "expanded_hf_energy": -1690.874769357085,
    "expanded_nuc_repulsion_energy": 4832.199598579088,
    "expanded_xc_energy": -247.63254799392595,
    "homo": -0.17353355138347118,
    "lumo": -0.10258629046042841,
    "method": "RestrictedKSDFT",
    "mp2_tflops": 0.0,
    "mp2_time": 6.95335580496547e-310,
    "n_atoms": 68,
    "nmers": [
      [
        {
          "fragments": [
            0
          ],
          "hf_energy": -1690.874769357085,
          "num_basis_fns": 1508,
          "num_iters": 17,
          "schema_version": "0.2.0"
        }
      ]
    ],
    "num_iters": 17,
    "ri_fock_time": 0.272138579,
    "ri_tflops": 2.1047109524592615,
    "scf_tflops": 35.35906347714892,
    "scf_time": 33.521158021,
    "schema_version": "0.2.0",
    "tflops": 32.908839236404056,
    "total_time": 33.729219,
    "transforms_time": 0.09045703500000005,
    "xc_tflops": 44.09717714679647,
    "xc_time": 24.749390723999994
  },
  "schema_version": "0.2.0"
}
