{
  "calculation_time": 37.869999448,
  "qmmbe": {
    "b_formation_time": 4.265689113,
    "b_tflops": 3.4290040035329694,
    "diag_time": 5.0089021030000005,
    "expanded_elec_energy": -5939.641410132406,
    "expanded_hf_energy": -1690.8903609903898,
    "expanded_nuc_repulsion_energy": 4496.361622356813,
    "expanded_xc_energy": -247.61057321479683,
    "homo": -0.16412582251556637,
    "lumo": -0.1140648394457663,
    "method": "RestrictedKSDFT",
    "mp2_tflops": 0.0,
    "mp2_time": 6.9533558049639e-310,
    "n_atoms": 68,
    "nmers": [
      [
        {
          "fragments": [
            0
          ],
          "hf_energy": -1690.8903609903898,
          "num_basis_fns": 1508,
          "num_iters": 17,
          "schema_version": "0.2.0"
        }
      ]
    ],
    "num_iters": 17,
    "ri_fock_time": 0.31192398099999996,
    "ri_tflops": 1.8362584562166129,
    "scf_tflops": 34.969759201367104,
    "scf_time": 36.051045388,
    "schema_version": "0.2.0",
    "tflops": 30.284861362435628,
    "total_time": 36.283696,
    "transforms_time": 0.27554494500000015,
    "xc_tflops": 44.532410723398016,
    "xc_time": 24.683472249999994
  },
  "schema_version": "0.2.0"
}
