{
  "calculation_time": 21.121389669,
  "qmmbe": {
    "b_formation_time": 1.625667433,
    "b_tflops": 5.7636605549691176,
    "diag_time": 2.969837177,
    "expanded_elec_energy": -4903.526005310559,
    "expanded_hf_energy": -1459.9023731817433,
    "expanded_nuc_repulsion_energy": 3657.2229061957178,
    "expanded_xc_energy": -213.59927406690156,
    "homo": -0.18324952514342144,
    "lumo": -0.09511864470327168,
    "method": "RestrictedKSDFT",
    "mp2_tflops": 0.0,
    "mp2_time": 6.9533558049734e-310,
    "n_atoms": 58,
    "nmers": [
      [
        {
          "fragments": [
            0
          ],
          "hf_energy": -1459.9023731817433,
          "num_basis_fns": 1298,
          "num_iters": 16,
          "schema_version": "0.2.0"
        }
      ]
    ],
    "num_iters": 16,
    "ri_fock_time": 0.16995701900000001,
    "ri_tflops": 2.022593310653442,
    "scf_tflops": 34.38038607719116,
    "scf_time": 20.964382819,
    "schema_version": "0.2.0",
    "tflops": 31.62035131360707,
    "total_time": 21.117442,
    "transforms_time": 0.07415176000000004,
    "xc_tflops": 43.525342016436475,
    "xc_time": 15.106233107999996
  },
  "schema_version": "0.2.0"
}
