{
  "calculation_time": 30.021625224,
  "qmmbe": {
    "b_formation_time": 2.173896487,
    "b_tflops": 6.652427510473271,
    "diag_time": 4.017484467,
    "expanded_elec_energy": -5900.5706327579555,
    "expanded_hf_energy": -1690.9008776437026,
    "expanded_nuc_repulsion_energy": 4457.292698589627,
    "expanded_xc_energy": -247.6229434753746,
    "homo": -0.17539986550957531,
    "lumo": -0.10515670802103062,
    "method": "RestrictedKSDFT",
    "mp2_tflops": 0.0,
    "mp2_time": 6.9533558049639e-310,
    "n_atoms": 68,
    "nmers": [
      [
        {
          "fragments": [
            0
          ],
          "hf_energy": -1690.9008776437026,
          "num_basis_fns": 1508,
          "num_iters": 15,
          "schema_version": "0.2.0"
        }
      ]
    ],
    "num_iters": 15,
    "ri_fock_time": 0.24011415099999997,
    "ri_tflops": 2.1047821682113192,
    "scf_tflops": 35.70784577247256,
    "scf_time": 29.815950235,
    "schema_version": "0.2.0",
    "tflops": 33.07862097944421,
    "total_time": 30.017071,
    "transforms_time": 0.07742641900000001,
    "xc_tflops": 44.465378248228824,
    "xc_time": 21.976142127000003
  },
  "schema_version": "0.2.0"
}
