{
  "calculation_time": 20.021978101,
  "qmmbe": {
    "b_formation_time": 1.606043995,
    "b_tflops": 5.715734082111492,
    "diag_time": 2.7033709550000005,
    "expanded_elec_energy": -4874.100687548307,
    "expanded_hf_energy": -1459.8998576498113,
    "expanded_nuc_repulsion_energy": 3627.8035167477506,
    "expanded_xc_energy": -213.60268684925467,
    "homo": -0.182339094796725,
    "lumo": -0.09173883037990226,
    "method": "RestrictedKSDFT",
    "mp2_tflops": 0.0,
    "mp2_time": 6.9533558049734e-310,
    "n_atoms": 58,
    "nmers": [
      [
        {
          "fragments": [
            0
          ],
          "hf_energy": -1459.8998576498113,
          "num_basis_fns": 1298,
          "num_iters": 15,
          "schema_version": "0.2.0"
        }
      ]
    ],
    "num_iters": 15,
    "ri_fock_time": 0.15923022000000003,
    "ri_tflops": 2.0239205165954046,
    "scf_tflops": 34.31977757907277,
    "scf_time": 19.867166766,
    "schema_version": "0.2.0",
    "tflops": 31.377357454350438,
    "total_time": 20.017993,
    "transforms_time": 0.07526248600000003,
    "xc_tflops": 43.21025517113305,
    "xc_time": 14.304802912
  },
  "schema_version": "0.2.0"
}
