{
  "calculation_time": 27.545986626,
  "qmmbe": {
    "b_formation_time": 2.019323985,
    "b_tflops": 6.310814636796382,
    "diag_time": 3.739763088,
    "expanded_elec_energy": -5586.856439919671,
    "expanded_hf_energy": -1613.5145395664945,
    "expanded_nuc_repulsion_energy": 4209.388873605332,
    "expanded_xc_energy": -236.04697325215554,
    "homo": -0.1750053522314904,
    "lumo": -0.1026036996365976,
    "method": "RestrictedKSDFT",
    "mp2_tflops": 0.0,
    "mp2_time": 6.9533558049623e-310,
    "n_atoms": 64,
    "nmers": [
      [
        {
          "fragments": [
            0
          ],
          "hf_energy": -1613.5145395664945,
          "num_basis_fns": 1434,
          "num_iters": 16,
          "schema_version": "0.2.0"
        }
      ]
    ],
    "num_iters": 16,
    "ri_fock_time": 0.221858976,
    "ri_tflops": 2.0892510260572013,
    "scf_tflops": 35.226035379089524,
    "scf_time": 27.367559279,
    "schema_version": "0.2.0",
    "tflops": 32.594690671977396,
    "total_time": 27.541391,
    "transforms_time": 0.08025542799999999,
    "xc_tflops": 44.0659504855003,
    "xc_time": 20.055959973
  },
  "schema_version": "0.2.0"
}
