{
  "calculation_time": 31.389810914,
  "qmmbe": {
    "b_formation_time": 2.167338561,
    "b_tflops": 6.75778577856623,
    "diag_time": 4.276839990000001,
    "expanded_elec_energy": -5920.125670723086,
    "expanded_hf_energy": -1690.893965487102,
    "expanded_nuc_repulsion_energy": 4476.8516390545965,
    "expanded_xc_energy": -247.61993381861237,
    "homo": -0.182635587505546,
    "lumo": -0.09564635313245397,
    "method": "RestrictedKSDFT",
    "mp2_tflops": 0.0,
    "mp2_time": 6.95335580496705e-310,
    "n_atoms": 68,
    "nmers": [
      [
        {
          "fragments": [
            0
          ],
          "hf_energy": -1690.893965487102,
          "num_basis_fns": 1508,
          "num_iters": 16,
          "schema_version": "0.2.0"
        }
      ]
    ],
    "num_iters": 16,
    "ri_fock_time": 0.25605398,
    "ri_tflops": 2.1053393334639825,
    "scf_tflops": 36.04750650807725,
    "scf_time": 31.19989576,
    "schema_version": "0.2.0",
    "tflops": 33.52213249108925,
    "total_time": 31.385197,
    "transforms_time": 0.087065014,
    "xc_tflops": 45.015735144164736,
    "xc_time": 23.015944753
  },
  "schema_version": "0.2.0"
}
