{
  "calculation_time": 31.513604714,
  "qmmbe": {
    "b_formation_time": 2.131554556,
    "b_tflops": 6.678127822514902,
    "diag_time": 4.2645916349999995,
    "expanded_elec_energy": -5836.70397838956,
    "expanded_hf_energy": -1690.8938554570475,
    "expanded_nuc_repulsion_energy": 4393.431689985373,
    "expanded_xc_energy": -247.62156705286063,
    "homo": -0.1751545397181864,
    "lumo": -0.10382258886729905,
    "method": "RestrictedKSDFT",
    "mp2_tflops": 0.0,
    "mp2_time": 6.9533558049639e-310,
    "n_atoms": 68,
    "nmers": [
      [
        {
          "fragments": [
            0
          ],
          "hf_energy": -1690.8938554570475,
          "num_basis_fns": 1508,
          "num_iters": 16,
          "schema_version": "0.2.0"
        }
      ]
    ],
    "num_iters": 16,
    "ri_fock_time": 0.25741811200000003,
    "ri_tflops": 2.0941825398206633,
    "scf_tflops": 35.92048712636589,
    "scf_time": 31.330549704,
    "schema_version": "0.2.0",
    "tflops": 33.47284825398969,
    "total_time": 31.509133,
    "transforms_time": 0.08408883700000001,
    "xc_tflops": 44.844171402700624,
    "xc_time": 23.171167838
  },
  "schema_version": "0.2.0"
}
