{
  "calculation_time": 29.894416978,
  "qmmbe": {
    "b_formation_time": 2.101432954,
    "b_tflops": 6.385302245054639,
    "diag_time": 4.012638665,
    "expanded_elec_energy": -5684.90319174445,
    "expanded_hf_energy": -1690.9146362026854,
    "expanded_nuc_repulsion_energy": 4241.601899027607,
    "expanded_xc_energy": -247.61334348584245,
    "homo": -0.17752151524242027,
    "lumo": -0.1011076321750785,
    "method": "RestrictedKSDFT",
    "mp2_tflops": 0.0,
    "mp2_time": 6.9533558049639e-310,
    "n_atoms": 68,
    "nmers": [
      [
        {
          "fragments": [
            0
          ],
          "hf_energy": -1690.9146362026854,
          "num_basis_fns": 1508,
          "num_iters": 15,
          "schema_version": "0.2.0"
        }
      ]
    ],
    "num_iters": 15,
    "ri_fock_time": 0.24247781800000004,
    "ri_tflops": 2.0842648104001,
    "scf_tflops": 35.78641683110264,
    "scf_time": 29.719848183,
    "schema_version": "0.2.0",
    "tflops": 33.23902217666086,
    "total_time": 29.889779,
    "transforms_time": 0.080925583,
    "xc_tflops": 44.61259732588905,
    "xc_time": 21.940227723999996
  },
  "schema_version": "0.2.0"
}
