{
  "calculation_time": 19.585273159,
  "qmmbe": {
    "b_formation_time": 1.496876585,
    "b_tflops": 5.29955349022979,
    "diag_time": 2.5696325620000002,
    "expanded_elec_energy": -4559.352309243518,
    "expanded_hf_energy": -1383.6824123296146,
    "expanded_nuc_repulsion_energy": 3378.3934209265935,
    "expanded_xc_energy": -202.72352401269012,
    "homo": -0.17675012394944875,
    "lumo": -0.09954766862329116,
    "method": "RestrictedKSDFT",
    "mp2_tflops": 0.0,
    "mp2_time": 6.95335580496705e-310,
    "n_atoms": 56,
    "nmers": [
      [
        {
          "fragments": [
            0
          ],
          "hf_energy": -1383.6824123296146,
          "num_basis_fns": 1236,
          "num_iters": 16,
          "schema_version": "0.2.0"
        }
      ]
    ],
    "num_iters": 16,
    "ri_fock_time": 0.141199019,
    "ri_tflops": 2.1022627896869452,
    "scf_tflops": 32.38688947047547,
    "scf_time": 19.437750449,
    "schema_version": "0.2.0",
    "tflops": 29.746396030240074,
    "total_time": 19.581429,
    "transforms_time": 0.07100110600000004,
    "xc_tflops": 40.43921389447896,
    "xc_time": 14.188911414000001
  },
  "schema_version": "0.2.0"
}
