{
  "calculation_time": 29.565733403,
  "qmmbe": {
    "b_formation_time": 2.048873966,
    "b_tflops": 6.671023098690688,
    "diag_time": 3.8742239090000004,
    "expanded_elec_energy": -5736.507770087746,
    "expanded_hf_energy": -1613.4836391281683,
    "expanded_nuc_repulsion_energy": 4359.071378428648,
    "expanded_xc_energy": -236.04724746907,
    "homo": -0.17401560393071944,
    "lumo": -0.10344621301120674,
    "method": "RestrictedKSDFT",
    "mp2_tflops": 0.0,
    "mp2_time": 6.9533558049623e-310,
    "n_atoms": 64,
    "nmers": [
      [
        {
          "fragments": [
            0
          ],
          "hf_energy": -1613.4836391281683,
          "num_basis_fns": 1434,
          "num_iters": 17,
          "schema_version": "0.2.0"
        }
      ]
    ],
    "num_iters": 17,
    "ri_fock_time": 0.243981793,
    "ri_tflops": 2.0185483126439685,
    "scf_tflops": 34.51563355205991,
    "scf_time": 29.360694462,
    "schema_version": "0.2.0",
    "tflops": 32.06071685418052,
    "total_time": 29.561366,
    "transforms_time": 0.083155393,
    "xc_tflops": 42.81771316345495,
    "xc_time": 21.786340892
  },
  "schema_version": "0.2.0"
}
