{
  "calculation_time": 23.899635409,
  "qmmbe": {
    "b_formation_time": 1.799095372,
    "b_tflops": 6.054607663209531,
    "diag_time": 3.3281089020000003,
    "expanded_elec_energy": -5213.002316437407,
    "expanded_hf_energy": -1537.272597247961,
    "expanded_nuc_repulsion_energy": 3900.9073229236146,
    "expanded_xc_energy": -225.17760373416846,
    "homo": -0.18272601161543395,
    "lumo": -0.09099040228422921,
    "method": "RestrictedKSDFT",
    "mp2_tflops": 0.0,
    "mp2_time": 6.9533558049734e-310,
    "n_atoms": 62,
    "nmers": [
      [
        {
          "fragments": [
            0
          ],
          "hf_energy": -1537.272597247961,
          "num_basis_fns": 1372,
          "num_iters": 16,
          "schema_version": "0.2.0"
        }
      ]
    ],
    "num_iters": 16,
    "ri_fock_time": 0.20475075399999998,
    "ri_tflops": 1.9828624470901828,
    "scf_tflops": 36.046456803596435,
    "scf_time": 23.731386696,
    "schema_version": "0.2.0",
    "tflops": 33.22369078251947,
    "total_time": 23.895468,
    "transforms_time": 0.08139048300000001,
    "xc_tflops": 45.56438242508576,
    "xc_time": 17.162084901
  },
  "schema_version": "0.2.0"
}
