{
  "calculation_time": 31.778505449,
  "qmmbe": {
    "b_formation_time": 2.084656211,
    "b_tflops": 6.615343662986358,
    "diag_time": 4.282477073,
    "expanded_elec_energy": -5762.287759956263,
    "expanded_hf_energy": -1690.9050160612437,
    "expanded_nuc_repulsion_energy": 4318.995285927333,
    "expanded_xc_energy": -247.61254203231363,
    "homo": -0.17659958921613858,
    "lumo": -0.1012168644902022,
    "method": "RestrictedKSDFT",
    "mp2_tflops": 0.0,
    "mp2_time": 6.9533558049639e-310,
    "n_atoms": 68,
    "nmers": [
      [
        {
          "fragments": [
            0
          ],
          "hf_energy": -1690.9050160612437,
          "num_basis_fns": 1508,
          "num_iters": 16,
          "schema_version": "0.2.0"
        }
      ]
    ],
    "num_iters": 16,
    "ri_fock_time": 0.2588679,
    "ri_tflops": 2.0824540840482735,
    "scf_tflops": 35.5437345119278,
    "scf_time": 31.597572447,
    "schema_version": "0.2.0",
    "tflops": 33.19792817526308,
    "total_time": 31.773933,
    "transforms_time": 0.08529861899999999,
    "xc_tflops": 44.225549426925404,
    "xc_time": 23.508215303999993
  },
  "schema_version": "0.2.0"
}
