{
  "calculation_time": 20.072363334,
  "qmmbe": {
    "b_formation_time": 1.613666289,
    "b_tflops": 5.908167859452631,
    "diag_time": 2.6940068610000005,
    "expanded_elec_energy": -4935.912297349461,
    "expanded_hf_energy": -1459.895501619746,
    "expanded_nuc_repulsion_energy": 3689.6246482074484,
    "expanded_xc_energy": -213.6078524777331,
    "homo": -0.1834431623775932,
    "lumo": -0.09421805945076428,
    "method": "RestrictedKSDFT",
    "mp2_tflops": 0.0,
    "mp2_time": 6.9533558049734e-310,
    "n_atoms": 58,
    "nmers": [
      [
        {
          "fragments": [
            0
          ],
          "hf_energy": -1459.895501619746,
          "num_basis_fns": 1298,
          "num_iters": 15,
          "schema_version": "0.2.0"
        }
      ]
    ],
    "num_iters": 15,
    "ri_fock_time": 0.159464644,
    "ri_tflops": 2.020945214162959,
    "scf_tflops": 34.20090162597749,
    "scf_time": 19.911908157,
    "schema_version": "0.2.0",
    "tflops": 31.270031486629414,
    "total_time": 20.068499,
    "transforms_time": 0.075186633,
    "xc_tflops": 42.97892078150562,
    "xc_time": 14.360194787
  },
  "schema_version": "0.2.0"
}
