{
  "calculation_time": 31.996289002,
  "qmmbe": {
    "b_formation_time": 2.209128199,
    "b_tflops": 7.412748807702854,
    "diag_time": 4.249086992,
    "expanded_elec_energy": -6174.724058644242,
    "expanded_hf_energy": -1690.8814355923712,
    "expanded_nuc_repulsion_energy": 4731.472663679931,
    "expanded_xc_energy": -247.6300406280605,
    "homo": -0.18336470002888547,
    "lumo": -0.09435744136115087,
    "method": "RestrictedKSDFT",
    "mp2_tflops": 0.0,
    "mp2_time": 6.9533558049734e-310,
    "n_atoms": 68,
    "nmers": [
      [
        {
          "fragments": [
            0
          ],
          "hf_energy": -1690.8814355923712,
          "num_basis_fns": 1508,
          "num_iters": 16,
          "schema_version": "0.2.0"
        }
      ]
    ],
    "num_iters": 16,
    "ri_fock_time": 0.25891239699999996,
    "ri_tflops": 2.0820961909521856,
    "scf_tflops": 35.33386824000812,
    "scf_time": 31.769148219,
    "schema_version": "0.2.0",
    "tflops": 32.868370711042054,
    "total_time": 31.991759,
    "transforms_time": 0.08799936799999998,
    "xc_tflops": 43.92340838258768,
    "xc_time": 23.535399936
  },
  "schema_version": "0.2.0"
}
