{
  "calculation_time": 25.938288316,
  "qmmbe": {
    "b_formation_time": 1.961933491,
    "b_tflops": 6.2828281628818985,
    "diag_time": 3.4982751739999993,
    "expanded_elec_energy": -5514.234943845071,
    "expanded_hf_energy": -1613.5181332116767,
    "expanded_nuc_repulsion_energy": 4136.765703716141,
    "expanded_xc_energy": -236.0488930827465,
    "homo": -0.17736111944384442,
    "lumo": -0.10189983078200514,
    "method": "RestrictedKSDFT",
    "mp2_tflops": 0.0,
    "mp2_time": 6.9533558049797e-310,
    "n_atoms": 64,
    "nmers": [
      [
        {
          "fragments": [
            0
          ],
          "hf_energy": -1613.5181332116767,
          "num_basis_fns": 1434,
          "num_iters": 15,
          "schema_version": "0.2.0"
        }
      ]
    ],
    "num_iters": 15,
    "ri_fock_time": 0.20919970799999998,
    "ri_tflops": 2.077197688631573,
    "scf_tflops": 35.32575897493235,
    "scf_time": 25.760614339,
    "schema_version": "0.2.0",
    "tflops": 32.60849314293261,
    "total_time": 25.933948,
    "transforms_time": 0.07341897700000001,
    "xc_tflops": 44.151521741516525,
    "xc_time": 18.8502576
  },
  "schema_version": "0.2.0"
}
