{
  "calculation_time": 25.097276249,
  "qmmbe": {
    "b_formation_time": 1.762775138,
    "b_tflops": 6.064265789841199,
    "diag_time": 3.4364260250000003,
    "expanded_elec_energy": -5187.937459547902,
    "expanded_hf_energy": -1537.2773371147596,
    "expanded_nuc_repulsion_energy": 3875.8269740763258,
    "expanded_xc_energy": -225.1668516431833,
    "homo": -0.16434657046207446,
    "lumo": -0.11428477977948742,
    "method": "RestrictedKSDFT",
    "mp2_tflops": 0.0,
    "mp2_time": 6.9533558049623e-310,
    "n_atoms": 62,
    "nmers": [
      [
        {
          "fragments": [
            0
          ],
          "hf_energy": -1537.2773371147596,
          "num_basis_fns": 1372,
          "num_iters": 17,
          "schema_version": "0.2.0"
        }
      ]
    ],
    "num_iters": 17,
    "ri_fock_time": 0.208520327,
    "ri_tflops": 2.0687053566724938,
    "scf_tflops": 36.26734592426088,
    "scf_time": 24.933636828,
    "schema_version": "0.2.0",
    "tflops": 33.59256795753334,
    "total_time": 25.093098,
    "transforms_time": 0.08887254000000003,
    "xc_tflops": 45.58672244192382,
    "xc_time": 18.232114686
  },
  "schema_version": "0.2.0"
}
