{
  "calculation_time": 29.768384232,
  "qmmbe": {
    "b_formation_time": 2.08638645,
    "b_tflops": 6.709020308401639,
    "diag_time": 3.969435353,
    "expanded_elec_energy": -5805.817685572927,
    "expanded_hf_energy": -1690.901770609,
    "expanded_nuc_repulsion_energy": 4362.529586625792,
    "expanded_xc_energy": -247.6136716618651,
    "homo": -0.17584084590941634,
    "lumo": -0.10453401603213708,
    "method": "RestrictedKSDFT",
    "mp2_tflops": 0.0,
    "mp2_time": 6.95335580496547e-310,
    "n_atoms": 68,
    "nmers": [
      [
        {
          "fragments": [
            0
          ],
          "hf_energy": -1690.901770609,
          "num_basis_fns": 1508,
          "num_iters": 15,
          "schema_version": "0.2.0"
        }
      ]
    ],
    "num_iters": 15,
    "ri_fock_time": 0.241080679,
    "ri_tflops": 2.0963437860567833,
    "scf_tflops": 35.9550627691496,
    "scf_time": 29.571352256,
    "schema_version": "0.2.0",
    "tflops": 33.40708564910917,
    "total_time": 29.763975,
    "transforms_time": 0.08075285900000001,
    "xc_tflops": 44.76591727420362,
    "xc_time": 21.870137491999998
  },
  "schema_version": "0.2.0"
}
