{
  "calculation_time": 21.800246003,
  "qmmbe": {
    "b_formation_time": 1.615394923,
    "b_tflops": 5.8760084859496615,
    "diag_time": 3.0757443470000005,
    "expanded_elec_energy": -4948.929841395206,
    "expanded_hf_energy": -1458.7299088078908,
    "expanded_nuc_repulsion_energy": 3703.09068203564,
    "expanded_xc_energy": -212.89074944832515,
    "homo": -0.16525451024128693,
    "lumo": -0.11351224964929542,
    "method": "RestrictedKSDFT",
    "mp2_tflops": 0.0,
    "mp2_time": 6.9533558049734e-310,
    "n_atoms": 56,
    "nmers": [
      [
        {
          "fragments": [
            0
          ],
          "hf_energy": -1458.7299088078908,
          "num_basis_fns": 1286,
          "num_iters": 17,
          "schema_version": "0.2.0"
        }
      ]
    ],
    "num_iters": 17,
    "ri_fock_time": 0.182807653,
    "ri_tflops": 1.942712804392276,
    "scf_tflops": 33.40417053583019,
    "scf_time": 21.625287825,
    "schema_version": "0.2.0",
    "tflops": 30.78835199354832,
    "total_time": 21.796274,
    "transforms_time": 0.07988529500000001,
    "xc_tflops": 42.334340829114055,
    "xc_time": 15.606459189
  },
  "schema_version": "0.2.0"
}
