{
  "calculation_time": 36.100605749,
  "qmmbe": {
    "b_formation_time": 4.236616297,
    "b_tflops": 3.3640826678054956,
    "diag_time": 4.728560196000001,
    "expanded_elec_energy": -5851.983169749321,
    "expanded_hf_energy": -1690.8997035414038,
    "expanded_nuc_repulsion_energy": 4408.697964408952,
    "expanded_xc_energy": -247.61449820103527,
    "homo": -0.17916394108617953,
    "lumo": -0.10411500721891115,
    "method": "RestrictedKSDFT",
    "mp2_tflops": 0.0,
    "mp2_time": 6.9533558049734e-310,
    "n_atoms": 68,
    "nmers": [
      [
        {
          "fragments": [
            0
          ],
          "hf_energy": -1690.8997035414038,
          "num_basis_fns": 1508,
          "num_iters": 16,
          "schema_version": "0.2.0"
        }
      ]
    ],
    "num_iters": 16,
    "ri_fock_time": 0.29158254399999994,
    "ri_tflops": 1.848809288062183,
    "scf_tflops": 34.92013684773292,
    "scf_time": 34.34417559,
    "schema_version": "0.2.0",
    "tflops": 30.09442139993458,
    "total_time": 34.539535,
    "transforms_time": 0.27222298199999995,
    "xc_tflops": 44.43273112774384,
    "xc_time": 23.397978304000002
  },
  "schema_version": "0.2.0"
}
