{
  "calculation_time": 32.577028547,
  "qmmbe": {
    "b_formation_time": 2.244322231,
    "b_tflops": 6.91689967439083,
    "diag_time": 4.794330794,
    "expanded_elec_energy": -6057.042606516974,
    "expanded_hf_energy": -1690.889557389044,
    "expanded_nuc_repulsion_energy": 4613.782251296596,
    "expanded_xc_energy": -247.6292021686659,
    "homo": -0.18061151388402283,
    "lumo": -0.09735662576827418,
    "method": "RestrictedKSDFT",
    "mp2_tflops": 0.0,
    "mp2_time": 6.95335580496705e-310,
    "n_atoms": 68,
    "nmers": [
      [
        {
          "fragments": [
            0
          ],
          "hf_energy": -1690.889557389044,
          "num_basis_fns": 1508,
          "num_iters": 16,
          "schema_version": "0.2.0"
        }
      ]
    ],
    "num_iters": 16,
    "ri_fock_time": 0.256348562,
    "ri_tflops": 2.102919990571275,
    "scf_tflops": 34.69289070878207,
    "scf_time": 32.378644063,
    "schema_version": "0.2.0",
    "tflops": 32.3242500375894,
    "total_time": 32.572558,
    "transforms_time": 0.08344182400000001,
    "xc_tflops": 43.85990792697453,
    "xc_time": 23.620432725999997
  },
  "schema_version": "0.2.0"
}
