{
  "calculation_time": 31.89116305,
  "qmmbe": {
    "b_formation_time": 2.207007611,
    "b_tflops": 7.237059752881841,
    "diag_time": 4.267505945999999,
    "expanded_elec_energy": -6118.638776079393,
    "expanded_hf_energy": -1690.8905469298134,
    "expanded_nuc_repulsion_energy": 4675.375421115216,
    "expanded_xc_energy": -247.62719196563654,
    "homo": -0.1736163247565383,
    "lumo": -0.0980260866455701,
    "method": "RestrictedKSDFT",
    "mp2_tflops": 0.0,
    "mp2_time": 6.9533558049639e-310,
    "n_atoms": 68,
    "nmers": [
      [
        {
          "fragments": [
            0
          ],
          "hf_energy": -1690.8905469298134,
          "num_basis_fns": 1508,
          "num_iters": 16,
          "schema_version": "0.2.0"
        }
      ]
    ],
    "num_iters": 16,
    "ri_fock_time": 0.25842613,
    "ri_tflops": 2.0860139629997945,
    "scf_tflops": 35.472441812373695,
    "scf_time": 31.684126528,
    "schema_version": "0.2.0",
    "tflops": 33.0120948537828,
    "total_time": 31.886524,
    "transforms_time": 0.08499135299999999,
    "xc_tflops": 44.18451073246112,
    "xc_time": 23.430921649
  },
  "schema_version": "0.2.0"
}
