{
  "calculation_time": 31.524618797,
  "qmmbe": {
    "b_formation_time": 2.223438406,
    "b_tflops": 6.778908765219917,
    "diag_time": 4.258906199,
    "expanded_elec_energy": -5999.67164170549,
    "expanded_hf_energy": -1690.8742791188008,
    "expanded_nuc_repulsion_energy": 4556.420811042891,
    "expanded_xc_energy": -247.62344845620117,
    "homo": -0.18427270784717759,
    "lumo": -0.09200101354274211,
    "method": "RestrictedKSDFT",
    "mp2_tflops": 0.0,
    "mp2_time": 6.9533558049734e-310,
    "n_atoms": 68,
    "nmers": [
      [
        {
          "fragments": [
            0
          ],
          "hf_energy": -1690.8742791188008,
          "num_basis_fns": 1508,
          "num_iters": 16,
          "schema_version": "0.2.0"
        }
      ]
    ],
    "num_iters": 16,
    "ri_fock_time": 0.256162472,
    "ri_tflops": 2.104447663137792,
    "scf_tflops": 35.96703644792788,
    "scf_time": 31.330118129,
    "schema_version": "0.2.0",
    "tflops": 33.39212939433758,
    "total_time": 31.520114,
    "transforms_time": 0.08678274499999998,
    "xc_tflops": 44.87742113589192,
    "xc_time": 23.086880815999997
  },
  "schema_version": "0.2.0"
}
