{
  "calculation_time": 31.478215863,
  "qmmbe": {
    "b_formation_time": 2.200914304,
    "b_tflops": 7.023547802257366,
    "diag_time": 4.266978969999999,
    "expanded_elec_energy": -6035.952991014649,
    "expanded_hf_energy": -1690.882106808029,
    "expanded_nuc_repulsion_energy": 4592.697859761959,
    "expanded_xc_energy": -247.62697555533873,
    "homo": -0.1816899480661147,
    "lumo": -0.09598598228104877,
    "method": "RestrictedKSDFT",
    "mp2_tflops": 0.0,
    "mp2_time": 6.95335580496705e-310,
    "n_atoms": 68,
    "nmers": [
      [
        {
          "fragments": [
            0
          ],
          "hf_energy": -1690.882106808029,
          "num_basis_fns": 1508,
          "num_iters": 16,
          "schema_version": "0.2.0"
        }
      ]
    ],
    "num_iters": 16,
    "ri_fock_time": 0.25845068800000004,
    "ri_tflops": 2.0858157498269065,
    "scf_tflops": 35.91667006246073,
    "scf_time": 31.265050007,
    "schema_version": "0.2.0",
    "tflops": 33.391733467838534,
    "total_time": 31.473733,
    "transforms_time": 0.08300267400000001,
    "xc_tflops": 44.878145495663304,
    "xc_time": 23.043048225
  },
  "schema_version": "0.2.0"
}
