{
  "calculation_time": 23.857250065,
  "qmmbe": {
    "b_formation_time": 1.775996661,
    "b_tflops": 5.834825782116716,
    "diag_time": 3.2468577919999997,
    "expanded_elec_energy": -5136.104151237164,
    "expanded_hf_energy": -1537.2905630191085,
    "expanded_nuc_repulsion_energy": 3823.9731603875075,
    "expanded_xc_energy": -225.1595721694522,
    "homo": -0.17345176886709113,
    "lumo": -0.10670397357258798,
    "method": "RestrictedKSDFT",
    "mp2_tflops": 0.0,
    "mp2_time": 6.9533558049623e-310,
    "n_atoms": 62,
    "nmers": [
      [
        {
          "fragments": [
            0
          ],
          "hf_energy": -1537.2905630191085,
          "num_basis_fns": 1372,
          "num_iters": 16,
          "schema_version": "0.2.0"
        }
      ]
    ],
    "num_iters": 16,
    "ri_fock_time": 0.203964486,
    "ri_tflops": 1.990506235090358,
    "scf_tflops": 36.17175215610463,
    "scf_time": 23.684512056,
    "schema_version": "0.2.0",
    "tflops": 33.34178938202172,
    "total_time": 23.852911,
    "transforms_time": 0.080212244,
    "xc_tflops": 45.583105528807515,
    "xc_time": 17.197538859999998
  },
  "schema_version": "0.2.0"
}
