{
  "calculation_time": 29.698731632,
  "qmmbe": {
    "b_formation_time": 2.134247414,
    "b_tflops": 6.411733478409173,
    "diag_time": 3.981668878,
    "expanded_elec_energy": -5761.875330471483,
    "expanded_hf_energy": -1690.9151721355377,
    "expanded_nuc_repulsion_energy": 4318.5728609779,
    "expanded_xc_energy": -247.61270264195468,
    "homo": -0.1847473012599048,
    "lumo": -0.09460975047697927,
    "method": "RestrictedKSDFT",
    "mp2_tflops": 0.0,
    "mp2_time": 6.95335580496705e-310,
    "n_atoms": 68,
    "nmers": [
      [
        {
          "fragments": [
            0
          ],
          "hf_energy": -1690.9151721355377,
          "num_basis_fns": 1508,
          "num_iters": 15,
          "schema_version": "0.2.0"
        }
      ]
    ],
    "num_iters": 15,
    "ri_fock_time": 0.24195369200000003,
    "ri_tflops": 2.0887797957635628,
    "scf_tflops": 36.12509419424679,
    "scf_time": 29.517472268,
    "schema_version": "0.2.0",
    "tflops": 33.47956236281948,
    "total_time": 29.694239,
    "transforms_time": 0.08161204300000001,
    "xc_tflops": 45.02551756236504,
    "xc_time": 21.747081268999995
  },
  "schema_version": "0.2.0"
}
