{
  "calculation_time": 23.797723455,
  "qmmbe": {
    "b_formation_time": 1.796490054,
    "b_tflops": 6.025521138318531,
    "diag_time": 3.329219416,
    "expanded_elec_energy": -5215.060610729723,
    "expanded_hf_energy": -1537.2798860911826,
    "expanded_nuc_repulsion_energy": 3902.947486106115,
    "expanded_xc_energy": -225.16676146757473,
    "homo": -0.17535023867082414,
    "lumo": -0.1025540367617406,
    "method": "RestrictedKSDFT",
    "mp2_tflops": 0.0,
    "mp2_time": 6.9533558049734e-310,
    "n_atoms": 62,
    "nmers": [
      [
        {
          "fragments": [
            0
          ],
          "hf_energy": -1537.2798860911826,
          "num_basis_fns": 1372,
          "num_iters": 16,
          "schema_version": "0.2.0"
        }
      ]
    ],
    "num_iters": 16,
    "ri_fock_time": 0.196613385,
    "ri_tflops": 2.064928494669882,
    "scf_tflops": 36.26250452684107,
    "scf_time": 23.630791523,
    "schema_version": "0.2.0",
    "tflops": 33.41380547687689,
    "total_time": 23.793554,
    "transforms_time": 0.080864834,
    "xc_tflops": 45.83530765341578,
    "xc_time": 17.086904807
  },
  "schema_version": "0.2.0"
}
