{
  "calculation_time": 31.589569112,
  "qmmbe": {
    "b_formation_time": 2.078452638,
    "b_tflops": 6.692687805263331,
    "diag_time": 4.242928626,
    "expanded_elec_energy": -5788.158897402116,
    "expanded_hf_energy": -1690.886643945257,
    "expanded_nuc_repulsion_energy": 4344.876408250722,
    "expanded_xc_energy": -247.60415479386333,
    "homo": -0.172596138207907,
    "lumo": -0.10645010453507607,
    "method": "RestrictedKSDFT",
    "mp2_tflops": 0.0,
    "mp2_time": 6.9533558049639e-310,
    "n_atoms": 68,
    "nmers": [
      [
        {
          "fragments": [
            0
          ],
          "hf_energy": -1690.886643945257,
          "num_basis_fns": 1508,
          "num_iters": 16,
          "schema_version": "0.2.0"
        }
      ]
    ],
    "num_iters": 16,
    "ri_fock_time": 0.25738153900000005,
    "ri_tflops": 2.0944801157009163,
    "scf_tflops": 35.75204091492757,
    "scf_time": 31.407251664,
    "schema_version": "0.2.0",
    "tflops": 33.359970793860406,
    "total_time": 31.584836,
    "transforms_time": 0.091236836,
    "xc_tflops": 44.5126210860885,
    "xc_time": 23.327681743999996
  },
  "schema_version": "0.2.0"
}
