{
  "calculation_time": 27.394565209,
  "qmmbe": {
    "b_formation_time": 1.99772981,
    "b_tflops": 6.5236696904813165,
    "diag_time": 3.6850111520000004,
    "expanded_elec_energy": -5633.479187598854,
    "expanded_hf_energy": -1613.5047212164616,
    "expanded_nuc_repulsion_energy": 4256.022281559522,
    "expanded_xc_energy": -236.04781517712922,
    "homo": -0.17735928965031336,
    "lumo": -0.10346853878176974,
    "method": "RestrictedKSDFT",
    "mp2_tflops": 0.0,
    "mp2_time": 6.9533558049797e-310,
    "n_atoms": 64,
    "nmers": [
      [
        {
          "fragments": [
            0
          ],
          "hf_energy": -1613.5047212164616,
          "num_basis_fns": 1434,
          "num_iters": 16,
          "schema_version": "0.2.0"
        }
      ]
    ],
    "num_iters": 16,
    "ri_fock_time": 0.22817360600000003,
    "ri_tflops": 2.0314316864852455,
    "scf_tflops": 35.39470316701142,
    "scf_time": 27.211692819,
    "schema_version": "0.2.0",
    "tflops": 32.75880951588557,
    "total_time": 27.390151,
    "transforms_time": 0.080572199,
    "xc_tflops": 44.23494843548769,
    "xc_time": 19.962421476
  },
  "schema_version": "0.2.0"
}
