{
  "calculation_time": 32.172618206,
  "qmmbe": {
    "b_formation_time": 2.17325969,
    "b_tflops": 6.547915675377019,
    "diag_time": 4.300349038,
    "expanded_elec_energy": -5869.6147900238375,
    "expanded_hf_energy": -1690.9001184271895,
    "expanded_nuc_repulsion_energy": 4426.322788674409,
    "expanded_xc_energy": -247.60811707776085,
    "homo": -0.17576468706304968,
    "lumo": -0.10557849882662973,
    "method": "RestrictedKSDFT",
    "mp2_tflops": 0.0,
    "mp2_time": 6.95335580496705e-310,
    "n_atoms": 68,
    "nmers": [
      [
        {
          "fragments": [
            0
          ],
          "hf_energy": -1690.9001184271895,
          "num_basis_fns": 1508,
          "num_iters": 16,
          "schema_version": "0.2.0"
        }
      ]
    ],
    "num_iters": 16,
    "ri_fock_time": 0.258557331,
    "ri_tflops": 2.084955446821193,
    "scf_tflops": 35.191951690155435,
    "scf_time": 31.975067295,
    "schema_version": "0.2.0",
    "tflops": 32.772973432226806,
    "total_time": 32.168278,
    "transforms_time": 0.084727988,
    "xc_tflops": 43.76947359388054,
    "xc_time": 23.729880357
  },
  "schema_version": "0.2.0"
}
