{
  "calculation_time": 33.478164455,
  "qmmbe": {
    "b_formation_time": 2.231581102,
    "b_tflops": 7.405596487923655,
    "diag_time": 4.577710014,
    "expanded_elec_energy": -6178.272535548,
    "expanded_hf_energy": -1690.8750812647918,
    "expanded_nuc_repulsion_energy": 4735.020066390397,
    "expanded_xc_energy": -247.62261210718907,
    "homo": -0.17158500743049776,
    "lumo": -0.1063767242788881,
    "method": "RestrictedKSDFT",
    "mp2_tflops": 0.0,
    "mp2_time": 6.9533558049639e-310,
    "n_atoms": 68,
    "nmers": [
      [
        {
          "fragments": [
            0
          ],
          "hf_energy": -1690.8750812647918,
          "num_basis_fns": 1508,
          "num_iters": 17,
          "schema_version": "0.2.0"
        }
      ]
    ],
    "num_iters": 17,
    "ri_fock_time": 0.274728585,
    "ri_tflops": 2.0848687726033313,
    "scf_tflops": 35.58608342214667,
    "scf_time": 33.268835091,
    "schema_version": "0.2.0",
    "tflops": 33.20236007087443,
    "total_time": 33.473479,
    "transforms_time": 0.09102537200000003,
    "xc_tflops": 44.43084280847211,
    "xc_time": 24.609620161
  },
  "schema_version": "0.2.0"
}
