{
  "calculation_time": 33.872038414,
  "qmmbe": {
    "b_formation_time": 2.310549974,
    "b_tflops": 7.544292272309017,
    "diag_time": 4.587589092,
    "expanded_elec_energy": -6309.944461306244,
    "expanded_hf_energy": -1690.894105633472,
    "expanded_nuc_repulsion_energy": 4866.691937870903,
    "expanded_xc_energy": -247.64158219813038,
    "homo": -0.18244087112514484,
    "lumo": -0.09628367421334333,
    "method": "RestrictedKSDFT",
    "mp2_tflops": 0.0,
    "mp2_time": 6.9533558049734e-310,
    "n_atoms": 68,
    "nmers": [
      [
        {
          "fragments": [
            0
          ],
          "hf_energy": -1690.894105633472,
          "num_basis_fns": 1508,
          "num_iters": 17,
          "schema_version": "0.2.0"
        }
      ]
    ],
    "num_iters": 17,
    "ri_fock_time": 0.27519794599999997,
    "ri_tflops": 2.0813129463110167,
    "scf_tflops": 35.156669152742346,
    "scf_time": 33.658016616,
    "schema_version": "0.2.0",
    "tflops": 32.78232916511191,
    "total_time": 33.867698,
    "transforms_time": 0.091213077,
    "xc_tflops": 43.81697107484561,
    "xc_time": 24.907574853000003
  },
  "schema_version": "0.2.0"
}
