{
  "calculation_time": 31.962676297,
  "qmmbe": {
    "b_formation_time": 2.212697475,
    "b_tflops": 7.290449019409668,
    "diag_time": 4.244997854,
    "expanded_elec_energy": -6144.702678694904,
    "expanded_hf_energy": -1690.8737686700997,
    "expanded_nuc_repulsion_energy": 4701.460400864883,
    "expanded_xc_energy": -247.63149084007915,
    "homo": -0.18022260610860663,
    "lumo": -0.09993790861189036,
    "method": "RestrictedKSDFT",
    "mp2_tflops": 0.0,
    "mp2_time": 6.9533558049639e-310,
    "n_atoms": 68,
    "nmers": [
      [
        {
          "fragments": [
            0
          ],
          "hf_energy": -1690.8737686700997,
          "num_basis_fns": 1508,
          "num_iters": 16,
          "schema_version": "0.2.0"
        }
      ]
    ],
    "num_iters": 16,
    "ri_fock_time": 0.255799151,
    "ri_tflops": 2.107436688028726,
    "scf_tflops": 35.359449752769564,
    "scf_time": 31.756115774,
    "schema_version": "0.2.0",
    "tflops": 32.87953889471724,
    "total_time": 31.958177,
    "transforms_time": 0.08769418700000002,
    "xc_tflops": 43.9588056929232,
    "xc_time": 23.505061812999998
  },
  "schema_version": "0.2.0"
}
