{
  "calculation_time": 27.626444734,
  "qmmbe": {
    "b_formation_time": 1.989617552,
    "b_tflops": 6.374502569898921,
    "diag_time": 3.6444107510000006,
    "expanded_elec_energy": -5588.653156275835,
    "expanded_hf_energy": -1613.5140577185518,
    "expanded_nuc_repulsion_energy": 4211.186376714475,
    "expanded_xc_energy": -236.04727815719235,
    "homo": -0.1797875845242845,
    "lumo": -0.09986623946244598,
    "method": "RestrictedKSDFT",
    "mp2_tflops": 0.0,
    "mp2_time": 6.9533558049797e-310,
    "n_atoms": 64,
    "nmers": [
      [
        {
          "fragments": [
            0
          ],
          "hf_energy": -1613.5140577185518,
          "num_basis_fns": 1434,
          "num_iters": 16,
          "schema_version": "0.2.0"
        }
      ]
    ],
    "num_iters": 16,
    "ri_fock_time": 0.22955360199999997,
    "ri_tflops": 2.0192194294036825,
    "scf_tflops": 35.148135699580045,
    "scf_time": 27.444311095,
    "schema_version": "0.2.0",
    "tflops": 32.518375602688536,
    "total_time": 27.622201,
    "transforms_time": 0.084036188,
    "xc_tflops": 43.74560077964,
    "xc_time": 20.216076279
  },
  "schema_version": "0.2.0"
}
