{
  "calculation_time": 27.732553,
  "qmmbe": {
    "b_formation_time": 2.022038501,
    "b_tflops": 6.75506696061867,
    "diag_time": 3.6321764940000008,
    "expanded_elec_energy": -5738.479558068539,
    "expanded_hf_energy": -1613.5075972254276,
    "expanded_nuc_repulsion_energy": 4361.024905875197,
    "expanded_xc_energy": -236.05294503208586,
    "homo": -0.1751266317005464,
    "lumo": -0.10029062862394159,
    "method": "RestrictedKSDFT",
    "mp2_tflops": 0.0,
    "mp2_time": 6.9533558049623e-310,
    "n_atoms": 64,
    "nmers": [
      [
        {
          "fragments": [
            0
          ],
          "hf_energy": -1613.5075972254276,
          "num_basis_fns": 1434,
          "num_iters": 16,
          "schema_version": "0.2.0"
        }
      ]
    ],
    "num_iters": 16,
    "ri_fock_time": 0.228485292,
    "ri_tflops": 2.0286605286085546,
    "scf_tflops": 34.93812404222924,
    "scf_time": 27.520469928,
    "schema_version": "0.2.0",
    "tflops": 32.31317187024157,
    "total_time": 27.727998,
    "transforms_time": 0.08229680599999999,
    "xc_tflops": 43.44794588124842,
    "xc_time": 20.280295382999995
  },
  "schema_version": "0.2.0"
}
