{
  "calculation_time": 27.959377428,
  "qmmbe": {
    "b_formation_time": 2.02747071,
    "b_tflops": 6.424107491732889,
    "diag_time": 3.7415816810000004,
    "expanded_elec_energy": -5641.2081415491075,
    "expanded_hf_energy": -1613.5157914505712,
    "expanded_nuc_repulsion_energy": 4263.734620125239,
    "expanded_xc_energy": -236.0422700267032,
    "homo": -0.17197052761785003,
    "lumo": -0.106817400373788,
    "method": "RestrictedKSDFT",
    "mp2_tflops": 0.0,
    "mp2_time": 6.9533558049623e-310,
    "n_atoms": 64,
    "nmers": [
      [
        {
          "fragments": [
            0
          ],
          "hf_energy": -1613.5157914505712,
          "num_basis_fns": 1434,
          "num_iters": 16,
          "schema_version": "0.2.0"
        }
      ]
    ],
    "num_iters": 16,
    "ri_fock_time": 0.22347150999999998,
    "ri_tflops": 2.0741753311104403,
    "scf_tflops": 34.64248986749064,
    "scf_time": 27.776780368,
    "schema_version": "0.2.0",
    "tflops": 32.08722249872846,
    "total_time": 27.954977,
    "transforms_time": 0.08082947200000001,
    "xc_tflops": 43.16716672933698,
    "xc_time": 20.450458304
  },
  "schema_version": "0.2.0"
}
