{
  "calculation_time": 19.25526339,
  "qmmbe": {
    "b_formation_time": 1.404477922,
    "b_tflops": 5.210399964065793,
    "diag_time": 2.518902338,
    "expanded_elec_energy": -4436.29080973687,
    "expanded_hf_energy": -1383.6753767513555,
    "expanded_nuc_repulsion_energy": 3255.3242401029243,
    "expanded_xc_energy": -202.70880711740992,
    "homo": -0.1722578660733704,
    "lumo": -0.10743930580158616,
    "method": "RestrictedKSDFT",
    "mp2_tflops": 0.0,
    "mp2_time": 6.95335580496705e-310,
    "n_atoms": 56,
    "nmers": [
      [
        {
          "fragments": [
            0
          ],
          "hf_energy": -1383.6753767513555,
          "num_basis_fns": 1236,
          "num_iters": 16,
          "schema_version": "0.2.0"
        }
      ]
    ],
    "num_iters": 16,
    "ri_fock_time": 0.147748148,
    "ri_tflops": 2.0090772547890077,
    "scf_tflops": 32.9055788951793,
    "scf_time": 19.117133552,
    "schema_version": "0.2.0",
    "tflops": 30.316557415403118,
    "total_time": 19.251531,
    "transforms_time": 0.07547735499999997,
    "xc_tflops": 41.01555149066625,
    "xc_time": 14.033030500000002
  },
  "schema_version": "0.2.0"
}
