{
  "calculation_time": 27.610554015,
  "qmmbe": {
    "b_formation_time": 1.994630244,
    "b_tflops": 6.527526052306263,
    "diag_time": 3.6857220439999994,
    "expanded_elec_energy": -5640.1786630691995,
    "expanded_hf_energy": -1613.502712167565,
    "expanded_nuc_repulsion_energy": 4262.721774375425,
    "expanded_xc_energy": -236.04582347379096,
    "homo": -0.17613821704398194,
    "lumo": -0.10424193594966132,
    "method": "RestrictedKSDFT",
    "mp2_tflops": 0.0,
    "mp2_time": 6.9533558049797e-310,
    "n_atoms": 64,
    "nmers": [
      [
        {
          "fragments": [
            0
          ],
          "hf_energy": -1613.502712167565,
          "num_basis_fns": 1434,
          "num_iters": 16,
          "schema_version": "0.2.0"
        }
      ]
    ],
    "num_iters": 16,
    "ri_fock_time": 0.22241703699999998,
    "ri_tflops": 2.084008938793659,
    "scf_tflops": 35.12932302804814,
    "scf_time": 27.411940036,
    "schema_version": "0.2.0",
    "tflops": 32.52140525071862,
    "total_time": 27.60627,
    "transforms_time": 0.080865932,
    "xc_tflops": 43.7834096760474,
    "xc_time": 20.181362890000003
  },
  "schema_version": "0.2.0"
}
