{
  "calculation_time": 28.773959552,
  "qmmbe": {
    "b_formation_time": 1.955056163,
    "b_tflops": 6.0889896708813875,
    "diag_time": 3.9348751120000003,
    "expanded_elec_energy": -5430.528239113497,
    "expanded_hf_energy": -1613.5103409172857,
    "expanded_nuc_repulsion_energy": 4053.050167390511,
    "expanded_xc_energy": -236.03226919429972,
    "homo": -0.1692399958400195,
    "lumo": -0.11248866049894876,
    "method": "RestrictedKSDFT",
    "mp2_tflops": 0.0,
    "mp2_time": 6.9533558049623e-310,
    "n_atoms": 64,
    "nmers": [
      [
        {
          "fragments": [
            0
          ],
          "hf_energy": -1613.5103409172857,
          "num_basis_fns": 1434,
          "num_iters": 17,
          "schema_version": "0.2.0"
        }
      ]
    ],
    "num_iters": 17,
    "ri_fock_time": 0.236861139,
    "ri_tflops": 2.0792310577211235,
    "scf_tflops": 35.53126756092222,
    "scf_time": 28.603699765000002,
    "schema_version": "0.2.0",
    "tflops": 33.05205674450215,
    "total_time": 28.769525,
    "transforms_time": 0.08692749,
    "xc_tflops": 44.52294989260758,
    "xc_time": 21.062289536
  },
  "schema_version": "0.2.0"
}
