{
  "calculation_time": 31.560342661,
  "qmmbe": {
    "b_formation_time": 2.198187297,
    "b_tflops": 7.046528694862165,
    "diag_time": 4.266944663,
    "expanded_elec_energy": -6049.31994096786,
    "expanded_hf_energy": -1690.902017143249,
    "expanded_nuc_repulsion_energy": 4606.050925631349,
    "expanded_xc_energy": -247.63300180673798,
    "homo": -0.18603705450333535,
    "lumo": -0.0918074744603409,
    "method": "RestrictedKSDFT",
    "mp2_tflops": 0.0,
    "mp2_time": 6.9533558049734e-310,
    "n_atoms": 68,
    "nmers": [
      [
        {
          "fragments": [
            0
          ],
          "hf_energy": -1690.902017143249,
          "num_basis_fns": 1508,
          "num_iters": 16,
          "schema_version": "0.2.0"
        }
      ]
    ],
    "num_iters": 16,
    "ri_fock_time": 0.258011396,
    "ri_tflops": 2.089367074251247,
    "scf_tflops": 35.8964563246532,
    "scf_time": 31.363428889,
    "schema_version": "0.2.0",
    "tflops": 33.38331930350353,
    "total_time": 31.556001,
    "transforms_time": 0.08652866900000003,
    "xc_tflops": 44.83996953212008,
    "xc_time": 23.117197050999998
  },
  "schema_version": "0.2.0"
}
