{
  "calculation_time": 31.832883215,
  "qmmbe": {
    "b_formation_time": 2.216451783,
    "b_tflops": 6.736162018658269,
    "diag_time": 4.257492204,
    "expanded_elec_energy": -5976.656458831063,
    "expanded_hf_energy": -1690.8832969091345,
    "expanded_nuc_repulsion_energy": 4533.384376826218,
    "expanded_xc_energy": -247.6112149042891,
    "homo": -0.1696194893992415,
    "lumo": -0.11001105259756312,
    "method": "RestrictedKSDFT",
    "mp2_tflops": 0.0,
    "mp2_time": 6.9533558049639e-310,
    "n_atoms": 68,
    "nmers": [
      [
        {
          "fragments": [
            0
          ],
          "hf_energy": -1690.8832969091345,
          "num_basis_fns": 1508,
          "num_iters": 16,
          "schema_version": "0.2.0"
        }
      ]
    ],
    "num_iters": 16,
    "ri_fock_time": 0.260275566,
    "ri_tflops": 2.071191406357368,
    "scf_tflops": 35.64606182491266,
    "scf_time": 31.615351476,
    "schema_version": "0.2.0",
    "tflops": 33.13017063359212,
    "total_time": 31.828303,
    "transforms_time": 0.084305347,
    "xc_tflops": 44.39417377086671,
    "xc_time": 23.385661192999997
  },
  "schema_version": "0.2.0"
}
