{
  "calculation_time": 33.859486879,
  "qmmbe": {
    "b_formation_time": 2.296381016,
    "b_tflops": 7.3958234673718435,
    "diag_time": 4.5161137799999995,
    "expanded_elec_energy": -6252.0873369176625,
    "expanded_hf_energy": -1690.8770780035102,
    "expanded_nuc_repulsion_energy": 4808.8395208606635,
    "expanded_xc_energy": -247.62926194651106,
    "homo": -0.17814847126221675,
    "lumo": -0.0985195799137353,
    "method": "RestrictedKSDFT",
    "mp2_tflops": 0.0,
    "mp2_time": 6.9533558049734e-310,
    "n_atoms": 68,
    "nmers": [
      [
        {
          "fragments": [
            0
          ],
          "hf_energy": -1690.8770780035102,
          "num_basis_fns": 1508,
          "num_iters": 17,
          "schema_version": "0.2.0"
        }
      ]
    ],
    "num_iters": 17,
    "ri_fock_time": 0.27608635800000003,
    "ri_tflops": 2.0746155368096817,
    "scf_tflops": 35.22689376401062,
    "scf_time": 33.628618669,
    "schema_version": "0.2.0",
    "tflops": 32.81546787114241,
    "total_time": 33.85488,
    "transforms_time": 0.09464683900000001,
    "xc_tflops": 43.82310210131647,
    "xc_time": 24.930140512999998
  },
  "schema_version": "0.2.0"
}
