{
  "calculation_time": 33.514265358,
  "qmmbe": {
    "b_formation_time": 2.365786289,
    "b_tflops": 7.649199704807319,
    "diag_time": 4.560781346000001,
    "expanded_elec_energy": -6404.528254245564,
    "expanded_hf_energy": -1690.8821910739894,
    "expanded_nuc_repulsion_energy": 4961.29232837269,
    "expanded_xc_energy": -247.64626520111466,
    "homo": -0.17330628806116719,
    "lumo": -0.10027548835560901,
    "method": "RestrictedKSDFT",
    "mp2_tflops": 0.0,
    "mp2_time": 6.9533558049639e-310,
    "n_atoms": 68,
    "nmers": [
      [
        {
          "fragments": [
            0
          ],
          "hf_energy": -1690.8821910739894,
          "num_basis_fns": 1508,
          "num_iters": 17,
          "schema_version": "0.2.0"
        }
      ]
    ],
    "num_iters": 17,
    "ri_fock_time": 0.274868245,
    "ri_tflops": 2.0838094549917905,
    "scf_tflops": 35.564914031458734,
    "scf_time": 33.272895727,
    "schema_version": "0.2.0",
    "tflops": 33.04820850933664,
    "total_time": 33.509685,
    "transforms_time": 0.09123432899999998,
    "xc_tflops": 44.44363921612507,
    "xc_time": 24.477886371
  },
  "schema_version": "0.2.0"
}
