{
  "calculation_time": 23.910500226,
  "qmmbe": {
    "b_formation_time": 1.847525589,
    "b_tflops": 6.281575375763849,
    "diag_time": 3.2836082490000003,
    "expanded_elec_energy": -5345.836674779112,
    "expanded_hf_energy": -1537.2736863021594,
    "expanded_nuc_repulsion_energy": 4033.7385381752074,
    "expanded_xc_energy": -225.17554969825434,
    "homo": -0.1795285675656071,
    "lumo": -0.09433688971623418,
    "method": "RestrictedKSDFT",
    "mp2_tflops": 0.0,
    "mp2_time": 6.9533558049734e-310,
    "n_atoms": 62,
    "nmers": [
      [
        {
          "fragments": [
            0
          ],
          "hf_energy": -1537.2736863021594,
          "num_basis_fns": 1372,
          "num_iters": 16,
          "schema_version": "0.2.0"
        }
      ]
    ],
    "num_iters": 16,
    "ri_fock_time": 0.203497952,
    "ri_tflops": 1.9950696168185515,
    "scf_tflops": 36.07601329134313,
    "scf_time": 23.73424167,
    "schema_version": "0.2.0",
    "tflops": 33.1585616685157,
    "total_time": 23.906412,
    "transforms_time": 0.08119956300000002,
    "xc_tflops": 45.49006118539977,
    "xc_time": 17.14793173
  },
  "schema_version": "0.2.0"
}
