{
  "calculation_time": 31.580506554,
  "qmmbe": {
    "b_formation_time": 2.24693114,
    "b_tflops": 7.032049607900311,
    "diag_time": 4.320871937,
    "expanded_elec_energy": -6092.055366821862,
    "expanded_hf_energy": -1690.8814696593358,
    "expanded_nuc_repulsion_energy": 4648.787592801759,
    "expanded_xc_energy": -247.61369563923347,
    "homo": -0.17221103339832805,
    "lumo": -0.10437861143239079,
    "method": "RestrictedKSDFT",
    "mp2_tflops": 0.0,
    "mp2_time": 6.95335580496547e-310,
    "n_atoms": 68,
    "nmers": [
      [
        {
          "fragments": [
            0
          ],
          "hf_energy": -1690.8814696593358,
          "num_basis_fns": 1508,
          "num_iters": 16,
          "schema_version": "0.2.0"
        }
      ]
    ],
    "num_iters": 16,
    "ri_fock_time": 0.256046109,
    "ri_tflops": 2.1054040527676987,
    "scf_tflops": 35.8174194404963,
    "scf_time": 31.37651825,
    "schema_version": "0.2.0",
    "tflops": 33.26896166778728,
    "total_time": 31.575724,
    "transforms_time": 0.08610226000000001,
    "xc_tflops": 44.8231303649216,
    "xc_time": 23.053505538
  },
  "schema_version": "0.2.0"
}
