{
  "calculation_time": 34.297211245,
  "qmmbe": {
    "b_formation_time": 2.360336747,
    "b_tflops": 8.24578023562161,
    "diag_time": 5.101362042,
    "expanded_elec_energy": -6583.233490975912,
    "expanded_hf_energy": -1690.8883305650347,
    "expanded_nuc_repulsion_energy": 5140.001289446115,
    "expanded_xc_energy": -247.65612903523794,
    "homo": -0.1749374278146676,
    "lumo": -0.0955373465757983,
    "method": "RestrictedKSDFT",
    "mp2_tflops": 0.0,
    "mp2_time": 6.9533558049734e-310,
    "n_atoms": 68,
    "nmers": [
      [
        {
          "fragments": [
            0
          ],
          "hf_energy": -1690.8883305650347,
          "num_basis_fns": 1508,
          "num_iters": 17,
          "schema_version": "0.2.0"
        }
      ]
    ],
    "num_iters": 17,
    "ri_fock_time": 0.272161409,
    "ri_tflops": 2.104534400790084,
    "scf_tflops": 34.48160002941219,
    "scf_time": 34.058752711,
    "schema_version": "0.2.0",
    "tflops": 32.16347471721946,
    "total_time": 34.292603,
    "transforms_time": 0.08910347,
    "xc_tflops": 43.744098483127964,
    "xc_time": 24.736043823
  },
  "schema_version": "0.2.0"
}
