{
  "calculation_time": 19.477041733,
  "qmmbe": {
    "b_formation_time": 1.698639219,
    "b_tflops": 3.6300460564533803,
    "diag_time": 2.517751591,
    "expanded_elec_energy": -4132.613509236777,
    "expanded_hf_energy": -1306.2847211814424,
    "expanded_nuc_repulsion_energy": 3017.464744044227,
    "expanded_xc_energy": -191.1359559888925,
    "homo": -0.16093963066389333,
    "lumo": -0.1184277812586439,
    "method": "RestrictedKSDFT",
    "mp2_tflops": 0.0,
    "mp2_time": 6.95335580496705e-310,
    "n_atoms": 52,
    "nmers": [
      [
        {
          "fragments": [
            0
          ],
          "hf_energy": -1306.2847211814424,
          "num_basis_fns": 1162,
          "num_iters": 18,
          "schema_version": "0.2.0"
        }
      ]
    ],
    "num_iters": 18,
    "ri_fock_time": 0.133528417,
    "ri_tflops": 2.0779018077627622,
    "scf_tflops": 30.351766588040483,
    "scf_time": 19.350864091,
    "schema_version": "0.2.0",
    "tflops": 27.535911145322302,
    "total_time": 19.473641,
    "transforms_time": 0.07839912900000001,
    "xc_tflops": 37.85764209091585,
    "xc_time": 13.982803862
  },
  "schema_version": "0.2.0"
}
