{
  "calculation_time": 37.786141042,
  "qmmbe": {
    "b_formation_time": 4.28817026,
    "b_tflops": 3.642446862829556,
    "diag_time": 5.084932516,
    "expanded_elec_energy": -6068.46235077981,
    "expanded_hf_energy": -1690.8671933546518,
    "expanded_nuc_repulsion_energy": 4625.220056172233,
    "expanded_xc_energy": -247.62489874707504,
    "homo": -0.1761775884580374,
    "lumo": -0.09800144917309395,
    "method": "RestrictedKSDFT",
    "mp2_tflops": 0.0,
    "mp2_time": 6.9533558049734e-310,
    "n_atoms": 68,
    "nmers": [
      [
        {
          "fragments": [
            0
          ],
          "hf_energy": -1690.8671933546518,
          "num_basis_fns": 1508,
          "num_iters": 17,
          "schema_version": "0.2.0"
        }
      ]
    ],
    "num_iters": 17,
    "ri_fock_time": 0.309889826,
    "ri_tflops": 1.8483118829722407,
    "scf_tflops": 34.985081291347235,
    "scf_time": 35.964222051,
    "schema_version": "0.2.0",
    "tflops": 30.286593063139698,
    "total_time": 36.238958,
    "transforms_time": 0.281846697,
    "xc_tflops": 44.71924338870574,
    "xc_time": 24.519643419999994
  },
  "schema_version": "0.2.0"
}
