{
  "calculation_time": 32.006799591,
  "qmmbe": {
    "b_formation_time": 2.260089125,
    "b_tflops": 6.936452039054876,
    "diag_time": 4.296487637,
    "expanded_elec_energy": -6079.58879648977,
    "expanded_hf_energy": -1690.8868543442286,
    "expanded_nuc_repulsion_energy": 4636.325366883613,
    "expanded_xc_energy": -247.62342473807158,
    "homo": -0.17926682526439838,
    "lumo": -0.09716466360699087,
    "method": "RestrictedKSDFT",
    "mp2_tflops": 0.0,
    "mp2_time": 6.9533558049734e-310,
    "n_atoms": 68,
    "nmers": [
      [
        {
          "fragments": [
            0
          ],
          "hf_energy": -1690.8868543442286,
          "num_basis_fns": 1508,
          "num_iters": 16,
          "schema_version": "0.2.0"
        }
      ]
    ],
    "num_iters": 16,
    "ri_fock_time": 0.256026336,
    "ri_tflops": 2.105566653830487,
    "scf_tflops": 35.454480070117846,
    "scf_time": 31.804530863,
    "schema_version": "0.2.0",
    "tflops": 32.92306074554985,
    "total_time": 32.002349,
    "transforms_time": 0.08459874799999999,
    "xc_tflops": 44.1599520290214,
    "xc_time": 23.472975888
  },
  "schema_version": "0.2.0"
}
