{
  "calculation_time": 27.426873292,
  "qmmbe": {
    "b_formation_time": 1.992117608,
    "b_tflops": 6.640979327692384,
    "diag_time": 3.68206658,
    "expanded_elec_energy": -5661.780832408293,
    "expanded_hf_energy": -1613.5003756496114,
    "expanded_nuc_repulsion_energy": 4284.333097654719,
    "expanded_xc_energy": -236.05264089603747,
    "homo": -0.17678277881729784,
    "lumo": -0.10044785607790134,
    "method": "RestrictedKSDFT",
    "mp2_tflops": 0.0,
    "mp2_time": 6.9533558049797e-310,
    "n_atoms": 64,
    "nmers": [
      [
        {
          "fragments": [
            0
          ],
          "hf_energy": -1613.5003756496114,
          "num_basis_fns": 1434,
          "num_iters": 16,
          "schema_version": "0.2.0"
        }
      ]
    ],
    "num_iters": 16,
    "ri_fock_time": 0.222305269,
    "ri_tflops": 2.085056712029619,
    "scf_tflops": 35.31472195398925,
    "scf_time": 27.241923828,
    "schema_version": "0.2.0",
    "tflops": 32.670319295087545,
    "total_time": 27.422647,
    "transforms_time": 0.08214341500000003,
    "xc_tflops": 44.114541748943445,
    "xc_time": 19.98179389
  },
  "schema_version": "0.2.0"
}
