{
  "calculation_time": 29.768422153,
  "qmmbe": {
    "b_formation_time": 2.13931217,
    "b_tflops": 6.703959277198894,
    "diag_time": 4.0693278809999995,
    "expanded_elec_energy": -5874.3610858852935,
    "expanded_hf_energy": -1690.9144719963601,
    "expanded_nuc_repulsion_energy": 4431.067838002768,
    "expanded_xc_energy": -247.62122411383513,
    "homo": -0.18387070311612455,
    "lumo": -0.09396274514442049,
    "method": "RestrictedKSDFT",
    "mp2_tflops": 0.0,
    "mp2_time": 6.9533558049734e-310,
    "n_atoms": 68,
    "nmers": [
      [
        {
          "fragments": [
            0
          ],
          "hf_energy": -1690.9144719963601,
          "num_basis_fns": 1508,
          "num_iters": 15,
          "schema_version": "0.2.0"
        }
      ]
    ],
    "num_iters": 15,
    "ri_fock_time": 0.239988785,
    "ri_tflops": 2.105881670095542,
    "scf_tflops": 35.97754783692904,
    "scf_time": 29.582695859,
    "schema_version": "0.2.0",
    "tflops": 33.38075993489802,
    "total_time": 29.763819,
    "transforms_time": 0.08019550299999997,
    "xc_tflops": 45.07237043395358,
    "xc_time": 21.696651436999996
  },
  "schema_version": "0.2.0"
}
