{
  "calculation_time": 23.706013446,
  "qmmbe": {
    "b_formation_time": 1.74578112,
    "b_tflops": 5.607228750163137,
    "diag_time": 3.294708657,
    "expanded_elec_energy": -5016.428568291896,
    "expanded_hf_energy": -1537.297866971495,
    "expanded_nuc_repulsion_energy": 3704.285685476801,
    "expanded_xc_energy": -225.15498415639996,
    "homo": -0.17084832369451833,
    "lumo": -0.11156116511420489,
    "method": "RestrictedKSDFT",
    "mp2_tflops": 0.0,
    "mp2_time": 6.9533558049623e-310,
    "n_atoms": 62,
    "nmers": [
      [
        {
          "fragments": [
            0
          ],
          "hf_energy": -1537.297866971495,
          "num_basis_fns": 1372,
          "num_iters": 16,
          "schema_version": "0.2.0"
        }
      ]
    ],
    "num_iters": 16,
    "ri_fock_time": 0.20391443600000003,
    "ri_tflops": 1.9909947970530146,
    "scf_tflops": 36.44074783672417,
    "scf_time": 23.540522661,
    "schema_version": "0.2.0",
    "tflops": 33.61067741346333,
    "total_time": 23.701844,
    "transforms_time": 0.08073843600000002,
    "xc_tflops": 46.007668586604865,
    "xc_time": 17.08040362
  },
  "schema_version": "0.2.0"
}
