{
  "calculation_time": 29.795586435,
  "qmmbe": {
    "b_formation_time": 2.070511847,
    "b_tflops": 6.595280532377461,
    "diag_time": 4.00506008,
    "expanded_elec_energy": -5766.493591190521,
    "expanded_hf_energy": -1690.9160262325126,
    "expanded_nuc_repulsion_energy": 4323.194272167038,
    "expanded_xc_energy": -247.61670720902987,
    "homo": -0.18043863140646768,
    "lumo": -0.10007277511258143,
    "method": "RestrictedKSDFT",
    "mp2_tflops": 0.0,
    "mp2_time": 6.95335580496547e-310,
    "n_atoms": 68,
    "nmers": [
      [
        {
          "fragments": [
            0
          ],
          "hf_energy": -1690.9160262325126,
          "num_basis_fns": 1508,
          "num_iters": 15,
          "schema_version": "0.2.0"
        }
      ]
    ],
    "num_iters": 15,
    "ri_fock_time": 0.242691601,
    "ri_tflops": 2.08242881615009,
    "scf_tflops": 35.88593257968896,
    "scf_time": 29.613147198,
    "schema_version": "0.2.0",
    "tflops": 33.371817459040805,
    "total_time": 29.791145,
    "transforms_time": 0.07931737399999998,
    "xc_tflops": 44.72801891864038,
    "xc_time": 21.893059684
  },
  "schema_version": "0.2.0"
}
