{
  "calculation_time": 24.383592466,
  "qmmbe": {
    "b_formation_time": 1.79708011,
    "b_tflops": 5.990756415392077,
    "diag_time": 3.710231929,
    "expanded_elec_energy": -5195.43486723655,
    "expanded_hf_energy": -1537.283227772799,
    "expanded_nuc_repulsion_energy": 3883.323754493862,
    "expanded_xc_energy": -225.17211503011055,
    "homo": -0.17927089907516694,
    "lumo": -0.09820039983365397,
    "method": "RestrictedKSDFT",
    "mp2_tflops": 0.0,
    "mp2_time": 6.9533558049623e-310,
    "n_atoms": 62,
    "nmers": [
      [
        {
          "fragments": [
            0
          ],
          "hf_energy": -1537.283227772799,
          "num_basis_fns": 1372,
          "num_iters": 16,
          "schema_version": "0.2.0"
        }
      ]
    ],
    "num_iters": 16,
    "ri_fock_time": 0.204142606,
    "ri_tflops": 1.9887694640284939,
    "scf_tflops": 35.30273889197176,
    "scf_time": 24.216871651,
    "schema_version": "0.2.0",
    "tflops": 32.578544128317084,
    "total_time": 24.379361,
    "transforms_time": 0.08060021199999998,
    "xc_tflops": 45.30607076758726,
    "xc_time": 17.270415103000005
  },
  "schema_version": "0.2.0"
}
