{
  "calculation_time": 31.863002214,
  "qmmbe": {
    "b_formation_time": 2.191091085,
    "b_tflops": 6.944920619692084,
    "diag_time": 4.273658904,
    "expanded_elec_energy": -6001.159913408017,
    "expanded_hf_energy": -1690.8856329491985,
    "expanded_nuc_repulsion_energy": 4557.893043582491,
    "expanded_xc_energy": -247.61876312367275,
    "homo": -0.17133545369859723,
    "lumo": -0.10752911977120944,
    "method": "RestrictedKSDFT",
    "mp2_tflops": 0.0,
    "mp2_time": 6.95335580496547e-310,
    "n_atoms": 68,
    "nmers": [
      [
        {
          "fragments": [
            0
          ],
          "hf_energy": -1690.8856329491985,
          "num_basis_fns": 1508,
          "num_iters": 16,
          "schema_version": "0.2.0"
        }
      ]
    ],
    "num_iters": 16,
    "ri_fock_time": 0.256193841,
    "ri_tflops": 2.104189989422892,
    "scf_tflops": 35.50198976256847,
    "scf_time": 31.668753026,
    "schema_version": "0.2.0",
    "tflops": 33.05415857671922,
    "total_time": 31.858353,
    "transforms_time": 0.08359520999999999,
    "xc_tflops": 44.23271850166302,
    "xc_time": 23.431960540000002
  },
  "schema_version": "0.2.0"
}
