{
  "calculation_time": 33.581033768,
  "qmmbe": {
    "b_formation_time": 2.195757312,
    "b_tflops": 6.936909993594046,
    "diag_time": 4.48719381,
    "expanded_elec_energy": -6006.838695253476,
    "expanded_hf_energy": -1690.8803793116203,
    "expanded_nuc_repulsion_energy": 4563.57135359948,
    "expanded_xc_energy": -247.61303765762472,
    "homo": -0.16527649403297456,
    "lumo": -0.11592740737005157,
    "method": "RestrictedKSDFT",
    "mp2_tflops": 0.0,
    "mp2_time": 6.9533558049639e-310,
    "n_atoms": 68,
    "nmers": [
      [
        {
          "fragments": [
            0
          ],
          "hf_energy": -1690.8803793116203,
          "num_basis_fns": 1508,
          "num_iters": 17,
          "schema_version": "0.2.0"
        }
      ]
    ],
    "num_iters": 17,
    "ri_fock_time": 0.276052889,
    "ri_tflops": 2.0748670658107113,
    "scf_tflops": 35.54345376992582,
    "scf_time": 33.381504388,
    "schema_version": "0.2.0",
    "tflops": 33.17847695505581,
    "total_time": 33.576432,
    "transforms_time": 0.09358262800000001,
    "xc_tflops": 44.17892151395683,
    "xc_time": 24.838008203
  },
  "schema_version": "0.2.0"
}
