{
  "calculation_time": 25.099855274,
  "qmmbe": {
    "b_formation_time": 1.781345728,
    "b_tflops": 6.043557185186682,
    "diag_time": 3.4517389500000006,
    "expanded_elec_energy": -5196.949928698882,
    "expanded_hf_energy": -1537.266530142463,
    "expanded_nuc_repulsion_energy": 3884.843068686408,
    "expanded_xc_energy": -225.1596701299888,
    "homo": -0.16257679146454523,
    "lumo": -0.11496275477957377,
    "method": "RestrictedKSDFT",
    "mp2_tflops": 0.0,
    "mp2_time": 6.9533558049623e-310,
    "n_atoms": 62,
    "nmers": [
      [
        {
          "fragments": [
            0
          ],
          "hf_energy": -1537.266530142463,
          "num_basis_fns": 1372,
          "num_iters": 17,
          "schema_version": "0.2.0"
        }
      ]
    ],
    "num_iters": 17,
    "ri_fock_time": 0.208557801,
    "ri_tflops": 2.0683336483778905,
    "scf_tflops": 36.25802178310833,
    "scf_time": 24.935416908,
    "schema_version": "0.2.0",
    "tflops": 33.55286719901515,
    "total_time": 25.095667,
    "transforms_time": 0.08819326600000002,
    "xc_tflops": 45.635693920732926,
    "xc_time": 18.190996105000004
  },
  "schema_version": "0.2.0"
}
