{
  "calculation_time": 31.922922286,
  "qmmbe": {
    "b_formation_time": 2.217564482,
    "b_tflops": 6.9083880183539135,
    "diag_time": 4.308572078,
    "expanded_elec_energy": -6023.4032550902175,
    "expanded_hf_energy": -1690.8807808650008,
    "expanded_nuc_repulsion_energy": 4580.140783948522,
    "expanded_xc_energy": -247.61830972330526,
    "homo": -0.17543439517356632,
    "lumo": -0.10517364145448278,
    "method": "RestrictedKSDFT",
    "mp2_tflops": 0.0,
    "mp2_time": 6.95335580496705e-310,
    "n_atoms": 68,
    "nmers": [
      [
        {
          "fragments": [
            0
          ],
          "hf_energy": -1690.8807808650008,
          "num_basis_fns": 1508,
          "num_iters": 16,
          "schema_version": "0.2.0"
        }
      ]
    ],
    "num_iters": 16,
    "ri_fock_time": 0.258850024,
    "ri_tflops": 2.0825978968578345,
    "scf_tflops": 35.49708278512395,
    "scf_time": 31.709616926,
    "schema_version": "0.2.0",
    "tflops": 33.00425673011491,
    "total_time": 31.918531,
    "transforms_time": 0.08591742300000002,
    "xc_tflops": 44.22404574890061,
    "xc_time": 23.443465738
  },
  "schema_version": "0.2.0"
}
