{
  "calculation_time": 28.234034151,
  "qmmbe": {
    "b_formation_time": 2.006037011,
    "b_tflops": 6.8687079695061515,
    "diag_time": 3.607753813,
    "expanded_elec_energy": -5752.444476334378,
    "expanded_hf_energy": -1613.5097139793802,
    "expanded_nuc_repulsion_energy": 4374.977809176185,
    "expanded_xc_energy": -236.0430468211867,
    "homo": -0.1764199890820215,
    "lumo": -0.1038636853921175,
    "method": "RestrictedKSDFT",
    "mp2_tflops": 0.0,
    "mp2_time": 6.9533558049813e-310,
    "n_atoms": 64,
    "nmers": [
      [
        {
          "fragments": [
            0
          ],
          "hf_energy": -1613.5097139793802,
          "num_basis_fns": 1434,
          "num_iters": 16,
          "schema_version": "0.2.0"
        }
      ]
    ],
    "num_iters": 16,
    "ri_fock_time": 0.23009118,
    "ri_tflops": 2.014501786848153,
    "scf_tflops": 34.17543741956403,
    "scf_time": 28.041706718,
    "schema_version": "0.2.0",
    "tflops": 31.682298029749408,
    "total_time": 28.229912,
    "transforms_time": 0.08403299299999999,
    "xc_tflops": 42.220471854100346,
    "xc_time": 20.829312901999998
  },
  "schema_version": "0.2.0"
}
