{
  "calculation_time": 31.551340611,
  "qmmbe": {
    "b_formation_time": 2.139528721,
    "b_tflops": 6.817896830317895,
    "diag_time": 4.229362097999999,
    "expanded_elec_energy": -5926.768360659209,
    "expanded_hf_energy": -1690.8985564671345,
    "expanded_nuc_repulsion_energy": 4483.486945107682,
    "expanded_xc_energy": -247.61714091560754,
    "homo": -0.17266049100685948,
    "lumo": -0.10826617415289515,
    "method": "RestrictedKSDFT",
    "mp2_tflops": 0.0,
    "mp2_time": 6.9533558049639e-310,
    "n_atoms": 68,
    "nmers": [
      [
        {
          "fragments": [
            0
          ],
          "hf_energy": -1690.8985564671345,
          "num_basis_fns": 1508,
          "num_iters": 16,
          "schema_version": "0.2.0"
        }
      ]
    ],
    "num_iters": 16,
    "ri_fock_time": 0.258635646,
    "ri_tflops": 2.08432412129301,
    "scf_tflops": 35.922118335659135,
    "scf_time": 31.363874797,
    "schema_version": "0.2.0",
    "tflops": 33.43821519376513,
    "total_time": 31.546694,
    "transforms_time": 0.08687682899999999,
    "xc_tflops": 44.728968258276076,
    "xc_time": 23.226498569000004
  },
  "schema_version": "0.2.0"
}
