{
  "calculation_time": 20.185863047,
  "qmmbe": {
    "b_formation_time": 1.450548382,
    "b_tflops": 5.417955945312275,
    "diag_time": 2.651950626,
    "expanded_elec_energy": -4571.59281723542,
    "expanded_hf_energy": -1382.5095263149383,
    "expanded_nuc_repulsion_energy": 3391.10457704721,
    "expanded_xc_energy": -202.02128612672868,
    "homo": -0.1683845219397169,
    "lumo": -0.10964177579346995,
    "method": "RestrictedKSDFT",
    "mp2_tflops": 0.0,
    "mp2_time": 6.95335580496705e-310,
    "n_atoms": 54,
    "nmers": [
      [
        {
          "fragments": [
            0
          ],
          "hf_energy": -1382.5095263149383,
          "num_basis_fns": 1224,
          "num_iters": 17,
          "schema_version": "0.2.0"
        }
      ]
    ],
    "num_iters": 17,
    "ri_fock_time": 0.138895967,
    "ri_tflops": 2.2048095882294403,
    "scf_tflops": 31.451366615711258,
    "scf_time": 20.038325518,
    "schema_version": "0.2.0",
    "tflops": 29.0175722792657,
    "total_time": 20.18225,
    "transforms_time": 0.078782579,
    "xc_tflops": 39.19843919796645,
    "xc_time": 14.719975785
  },
  "schema_version": "0.2.0"
}
