{
  "calculation_time": 29.990875285,
  "qmmbe": {
    "b_formation_time": 2.13685715,
    "b_tflops": 6.77799765015083,
    "diag_time": 3.997852922,
    "expanded_elec_energy": -5885.935495220319,
    "expanded_hf_energy": -1690.902508114258,
    "expanded_nuc_repulsion_energy": 4442.658459682474,
    "expanded_xc_energy": -247.6254725764127,
    "homo": -0.1805163143901453,
    "lumo": -0.09857282351748144,
    "method": "RestrictedKSDFT",
    "mp2_tflops": 0.0,
    "mp2_time": 6.95335580496705e-310,
    "n_atoms": 68,
    "nmers": [
      [
        {
          "fragments": [
            0
          ],
          "hf_energy": -1690.902508114258,
          "num_basis_fns": 1508,
          "num_iters": 15,
          "schema_version": "0.2.0"
        }
      ]
    ],
    "num_iters": 15,
    "ri_fock_time": 0.23982506399999995,
    "ri_tflops": 2.1073192890297743,
    "scf_tflops": 35.72982206273064,
    "scf_time": 29.803586574,
    "schema_version": "0.2.0",
    "tflops": 33.132453110799325,
    "total_time": 29.986362,
    "transforms_time": 0.08068014600000002,
    "xc_tflops": 44.46497673022664,
    "xc_time": 21.988979398
  },
  "schema_version": "0.2.0"
}
