{
  "calculation_time": 35.968716438,
  "qmmbe": {
    "b_formation_time": 4.267606752,
    "b_tflops": 3.7079696748891076,
    "diag_time": 4.773477582000001,
    "expanded_elec_energy": -6092.412776452358,
    "expanded_hf_energy": -1690.8853285655116,
    "expanded_nuc_repulsion_energy": 4649.153592944625,
    "expanded_xc_energy": -247.62614505777884,
    "homo": -0.18110656792486224,
    "lumo": -0.0989772885428378,
    "method": "RestrictedKSDFT",
    "mp2_tflops": 0.0,
    "mp2_time": 6.95335580496705e-310,
    "n_atoms": 68,
    "nmers": [
      [
        {
          "fragments": [
            0
          ],
          "hf_energy": -1690.8853285655116,
          "num_basis_fns": 1508,
          "num_iters": 16,
          "schema_version": "0.2.0"
        }
      ]
    ],
    "num_iters": 16,
    "ri_fock_time": 0.293872719,
    "ri_tflops": 1.8344013606244272,
    "scf_tflops": 35.187025049731226,
    "scf_time": 33.989296403,
    "schema_version": "0.2.0",
    "tflops": 30.12236286596561,
    "total_time": 34.324402,
    "transforms_time": 0.26854179199999995,
    "xc_tflops": 45.03632075620381,
    "xc_time": 22.954994967
  },
  "schema_version": "0.2.0"
}
