{
  "calculation_time": 23.474147042,
  "qmmbe": {
    "b_formation_time": 1.749013652,
    "b_tflops": 6.244692752346796,
    "diag_time": 3.6100081589999995,
    "expanded_elec_energy": -5247.645843639257,
    "expanded_hf_energy": -1536.1222666438011,
    "expanded_nuc_repulsion_energy": 3935.9918714768983,
    "expanded_xc_energy": -224.46829448144274,
    "homo": -0.17354839493509142,
    "lumo": -0.10561775638650062,
    "method": "RestrictedKSDFT",
    "mp2_tflops": 0.0,
    "mp2_time": 6.9533558049734e-310,
    "n_atoms": 60,
    "nmers": [
      [
        {
          "fragments": [
            0
          ],
          "hf_energy": -1536.1222666438011,
          "num_basis_fns": 1360,
          "num_iters": 16,
          "schema_version": "0.2.0"
        }
      ]
    ],
    "num_iters": 16,
    "ri_fock_time": 0.18683399899999997,
    "ri_tflops": 2.116159254290757,
    "scf_tflops": 35.04208180217698,
    "scf_time": 23.30711444,
    "schema_version": "0.2.0",
    "tflops": 32.3232913494353,
    "total_time": 23.47016,
    "transforms_time": 0.07905230999999996,
    "xc_tflops": 45.097033028144,
    "xc_time": 16.557940435
  },
  "schema_version": "0.2.0"
}
