{
  "calculation_time": 19.290852981,
  "qmmbe": {
    "b_formation_time": 1.396092182,
    "b_tflops": 5.097411918274032,
    "diag_time": 2.542932072,
    "expanded_elec_energy": -4366.99887070903,
    "expanded_hf_energy": -1383.671063756672,
    "expanded_nuc_repulsion_energy": 3186.033822246985,
    "expanded_xc_energy": -202.70601529462738,
    "homo": -0.1623879074037317,
    "lumo": -0.12065119648969629,
    "method": "RestrictedKSDFT",
    "mp2_tflops": 0.0,
    "mp2_time": 6.95335580496705e-310,
    "n_atoms": 56,
    "nmers": [
      [
        {
          "fragments": [
            0
          ],
          "hf_energy": -1383.671063756672,
          "num_basis_fns": 1236,
          "num_iters": 16,
          "schema_version": "0.2.0"
        }
      ]
    ],
    "num_iters": 16,
    "ri_fock_time": 0.14799127,
    "ri_tflops": 2.0057767163157663,
    "scf_tflops": 32.84148501142684,
    "scf_time": 19.15625027,
    "schema_version": "0.2.0",
    "tflops": 30.26825374525424,
    "total_time": 19.287113,
    "transforms_time": 0.07535948399999999,
    "xc_tflops": 41.109079962925456,
    "xc_time": 14.009748200999999
  },
  "schema_version": "0.2.0"
}
