{
  "calculation_time": 31.792935219,
  "qmmbe": {
    "b_formation_time": 2.236157639,
    "b_tflops": 7.195274566476125,
    "diag_time": 4.277428923,
    "expanded_elec_energy": -6133.345008542948,
    "expanded_hf_energy": -1690.8894960074465,
    "expanded_nuc_repulsion_energy": 4690.083897206783,
    "expanded_xc_energy": -247.62838467128196,
    "homo": -0.1818404847849602,
    "lumo": -0.09699727757507873,
    "method": "RestrictedKSDFT",
    "mp2_tflops": 0.0,
    "mp2_time": 6.95335580496705e-310,
    "n_atoms": 68,
    "nmers": [
      [
        {
          "fragments": [
            0
          ],
          "hf_energy": -1690.8894960074465,
          "num_basis_fns": 1508,
          "num_iters": 16,
          "schema_version": "0.2.0"
        }
      ]
    ],
    "num_iters": 16,
    "ri_fock_time": 0.25819398499999996,
    "ri_tflops": 2.087889520679578,
    "scf_tflops": 35.6127013108928,
    "scf_time": 31.586240398,
    "schema_version": "0.2.0",
    "tflops": 33.07654302940775,
    "total_time": 31.788576,
    "transforms_time": 0.08704176699999996,
    "xc_tflops": 44.375145343579916,
    "xc_time": 23.301028245000005
  },
  "schema_version": "0.2.0"
}
