{
  "calculation_time": 31.582460404,
  "qmmbe": {
    "b_formation_time": 2.083914009,
    "b_tflops": 6.705248224334002,
    "diag_time": 4.2243575589999995,
    "expanded_elec_energy": -5795.132530973033,
    "expanded_hf_energy": -1690.905812137788,
    "expanded_nuc_repulsion_energy": 4351.845669555377,
    "expanded_xc_energy": -247.61895072013203,
    "homo": -0.17862571451978596,
    "lumo": -0.09929448200171061,
    "method": "RestrictedKSDFT",
    "mp2_tflops": 0.0,
    "mp2_time": 6.9533558049639e-310,
    "n_atoms": 68,
    "nmers": [
      [
        {
          "fragments": [
            0
          ],
          "hf_energy": -1690.905812137788,
          "num_basis_fns": 1508,
          "num_iters": 16,
          "schema_version": "0.2.0"
        }
      ]
    ],
    "num_iters": 16,
    "ri_fock_time": 0.257733997,
    "ri_tflops": 2.091615859214724,
    "scf_tflops": 35.81363935587894,
    "scf_time": 31.400934985,
    "schema_version": "0.2.0",
    "tflops": 33.416544372984234,
    "total_time": 31.577879,
    "transforms_time": 0.08647715900000001,
    "xc_tflops": 44.6092020920671,
    "xc_time": 23.310857741000007
  },
  "schema_version": "0.2.0"
}
