{
  "calculation_time": 31.508904607,
  "qmmbe": {
    "b_formation_time": 2.264695323,
    "b_tflops": 7.594931773670643,
    "diag_time": 4.258109373,
    "expanded_elec_energy": -6281.0323884457575,
    "expanded_hf_energy": -1690.8928245532043,
    "expanded_nuc_repulsion_energy": 4837.77572198261,
    "expanded_xc_energy": -247.6361580900567,
    "homo": -0.18082506692791972,
    "lumo": -0.0980857493505409,
    "method": "RestrictedKSDFT",
    "mp2_tflops": 0.0,
    "mp2_time": 6.95335580496705e-310,
    "n_atoms": 68,
    "nmers": [
      [
        {
          "fragments": [
            0
          ],
          "hf_energy": -1690.8928245532043,
          "num_basis_fns": 1508,
          "num_iters": 16,
          "schema_version": "0.2.0"
        }
      ]
    ],
    "num_iters": 16,
    "ri_fock_time": 0.258134103,
    "ri_tflops": 2.088373869701362,
    "scf_tflops": 35.93587320727283,
    "scf_time": 31.275374727,
    "schema_version": "0.2.0",
    "tflops": 33.319138093889094,
    "total_time": 31.504352,
    "transforms_time": 0.08970962199999999,
    "xc_tflops": 44.895441265977226,
    "xc_time": 22.967366620000004
  },
  "schema_version": "0.2.0"
}
