{
  "calculation_time": 24.045014552,
  "qmmbe": {
    "b_formation_time": 1.775519207,
    "b_tflops": 6.380918865247735,
    "diag_time": 3.720597604,
    "expanded_elec_energy": -5293.881326015939,
    "expanded_hf_energy": -1537.271053345673,
    "expanded_nuc_repulsion_energy": 3981.7729756007357,
    "expanded_xc_energy": -225.1627029304699,
    "homo": -0.16344859359945677,
    "lumo": -0.11332139806262043,
    "method": "RestrictedKSDFT",
    "mp2_tflops": 0.0,
    "mp2_time": 6.9533558049623e-310,
    "n_atoms": 62,
    "nmers": [
      [
        {
          "fragments": [
            0
          ],
          "hf_energy": -1537.271053345673,
          "num_basis_fns": 1372,
          "num_iters": 16,
          "schema_version": "0.2.0"
        }
      ]
    ],
    "num_iters": 16,
    "ri_fock_time": 0.204151827,
    "ri_tflops": 1.9886796365530444,
    "scf_tflops": 35.79113337585212,
    "scf_time": 23.873606885,
    "schema_version": "0.2.0",
    "tflops": 33.03556726014097,
    "total_time": 24.04087,
    "transforms_time": 0.082559342,
    "xc_tflops": 46.13966727408263,
    "xc_time": 16.945277292
  },
  "schema_version": "0.2.0"
}
