{
  "calculation_time": 32.670897236,
  "qmmbe": {
    "b_formation_time": 2.205333499,
    "b_tflops": 6.809041916488841,
    "diag_time": 4.810523607,
    "expanded_elec_energy": -5987.061781882335,
    "expanded_hf_energy": -1690.8913144082642,
    "expanded_nuc_repulsion_energy": 4543.789778938273,
    "expanded_xc_energy": -247.6193114642026,
    "homo": -0.17748534815487924,
    "lumo": -0.10346643152237775,
    "method": "RestrictedKSDFT",
    "mp2_tflops": 0.0,
    "mp2_time": 6.95335580496705e-310,
    "n_atoms": 68,
    "nmers": [
      [
        {
          "fragments": [
            0
          ],
          "hf_energy": -1690.8913144082642,
          "num_basis_fns": 1508,
          "num_iters": 16,
          "schema_version": "0.2.0"
        }
      ]
    ],
    "num_iters": 16,
    "ri_fock_time": 0.258657522,
    "ri_tflops": 2.084147839257503,
    "scf_tflops": 34.61434449748647,
    "scf_time": 32.465072748,
    "schema_version": "0.2.0",
    "tflops": 32.259724556173786,
    "total_time": 32.666319,
    "transforms_time": 0.084834861,
    "xc_tflops": 43.77625240367392,
    "xc_time": 23.69852772200001
  },
  "schema_version": "0.2.0"
}
