{
  "calculation_time": 30.132085819,
  "qmmbe": {
    "b_formation_time": 2.178265799,
    "b_tflops": 6.70155127681367,
    "diag_time": 4.023416914,
    "expanded_elec_energy": -5903.970605397736,
    "expanded_hf_energy": -1690.8936247533175,
    "expanded_nuc_repulsion_energy": 4460.698689780424,
    "expanded_xc_energy": -247.621709136005,
    "homo": -0.1754588341941213,
    "lumo": -0.10240895783711283,
    "method": "RestrictedKSDFT",
    "mp2_tflops": 0.0,
    "mp2_time": 6.9533558049639e-310,
    "n_atoms": 68,
    "nmers": [
      [
        {
          "fragments": [
            0
          ],
          "hf_energy": -1690.8936247533175,
          "num_basis_fns": 1508,
          "num_iters": 15,
          "schema_version": "0.2.0"
        }
      ]
    ],
    "num_iters": 15,
    "ri_fock_time": 0.24243415200000001,
    "ri_tflops": 2.084640217521828,
    "scf_tflops": 35.56407950113022,
    "scf_time": 29.943437357,
    "schema_version": "0.2.0",
    "tflops": 32.95248078765832,
    "total_time": 30.12736,
    "transforms_time": 0.08009260700000001,
    "xc_tflops": 44.31296713427867,
    "xc_time": 22.045031145000006
  },
  "schema_version": "0.2.0"
}
