{
  "calculation_time": 32.058158964,
  "qmmbe": {
    "b_formation_time": 2.229956399,
    "b_tflops": 6.911317568963822,
    "diag_time": 4.843606403999999,
    "expanded_elec_energy": -6035.023501201573,
    "expanded_hf_energy": -1690.891127760311,
    "expanded_nuc_repulsion_energy": 4591.759211759122,
    "expanded_xc_energy": -247.62683831786046,
    "homo": -0.1813368366535072,
    "lumo": -0.09691595007599964,
    "method": "RestrictedKSDFT",
    "mp2_tflops": 0.0,
    "mp2_time": 6.9533558049639e-310,
    "n_atoms": 68,
    "nmers": [
      [
        {
          "fragments": [
            0
          ],
          "hf_energy": -1690.891127760311,
          "num_basis_fns": 1508,
          "num_iters": 16,
          "schema_version": "0.2.0"
        }
      ]
    ],
    "num_iters": 16,
    "ri_fock_time": 0.256219868,
    "ri_tflops": 2.1039762442778245,
    "scf_tflops": 35.339096606831276,
    "scf_time": 31.859825887,
    "schema_version": "0.2.0",
    "tflops": 32.859265785211726,
    "total_time": 32.053483,
    "transforms_time": 0.084892277,
    "xc_tflops": 45.01521214716983,
    "xc_time": 23.025062012999996
  },
  "schema_version": "0.2.0"
}
