{
  "calculation_time": 33.291309196,
  "qmmbe": {
    "b_formation_time": 2.609044195,
    "b_tflops": 4.97865674127609,
    "diag_time": 5.730675451000001,
    "expanded_elec_energy": -5636.634133856516,
    "expanded_hf_energy": -1613.934571220756,
    "expanded_nuc_repulsion_energy": 4259.289627790003,
    "expanded_xc_energy": -236.59006515424247,
    "homo": -0.1778165456971498,
    "lumo": -0.09208078935829338,
    "method": "RestrictedKSDFT",
    "mp2_tflops": 0.0,
    "mp2_time": 6.95335580496073e-310,
    "n_atoms": 64,
    "nmers": [
      [
        {
          "fragments": [
            0
          ],
          "hf_energy": -1613.934571220756,
          "num_basis_fns": 1434,
          "num_iters": 17,
          "schema_version": "0.2.0"
        }
      ]
    ],
    "num_iters": 17,
    "ri_fock_time": 3.371052674999999,
    "ri_tflops": 0.1460935452680223,
    "scf_tflops": 0.04198636934901556,
    "scf_time": 33.057368119,
    "schema_version": "0.2.0",
    "tflops": 0.42788545373810705,
    "total_time": 33.287011,
    "transforms_time": 0.097806761,
    "xc_tflops": 0.0,
    "xc_time": 21.255161076000004
  },
  "schema_version": "0.2.0"
}
