{
  "calculation_time": 41.434228937,
  "qmmbe": {
    "b_formation_time": 2.93271567,
    "b_tflops": 4.922476916333318,
    "diag_time": 8.486341212000001,
    "expanded_elec_energy": -5895.156317622073,
    "expanded_hf_energy": -1691.3536181565469,
    "expanded_nuc_repulsion_energy": 4451.990775672129,
    "expanded_xc_energy": -248.18807620660215,
    "homo": -0.17409204413433232,
    "lumo": -0.09697828890580433,
    "method": "RestrictedKSDFT",
    "mp2_tflops": 0.0,
    "mp2_time": 6.9533558049639e-310,
    "n_atoms": 68,
    "nmers": [
      [
        {
          "fragments": [
            0
          ],
          "hf_energy": -1691.3536181565469,
          "num_basis_fns": 1508,
          "num_iters": 18,
          "schema_version": "0.2.0"
        }
      ]
    ],
    "num_iters": 18,
    "ri_fock_time": 5.058349927999999,
    "ri_tflops": 0.11989395527481587,
    "scf_tflops": 0.040937083089664504,
    "scf_time": 41.219634764,
    "schema_version": "0.2.0",
    "tflops": 0.38568439738329463,
    "total_time": 41.429506,
    "transforms_time": 0.39728792500000004,
    "xc_tflops": 0.0,
    "xc_time": 25.802129065
  },
  "schema_version": "0.2.0"
}
