{
  "calculation_time": 37.634263756,
  "qmmbe": {
    "b_formation_time": 2.798281779,
    "b_tflops": 4.473004202619296,
    "diag_time": 7.1831299920000005,
    "expanded_elec_energy": -5542.822684247181,
    "expanded_hf_energy": -1613.945981617123,
    "expanded_nuc_repulsion_energy": 4165.4687993615935,
    "expanded_xc_energy": -236.5920967315352,
    "homo": -0.1742248188238498,
    "lumo": -0.09602562883942954,
    "method": "RestrictedKSDFT",
    "mp2_tflops": 0.0,
    "mp2_time": 6.9533558049623e-310,
    "n_atoms": 64,
    "nmers": [
      [
        {
          "fragments": [
            0
          ],
          "hf_energy": -1613.945981617123,
          "num_basis_fns": 1434,
          "num_iters": 18,
          "schema_version": "0.2.0"
        }
      ]
    ],
    "num_iters": 18,
    "ri_fock_time": 3.3693138680000003,
    "ri_tflops": 0.15476711292959305,
    "scf_tflops": 0.03894598790218161,
    "scf_time": 37.42394055,
    "schema_version": "0.2.0",
    "tflops": 0.36790111320132374,
    "total_time": 37.629882,
    "transforms_time": 0.26213790899999995,
    "xc_tflops": 0.0,
    "xc_time": 23.514809287999995
  },
  "schema_version": "0.2.0"
}
