{
  "calculation_time": 28.173442826,
  "qmmbe": {
    "b_formation_time": 1.849125464,
    "b_tflops": 4.330172410116137,
    "diag_time": 4.574616612,
    "expanded_elec_energy": -4577.8450784519555,
    "expanded_hf_energy": -1384.0378372098178,
    "expanded_nuc_repulsion_energy": 3396.9977008986016,
    "expanded_xc_energy": -203.19045965646396,
    "homo": -0.1668234876881567,
    "lumo": -0.10264033058429047,
    "method": "RestrictedKSDFT",
    "mp2_tflops": 0.0,
    "mp2_time": 6.953355804956e-310,
    "n_atoms": 56,
    "nmers": [
      [
        {
          "fragments": [
            0
          ],
          "hf_energy": -1384.0378372098178,
          "num_basis_fns": 1236,
          "num_iters": 18,
          "schema_version": "0.2.0"
        }
      ]
    ],
    "num_iters": 18,
    "ri_fock_time": 2.594307087,
    "ri_tflops": 0.12872112391989932,
    "scf_tflops": 0.03335514318138903,
    "scf_time": 27.997133952,
    "schema_version": "0.2.0",
    "tflops": 0.3144843583645027,
    "total_time": 28.169735,
    "transforms_time": 0.17166892,
    "xc_tflops": 0.0,
    "xc_time": 18.578725907
  },
  "schema_version": "0.2.0"
}
