{
  "calculation_time": 44.277586693,
  "qmmbe": {
    "b_formation_time": 3.114810795,
    "b_tflops": 4.464270685643363,
    "diag_time": 6.5417332340000005,
    "expanded_elec_energy": -5767.758295433277,
    "expanded_hf_energy": -1613.9314801371265,
    "expanded_nuc_repulsion_energy": 4390.416668913199,
    "expanded_xc_energy": -236.58985361704794,
    "homo": -0.1693879894100061,
    "lumo": -0.10089950897996963,
    "method": "RestrictedKSDFT",
    "mp2_tflops": 0.0,
    "mp2_time": 6.9533558049623e-310,
    "n_atoms": 64,
    "nmers": [
      [
        {
          "fragments": [
            0
          ],
          "hf_energy": -1613.9314801371265,
          "num_basis_fns": 1434,
          "num_iters": 18,
          "schema_version": "0.2.0"
        }
      ]
    ],
    "num_iters": 18,
    "ri_fock_time": 5.7850677400000015,
    "ri_tflops": 0.09013878546286476,
    "scf_tflops": 0.0331361650241876,
    "scf_time": 44.047224431,
    "schema_version": "0.2.0",
    "tflops": 0.34406161696297805,
    "total_time": 44.273197,
    "transforms_time": 0.17644278700000002,
    "xc_tflops": 0.0,
    "xc_time": 30.254297898000004
  },
  "schema_version": "0.2.0"
}
