{
  "calculation_time": 43.046105105,
  "qmmbe": {
    "b_formation_time": 2.88440077,
    "b_tflops": 5.064329445575623,
    "diag_time": 8.425801527,
    "expanded_elec_energy": -5924.947054375597,
    "expanded_hf_energy": -1691.3554592891728,
    "expanded_nuc_repulsion_energy": 4481.7743860713545,
    "expanded_xc_energy": -248.18279098493025,
    "homo": -0.1690854240811609,
    "lumo": -0.10515159349413171,
    "method": "RestrictedKSDFT",
    "mp2_tflops": 0.0,
    "mp2_time": 6.95335580495757e-310,
    "n_atoms": 68,
    "nmers": [
      [
        {
          "fragments": [
            0
          ],
          "hf_energy": -1691.3554592891728,
          "num_basis_fns": 1508,
          "num_iters": 18,
          "schema_version": "0.2.0"
        }
      ]
    ],
    "num_iters": 18,
    "ri_fock_time": 4.6268867,
    "ri_tflops": 0.1310742231989385,
    "scf_tflops": 0.039194263548459334,
    "scf_time": 42.816311533,
    "schema_version": "0.2.0",
    "tflops": 0.37522000443218445,
    "total_time": 43.041534,
    "transforms_time": 0.232504394,
    "xc_tflops": 0.0,
    "xc_time": 27.535330684999995
  },
  "schema_version": "0.2.0"
}
