{
  "calculation_time": 39.420374513,
  "qmmbe": {
    "b_formation_time": 3.129673295,
    "b_tflops": 4.903062928922107,
    "diag_time": 6.427684294,
    "expanded_elec_energy": -6036.350106523187,
    "expanded_hf_energy": -1691.328008083192,
    "expanded_nuc_repulsion_energy": 4593.206126026015,
    "expanded_xc_energy": -248.18402758602036,
    "homo": -0.1589992366084346,
    "lumo": -0.11206269626136546,
    "method": "RestrictedKSDFT",
    "mp2_tflops": 0.0,
    "mp2_time": 6.9533558049623e-310,
    "n_atoms": 68,
    "nmers": [
      [
        {
          "fragments": [
            0
          ],
          "hf_energy": -1691.328008083192,
          "num_basis_fns": 1508,
          "num_iters": 18,
          "schema_version": "0.2.0"
        }
      ]
    ],
    "num_iters": 18,
    "ri_fock_time": 5.459592938,
    "ri_tflops": 0.11108256364881391,
    "scf_tflops": 0.04375096969056577,
    "scf_time": 39.169741948,
    "schema_version": "0.2.0",
    "tflops": 0.42844389121021215,
    "total_time": 39.415837,
    "transforms_time": 0.10824551400000001,
    "xc_tflops": 0.0,
    "xc_time": 23.585690004
  },
  "schema_version": "0.2.0"
}
