{
  "calculation_time": 44.005500017,
  "qmmbe": {
    "b_formation_time": 3.121845054,
    "b_tflops": 4.955384750776935,
    "diag_time": 7.826146516000001,
    "expanded_elec_energy": -6040.650811246329,
    "expanded_hf_energy": -1691.3278715721144,
    "expanded_nuc_repulsion_energy": 4597.518095737563,
    "expanded_xc_energy": -248.1951560633488,
    "homo": -0.173816791959024,
    "lumo": -0.09673516847453699,
    "method": "RestrictedKSDFT",
    "mp2_tflops": 0.0,
    "mp2_time": 6.95335580495124e-310,
    "n_atoms": 68,
    "nmers": [
      [
        {
          "fragments": [
            0
          ],
          "hf_energy": -1691.3278715721144,
          "num_basis_fns": 1508,
          "num_iters": 17,
          "schema_version": "0.2.0"
        }
      ]
    ],
    "num_iters": 17,
    "ri_fock_time": 5.109513082,
    "ri_tflops": 0.1120993407034788,
    "scf_tflops": 0.036458085488980614,
    "scf_time": 43.767190798,
    "schema_version": "0.2.0",
    "tflops": 0.3846864317465874,
    "total_time": 44.001042,
    "transforms_time": 0.34687421399999996,
    "xc_tflops": 0.0,
    "xc_time": 28.478721111999995
  },
  "schema_version": "0.2.0"
}
