{
  "calculation_time": 27.042876389,
  "qmmbe": {
    "b_formation_time": 1.801789827,
    "b_tflops": 4.240862153030682,
    "diag_time": 4.226841,
    "expanded_elec_energy": -4496.161763912724,
    "expanded_hf_energy": -1384.0213005163475,
    "expanded_nuc_repulsion_energy": 3315.3204501672753,
    "expanded_xc_energy": -203.17998677089847,
    "homo": -0.15967556621389747,
    "lumo": -0.1101066605431731,
    "method": "RestrictedKSDFT",
    "mp2_tflops": 0.0,
    "mp2_time": 6.953355804956e-310,
    "n_atoms": 56,
    "nmers": [
      [
        {
          "fragments": [
            0
          ],
          "hf_energy": -1384.0213005163475,
          "num_basis_fns": 1236,
          "num_iters": 18,
          "schema_version": "0.2.0"
        }
      ]
    ],
    "num_iters": 18,
    "ri_fock_time": 2.2483697009999997,
    "ri_tflops": 0.14852634061181028,
    "scf_tflops": 0.034663104548714525,
    "scf_time": 26.86669045,
    "schema_version": "0.2.0",
    "tflops": 0.31410349285615724,
    "total_time": 27.039023,
    "transforms_time": 0.37440469800000004,
    "xc_tflops": 0.0,
    "xc_time": 18.183557171000004
  },
  "schema_version": "0.2.0"
}
