{
  "calculation_time": 38.834825127,
  "qmmbe": {
    "b_formation_time": 4.291489583,
    "b_tflops": 2.667318062088373,
    "diag_time": 6.4268323910000005,
    "expanded_elec_energy": -5339.3777986598125,
    "expanded_hf_energy": -1536.517820672978,
    "expanded_nuc_repulsion_energy": 4027.84780671775,
    "expanded_xc_energy": -224.98782873091534,
    "homo": -0.17287708841972374,
    "lumo": -0.09670682961984131,
    "method": "RestrictedKSDFT",
    "mp2_tflops": 0.0,
    "mp2_time": 6.95335580495124e-310,
    "n_atoms": 60,
    "nmers": [
      [
        {
          "fragments": [
            0
          ],
          "hf_energy": -1536.517820672978,
          "num_basis_fns": 1360,
          "num_iters": 18,
          "schema_version": "0.2.0"
        }
      ]
    ],
    "num_iters": 18,
    "ri_fock_time": 3.644156816,
    "ri_tflops": 0.12205616565321814,
    "scf_tflops": 0.035589583917964754,
    "scf_time": 36.963720488,
    "schema_version": "0.2.0",
    "tflops": 0.33295499872809886,
    "total_time": 37.170294,
    "transforms_time": 0.585742644,
    "xc_tflops": 0.0,
    "xc_time": 22.532939559
  },
  "schema_version": "0.2.0"
}
