{
  "calculation_time": 36.55228473,
  "qmmbe": {
    "b_formation_time": 2.320091255,
    "b_tflops": 4.597574159795711,
    "diag_time": 6.0803025139999995,
    "expanded_elec_energy": -5175.875600351015,
    "expanded_hf_energy": -1537.691857514638,
    "expanded_nuc_repulsion_energy": 3863.869814677188,
    "expanded_xc_energy": -225.6860718408108,
    "homo": -0.1677642769115278,
    "lumo": -0.10267822400333351,
    "method": "RestrictedKSDFT",
    "mp2_tflops": 0.0,
    "mp2_time": 6.95335580495124e-310,
    "n_atoms": 62,
    "nmers": [
      [
        {
          "fragments": [
            0
          ],
          "hf_energy": -1537.691857514638,
          "num_basis_fns": 1372,
          "num_iters": 18,
          "schema_version": "0.2.0"
        }
      ]
    ],
    "num_iters": 18,
    "ri_fock_time": 5.024759537,
    "ri_tflops": 0.09089821122717737,
    "scf_tflops": 0.03481526976296432,
    "scf_time": 36.341158982,
    "schema_version": "0.2.0",
    "tflops": 0.32368386085009554,
    "total_time": 36.548158,
    "transforms_time": 0.09971749700000002,
    "xc_tflops": 0.0,
    "xc_time": 24.400627105
  },
  "schema_version": "0.2.0"
}
