{
  "calculation_time": 32.422584078,
  "qmmbe": {
    "b_formation_time": 2.313074462,
    "b_tflops": 4.697561663691915,
    "diag_time": 5.859467343,
    "expanded_elec_energy": -5218.0037809263495,
    "expanded_hf_energy": -1537.7045920645235,
    "expanded_nuc_repulsion_energy": 3905.9899128095312,
    "expanded_xc_energy": -225.69072394770527,
    "homo": -0.17296524207121952,
    "lumo": -0.09821869051456672,
    "method": "RestrictedKSDFT",
    "mp2_tflops": 0.0,
    "mp2_time": 6.95335580495124e-310,
    "n_atoms": 62,
    "nmers": [
      [
        {
          "fragments": [
            0
          ],
          "hf_energy": -1537.7045920645235,
          "num_basis_fns": 1372,
          "num_iters": 18,
          "schema_version": "0.2.0"
        }
      ]
    ],
    "num_iters": 18,
    "ri_fock_time": 3.9171615369999997,
    "ri_tflops": 0.11660015790663576,
    "scf_tflops": 0.03956862371862133,
    "scf_time": 32.21944127,
    "schema_version": "0.2.0",
    "tflops": 0.37105854122441306,
    "total_time": 32.418249,
    "transforms_time": 0.09931823599999999,
    "xc_tflops": 0.0,
    "xc_time": 20.778303670999993
  },
  "schema_version": "0.2.0"
}
