{
  "calculation_time": 36.827296576,
  "qmmbe": {
    "b_formation_time": 2.714551729,
    "b_tflops": 5.334301631159669,
    "diag_time": 7.221320733999999,
    "expanded_elec_energy": -5916.32604862088,
    "expanded_hf_energy": -1691.3461537907087,
    "expanded_nuc_repulsion_energy": 4473.160395301772,
    "expanded_xc_energy": -248.1805004716007,
    "homo": -0.15903098870219554,
    "lumo": -0.11215728979983333,
    "method": "RestrictedKSDFT",
    "mp2_tflops": 0.0,
    "mp2_time": 6.9533558049623e-310,
    "n_atoms": 68,
    "nmers": [
      [
        {
          "fragments": [
            0
          ],
          "hf_energy": -1691.3461537907087,
          "num_basis_fns": 1508,
          "num_iters": 18,
          "schema_version": "0.2.0"
        }
      ]
    ],
    "num_iters": 18,
    "ri_fock_time": 4.314818754,
    "ri_tflops": 0.14055412628161576,
    "scf_tflops": 0.046261098015720835,
    "scf_time": 36.584543426,
    "schema_version": "0.2.0",
    "tflops": 0.4351303561598331,
    "total_time": 36.82282,
    "transforms_time": 0.23529347900000003,
    "xc_tflops": 0.0,
    "xc_time": 23.085896932999997
  },
  "schema_version": "0.2.0"
}
