{
  "calculation_time": 31.059975034,
  "qmmbe": {
    "b_formation_time": 2.259140737,
    "b_tflops": 4.6922663323015446,
    "diag_time": 5.225237421999999,
    "expanded_elec_energy": -5166.963472967829,
    "expanded_hf_energy": -1537.6885004316991,
    "expanded_nuc_repulsion_energy": 3854.955588401223,
    "expanded_xc_energy": -225.68061586509305,
    "homo": -0.16423459389581932,
    "lumo": -0.10876844876158391,
    "method": "RestrictedKSDFT",
    "mp2_tflops": 0.0,
    "mp2_time": 6.9533558049702e-310,
    "n_atoms": 62,
    "nmers": [
      [
        {
          "fragments": [
            0
          ],
          "hf_energy": -1537.6885004316991,
          "num_basis_fns": 1372,
          "num_iters": 18,
          "schema_version": "0.2.0"
        }
      ]
    ],
    "num_iters": 18,
    "ri_fock_time": 3.6346430759999997,
    "ri_tflops": 0.12566341294305403,
    "scf_tflops": 0.04129316610510746,
    "scf_time": 30.850792272,
    "schema_version": "0.2.0",
    "tflops": 0.37879596076343786,
    "total_time": 31.055631,
    "transforms_time": 0.10312463900000002,
    "xc_tflops": 0.0,
    "xc_time": 20.451248434000004
  },
  "schema_version": "0.2.0"
}
