{
  "calculation_time": 38.363337936,
  "qmmbe": {
    "b_formation_time": 2.938715901,
    "b_tflops": 5.840641715061792,
    "diag_time": 6.632313861000001,
    "expanded_elec_energy": -6281.715143043901,
    "expanded_hf_energy": -1691.3118455304448,
    "expanded_nuc_repulsion_energy": 4838.599502398819,
    "expanded_xc_energy": -248.196204885363,
    "homo": -0.1705108844390362,
    "lumo": -0.09928096320678478,
    "method": "RestrictedKSDFT",
    "mp2_tflops": 0.0,
    "mp2_time": 6.9533558049623e-310,
    "n_atoms": 68,
    "nmers": [
      [
        {
          "fragments": [
            0
          ],
          "hf_energy": -1691.3118455304448,
          "num_basis_fns": 1508,
          "num_iters": 18,
          "schema_version": "0.2.0"
        }
      ]
    ],
    "num_iters": 18,
    "ri_fock_time": 4.545829898,
    "ri_tflops": 0.13341141081825847,
    "scf_tflops": 0.04461609373967826,
    "scf_time": 38.08673614,
    "schema_version": "0.2.0",
    "tflops": 0.4876719062506974,
    "total_time": 38.358732,
    "transforms_time": 0.3112995739999999,
    "xc_tflops": 0.0,
    "xc_time": 24.824821985
  },
  "schema_version": "0.2.0"
}
