{
  "calculation_time": 35.744882671,
  "qmmbe": {
    "b_formation_time": 2.544254757,
    "b_tflops": 5.073220990916673,
    "diag_time": 7.033788357,
    "expanded_elec_energy": -5611.670070945047,
    "expanded_hf_energy": -1613.9250389467002,
    "expanded_nuc_repulsion_energy": 4234.322709754126,
    "expanded_xc_energy": -236.5776777557789,
    "homo": -0.16017854394857364,
    "lumo": -0.11107460655048529,
    "method": "RestrictedKSDFT",
    "mp2_tflops": 0.0,
    "mp2_time": 6.9533558049623e-310,
    "n_atoms": 64,
    "nmers": [
      [
        {
          "fragments": [
            0
          ],
          "hf_energy": -1613.9250389467002,
          "num_basis_fns": 1434,
          "num_iters": 18,
          "schema_version": "0.2.0"
        }
      ]
    ],
    "num_iters": 18,
    "ri_fock_time": 3.920069404,
    "ri_tflops": 0.13302289479158416,
    "scf_tflops": 0.04089467727401328,
    "scf_time": 35.51166524,
    "schema_version": "0.2.0",
    "tflops": 0.3982865235259484,
    "total_time": 35.74039,
    "transforms_time": 0.14243128100000005,
    "xc_tflops": 0.0,
    "xc_time": 22.288556615999997
  },
  "schema_version": "0.2.0"
}
