{
  "calculation_time": 33.615046925,
  "qmmbe": {
    "b_formation_time": 2.696405192,
    "b_tflops": 5.899741284675586,
    "diag_time": 6.696449756,
    "expanded_elec_energy": -6106.628023561696,
    "expanded_hf_energy": -1691.3156885909546,
    "expanded_nuc_repulsion_energy": 4663.505932952786,
    "expanded_xc_energy": -248.19359798204428,
    "homo": -0.17555621088015919,
    "lumo": -0.09411509063910052,
    "method": "RestrictedKSDFT",
    "mp2_tflops": 0.0,
    "mp2_time": 6.9533558049623e-310,
    "n_atoms": 68,
    "nmers": [
      [
        {
          "fragments": [
            0
          ],
          "hf_energy": -1691.3156885909546,
          "num_basis_fns": 1508,
          "num_iters": 17,
          "schema_version": "0.2.0"
        }
      ]
    ],
    "num_iters": 17,
    "ri_fock_time": 3.790213722,
    "ri_tflops": 0.1511189314954414,
    "scf_tflops": 0.04838144392043928,
    "scf_time": 33.372821696,
    "schema_version": "0.2.0",
    "tflops": 0.516646857113045,
    "total_time": 33.61049,
    "transforms_time": 0.10256467199999998,
    "xc_tflops": 0.0,
    "xc_time": 20.337907821
  },
  "schema_version": "0.2.0"
}
