{
  "calculation_time": 38.941722856,
  "qmmbe": {
    "b_formation_time": 2.853088159,
    "b_tflops": 5.106965412238424,
    "diag_time": 8.273678923999999,
    "expanded_elec_energy": -5907.778469297392,
    "expanded_hf_energy": -1691.3448663309111,
    "expanded_nuc_repulsion_energy": 4464.620437570698,
    "expanded_xc_energy": -248.1868346042177,
    "homo": -0.16979550318738043,
    "lumo": -0.09971273882196885,
    "method": "RestrictedKSDFT",
    "mp2_tflops": 0.0,
    "mp2_time": 6.953355804956e-310,
    "n_atoms": 68,
    "nmers": [
      [
        {
          "fragments": [
            0
          ],
          "hf_energy": -1691.3448663309111,
          "num_basis_fns": 1508,
          "num_iters": 18,
          "schema_version": "0.2.0"
        }
      ]
    ],
    "num_iters": 18,
    "ri_fock_time": 5.372653182,
    "ri_tflops": 0.11288009098816237,
    "scf_tflops": 0.04355851354167329,
    "scf_time": 38.706056648,
    "schema_version": "0.2.0",
    "tflops": 0.41382348154221943,
    "total_time": 38.937161,
    "transforms_time": 0.5620626130000003,
    "xc_tflops": 0.0,
    "xc_time": 24.259551056999996
  },
  "schema_version": "0.2.0"
}
