{
  "calculation_time": 40.629274422,
  "qmmbe": {
    "b_formation_time": 2.884251738,
    "b_tflops": 5.040331784919947,
    "diag_time": 8.980930522,
    "expanded_elec_energy": -5900.010777501645,
    "expanded_hf_energy": -1691.3563387741497,
    "expanded_nuc_repulsion_energy": 4456.843401603339,
    "expanded_xc_energy": -248.18896287584346,
    "homo": -0.16865127380656722,
    "lumo": -0.10090080476518606,
    "method": "RestrictedKSDFT",
    "mp2_tflops": 0.0,
    "mp2_time": 6.95335580495124e-310,
    "n_atoms": 68,
    "nmers": [
      [
        {
          "fragments": [
            0
          ],
          "hf_energy": -1691.3563387741497,
          "num_basis_fns": 1508,
          "num_iters": 17,
          "schema_version": "0.2.0"
        }
      ]
    ],
    "num_iters": 17,
    "ri_fock_time": 4.702800560000001,
    "ri_tflops": 0.12179403325749369,
    "scf_tflops": 0.03958843285976229,
    "scf_time": 40.405966479,
    "schema_version": "0.2.0",
    "tflops": 0.3937047934964034,
    "total_time": 40.624643,
    "transforms_time": 0.3750156760000001,
    "xc_tflops": 0.0,
    "xc_time": 24.666247857000002
  },
  "schema_version": "0.2.0"
}
