{
  "calculation_time": 42.038899102,
  "qmmbe": {
    "b_formation_time": 2.896805552,
    "b_tflops": 4.801737584091733,
    "diag_time": 6.981868237,
    "expanded_elec_energy": -5771.828840816445,
    "expanded_hf_energy": -1613.910062685312,
    "expanded_nuc_repulsion_energy": 4394.505216206614,
    "expanded_xc_energy": -236.5864380754807,
    "homo": -0.16635717854023852,
    "lumo": -0.10405451781613435,
    "method": "RestrictedKSDFT",
    "mp2_tflops": 0.0,
    "mp2_time": 6.9533558049702e-310,
    "n_atoms": 64,
    "nmers": [
      [
        {
          "fragments": [
            0
          ],
          "hf_energy": -1613.910062685312,
          "num_basis_fns": 1434,
          "num_iters": 18,
          "schema_version": "0.2.0"
        }
      ]
    ],
    "num_iters": 18,
    "ri_fock_time": 4.188442233,
    "ri_tflops": 0.12449950384787842,
    "scf_tflops": 0.034641593881636075,
    "scf_time": 41.793599846,
    "schema_version": "0.2.0",
    "tflops": 0.3624871824082481,
    "total_time": 42.034726,
    "transforms_time": 0.7124700339999998,
    "xc_tflops": 0.0,
    "xc_time": 27.037901287000004
  },
  "schema_version": "0.2.0"
}
