{
  "calculation_time": 39.807045174,
  "qmmbe": {
    "b_formation_time": 2.892147243,
    "b_tflops": 4.786859896813351,
    "diag_time": 6.208221017,
    "expanded_elec_energy": -5758.805223199131,
    "expanded_hf_energy": -1613.9114978242812,
    "expanded_nuc_repulsion_energy": 4381.4802539917255,
    "expanded_xc_energy": -236.58652861687523,
    "homo": -0.16411901859170253,
    "lumo": -0.10692903113606049,
    "method": "RestrictedKSDFT",
    "mp2_tflops": 0.0,
    "mp2_time": 6.9533558049702e-310,
    "n_atoms": 64,
    "nmers": [
      [
        {
          "fragments": [
            0
          ],
          "hf_energy": -1613.9114978242812,
          "num_basis_fns": 1434,
          "num_iters": 17,
          "schema_version": "0.2.0"
        }
      ]
    ],
    "num_iters": 17,
    "ri_fock_time": 3.946542912,
    "ri_tflops": 0.12478998646600806,
    "scf_tflops": 0.03473745541416279,
    "scf_time": 39.557802001,
    "schema_version": "0.2.0",
    "tflops": 0.3793146041408613,
    "total_time": 39.802833,
    "transforms_time": 0.29796917,
    "xc_tflops": 0.0,
    "xc_time": 25.731706186
  },
  "schema_version": "0.2.0"
}
