{
  "calculation_time": 30.744631306,
  "qmmbe": {
    "b_formation_time": 2.393717909,
    "b_tflops": 4.620632137216467,
    "diag_time": 5.3791107479999996,
    "expanded_elec_energy": -5254.007211717369,
    "expanded_hf_energy": -1537.6970689074824,
    "expanded_nuc_repulsion_energy": 3942.005565866934,
    "expanded_xc_energy": -225.6954230570478,
    "homo": -0.18157380207678236,
    "lumo": -0.08916205867673212,
    "method": "RestrictedKSDFT",
    "mp2_tflops": 0.0,
    "mp2_time": 6.95335580495124e-310,
    "n_atoms": 62,
    "nmers": [
      [
        {
          "fragments": [
            0
          ],
          "hf_energy": -1537.6970689074824,
          "num_basis_fns": 1372,
          "num_iters": 17,
          "schema_version": "0.2.0"
        }
      ]
    ],
    "num_iters": 17,
    "ri_fock_time": 3.551339307,
    "ri_tflops": 0.12146603862653668,
    "scf_tflops": 0.0396791341204311,
    "scf_time": 30.545694636,
    "schema_version": "0.2.0",
    "tflops": 0.39553889952420573,
    "total_time": 30.740395,
    "transforms_time": 0.21869329999999995,
    "xc_tflops": 0.0,
    "xc_time": 19.565116550000003
  },
  "schema_version": "0.2.0"
}
