{
  "calculation_time": 25.823451941,
  "qmmbe": {
    "b_formation_time": 1.70210609,
    "b_tflops": 4.1304040087701,
    "diag_time": 5.033263219,
    "expanded_elec_energy": -4349.564415555251,
    "expanded_hf_energy": -1384.065758125314,
    "expanded_nuc_repulsion_energy": 3168.681959944337,
    "expanded_xc_energy": -203.18330251440022,
    "homo": -0.17063196762489352,
    "lumo": -0.10063811384235877,
    "method": "RestrictedKSDFT",
    "mp2_tflops": 0.0,
    "mp2_time": 6.953355804956e-310,
    "n_atoms": 56,
    "nmers": [
      [
        {
          "fragments": [
            0
          ],
          "hf_energy": -1384.065758125314,
          "num_basis_fns": 1236,
          "num_iters": 18,
          "schema_version": "0.2.0"
        }
      ]
    ],
    "num_iters": 18,
    "ri_fock_time": 2.3506163389999997,
    "ri_tflops": 0.14206577164100961,
    "scf_tflops": 0.03605773099006884,
    "scf_time": 25.670283356,
    "schema_version": "0.2.0",
    "tflops": 0.30527807129979545,
    "total_time": 25.819687,
    "transforms_time": 0.324504423,
    "xc_tflops": 0.0,
    "xc_time": 16.292562055999998
  },
  "schema_version": "0.2.0"
}
