{
  "calculation_time": 32.90616747,
  "qmmbe": {
    "b_formation_time": 2.410925752,
    "b_tflops": 5.588592875191953,
    "diag_time": 6.63327775,
    "expanded_elec_energy": -5707.91110499754,
    "expanded_hf_energy": -1613.932217567471,
    "expanded_nuc_repulsion_energy": 4330.566729866125,
    "expanded_xc_energy": -236.58784243605572,
    "homo": -0.17325162839091804,
    "lumo": -0.09849708150284311,
    "method": "RestrictedKSDFT",
    "mp2_tflops": 0.0,
    "mp2_time": 6.95335580496073e-310,
    "n_atoms": 64,
    "nmers": [
      [
        {
          "fragments": [
            0
          ],
          "hf_energy": -1613.932217567471,
          "num_basis_fns": 1434,
          "num_iters": 17,
          "schema_version": "0.2.0"
        }
      ]
    ],
    "num_iters": 17,
    "ri_fock_time": 3.039056917,
    "ri_tflops": 0.16205324547266453,
    "scf_tflops": 0.0420258639376188,
    "scf_time": 32.687837028,
    "schema_version": "0.2.0",
    "tflops": 0.447609365973044,
    "total_time": 32.901847,
    "transforms_time": 0.25616118,
    "xc_tflops": 0.0,
    "xc_time": 20.492127597
  },
  "schema_version": "0.2.0"
}
