{
  "calculation_time": 36.774604429,
  "qmmbe": {
    "b_formation_time": 2.82566107,
    "b_tflops": 5.424513136089602,
    "diag_time": 6.407601067999999,
    "expanded_elec_energy": -6020.386950283335,
    "expanded_hf_energy": -1691.3265940706028,
    "expanded_nuc_repulsion_energy": 4577.25194677666,
    "expanded_xc_energy": -248.19159056392766,
    "homo": -0.16440419019330077,
    "lumo": -0.10639774680118252,
    "method": "RestrictedKSDFT",
    "mp2_tflops": 0.0,
    "mp2_time": 6.9533558049623e-310,
    "n_atoms": 68,
    "nmers": [
      [
        {
          "fragments": [
            0
          ],
          "hf_energy": -1691.3265940706028,
          "num_basis_fns": 1508,
          "num_iters": 18,
          "schema_version": "0.2.0"
        }
      ]
    ],
    "num_iters": 18,
    "ri_fock_time": 4.645253257999999,
    "ri_tflops": 0.1305559775427857,
    "scf_tflops": 0.04641662766771945,
    "scf_time": 36.530619337,
    "schema_version": "0.2.0",
    "tflops": 0.458804968307654,
    "total_time": 36.770144,
    "transforms_time": 0.10294567299999999,
    "xc_tflops": 0.0,
    "xc_time": 23.798725865999995
  },
  "schema_version": "0.2.0"
}
