{
  "calculation_time": 29.475157953,
  "qmmbe": {
    "b_formation_time": 2.241991842,
    "b_tflops": 4.377824500645975,
    "diag_time": 5.725432060999999,
    "expanded_elec_energy": -4998.702387775193,
    "expanded_hf_energy": -1537.6981788241296,
    "expanded_nuc_repulsion_energy": 3686.680597580598,
    "expanded_xc_energy": -225.6763886295347,
    "homo": -0.16100614760324783,
    "lumo": -0.11326586509360237,
    "method": "RestrictedKSDFT",
    "mp2_tflops": 0.0,
    "mp2_time": 6.9533558049702e-310,
    "n_atoms": 62,
    "nmers": [
      [
        {
          "fragments": [
            0
          ],
          "hf_energy": -1537.6981788241296,
          "num_basis_fns": 1372,
          "num_iters": 18,
          "schema_version": "0.2.0"
        }
      ]
    ],
    "num_iters": 18,
    "ri_fock_time": 3.1154031179999997,
    "ri_tflops": 0.14660756135251451,
    "scf_tflops": 0.04386731415794019,
    "scf_time": 29.289457749,
    "schema_version": "0.2.0",
    "tflops": 0.3725102503248771,
    "total_time": 29.471147,
    "transforms_time": 0.09728311799999999,
    "xc_tflops": 0.0,
    "xc_time": 18.314529802
  },
  "schema_version": "0.2.0"
}
