{
  "calculation_time": 38.800160943,
  "qmmbe": {
    "b_formation_time": 2.796249517,
    "b_tflops": 5.635974834169994,
    "diag_time": 7.999859189999999,
    "expanded_elec_energy": -6088.220559982701,
    "expanded_hf_energy": -1691.3293944588265,
    "expanded_nuc_repulsion_energy": 4645.078959672026,
    "expanded_xc_energy": -248.18779414815145,
    "homo": -0.16374219334168613,
    "lumo": -0.10419737091962318,
    "method": "RestrictedKSDFT",
    "mp2_tflops": 0.0,
    "mp2_time": 6.9533558049623e-310,
    "n_atoms": 68,
    "nmers": [
      [
        {
          "fragments": [
            0
          ],
          "hf_energy": -1691.3293944588265,
          "num_basis_fns": 1508,
          "num_iters": 18,
          "schema_version": "0.2.0"
        }
      ]
    ],
    "num_iters": 18,
    "ri_fock_time": 4.288143145,
    "ri_tflops": 0.14142848303446734,
    "scf_tflops": 0.04373776546827615,
    "scf_time": 38.537220221,
    "schema_version": "0.2.0",
    "tflops": 0.4459825099691018,
    "total_time": 38.795425,
    "transforms_time": 0.10529528599999997,
    "xc_tflops": 0.0,
    "xc_time": 24.344231806000003
  },
  "schema_version": "0.2.0"
}
