{
  "calculation_time": 32.803103174,
  "qmmbe": {
    "b_formation_time": 2.27747411,
    "b_tflops": 5.3314262122101574,
    "diag_time": 6.8990770999999995,
    "expanded_elec_energy": -5492.015629197246,
    "expanded_hf_energy": -1613.9440536206625,
    "expanded_nuc_repulsion_energy": 4114.647745392321,
    "expanded_xc_energy": -236.57616981573722,
    "homo": -0.16002584929932345,
    "lumo": -0.11319399374296713,
    "method": "RestrictedKSDFT",
    "mp2_tflops": 0.0,
    "mp2_time": 6.9533558049702e-310,
    "n_atoms": 64,
    "nmers": [
      [
        {
          "fragments": [
            0
          ],
          "hf_energy": -1613.9440536206625,
          "num_basis_fns": 1434,
          "num_iters": 19,
          "schema_version": "0.2.0"
        }
      ]
    ],
    "num_iters": 19,
    "ri_fock_time": 3.5379346530000007,
    "ri_tflops": 0.15557916615708614,
    "scf_tflops": 0.04692512884290931,
    "scf_time": 32.603098352,
    "schema_version": "0.2.0",
    "tflops": 0.41292374839102947,
    "total_time": 32.79874,
    "transforms_time": 0.14543433300000005,
    "xc_tflops": 0.0,
    "xc_time": 20.333008032000002
  },
  "schema_version": "0.2.0"
}
