{
  "calculation_time": 34.499156922,
  "qmmbe": {
    "b_formation_time": 2.524720064,
    "b_tflops": 5.703952553897081,
    "diag_time": 7.005450593000001,
    "expanded_elec_energy": -5878.5436214120355,
    "expanded_hf_energy": -1691.3580602118568,
    "expanded_nuc_repulsion_energy": 4435.375348150598,
    "expanded_xc_energy": -248.18978695041966,
    "homo": -0.17533271475744058,
    "lumo": -0.09588782969381864,
    "method": "RestrictedKSDFT",
    "mp2_tflops": 0.0,
    "mp2_time": 6.95335580495124e-310,
    "n_atoms": 68,
    "nmers": [
      [
        {
          "fragments": [
            0
          ],
          "hf_energy": -1691.3580602118568,
          "num_basis_fns": 1508,
          "num_iters": 18,
          "schema_version": "0.2.0"
        }
      ]
    ],
    "num_iters": 18,
    "ri_fock_time": 4.001846665,
    "ri_tflops": 0.1515464311354368,
    "scf_tflops": 0.04950137918915654,
    "scf_time": 34.277646666,
    "schema_version": "0.2.0",
    "tflops": 0.4621970638585638,
    "total_time": 34.494751,
    "transforms_time": 0.10202284100000002,
    "xc_tflops": 0.0,
    "xc_time": 21.205081839
  },
  "schema_version": "0.2.0"
}
