{
  "calculation_time": 45.889482002,
  "qmmbe": {
    "b_formation_time": 3.069169574,
    "b_tflops": 5.204549625417341,
    "diag_time": 8.42356747,
    "expanded_elec_energy": -6120.105476479962,
    "expanded_hf_energy": -1691.3116579611358,
    "expanded_nuc_repulsion_energy": 4676.98410317357,
    "expanded_xc_energy": -248.19028465474344,
    "homo": -0.17410959060668516,
    "lumo": -0.09357154146378198,
    "method": "RestrictedKSDFT",
    "mp2_tflops": 0.0,
    "mp2_time": 6.95335580495124e-310,
    "n_atoms": 68,
    "nmers": [
      [
        {
          "fragments": [
            0
          ],
          "hf_energy": -1691.3116579611358,
          "num_basis_fns": 1508,
          "num_iters": 18,
          "schema_version": "0.2.0"
        }
      ]
    ],
    "num_iters": 18,
    "ri_fock_time": 5.639661532,
    "ri_tflops": 0.10753581160692961,
    "scf_tflops": 0.036863714555099764,
    "scf_time": 45.637425416,
    "schema_version": "0.2.0",
    "tflops": 0.38174035017721175,
    "total_time": 45.884942,
    "transforms_time": 0.10674863700000002,
    "xc_tflops": 0.0,
    "xc_time": 30.050924346
  },
  "schema_version": "0.2.0"
}
