{
  "calculation_time": 31.261173408,
  "qmmbe": {
    "b_formation_time": 2.242113239,
    "b_tflops": 4.516527714573653,
    "diag_time": 5.760825174,
    "expanded_elec_energy": -5070.811396824198,
    "expanded_hf_energy": -1537.7087698888242,
    "expanded_nuc_repulsion_energy": 3758.7837086872273,
    "expanded_xc_energy": -225.68108175185375,
    "homo": -0.16945671634761864,
    "lumo": -0.10514646957360675,
    "method": "RestrictedKSDFT",
    "mp2_tflops": 0.0,
    "mp2_time": 6.95335580495124e-310,
    "n_atoms": 62,
    "nmers": [
      [
        {
          "fragments": [
            0
          ],
          "hf_energy": -1537.7087698888242,
          "num_basis_fns": 1372,
          "num_iters": 17,
          "schema_version": "0.2.0"
        }
      ]
    ],
    "num_iters": 17,
    "ri_fock_time": 3.1588595259999996,
    "ri_tflops": 0.1365578664988093,
    "scf_tflops": 0.03868201589011416,
    "scf_time": 31.07400188,
    "schema_version": "0.2.0",
    "tflops": 0.3591216966896014,
    "total_time": 31.257086,
    "transforms_time": 0.13557742799999997,
    "xc_tflops": 0.0,
    "xc_time": 19.921407784000003
  },
  "schema_version": "0.2.0"
}
