{
  "calculation_time": 40.075099071,
  "qmmbe": {
    "b_formation_time": 2.614006829,
    "b_tflops": 4.606120855377459,
    "diag_time": 6.069181913,
    "expanded_elec_energy": -5414.394070888848,
    "expanded_hf_energy": -1537.6726171595676,
    "expanded_nuc_repulsion_energy": 4102.417864330794,
    "expanded_xc_energy": -225.69641060151406,
    "homo": -0.17374435024419385,
    "lumo": -0.09558614665742567,
    "method": "RestrictedKSDFT",
    "mp2_tflops": 0.0,
    "mp2_time": 6.9533558049702e-310,
    "n_atoms": 62,
    "nmers": [
      [
        {
          "fragments": [
            0
          ],
          "hf_energy": -1537.6726171595676,
          "num_basis_fns": 1372,
          "num_iters": 18,
          "schema_version": "0.2.0"
        }
      ]
    ],
    "num_iters": 18,
    "ri_fock_time": 4.263739697,
    "ri_tflops": 0.10712231191818931,
    "scf_tflops": 0.03174810629083614,
    "scf_time": 39.83995598,
    "schema_version": "0.2.0",
    "tflops": 0.3295074978652878,
    "total_time": 40.07098,
    "transforms_time": 0.22524128800000007,
    "xc_tflops": 0.0,
    "xc_time": 26.961150463
  },
  "schema_version": "0.2.0"
}
