{
  "calculation_time": 28.589392341,
  "qmmbe": {
    "b_formation_time": 1.77250489,
    "b_tflops": 4.29439226187974,
    "diag_time": 4.498906598999999,
    "expanded_elec_energy": -4491.053368281014,
    "expanded_hf_energy": -1384.0448982750952,
    "expanded_nuc_repulsion_energy": 3310.196877367498,
    "expanded_xc_energy": -203.18840736157952,
    "homo": -0.17331484400580308,
    "lumo": -0.10144500214597284,
    "method": "RestrictedKSDFT",
    "mp2_tflops": 0.0,
    "mp2_time": 6.953355804956e-310,
    "n_atoms": 56,
    "nmers": [
      [
        {
          "fragments": [
            0
          ],
          "hf_energy": -1384.0448982750952,
          "num_basis_fns": 1236,
          "num_iters": 18,
          "schema_version": "0.2.0"
        }
      ]
    ],
    "num_iters": 18,
    "ri_fock_time": 2.4790684299999994,
    "ri_tflops": 0.13470468180339826,
    "scf_tflops": 0.03238364917398073,
    "scf_time": 28.424131331,
    "schema_version": "0.2.0",
    "tflops": 0.29607807291818766,
    "total_time": 28.585649,
    "transforms_time": 0.4534296059999998,
    "xc_tflops": 0.0,
    "xc_time": 19.373701458
  },
  "schema_version": "0.2.0"
}
