{
  "calculation_time": 31.569559301,
  "qmmbe": {
    "b_formation_time": 1.903452406,
    "b_tflops": 4.956378764590975,
    "diag_time": 4.596033165,
    "expanded_elec_energy": -4938.766685848688,
    "expanded_hf_energy": -1459.120603611696,
    "expanded_nuc_repulsion_energy": 3693.020650140753,
    "expanded_xc_energy": -213.3745679037607,
    "homo": -0.15904181258680358,
    "lumo": -0.11259209187748402,
    "method": "RestrictedKSDFT",
    "mp2_tflops": 0.0,
    "mp2_time": 6.953355804956e-310,
    "n_atoms": 56,
    "nmers": [
      [
        {
          "fragments": [
            0
          ],
          "hf_energy": -1459.120603611696,
          "num_basis_fns": 1286,
          "num_iters": 18,
          "schema_version": "0.2.0"
        }
      ]
    ],
    "num_iters": 18,
    "ri_fock_time": 3.1983584199999995,
    "ri_tflops": 0.11757078785935444,
    "scf_tflops": 0.033000149742954274,
    "scf_time": 31.382543389,
    "schema_version": "0.2.0",
    "tflops": 0.329257837748947,
    "total_time": 31.565606,
    "transforms_time": 0.17141664899999992,
    "xc_tflops": 0.0,
    "xc_time": 21.798682104000005
  },
  "schema_version": "0.2.0"
}
