{
  "calculation_time": 33.062223614,
  "qmmbe": {
    "b_formation_time": 4.026447203,
    "b_tflops": 2.2480064604487997,
    "diag_time": 5.709670161999999,
    "expanded_elec_energy": -4843.019776322792,
    "expanded_hf_energy": -1460.293789975671,
    "expanded_nuc_repulsion_energy": 3596.8107576012785,
    "expanded_xc_energy": -214.08477125415797,
    "homo": -0.1716351713949323,
    "lumo": -0.10020241812390365,
    "method": "RestrictedKSDFT",
    "mp2_tflops": 0.0,
    "mp2_time": 6.95335580495124e-310,
    "n_atoms": 58,
    "nmers": [
      [
        {
          "fragments": [
            0
          ],
          "hf_energy": -1460.293789975671,
          "num_basis_fns": 1298,
          "num_iters": 18,
          "schema_version": "0.2.0"
        }
      ]
    ],
    "num_iters": 18,
    "ri_fock_time": 2.766674494,
    "ri_tflops": 0.13977906392048448,
    "scf_tflops": 0.03728160374681141,
    "scf_time": 31.164654265,
    "schema_version": "0.2.0",
    "tflops": 0.31393436338541736,
    "total_time": 31.382686,
    "transforms_time": 0.33537477299999996,
    "xc_tflops": 0.0,
    "xc_time": 18.008286672999997
  },
  "schema_version": "0.2.0"
}
