{
  "calculation_time": 42.255997432,
  "qmmbe": {
    "b_formation_time": 3.326554771,
    "b_tflops": 4.412288051449612,
    "diag_time": 8.574979930999998,
    "expanded_elec_energy": -5909.815442604543,
    "expanded_hf_energy": -1691.3451740712555,
    "expanded_nuc_repulsion_energy": 4466.660709782458,
    "expanded_xc_energy": -248.1904412491706,
    "homo": -0.17562457064059242,
    "lumo": -0.1001272570725214,
    "method": "RestrictedKSDFT",
    "mp2_tflops": 0.0,
    "mp2_time": 6.95335580495757e-310,
    "n_atoms": 68,
    "nmers": [
      [
        {
          "fragments": [
            0
          ],
          "hf_energy": -1691.3451740712555,
          "num_basis_fns": 1508,
          "num_iters": 17,
          "schema_version": "0.2.0"
        }
      ]
    ],
    "num_iters": 17,
    "ri_fock_time": 4.698286961,
    "ri_tflops": 0.12191103961135848,
    "scf_tflops": 0.03822226307484239,
    "scf_time": 42.020216277,
    "schema_version": "0.2.0",
    "tflops": 0.3818647676244084,
    "total_time": 42.25155,
    "transforms_time": 0.4181073540000001,
    "xc_tflops": 0.0,
    "xc_time": 26.307166412999997
  },
  "schema_version": "0.2.0"
}
