{
  "calculation_time": 27.713659473,
  "qmmbe": {
    "b_formation_time": 2.243904812,
    "b_tflops": 4.955019365659259,
    "diag_time": 5.407648428999999,
    "expanded_elec_energy": -5257.024926591344,
    "expanded_hf_energy": -1537.691753811037,
    "expanded_nuc_repulsion_energy": 3945.0265954774122,
    "expanded_xc_energy": -225.69342269710478,
    "homo": -0.17395505729312333,
    "lumo": -0.0949932231462577,
    "method": "RestrictedKSDFT",
    "mp2_tflops": 0.0,
    "mp2_time": 6.95335580495124e-310,
    "n_atoms": 62,
    "nmers": [
      [
        {
          "fragments": [
            0
          ],
          "hf_energy": -1537.691753811037,
          "num_basis_fns": 1372,
          "num_iters": 16,
          "schema_version": "0.2.0"
        }
      ]
    ],
    "num_iters": 16,
    "ri_fock_time": 3.031598908,
    "ri_tflops": 0.1339202821483534,
    "scf_tflops": 0.04160634369457773,
    "scf_time": 27.5285458,
    "schema_version": "0.2.0",
    "tflops": 0.43856103566296023,
    "total_time": 27.709513,
    "transforms_time": 0.08866782499999999,
    "xc_tflops": 0.0,
    "xc_time": 17.193739231
  },
  "schema_version": "0.2.0"
}
