{
  "calculation_time": 37.114724822,
  "qmmbe": {
    "b_formation_time": 2.750450524,
    "b_tflops": 5.022833798746783,
    "diag_time": 7.923255741,
    "expanded_elec_energy": -5784.505292686209,
    "expanded_hf_energy": -1691.3510949216998,
    "expanded_nuc_repulsion_energy": 4341.336624946038,
    "expanded_xc_energy": -248.18242718152845,
    "homo": -0.16458115500899534,
    "lumo": -0.10897180809271086,
    "method": "RestrictedKSDFT",
    "mp2_tflops": 0.0,
    "mp2_time": 6.953355804956e-310,
    "n_atoms": 68,
    "nmers": [
      [
        {
          "fragments": [
            0
          ],
          "hf_energy": -1691.3510949216998,
          "num_basis_fns": 1508,
          "num_iters": 18,
          "schema_version": "0.2.0"
        }
      ]
    ],
    "num_iters": 18,
    "ri_fock_time": 3.401767223999999,
    "ri_tflops": 0.17827956473720205,
    "scf_tflops": 0.045884697085388435,
    "scf_time": 36.896811917,
    "schema_version": "0.2.0",
    "tflops": 0.41383514790840237,
    "total_time": 37.110296,
    "transforms_time": 0.9280578110000002,
    "xc_tflops": 0.0,
    "xc_time": 22.632155460999996
  },
  "schema_version": "0.2.0"
}
