{
  "calculation_time": 35.502369041,
  "qmmbe": {
    "b_formation_time": 2.333503111,
    "b_tflops": 4.611836699778027,
    "diag_time": 6.241381143999998,
    "expanded_elec_energy": -5192.037046296841,
    "expanded_hf_energy": -1537.7009563520155,
    "expanded_nuc_repulsion_energy": 3880.024832516615,
    "expanded_xc_energy": -225.68874257178925,
    "homo": -0.16715819184118927,
    "lumo": -0.10484103499241826,
    "method": "RestrictedKSDFT",
    "mp2_tflops": 0.0,
    "mp2_time": 6.9533558049702e-310,
    "n_atoms": 62,
    "nmers": [
      [
        {
          "fragments": [
            0
          ],
          "hf_energy": -1537.7009563520155,
          "num_basis_fns": 1372,
          "num_iters": 18,
          "schema_version": "0.2.0"
        }
      ]
    ],
    "num_iters": 18,
    "ri_fock_time": 3.6267219029999995,
    "ri_tflops": 0.12593787612504462,
    "scf_tflops": 0.03593022458539871,
    "scf_time": 35.297920579,
    "schema_version": "0.2.0",
    "tflops": 0.3359320536687146,
    "total_time": 35.498226,
    "transforms_time": 0.10412709399999998,
    "xc_tflops": 0.0,
    "xc_time": 23.115730449
  },
  "schema_version": "0.2.0"
}
