{
  "calculation_time": 31.781737893,
  "qmmbe": {
    "b_formation_time": 2.453800455,
    "b_tflops": 5.245817370705476,
    "diag_time": 5.727042872,
    "expanded_elec_energy": -5617.822446726218,
    "expanded_hf_energy": -1613.938768197405,
    "expanded_nuc_repulsion_energy": 4240.464214390408,
    "expanded_xc_energy": -236.5805358615952,
    "homo": -0.16512545994005395,
    "lumo": -0.10576560106654731,
    "method": "RestrictedKSDFT",
    "mp2_tflops": 0.0,
    "mp2_time": 6.9533558049702e-310,
    "n_atoms": 64,
    "nmers": [
      [
        {
          "fragments": [
            0
          ],
          "hf_energy": -1613.938768197405,
          "num_basis_fns": 1434,
          "num_iters": 18,
          "schema_version": "0.2.0"
        }
      ]
    ],
    "num_iters": 18,
    "ri_fock_time": 3.3910550520000005,
    "ri_tflops": 0.1537748493928019,
    "scf_tflops": 0.04621587704002083,
    "scf_time": 31.564925156,
    "schema_version": "0.2.0",
    "tflops": 0.44684194538085364,
    "total_time": 31.777542,
    "transforms_time": 0.10266236000000004,
    "xc_tflops": 0.0,
    "xc_time": 20.246123983999997
  },
  "schema_version": "0.2.0"
}
