{
  "calculation_time": 34.173479831,
  "qmmbe": {
    "b_formation_time": 2.296819143,
    "b_tflops": 5.334704243518228,
    "diag_time": 5.883163929999999,
    "expanded_elec_energy": -5440.245794137381,
    "expanded_hf_energy": -1537.684725953128,
    "expanded_nuc_repulsion_energy": 4128.249074783647,
    "expanded_xc_energy": -225.68800659939384,
    "homo": -0.16618743586519782,
    "lumo": -0.10273853279641512,
    "method": "RestrictedKSDFT",
    "mp2_tflops": 0.0,
    "mp2_time": 6.95335580495124e-310,
    "n_atoms": 62,
    "nmers": [
      [
        {
          "fragments": [
            0
          ],
          "hf_energy": -1537.684725953128,
          "num_basis_fns": 1372,
          "num_iters": 19,
          "schema_version": "0.2.0"
        }
      ]
    ],
    "num_iters": 19,
    "ri_fock_time": 3.7543003829999995,
    "ri_tflops": 0.12841705268525927,
    "scf_tflops": 0.039439102627783294,
    "scf_time": 33.953549999,
    "schema_version": "0.2.0",
    "tflops": 0.39453029885358276,
    "total_time": 34.169325,
    "transforms_time": 0.14293886099999997,
    "xc_tflops": 0.0,
    "xc_time": 22.186374672
  },
  "schema_version": "0.2.0"
}
