{
  "calculation_time": 34.392334324,
  "qmmbe": {
    "b_formation_time": 2.415652161,
    "b_tflops": 5.018944862528988,
    "diag_time": 6.747019906000001,
    "expanded_elec_energy": -5481.61923027267,
    "expanded_hf_energy": -1613.9468527169183,
    "expanded_nuc_repulsion_energy": 4104.252175101971,
    "expanded_xc_energy": -236.57979754621908,
    "homo": -0.16668625646163485,
    "lumo": -0.10475871485287983,
    "method": "RestrictedKSDFT",
    "mp2_tflops": 0.0,
    "mp2_time": 6.9533558049623e-310,
    "n_atoms": 64,
    "nmers": [
      [
        {
          "fragments": [
            0
          ],
          "hf_energy": -1613.9468527169183,
          "num_basis_fns": 1434,
          "num_iters": 18,
          "schema_version": "0.2.0"
        }
      ]
    ],
    "num_iters": 18,
    "ri_fock_time": 3.2049388599999995,
    "ri_tflops": 0.16270481362755235,
    "scf_tflops": 0.042388682786656785,
    "scf_time": 34.188190871,
    "schema_version": "0.2.0",
    "tflops": 0.3911655068806697,
    "total_time": 34.387936,
    "transforms_time": 0.09831206100000003,
    "xc_tflops": 0.0,
    "xc_time": 21.319518398
  },
  "schema_version": "0.2.0"
}
