{
  "calculation_time": 31.703731408,
  "qmmbe": {
    "b_formation_time": 2.463283863,
    "b_tflops": 5.220132505501661,
    "diag_time": 5.583183395000001,
    "expanded_elec_energy": -5612.257953585003,
    "expanded_hf_energy": -1613.9412792116555,
    "expanded_nuc_repulsion_energy": 4234.904023217752,
    "expanded_xc_energy": -236.5873488444048,
    "homo": -0.17238101940065997,
    "lumo": -0.10026875321101562,
    "method": "RestrictedKSDFT",
    "mp2_tflops": 0.0,
    "mp2_time": 6.9533558049623e-310,
    "n_atoms": 64,
    "nmers": [
      [
        {
          "fragments": [
            0
          ],
          "hf_energy": -1613.9412792116555,
          "num_basis_fns": 1434,
          "num_iters": 18,
          "schema_version": "0.2.0"
        }
      ]
    ],
    "num_iters": 18,
    "ri_fock_time": 3.116985128,
    "ri_tflops": 0.16729594736263367,
    "scf_tflops": 0.04645954022106042,
    "scf_time": 31.474825609,
    "schema_version": "0.2.0",
    "tflops": 0.44751816070476996,
    "total_time": 31.699312,
    "transforms_time": 0.10277028399999999,
    "xc_tflops": 0.0,
    "xc_time": 20.084883922
  },
  "schema_version": "0.2.0"
}
