{
  "calculation_time": 36.892354217,
  "qmmbe": {
    "b_formation_time": 3.382952076,
    "b_tflops": 4.192472526516513,
    "diag_time": 7.311972306,
    "expanded_elec_energy": -5831.840791485876,
    "expanded_hf_energy": -1691.3590053679575,
    "expanded_nuc_repulsion_energy": 4388.676658114605,
    "expanded_xc_energy": -248.19487199668612,
    "homo": -0.18179432258116168,
    "lumo": -0.08673166100636083,
    "method": "RestrictedKSDFT",
    "mp2_tflops": 0.0,
    "mp2_time": 6.9533558049639e-310,
    "n_atoms": 68,
    "nmers": [
      [
        {
          "fragments": [
            0
          ],
          "hf_energy": -1691.3590053679575,
          "num_basis_fns": 1508,
          "num_iters": 15,
          "schema_version": "0.2.0"
        }
      ]
    ],
    "num_iters": 15,
    "ri_fock_time": 3.8523235799999997,
    "ri_tflops": 0.13119042906567055,
    "scf_tflops": 0.039501082594841405,
    "scf_time": 36.683757732,
    "schema_version": "0.2.0",
    "tflops": 0.41932357108632146,
    "total_time": 36.887833,
    "transforms_time": 0.5350415219999998,
    "xc_tflops": 0.0,
    "xc_time": 22.598633347999996
  },
  "schema_version": "0.2.0"
}
