{
  "calculation_time": 30.911146794,
  "qmmbe": {
    "b_formation_time": 2.43862378,
    "b_tflops": 5.403535638316461,
    "diag_time": 7.229961694,
    "expanded_elec_energy": -5666.972294983385,
    "expanded_hf_energy": -1613.9333866553661,
    "expanded_nuc_repulsion_energy": 4289.634162517893,
    "expanded_xc_energy": -236.5952541898742,
    "homo": -0.1751619335179878,
    "lumo": -0.09588826132101275,
    "method": "RestrictedKSDFT",
    "mp2_tflops": 0.0,
    "mp2_time": 6.9533558049623e-310,
    "n_atoms": 64,
    "nmers": [
      [
        {
          "fragments": [
            0
          ],
          "hf_energy": -1613.9333866553661,
          "num_basis_fns": 1434,
          "num_iters": 17,
          "schema_version": "0.2.0"
        }
      ]
    ],
    "num_iters": 17,
    "ri_fock_time": 3.1626840830000007,
    "ri_tflops": 0.1557186945174884,
    "scf_tflops": 0.045185684079391567,
    "scf_time": 30.669460233,
    "schema_version": "0.2.0",
    "tflops": 0.46691107823849987,
    "total_time": 30.906705,
    "transforms_time": 0.13716629399999997,
    "xc_tflops": 0.0,
    "xc_time": 18.053360337000004
  },
  "schema_version": "0.2.0"
}
