{
  "calculation_time": 37.596371968,
  "qmmbe": {
    "b_formation_time": 2.798698457,
    "b_tflops": 5.181448187023458,
    "diag_time": 7.424121127,
    "expanded_elec_energy": -5885.375495850283,
    "expanded_hf_energy": -1691.3333641959052,
    "expanded_nuc_repulsion_energy": 4442.229485327113,
    "expanded_xc_energy": -248.18735367273536,
    "homo": -0.1697720425798515,
    "lumo": -0.10216742524624037,
    "method": "RestrictedKSDFT",
    "mp2_tflops": 0.0,
    "mp2_time": 6.95335580495124e-310,
    "n_atoms": 68,
    "nmers": [
      [
        {
          "fragments": [
            0
          ],
          "hf_energy": -1691.3333641959052,
          "num_basis_fns": 1508,
          "num_iters": 18,
          "schema_version": "0.2.0"
        }
      ]
    ],
    "num_iters": 18,
    "ri_fock_time": 4.947215384000001,
    "ri_tflops": 0.12258726029867147,
    "scf_tflops": 0.04543496222767099,
    "scf_time": 37.373292994,
    "schema_version": "0.2.0",
    "tflops": 0.4267893194461374,
    "total_time": 37.59185,
    "transforms_time": 0.26891626399999996,
    "xc_tflops": 0.0,
    "xc_time": 23.294215582
  },
  "schema_version": "0.2.0"
}
