{
  "calculation_time": 46.083542201,
  "qmmbe": {
    "b_formation_time": 2.7684971,
    "b_tflops": 3.8443113507888453,
    "diag_time": 9.887183998,
    "expanded_elec_energy": -5168.9030929881465,
    "expanded_hf_energy": -1537.6937225456322,
    "expanded_nuc_repulsion_energy": 3856.896741387212,
    "expanded_xc_energy": -225.68737094469782,
    "homo": -0.17592272091354302,
    "lumo": -0.09524245591442877,
    "method": "RestrictedKSDFT",
    "mp2_tflops": 0.0,
    "mp2_time": 6.95335580495124e-310,
    "n_atoms": 62,
    "nmers": [
      [
        {
          "fragments": [
            0
          ],
          "hf_energy": -1537.6937225456322,
          "num_basis_fns": 1372,
          "num_iters": 18,
          "schema_version": "0.2.0"
        }
      ]
    ],
    "num_iters": 18,
    "ri_fock_time": 4.451305347,
    "ri_tflops": 0.1026084750775018,
    "scf_tflops": 0.02740031531912341,
    "scf_time": 45.890188862,
    "schema_version": "0.2.0",
    "tflops": 0.2562151909979565,
    "total_time": 46.07932,
    "transforms_time": 0.09342833199999998,
    "xc_tflops": 0.0,
    "xc_time": 28.499097548999995
  },
  "schema_version": "0.2.0"
}
