{
  "calculation_time": 34.394332036,
  "qmmbe": {
    "b_formation_time": 2.532866738,
    "b_tflops": 5.338194277286135,
    "diag_time": 7.6159580469999995,
    "expanded_elec_energy": -5710.402822257446,
    "expanded_hf_energy": -1691.3582427248543,
    "expanded_nuc_repulsion_energy": 4267.227239532357,
    "expanded_xc_energy": -248.1826599997654,
    "homo": -0.17089679299446592,
    "lumo": -0.0986821923388744,
    "method": "RestrictedKSDFT",
    "mp2_tflops": 0.0,
    "mp2_time": 6.95335580495124e-310,
    "n_atoms": 68,
    "nmers": [
      [
        {
          "fragments": [
            0
          ],
          "hf_energy": -1691.3582427248543,
          "num_basis_fns": 1508,
          "num_iters": 18,
          "schema_version": "0.2.0"
        }
      ]
    ],
    "num_iters": 18,
    "ri_fock_time": 3.263710376,
    "ri_tflops": 0.18582089406330335,
    "scf_tflops": 0.049488400445198935,
    "scf_time": 34.181404349,
    "schema_version": "0.2.0",
    "tflops": 0.4380200921493081,
    "total_time": 34.389803,
    "transforms_time": 0.26426516399999994,
    "xc_tflops": 0.0,
    "xc_time": 20.1772323
  },
  "schema_version": "0.2.0"
}
