{
  "calculation_time": 34.671254704,
  "qmmbe": {
    "b_formation_time": 2.587075317,
    "b_tflops": 5.255379792692754,
    "diag_time": 7.084766813,
    "expanded_elec_energy": -5726.061444471025,
    "expanded_hf_energy": -1691.3573477438622,
    "expanded_nuc_repulsion_energy": 4282.886189864158,
    "expanded_xc_energy": -248.1820931369949,
    "homo": -0.17183940967737132,
    "lumo": -0.10035827873666853,
    "method": "RestrictedKSDFT",
    "mp2_tflops": 0.0,
    "mp2_time": 6.953355804956e-310,
    "n_atoms": 68,
    "nmers": [
      [
        {
          "fragments": [
            0
          ],
          "hf_energy": -1691.3573477438622,
          "num_basis_fns": 1508,
          "num_iters": 18,
          "schema_version": "0.2.0"
        }
      ]
    ],
    "num_iters": 18,
    "ri_fock_time": 3.480922968,
    "ri_tflops": 0.17422551019003188,
    "scf_tflops": 0.04919054150401451,
    "scf_time": 34.458503618,
    "schema_version": "0.2.0",
    "tflops": 0.4366888692048161,
    "total_time": 34.666677,
    "transforms_time": 0.8460179299999999,
    "xc_tflops": 0.0,
    "xc_time": 21.338698748000006
  },
  "schema_version": "0.2.0"
}
