{
  "calculation_time": 32.193274997,
  "qmmbe": {
    "b_formation_time": 2.51711525,
    "b_tflops": 5.414969784750221,
    "diag_time": 5.595537508,
    "expanded_elec_energy": -5735.193406083635,
    "expanded_hf_energy": -1613.9303655062254,
    "expanded_nuc_repulsion_energy": 4357.859811098985,
    "expanded_xc_energy": -236.59677052157565,
    "homo": -0.17237213880414556,
    "lumo": -0.09679383867144391,
    "method": "RestrictedKSDFT",
    "mp2_tflops": 0.0,
    "mp2_time": 6.9533558049623e-310,
    "n_atoms": 64,
    "nmers": [
      [
        {
          "fragments": [
            0
          ],
          "hf_energy": -1613.9303655062254,
          "num_basis_fns": 1434,
          "num_iters": 17,
          "schema_version": "0.2.0"
        }
      ]
    ],
    "num_iters": 17,
    "ri_fock_time": 3.5634790580000004,
    "ri_tflops": 0.13820455475116755,
    "scf_tflops": 0.04335148773354027,
    "scf_time": 31.945524075,
    "schema_version": "0.2.0",
    "tflops": 0.4623841185122444,
    "total_time": 32.188812,
    "transforms_time": 0.094004231,
    "xc_tflops": 0.0,
    "xc_time": 20.396495397
  },
  "schema_version": "0.2.0"
}
