{
  "calculation_time": 37.080985559,
  "qmmbe": {
    "b_formation_time": 2.505276274,
    "b_tflops": 5.139843946898768,
    "diag_time": 6.742439125000001,
    "expanded_elec_energy": -5609.424995992959,
    "expanded_hf_energy": -1613.9426447230853,
    "expanded_nuc_repulsion_energy": 4232.068164596721,
    "expanded_xc_energy": -236.58581332684656,
    "homo": -0.16797637227211734,
    "lumo": -0.10273348921993465,
    "method": "RestrictedKSDFT",
    "mp2_tflops": 0.0,
    "mp2_time": 6.9533558049702e-310,
    "n_atoms": 64,
    "nmers": [
      [
        {
          "fragments": [
            0
          ],
          "hf_energy": -1613.9426447230853,
          "num_basis_fns": 1434,
          "num_iters": 18,
          "schema_version": "0.2.0"
        }
      ]
    ],
    "num_iters": 18,
    "ri_fock_time": 3.661834702,
    "ri_tflops": 0.14240374630214533,
    "scf_tflops": 0.03929363461614626,
    "scf_time": 36.88491143,
    "schema_version": "0.2.0",
    "tflops": 0.38309847256299956,
    "total_time": 37.076628,
    "transforms_time": 0.09461369000000001,
    "xc_tflops": 0.0,
    "xc_time": 23.718419813999997
  },
  "schema_version": "0.2.0"
}
