{
  "calculation_time": 33.293562866,
  "qmmbe": {
    "b_formation_time": 2.23670474,
    "b_tflops": 4.887333024275703,
    "diag_time": 5.803801875000001,
    "expanded_elec_energy": -5227.193418573748,
    "expanded_hf_energy": -1537.7043022674357,
    "expanded_nuc_repulsion_energy": 3915.182342771288,
    "expanded_xc_energy": -225.6932264649754,
    "homo": -0.17145504524323898,
    "lumo": -0.09628305202515404,
    "method": "RestrictedKSDFT",
    "mp2_tflops": 0.0,
    "mp2_time": 6.9533558049702e-310,
    "n_atoms": 62,
    "nmers": [
      [
        {
          "fragments": [
            0
          ],
          "hf_energy": -1537.7043022674357,
          "num_basis_fns": 1372,
          "num_iters": 17,
          "schema_version": "0.2.0"
        }
      ]
    ],
    "num_iters": 17,
    "ri_fock_time": 4.198435120999999,
    "ri_tflops": 0.10274473821980971,
    "scf_tflops": 0.036210135348719426,
    "scf_time": 33.099359988,
    "schema_version": "0.2.0",
    "tflops": 0.3613737780963474,
    "total_time": 33.289493,
    "transforms_time": 0.09090531400000003,
    "xc_tflops": 0.0,
    "xc_time": 21.744811453999997
  },
  "schema_version": "0.2.0"
}
