{
  "calculation_time": 40.95717244,
  "qmmbe": {
    "b_formation_time": 2.952433895,
    "b_tflops": 5.339605681902659,
    "diag_time": 8.457410949,
    "expanded_elec_energy": -6091.012603011121,
    "expanded_hf_energy": -1691.3262995246762,
    "expanded_nuc_repulsion_energy": 4647.874607508404,
    "expanded_xc_energy": -248.18830402195846,
    "homo": -0.1635478838892878,
    "lumo": -0.10944767380035604,
    "method": "RestrictedKSDFT",
    "mp2_tflops": 0.0,
    "mp2_time": 6.9533558049623e-310,
    "n_atoms": 68,
    "nmers": [
      [
        {
          "fragments": [
            0
          ],
          "hf_energy": -1691.3262995246762,
          "num_basis_fns": 1508,
          "num_iters": 18,
          "schema_version": "0.2.0"
        }
      ]
    ],
    "num_iters": 18,
    "ri_fock_time": 4.59521637,
    "ri_tflops": 0.13197758956277394,
    "scf_tflops": 0.041514429305310775,
    "scf_time": 40.70852403,
    "schema_version": "0.2.0",
    "tflops": 0.4226181305025629,
    "total_time": 40.952624,
    "transforms_time": 0.108781774,
    "xc_tflops": 0.0,
    "xc_time": 25.55995887
  },
  "schema_version": "0.2.0"
}
