{
  "calculation_time": 35.127615923,
  "qmmbe": {
    "b_formation_time": 2.568901725,
    "b_tflops": 5.544691054499564,
    "diag_time": 6.913660175,
    "expanded_elec_energy": -5839.30032821063,
    "expanded_hf_energy": -1691.335351027246,
    "expanded_nuc_repulsion_energy": 4396.142830549138,
    "expanded_xc_energy": -248.17785336575386,
    "homo": -0.1631721256503426,
    "lumo": -0.10984510461918107,
    "method": "RestrictedKSDFT",
    "mp2_tflops": 0.0,
    "mp2_time": 6.95335580495124e-310,
    "n_atoms": 68,
    "nmers": [
      [
        {
          "fragments": [
            0
          ],
          "hf_energy": -1691.335351027246,
          "num_basis_fns": 1508,
          "num_iters": 18,
          "schema_version": "0.2.0"
        }
      ]
    ],
    "num_iters": 18,
    "ri_fock_time": 3.2211188649999993,
    "ri_tflops": 0.1882779262267306,
    "scf_tflops": 0.048525264359348674,
    "scf_time": 34.900193151,
    "schema_version": "0.2.0",
    "tflops": 0.44945649521280723,
    "total_time": 35.122988,
    "transforms_time": 1.2116314350000004,
    "xc_tflops": 0.0,
    "xc_time": 21.890365410999994
  },
  "schema_version": "0.2.0"
}
