{
  "calculation_time": 34.625236367,
  "qmmbe": {
    "b_formation_time": 2.767551802,
    "b_tflops": 4.832555388017268,
    "diag_time": 6.304300029000002,
    "expanded_elec_energy": -5690.636915285977,
    "expanded_hf_energy": -1613.9389322125965,
    "expanded_nuc_repulsion_energy": 4313.290632880815,
    "expanded_xc_energy": -236.59264980743436,
    "homo": -0.1774068204036556,
    "lumo": -0.09261657533168773,
    "method": "RestrictedKSDFT",
    "mp2_tflops": 0.0,
    "mp2_time": 6.95335580496073e-310,
    "n_atoms": 64,
    "nmers": [
      [
        {
          "fragments": [
            0
          ],
          "hf_energy": -1613.9389322125965,
          "num_basis_fns": 1434,
          "num_iters": 17,
          "schema_version": "0.2.0"
        }
      ]
    ],
    "num_iters": 17,
    "ri_fock_time": 3.103682481,
    "ri_tflops": 0.15867893690507962,
    "scf_tflops": 0.0406695228409226,
    "scf_time": 34.391963326,
    "schema_version": "0.2.0",
    "tflops": 0.42251443417194,
    "total_time": 34.620924,
    "transforms_time": 0.094455596,
    "xc_tflops": 0.0,
    "xc_time": 21.708113225
  },
  "schema_version": "0.2.0"
}
