{
  "calculation_time": 43.295031253,
  "qmmbe": {
    "b_formation_time": 2.940929881,
    "b_tflops": 4.421021809719236,
    "diag_time": 8.615304881,
    "expanded_elec_energy": -5625.406218319025,
    "expanded_hf_energy": -1613.9296962824428,
    "expanded_nuc_repulsion_energy": 4248.062223122836,
    "expanded_xc_energy": -236.58570108625383,
    "homo": -0.16802529502759314,
    "lumo": -0.10495910810531864,
    "method": "RestrictedKSDFT",
    "mp2_tflops": 0.0,
    "mp2_time": 6.95335580496073e-310,
    "n_atoms": 64,
    "nmers": [
      [
        {
          "fragments": [
            0
          ],
          "hf_energy": -1613.9296962824428,
          "num_basis_fns": 1434,
          "num_iters": 18,
          "schema_version": "0.2.0"
        }
      ]
    ],
    "num_iters": 18,
    "ri_fock_time": 3.86862056,
    "ri_tflops": 0.13479196830407167,
    "scf_tflops": 0.03361774694653874,
    "scf_time": 43.067357533,
    "schema_version": "0.2.0",
    "tflops": 0.33100223074190377,
    "total_time": 43.290537,
    "transforms_time": 0.14263776099999995,
    "xc_tflops": 0.0,
    "xc_time": 27.031166912000003
  },
  "schema_version": "0.2.0"
}
