{
  "calculation_time": 39.991909559,
  "qmmbe": {
    "b_formation_time": 2.945296378,
    "b_tflops": 5.098233251935231,
    "diag_time": 7.291787202000001,
    "expanded_elec_energy": -5931.984574412456,
    "expanded_hf_energy": -1613.921098825953,
    "expanded_nuc_repulsion_energy": 4554.663420105043,
    "expanded_xc_energy": -236.59994451854013,
    "homo": -0.16698466841984205,
    "lumo": -0.10176005113393904,
    "method": "RestrictedKSDFT",
    "mp2_tflops": 0.0,
    "mp2_time": 6.9533558049623e-310,
    "n_atoms": 64,
    "nmers": [
      [
        {
          "fragments": [
            0
          ],
          "hf_energy": -1613.921098825953,
          "num_basis_fns": 1434,
          "num_iters": 18,
          "schema_version": "0.2.0"
        }
      ]
    ],
    "num_iters": 18,
    "ri_fock_time": 4.312965395000001,
    "ri_tflops": 0.12090497654085626,
    "scf_tflops": 0.03656522925042849,
    "scf_time": 39.740688073,
    "schema_version": "0.2.0",
    "tflops": 0.408707228554116,
    "total_time": 39.987444,
    "transforms_time": 0.224144712,
    "xc_tflops": 0.0,
    "xc_time": 25.699747222999996
  },
  "schema_version": "0.2.0"
}
