{
  "calculation_time": 36.744475781,
  "qmmbe": {
    "b_formation_time": 2.85915785,
    "b_tflops": 5.398361017198124,
    "diag_time": 6.37944869,
    "expanded_elec_energy": -6043.633588268756,
    "expanded_hf_energy": -1691.2985027718876,
    "expanded_nuc_repulsion_energy": 4600.523977373477,
    "expanded_xc_energy": -248.1888918766079,
    "homo": -0.16206678021413828,
    "lumo": -0.10628457532380624,
    "method": "RestrictedKSDFT",
    "mp2_tflops": 0.0,
    "mp2_time": 6.9533558049623e-310,
    "n_atoms": 68,
    "nmers": [
      [
        {
          "fragments": [
            0
          ],
          "hf_energy": -1691.2985027718876,
          "num_basis_fns": 1508,
          "num_iters": 18,
          "schema_version": "0.2.0"
        }
      ]
    ],
    "num_iters": 18,
    "ri_fock_time": 4.575478557,
    "ri_tflops": 0.13254691776539343,
    "scf_tflops": 0.046587446503251306,
    "scf_time": 36.510263158,
    "schema_version": "0.2.0",
    "tflops": 0.4620927544729404,
    "total_time": 36.739929,
    "transforms_time": 0.10368730499999997,
    "xc_tflops": 0.0,
    "xc_time": 23.537425001000003
  },
  "schema_version": "0.2.0"
}
