{
  "calculation_time": 34.751428732,
  "qmmbe": {
    "b_formation_time": 2.072038715,
    "b_tflops": 4.230091655201529,
    "diag_time": 6.10354785,
    "expanded_elec_energy": -4787.7199396810565,
    "expanded_hf_energy": -1460.2894283098517,
    "expanded_nuc_repulsion_energy": 3541.5061054576695,
    "expanded_xc_energy": -214.0755940864646,
    "homo": -0.16606846708515358,
    "lumo": -0.10584787243072767,
    "method": "RestrictedKSDFT",
    "mp2_tflops": 0.0,
    "mp2_time": 6.953355804956e-310,
    "n_atoms": 58,
    "nmers": [
      [
        {
          "fragments": [
            0
          ],
          "hf_energy": -1460.2894283098517,
          "num_basis_fns": 1298,
          "num_iters": 18,
          "schema_version": "0.2.0"
        }
      ]
    ],
    "num_iters": 18,
    "ri_fock_time": 3.1114387949999998,
    "ri_tflops": 0.12429078520376295,
    "scf_tflops": 0.030901266851885916,
    "scf_time": 34.573708554,
    "schema_version": "0.2.0",
    "tflops": 0.2806198664523616,
    "total_time": 34.74735,
    "transforms_time": 0.216257319,
    "xc_tflops": 0.0,
    "xc_time": 23.583240473
  },
  "schema_version": "0.2.0"
}
