{
  "calculation_time": 37.861856655,
  "qmmbe": {
    "b_formation_time": 2.80710787,
    "b_tflops": 5.298727779919623,
    "diag_time": 7.93011902,
    "expanded_elec_energy": -5961.271466217235,
    "expanded_hf_energy": -1691.348016344434,
    "expanded_nuc_repulsion_energy": 4518.114623748716,
    "expanded_xc_energy": -248.19117387591555,
    "homo": -0.17164509959351315,
    "lumo": -0.09746989808094662,
    "method": "RestrictedKSDFT",
    "mp2_tflops": 0.0,
    "mp2_time": 6.9533558049623e-310,
    "n_atoms": 68,
    "nmers": [
      [
        {
          "fragments": [
            0
          ],
          "hf_energy": -1691.348016344434,
          "num_basis_fns": 1508,
          "num_iters": 17,
          "schema_version": "0.2.0"
        }
      ]
    ],
    "num_iters": 17,
    "ri_fock_time": 4.023017683,
    "ri_tflops": 0.14237398215482813,
    "scf_tflops": 0.042538884984672,
    "scf_time": 37.615914626,
    "schema_version": "0.2.0",
    "tflops": 0.43137783011472114,
    "total_time": 37.85721,
    "transforms_time": 0.5148073030000001,
    "xc_tflops": 0.0,
    "xc_time": 22.725243144
  },
  "schema_version": "0.2.0"
}
