{
  "calculation_time": 40.605694209,
  "qmmbe": {
    "b_formation_time": 2.813335486,
    "b_tflops": 5.107031072061769,
    "diag_time": 7.730593848000002,
    "expanded_elec_energy": -5867.444820966694,
    "expanded_hf_energy": -1691.3481950169378,
    "expanded_nuc_repulsion_energy": 4424.279923598399,
    "expanded_xc_energy": -248.1832976486428,
    "homo": -0.1767312135407521,
    "lumo": -0.09526970234490183,
    "method": "RestrictedKSDFT",
    "mp2_tflops": 0.0,
    "mp2_time": 6.953355804956e-310,
    "n_atoms": 68,
    "nmers": [
      [
        {
          "fragments": [
            0
          ],
          "hf_energy": -1691.3481950169378,
          "num_basis_fns": 1508,
          "num_iters": 18,
          "schema_version": "0.2.0"
        }
      ]
    ],
    "num_iters": 18,
    "ri_fock_time": 5.146803207,
    "ri_tflops": 0.11783345032644067,
    "scf_tflops": 0.041706428873029486,
    "scf_time": 40.38342428,
    "schema_version": "0.2.0",
    "tflops": 0.3918680907989976,
    "total_time": 40.601112,
    "transforms_time": 0.43260818799999984,
    "xc_tflops": 0.0,
    "xc_time": 26.340302968
  },
  "schema_version": "0.2.0"
}
