{
  "calculation_time": 41.029908361,
  "qmmbe": {
    "b_formation_time": 2.893692725,
    "b_tflops": 4.5853046463141665,
    "diag_time": 6.5539397180000005,
    "expanded_elec_energy": -5669.222134257347,
    "expanded_hf_energy": -1613.9246639515086,
    "expanded_nuc_repulsion_energy": 4291.885622883041,
    "expanded_xc_energy": -236.588152577203,
    "homo": -0.165884472909196,
    "lumo": -0.10643663249321422,
    "method": "RestrictedKSDFT",
    "mp2_tflops": 0.0,
    "mp2_time": 6.9533558049702e-310,
    "n_atoms": 64,
    "nmers": [
      [
        {
          "fragments": [
            0
          ],
          "hf_energy": -1613.9246639515086,
          "num_basis_fns": 1434,
          "num_iters": 18,
          "schema_version": "0.2.0"
        }
      ]
    ],
    "num_iters": 18,
    "ri_fock_time": 4.075342646,
    "ri_tflops": 0.1279546347877812,
    "scf_tflops": 0.03557319633802533,
    "scf_time": 40.809592815,
    "schema_version": "0.2.0",
    "tflops": 0.3557732291404579,
    "total_time": 41.025604,
    "transforms_time": 0.261942144,
    "xc_tflops": 0.0,
    "xc_time": 27.010953273
  },
  "schema_version": "0.2.0"
}
