{
  "calculation_time": 35.163490405,
  "qmmbe": {
    "b_formation_time": 2.57505746,
    "b_tflops": 3.9378871640231283,
    "diag_time": 5.828802419,
    "expanded_elec_energy": -5068.78610646233,
    "expanded_hf_energy": -1537.7040578106469,
    "expanded_nuc_repulsion_energy": 3756.768046085574,
    "expanded_xc_energy": -225.68599743389063,
    "homo": -0.16914194065416105,
    "lumo": -0.10124972765315908,
    "method": "RestrictedKSDFT",
    "mp2_tflops": 0.0,
    "mp2_time": 6.9533558049702e-310,
    "n_atoms": 62,
    "nmers": [
      [
        {
          "fragments": [
            0
          ],
          "hf_energy": -1537.7040578106469,
          "num_basis_fns": 1372,
          "num_iters": 18,
          "schema_version": "0.2.0"
        }
      ]
    ],
    "num_iters": 18,
    "ri_fock_time": 3.9998417859999997,
    "ri_tflops": 0.1141899300513983,
    "scf_tflops": 0.036345584209141225,
    "scf_time": 34.980474394,
    "schema_version": "0.2.0",
    "tflops": 0.32149491719292833,
    "total_time": 35.159174,
    "transforms_time": 0.7870369990000001,
    "xc_tflops": 0.0,
    "xc_time": 22.867694371000002
  },
  "schema_version": "0.2.0"
}
