{
  "calculation_time": 19.668711865,
  "qmmbe": {
    "b_formation_time": 1.597331048,
    "b_tflops": 5.780389786924119,
    "diag_time": 3.09021015,
    "expanded_elec_energy": -4901.478915477538,
    "expanded_hf_energy": -1458.4147114703253,
    "expanded_nuc_repulsion_energy": 3655.374525318922,
    "expanded_xc_energy": -212.31032131170946,
    "homo": -0.18132992597285186,
    "lumo": -0.08769087457043924,
    "method": "RestrictedKSDFT",
    "mp2_tflops": 0.0,
    "mp2_time": 6.9533558049797e-310,
    "n_atoms": 56,
    "nmers": [
      [
        {
          "fragments": [
            0
          ],
          "hf_energy": -1458.4147114703253,
          "num_basis_fns": 1286,
          "num_iters": 15,
          "schema_version": "0.2.0"
        }
      ]
    ],
    "num_iters": 15,
    "ri_fock_time": 0.15519383099999998,
    "ri_tflops": 2.0191605817115246,
    "scf_tflops": 33.17151169684766,
    "scf_time": 19.510789181,
    "schema_version": "0.2.0",
    "tflops": 30.3663451575627,
    "total_time": 19.664956,
    "transforms_time": 0.06965356400000002,
    "xc_tflops": 43.064842914445265,
    "xc_time": 13.633612762999999
  },
  "schema_version": "0.2.0"
}
