{
  "calculation_time": 23.350000609,
  "qmmbe": {
    "b_formation_time": 1.80366238,
    "b_tflops": 6.47490159638413,
    "diag_time": 3.2197949959999996,
    "expanded_elec_energy": -5381.444733472844,
    "expanded_hf_energy": -1535.7622474533543,
    "expanded_nuc_repulsion_energy": 4069.534725838675,
    "expanded_xc_energy": -223.85223981918548,
    "homo": -0.17878491227953006,
    "lumo": -0.09085458018408336,
    "method": "RestrictedKSDFT",
    "mp2_tflops": 0.0,
    "mp2_time": 6.95335580497496e-310,
    "n_atoms": 60,
    "nmers": [
      [
        {
          "fragments": [
            0
          ],
          "hf_energy": -1535.7622474533543,
          "num_basis_fns": 1360,
          "num_iters": 16,
          "schema_version": "0.2.0"
        }
      ]
    ],
    "num_iters": 16,
    "ri_fock_time": 0.18165266,
    "ri_tflops": 2.1765191657529264,
    "scf_tflops": 35.29499507843576,
    "scf_time": 23.172623366,
    "schema_version": "0.2.0",
    "tflops": 32.431346190810714,
    "total_time": 23.346056,
    "transforms_time": 0.08007025500000003,
    "xc_tflops": 44.50366124854861,
    "xc_time": 16.728232894
  },
  "schema_version": "0.2.0"
}
