{
  "calculation_time": 24.066612048,
  "qmmbe": {
    "b_formation_time": 1.801783032,
    "b_tflops": 6.307938319931964,
    "diag_time": 3.3256715709999995,
    "expanded_elec_energy": -5304.397771684593,
    "expanded_hf_energy": -1536.9174687540722,
    "expanded_nuc_repulsion_energy": 3992.0048431982773,
    "expanded_xc_energy": -224.52454026775644,
    "homo": -0.17648455687790368,
    "lumo": -0.08969409487499061,
    "method": "RestrictedKSDFT",
    "mp2_tflops": 0.0,
    "mp2_time": 6.95335580497496e-310,
    "n_atoms": 62,
    "nmers": [
      [
        {
          "fragments": [
            0
          ],
          "hf_energy": -1536.9174687540722,
          "num_basis_fns": 1372,
          "num_iters": 16,
          "schema_version": "0.2.0"
        }
      ]
    ],
    "num_iters": 16,
    "ri_fock_time": 0.20347366700000002,
    "ri_tflops": 1.9953077324742958,
    "scf_tflops": 35.795090306757636,
    "scf_time": 23.878647978,
    "schema_version": "0.2.0",
    "tflops": 32.98973275280371,
    "total_time": 24.062587,
    "transforms_time": 0.08002852600000002,
    "xc_tflops": 45.11715269279635,
    "xc_time": 17.319930123
  },
  "schema_version": "0.2.0"
}
