{
  "calculation_time": 23.159364096,
  "qmmbe": {
    "b_formation_time": 1.747721426,
    "b_tflops": 6.455312925138906,
    "diag_time": 3.1763926819999995,
    "expanded_elec_energy": -5312.888330791542,
    "expanded_hf_energy": -1535.7569626912882,
    "expanded_nuc_repulsion_energy": 4000.978876508107,
    "expanded_xc_energy": -223.8475084078532,
    "homo": -0.16832723821382337,
    "lumo": -0.09808872290414643,
    "method": "RestrictedKSDFT",
    "mp2_tflops": 0.0,
    "mp2_time": 6.95335580497496e-310,
    "n_atoms": 60,
    "nmers": [
      [
        {
          "fragments": [
            0
          ],
          "hf_energy": -1535.7569626912882,
          "num_basis_fns": 1360,
          "num_iters": 16,
          "schema_version": "0.2.0"
        }
      ]
    ],
    "num_iters": 16,
    "ri_fock_time": 0.182138223,
    "ri_tflops": 2.170716774808987,
    "scf_tflops": 35.55778786972688,
    "scf_time": 22.98527694,
    "schema_version": "0.2.0",
    "tflops": 32.73449845067473,
    "total_time": 23.155322,
    "transforms_time": 0.08423772800000001,
    "xc_tflops": 44.77423471419911,
    "xc_time": 16.654380795
  },
  "schema_version": "0.2.0"
}
