{
  "calculation_time": 31.686964749,
  "qmmbe": {
    "b_formation_time": 2.215245925,
    "b_tflops": 7.4287557763772885,
    "diag_time": 4.2688452,
    "expanded_elec_energy": -6187.51006537145,
    "expanded_hf_energy": -1690.4862417349023,
    "expanded_nuc_repulsion_energy": 4743.950234914424,
    "expanded_xc_energy": -246.9264112778765,
    "homo": -0.18294915525008504,
    "lumo": -0.08566080264440576,
    "method": "RestrictedKSDFT",
    "mp2_tflops": 0.0,
    "mp2_time": 6.95335580495915e-310,
    "n_atoms": 68,
    "nmers": [
      [
        {
          "fragments": [
            0
          ],
          "hf_energy": -1690.4862417349023,
          "num_basis_fns": 1508,
          "num_iters": 16,
          "schema_version": "0.2.0"
        }
      ]
    ],
    "num_iters": 16,
    "ri_fock_time": 0.258171318,
    "ri_tflops": 2.088072833807201,
    "scf_tflops": 35.698985480873446,
    "scf_time": 31.476167328,
    "schema_version": "0.2.0",
    "tflops": 33.200796509658616,
    "total_time": 31.682079,
    "transforms_time": 0.08695321599999999,
    "xc_tflops": 44.52666261867406,
    "xc_time": 23.222550025000004
  },
  "schema_version": "0.2.0"
}
