{
  "calculation_time": 31.533497547,
  "qmmbe": {
    "b_formation_time": 2.140852694,
    "b_tflops": 6.595612594741188,
    "diag_time": 4.234095258,
    "expanded_elec_energy": -5819.890903849475,
    "expanded_hf_energy": -1690.4807059603281,
    "expanded_nuc_repulsion_energy": 4376.311937409327,
    "expanded_xc_energy": -246.90173952018006,
    "homo": -0.1767779937032149,
    "lumo": -0.0903241701900913,
    "method": "RestrictedKSDFT",
    "mp2_tflops": 0.0,
    "mp2_time": 6.95335580496073e-310,
    "n_atoms": 68,
    "nmers": [
      [
        {
          "fragments": [
            0
          ],
          "hf_energy": -1690.4807059603281,
          "num_basis_fns": 1508,
          "num_iters": 16,
          "schema_version": "0.2.0"
        }
      ]
    ],
    "num_iters": 16,
    "ri_fock_time": 0.25598956500000003,
    "ri_tflops": 2.1058691028440943,
    "scf_tflops": 35.9405509724361,
    "scf_time": 31.350946943,
    "schema_version": "0.2.0",
    "tflops": 33.45983762088932,
    "total_time": 31.528667,
    "transforms_time": 0.08555021499999999,
    "xc_tflops": 44.797433824929875,
    "xc_time": 23.203279401
  },
  "schema_version": "0.2.0"
}
