{
  "calculation_time": 33.432425112,
  "qmmbe": {
    "b_formation_time": 2.086014505,
    "b_tflops": 6.463002105546721,
    "diag_time": 4.533485155999999,
    "expanded_elec_energy": -5720.157541525598,
    "expanded_hf_energy": -1690.4988200520975,
    "expanded_nuc_repulsion_energy": 4276.554210877762,
    "expanded_xc_energy": -246.89548940426076,
    "homo": -0.17366380068724832,
    "lumo": -0.09399459417669598,
    "method": "RestrictedKSDFT",
    "mp2_tflops": 0.0,
    "mp2_time": 6.95335580496073e-310,
    "n_atoms": 68,
    "nmers": [
      [
        {
          "fragments": [
            0
          ],
          "hf_energy": -1690.4988200520975,
          "num_basis_fns": 1508,
          "num_iters": 17,
          "schema_version": "0.2.0"
        }
      ]
    ],
    "num_iters": 17,
    "ri_fock_time": 0.272146146,
    "ri_tflops": 2.1046524311536645,
    "scf_tflops": 35.662991363608,
    "scf_time": 33.254835151,
    "schema_version": "0.2.0",
    "tflops": 33.42871231259195,
    "total_time": 33.427568,
    "transforms_time": 0.08894487500000002,
    "xc_tflops": 44.3986380867196,
    "xc_time": 24.831884206999998
  },
  "schema_version": "0.2.0"
}
