{
  "calculation_time": 32.094815966,
  "qmmbe": {
    "b_formation_time": 2.30270681,
    "b_tflops": 7.272849305761162,
    "diag_time": 4.319672889,
    "expanded_elec_energy": -6228.336903568297,
    "expanded_hf_energy": -1690.4630039198564,
    "expanded_nuc_repulsion_energy": 4784.790792736253,
    "expanded_xc_energy": -246.91689308781218,
    "homo": -0.16609036381104772,
    "lumo": -0.10292700128987167,
    "method": "RestrictedKSDFT",
    "mp2_tflops": 0.0,
    "mp2_time": 6.9533558049781e-310,
    "n_atoms": 68,
    "nmers": [
      [
        {
          "fragments": [
            0
          ],
          "hf_energy": -1690.4630039198564,
          "num_basis_fns": 1508,
          "num_iters": 16,
          "schema_version": "0.2.0"
        }
      ]
    ],
    "num_iters": 16,
    "ri_fock_time": 0.256515284,
    "ri_tflops": 2.1015531986156426,
    "scf_tflops": 35.25228549906014,
    "scf_time": 31.882622113,
    "schema_version": "0.2.0",
    "tflops": 32.69661396041443,
    "total_time": 32.090435,
    "transforms_time": 0.08426177000000001,
    "xc_tflops": 43.968627058833846,
    "xc_time": 23.451434612000003
  },
  "schema_version": "0.2.0"
}
