{
  "calculation_time": 27.390497437,
  "qmmbe": {
    "b_formation_time": 1.959268959,
    "b_tflops": 6.251903997882916,
    "diag_time": 3.6530887739999995,
    "expanded_elec_energy": -5498.768082209224,
    "expanded_hf_energy": -1613.1376643547196,
    "expanded_nuc_repulsion_energy": 4121.005917882775,
    "expanded_xc_energy": -235.37550002827044,
    "homo": -0.16628489868073723,
    "lumo": -0.10067769047308493,
    "method": "RestrictedKSDFT",
    "mp2_tflops": 0.0,
    "mp2_time": 6.95335580497496e-310,
    "n_atoms": 64,
    "nmers": [
      [
        {
          "fragments": [
            0
          ],
          "hf_energy": -1613.1376643547196,
          "num_basis_fns": 1434,
          "num_iters": 16,
          "schema_version": "0.2.0"
        }
      ]
    ],
    "num_iters": 16,
    "ri_fock_time": 0.22984459899999998,
    "ri_tflops": 2.016662976918592,
    "scf_tflops": 35.438206354930486,
    "scf_time": 27.213993938,
    "schema_version": "0.2.0",
    "tflops": 32.82533919843788,
    "total_time": 27.386288,
    "transforms_time": 0.07860651399999999,
    "xc_tflops": 44.2231011154985,
    "xc_time": 20.024291104999996
  },
  "schema_version": "0.2.0"
}
