{
  "calculation_time": 22.636514046,
  "qmmbe": {
    "b_formation_time": 1.756012009,
    "b_tflops": 6.167093673763139,
    "diag_time": 3.0561306400000006,
    "expanded_elec_energy": -5208.200635201965,
    "expanded_hf_energy": -1536.9030208010656,
    "expanded_nuc_repulsion_energy": 3895.8154840200054,
    "expanded_xc_energy": -224.5178696191058,
    "homo": -0.17225364666402992,
    "lumo": -0.09611008174470673,
    "method": "RestrictedKSDFT",
    "mp2_tflops": 0.0,
    "mp2_time": 6.95335580497496e-310,
    "n_atoms": 62,
    "nmers": [
      [
        {
          "fragments": [
            0
          ],
          "hf_energy": -1536.9030208010656,
          "num_basis_fns": 1372,
          "num_iters": 15,
          "schema_version": "0.2.0"
        }
      ]
    ],
    "num_iters": 15,
    "ri_fock_time": 0.184397553,
    "ri_tflops": 2.0641165710046057,
    "scf_tflops": 36.036266033690765,
    "scf_time": 22.469964661,
    "schema_version": "0.2.0",
    "tflops": 33.08432618007128,
    "total_time": 22.632469,
    "transforms_time": 0.08116621299999999,
    "xc_tflops": 45.33202370806043,
    "xc_time": 16.257533857
  },
  "schema_version": "0.2.0"
}
