{
  "calculation_time": 33.7674332,
  "qmmbe": {
    "b_formation_time": 2.248305142,
    "b_tflops": 6.954830791743125,
    "diag_time": 4.495413128,
    "expanded_elec_energy": -6076.0853464741685,
    "expanded_hf_energy": -1690.4731288115763,
    "expanded_nuc_repulsion_energy": 4632.522735946338,
    "expanded_xc_energy": -246.91051828374577,
    "homo": -0.174508916149968,
    "lumo": -0.0887888684967318,
    "method": "RestrictedKSDFT",
    "mp2_tflops": 0.0,
    "mp2_time": 6.95335580496073e-310,
    "n_atoms": 68,
    "nmers": [
      [
        {
          "fragments": [
            0
          ],
          "hf_energy": -1690.4731288115763,
          "num_basis_fns": 1508,
          "num_iters": 17,
          "schema_version": "0.2.0"
        }
      ]
    ],
    "num_iters": 17,
    "ri_fock_time": 0.27535772199999997,
    "ri_tflops": 2.0801052668789874,
    "scf_tflops": 35.34038787017682,
    "scf_time": 33.565277906,
    "schema_version": "0.2.0",
    "tflops": 32.96483003870474,
    "total_time": 33.762632,
    "transforms_time": 0.09324624200000001,
    "xc_tflops": 43.89362488388595,
    "xc_time": 24.966776434999996
  },
  "schema_version": "0.2.0"
}
