{
  "calculation_time": 33.59912488,
  "qmmbe": {
    "b_formation_time": 2.36974445,
    "b_tflops": 7.671982379757447,
    "diag_time": 4.565271256000001,
    "expanded_elec_energy": -6424.3589578876345,
    "expanded_hf_energy": -1690.4869601351509,
    "expanded_nuc_repulsion_energy": 4980.821642506016,
    "expanded_xc_energy": -246.94964475353282,
    "homo": -0.17914978137317666,
    "lumo": -0.08410152446141582,
    "method": "RestrictedKSDFT",
    "mp2_tflops": 0.0,
    "mp2_time": 6.95335580496073e-310,
    "n_atoms": 68,
    "nmers": [
      [
        {
          "fragments": [
            0
          ],
          "hf_energy": -1690.4869601351509,
          "num_basis_fns": 1508,
          "num_iters": 17,
          "schema_version": "0.2.0"
        }
      ]
    ],
    "num_iters": 17,
    "ri_fock_time": 0.27339281400000004,
    "ri_tflops": 2.0950552409471888,
    "scf_tflops": 35.47367182623695,
    "scf_time": 33.353400155,
    "schema_version": "0.2.0",
    "tflops": 32.96803631604754,
    "total_time": 33.593921,
    "transforms_time": 0.090531498,
    "xc_tflops": 44.275573360219674,
    "xc_time": 24.570972850000004
  },
  "schema_version": "0.2.0"
}
