{
  "calculation_time": 31.813977079,
  "qmmbe": {
    "b_formation_time": 2.190887463,
    "b_tflops": 7.001950276943092,
    "diag_time": 4.2435073370000005,
    "expanded_elec_energy": -6028.530477667262,
    "expanded_hf_energy": -1690.484161644679,
    "expanded_nuc_repulsion_energy": 4584.967767485264,
    "expanded_xc_energy": -246.9214514626809,
    "homo": -0.17990363075294405,
    "lumo": -0.0863547343739959,
    "method": "RestrictedKSDFT",
    "mp2_tflops": 0.0,
    "mp2_time": 6.95335580495915e-310,
    "n_atoms": 68,
    "nmers": [
      [
        {
          "fragments": [
            0
          ],
          "hf_energy": -1690.484161644679,
          "num_basis_fns": 1508,
          "num_iters": 16,
          "schema_version": "0.2.0"
        }
      ]
    ],
    "num_iters": 16,
    "ri_fock_time": 0.255989391,
    "ri_tflops": 2.105870534236319,
    "scf_tflops": 35.58495473007251,
    "scf_time": 31.600853331,
    "schema_version": "0.2.0",
    "tflops": 33.10071210355097,
    "total_time": 31.808974,
    "transforms_time": 0.087451132,
    "xc_tflops": 44.28070999011847,
    "xc_time": 23.400167557
  },
  "schema_version": "0.2.0"
}
