{
  "calculation_time": 23.799962279,
  "qmmbe": {
    "b_formation_time": 1.749598686,
    "b_tflops": 6.291403022324858,
    "diag_time": 3.2767953120000004,
    "expanded_elec_energy": -5236.8764436810225,
    "expanded_hf_energy": -1536.9135516233719,
    "expanded_nuc_repulsion_energy": 3924.4896486243774,
    "expanded_xc_energy": -224.5267565667268,
    "homo": -0.17404174422040844,
    "lumo": -0.09137599810210086,
    "method": "RestrictedKSDFT",
    "mp2_tflops": 0.0,
    "mp2_time": 6.95335580497496e-310,
    "n_atoms": 62,
    "nmers": [
      [
        {
          "fragments": [
            0
          ],
          "hf_energy": -1536.9135516233719,
          "num_basis_fns": 1372,
          "num_iters": 16,
          "schema_version": "0.2.0"
        }
      ]
    ],
    "num_iters": 16,
    "ri_fock_time": 0.19665904699999998,
    "ri_tflops": 2.0644490416960073,
    "scf_tflops": 36.19861377493912,
    "scf_time": 23.619478119,
    "schema_version": "0.2.0",
    "tflops": 33.3921926964909,
    "total_time": 23.795995,
    "transforms_time": 0.08094164400000001,
    "xc_tflops": 45.73276693313122,
    "xc_time": 17.111741122999998
  },
  "schema_version": "0.2.0"
}
