{
  "calculation_time": 33.610522622,
  "qmmbe": {
    "b_formation_time": 2.038254741,
    "b_tflops": 6.370642189761501,
    "diag_time": 4.488992899,
    "expanded_elec_energy": -5624.252181014286,
    "expanded_hf_energy": -1690.4985264859326,
    "expanded_nuc_repulsion_energy": 4180.635285843002,
    "expanded_xc_energy": -246.88163131464836,
    "homo": -0.166435625466862,
    "lumo": -0.10519249470615924,
    "method": "RestrictedKSDFT",
    "mp2_tflops": 0.0,
    "mp2_time": 6.95335580495915e-310,
    "n_atoms": 68,
    "nmers": [
      [
        {
          "fragments": [
            0
          ],
          "hf_energy": -1690.4985264859326,
          "num_basis_fns": 1508,
          "num_iters": 17,
          "schema_version": "0.2.0"
        }
      ]
    ],
    "num_iters": 17,
    "ri_fock_time": 0.271772897,
    "ri_tflops": 2.1075429306256392,
    "scf_tflops": 35.457715253873715,
    "scf_time": 33.426573754,
    "schema_version": "0.2.0",
    "tflops": 33.26660523932025,
    "total_time": 33.60561,
    "transforms_time": 0.093660588,
    "xc_tflops": 43.98132413389737,
    "xc_time": 25.089739253
  },
  "schema_version": "0.2.0"
}
