{
  "calculation_time": 31.650350374,
  "qmmbe": {
    "b_formation_time": 2.195128278,
    "b_tflops": 7.225261669654461,
    "diag_time": 4.2583106509999995,
    "expanded_elec_energy": -6107.9795464751305,
    "expanded_hf_energy": -1690.4754572053666,
    "expanded_nuc_repulsion_energy": 4664.415187076381,
    "expanded_xc_energy": -246.91109780661694,
    "homo": -0.1716091717778937,
    "lumo": -0.09312848577059012,
    "method": "RestrictedKSDFT",
    "mp2_tflops": 0.0,
    "mp2_time": 6.95335580495915e-310,
    "n_atoms": 68,
    "nmers": [
      [
        {
          "fragments": [
            0
          ],
          "hf_energy": -1690.4754572053666,
          "num_basis_fns": 1508,
          "num_iters": 16,
          "schema_version": "0.2.0"
        }
      ]
    ],
    "num_iters": 16,
    "ri_fock_time": 0.258388279,
    "ri_tflops": 2.0863195407714294,
    "scf_tflops": 35.773680241738155,
    "scf_time": 31.448332485,
    "schema_version": "0.2.0",
    "tflops": 33.27455608516116,
    "total_time": 31.6454,
    "transforms_time": 0.08671699500000002,
    "xc_tflops": 44.64093341210993,
    "xc_time": 23.201429964
  },
  "schema_version": "0.2.0"
}
