{
  "calculation_time": 31.84370317,
  "qmmbe": {
    "b_formation_time": 2.212847175,
    "b_tflops": 6.755790038129498,
    "diag_time": 4.236410221,
    "expanded_elec_energy": -5959.284432584514,
    "expanded_hf_energy": -1690.4782478051923,
    "expanded_nuc_repulsion_energy": 4515.717254701644,
    "expanded_xc_energy": -246.91106992232227,
    "homo": -0.17895247228475203,
    "lumo": -0.0869443012351434,
    "method": "RestrictedKSDFT",
    "mp2_tflops": 0.0,
    "mp2_time": 6.95335580496073e-310,
    "n_atoms": 68,
    "nmers": [
      [
        {
          "fragments": [
            0
          ],
          "hf_energy": -1690.4782478051923,
          "num_basis_fns": 1508,
          "num_iters": 16,
          "schema_version": "0.2.0"
        }
      ]
    ],
    "num_iters": 16,
    "ri_fock_time": 0.258715535,
    "ri_tflops": 2.0836805009950408,
    "scf_tflops": 35.57276586261687,
    "scf_time": 31.633785411,
    "schema_version": "0.2.0",
    "tflops": 33.0614833816842,
    "total_time": 31.838793,
    "transforms_time": 0.08607872500000001,
    "xc_tflops": 44.24102942538554,
    "xc_time": 23.424271437999998
  },
  "schema_version": "0.2.0"
}
