{
  "calculation_time": 33.918599026,
  "qmmbe": {
    "b_formation_time": 2.228777969,
    "b_tflops": 6.861725291951681,
    "diag_time": 4.533827803,
    "expanded_elec_energy": -6021.183970423448,
    "expanded_hf_energy": -1690.468381363794,
    "expanded_nuc_repulsion_energy": 4577.62518407745,
    "expanded_xc_energy": -246.90959501779616,
    "homo": -0.17338024889178316,
    "lumo": -0.09282178816490876,
    "method": "RestrictedKSDFT",
    "mp2_tflops": 0.0,
    "mp2_time": 6.95335580496073e-310,
    "n_atoms": 68,
    "nmers": [
      [
        {
          "fragments": [
            0
          ],
          "hf_energy": -1690.468381363794,
          "num_basis_fns": 1508,
          "num_iters": 17,
          "schema_version": "0.2.0"
        }
      ]
    ],
    "num_iters": 17,
    "ri_fock_time": 0.272030223,
    "ri_tflops": 2.1055493080561125,
    "scf_tflops": 35.160683591780504,
    "scf_time": 33.724690072,
    "schema_version": "0.2.0",
    "tflops": 32.83520171978517,
    "total_time": 33.913596,
    "transforms_time": 0.090037675,
    "xc_tflops": 43.61061344550174,
    "xc_time": 25.14987253
  },
  "schema_version": "0.2.0"
}
