{
  "calculation_time": 33.863654729,
  "qmmbe": {
    "b_formation_time": 2.146740848,
    "b_tflops": 6.663032227405588,
    "diag_time": 4.483566379999999,
    "expanded_elec_energy": -5874.061698747227,
    "expanded_hf_energy": -1690.4850302808554,
    "expanded_nuc_repulsion_energy": 4430.480133481844,
    "expanded_xc_energy": -246.90346501547265,
    "homo": -0.1777215414033578,
    "lumo": -0.08812236285190503,
    "method": "RestrictedKSDFT",
    "mp2_tflops": 0.0,
    "mp2_time": 6.95335580495915e-310,
    "n_atoms": 68,
    "nmers": [
      [
        {
          "fragments": [
            0
          ],
          "hf_energy": -1690.4850302808554,
          "num_basis_fns": 1508,
          "num_iters": 17,
          "schema_version": "0.2.0"
        }
      ]
    ],
    "num_iters": 17,
    "ri_fock_time": 0.274398265,
    "ri_tflops": 2.087378532834382,
    "scf_tflops": 35.22652567976388,
    "scf_time": 33.677512682,
    "schema_version": "0.2.0",
    "tflops": 32.95399877219574,
    "total_time": 33.858808,
    "transforms_time": 0.09321867200000002,
    "xc_tflops": 43.651996201592304,
    "xc_time": 25.199951846
  },
  "schema_version": "0.2.0"
}
