{
  "calculation_time": 31.836666937,
  "qmmbe": {
    "b_formation_time": 2.228799096,
    "b_tflops": 6.987579388774124,
    "diag_time": 4.2883342959999995,
    "expanded_elec_energy": -6062.231926945986,
    "expanded_hf_energy": -1690.4893308207736,
    "expanded_nuc_repulsion_energy": 4618.645138228688,
    "expanded_xc_energy": -246.90254210347544,
    "homo": -0.1716594594894885,
    "lumo": -0.09531233944586513,
    "method": "RestrictedKSDFT",
    "mp2_tflops": 0.0,
    "mp2_time": 6.95335580496073e-310,
    "n_atoms": 68,
    "nmers": [
      [
        {
          "fragments": [
            0
          ],
          "hf_energy": -1690.4893308207736,
          "num_basis_fns": 1508,
          "num_iters": 16,
          "schema_version": "0.2.0"
        }
      ]
    ],
    "num_iters": 16,
    "ri_fock_time": 0.256138252,
    "ri_tflops": 2.1046466561503667,
    "scf_tflops": 35.55412475258476,
    "scf_time": 31.620886666,
    "schema_version": "0.2.0",
    "tflops": 33.04126829168179,
    "total_time": 31.831843,
    "transforms_time": 0.08532889199999999,
    "xc_tflops": 44.347564763378486,
    "xc_time": 23.334391118999996
  },
  "schema_version": "0.2.0"
}
