{
  "calculation_time": 27.803036397,
  "qmmbe": {
    "b_formation_time": 2.031046235,
    "b_tflops": 6.388197517240665,
    "diag_time": 3.7069789850000006,
    "expanded_elec_energy": -5632.796431639912,
    "expanded_hf_energy": -1613.133281833432,
    "expanded_nuc_repulsion_energy": 4255.0476201379,
    "expanded_xc_energy": -235.3844703314196,
    "homo": -0.17314603021143282,
    "lumo": -0.09236007062545883,
    "method": "RestrictedKSDFT",
    "mp2_tflops": 0.0,
    "mp2_time": 6.95335580495915e-310,
    "n_atoms": 64,
    "nmers": [
      [
        {
          "fragments": [
            0
          ],
          "hf_energy": -1613.133281833432,
          "num_basis_fns": 1434,
          "num_iters": 16,
          "schema_version": "0.2.0"
        }
      ]
    ],
    "num_iters": 16,
    "ri_fock_time": 0.22883912299999998,
    "ri_tflops": 2.0255238141600467,
    "scf_tflops": 34.87542878877571,
    "scf_time": 27.618582207,
    "schema_version": "0.2.0",
    "tflops": 32.26796933463416,
    "total_time": 27.798035,
    "transforms_time": 0.079339108,
    "xc_tflops": 43.470945300519105,
    "xc_time": 20.313540291000002
  },
  "schema_version": "0.2.0"
}
