{
  "calculation_time": 31.729309248,
  "qmmbe": {
    "b_formation_time": 2.205793186,
    "b_tflops": 7.15818388221279,
    "diag_time": 4.221305393000001,
    "expanded_elec_energy": -6080.304851212834,
    "expanded_hf_energy": -1690.4770964893175,
    "expanded_nuc_repulsion_energy": 4636.742039554284,
    "expanded_xc_energy": -246.91428483076714,
    "homo": -0.17544325578883843,
    "lumo": -0.08866090530160506,
    "method": "RestrictedKSDFT",
    "mp2_tflops": 0.0,
    "mp2_time": 6.95335580496073e-310,
    "n_atoms": 68,
    "nmers": [
      [
        {
          "fragments": [
            0
          ],
          "hf_energy": -1690.4770964893175,
          "num_basis_fns": 1508,
          "num_iters": 16,
          "schema_version": "0.2.0"
        }
      ]
    ],
    "num_iters": 16,
    "ri_fock_time": 0.254089921,
    "ri_tflops": 2.1216131417664537,
    "scf_tflops": 35.63212613653455,
    "scf_time": 31.530032357,
    "schema_version": "0.2.0",
    "tflops": 33.13040393145482,
    "total_time": 31.724565,
    "transforms_time": 0.087431057,
    "xc_tflops": 44.29696914079533,
    "xc_time": 23.339662856999997
  },
  "schema_version": "0.2.0"
}
