{
  "calculation_time": 24.017037741,
  "qmmbe": {
    "b_formation_time": 1.844042558,
    "b_tflops": 6.433624295864001,
    "diag_time": 3.290193715999999,
    "expanded_elec_energy": -5384.402311578469,
    "expanded_hf_energy": -1536.9215669111438,
    "expanded_nuc_repulsion_energy": 4072.01417609999,
    "expanded_xc_energy": -224.53343143266434,
    "homo": -0.17918288342095007,
    "lumo": -0.0888529713128513,
    "method": "RestrictedKSDFT",
    "mp2_tflops": 0.0,
    "mp2_time": 6.95335580497496e-310,
    "n_atoms": 62,
    "nmers": [
      [
        {
          "fragments": [
            0
          ],
          "hf_energy": -1536.9215669111438,
          "num_basis_fns": 1372,
          "num_iters": 16,
          "schema_version": "0.2.0"
        }
      ]
    ],
    "num_iters": 16,
    "ri_fock_time": 0.19607392900000004,
    "ri_tflops": 2.0706097092592044,
    "scf_tflops": 35.93126076139034,
    "scf_time": 23.826046994,
    "schema_version": "0.2.0",
    "tflops": 33.026585194553036,
    "total_time": 24.012822,
    "transforms_time": 0.08161523199999997,
    "xc_tflops": 45.372729087708024,
    "xc_time": 17.19492861
  },
  "schema_version": "0.2.0"
}
