{
  "calculation_time": 18.358652739,
  "qmmbe": {
    "b_formation_time": 1.479856897,
    "b_tflops": 5.439038693182508,
    "diag_time": 2.738128287,
    "expanded_elec_energy": -4608.295834305265,
    "expanded_hf_energy": -1382.2019490296489,
    "expanded_nuc_repulsion_energy": 3427.5698876227198,
    "expanded_xc_energy": -201.4760023471036,
    "homo": -0.18797175979874253,
    "lumo": -0.07816755250364107,
    "method": "RestrictedKSDFT",
    "mp2_tflops": 0.0,
    "mp2_time": 6.9533558049797e-310,
    "n_atoms": 54,
    "nmers": [
      [
        {
          "fragments": [
            0
          ],
          "hf_energy": -1382.2019490296489,
          "num_basis_fns": 1224,
          "num_iters": 15,
          "schema_version": "0.2.0"
        }
      ]
    ],
    "num_iters": 15,
    "ri_fock_time": 0.121923928,
    "ri_tflops": 2.216226361735983,
    "scf_tflops": 31.020463454413587,
    "scf_time": 18.208391586,
    "schema_version": "0.2.0",
    "tflops": 28.37624827443126,
    "total_time": 18.355019,
    "transforms_time": 0.06627004800000001,
    "xc_tflops": 39.675655408516235,
    "xc_time": 12.907932686999999
  },
  "schema_version": "0.2.0"
}
