{
  "calculation_time": 29.080263087,
  "qmmbe": {
    "b_formation_time": 1.909913666,
    "b_tflops": 6.28495755120483,
    "diag_time": 3.848661205,
    "expanded_elec_energy": -5453.052882584667,
    "expanded_hf_energy": -1613.1339693539776,
    "expanded_nuc_repulsion_energy": 4075.281375627091,
    "expanded_xc_energy": -235.3624623964019,
    "homo": -0.16770128488681324,
    "lumo": -0.1017786694448504,
    "method": "RestrictedKSDFT",
    "mp2_tflops": 0.0,
    "mp2_time": 6.95335580497496e-310,
    "n_atoms": 64,
    "nmers": [
      [
        {
          "fragments": [
            0
          ],
          "hf_energy": -1613.1339693539776,
          "num_basis_fns": 1434,
          "num_iters": 17,
          "schema_version": "0.2.0"
        }
      ]
    ],
    "num_iters": 17,
    "ri_fock_time": 0.235940604,
    "ri_tflops": 2.0873432899069804,
    "scf_tflops": 35.08846982989169,
    "scf_time": 28.908445862,
    "schema_version": "0.2.0",
    "tflops": 32.71090438221659,
    "total_time": 29.076154,
    "transforms_time": 0.08748709899999998,
    "xc_tflops": 43.66470378051676,
    "xc_time": 21.478333749
  },
  "schema_version": "0.2.0"
}
