{
  "calculation_time": 33.680871154,
  "qmmbe": {
    "b_formation_time": 2.318507121,
    "b_tflops": 7.6993079953468895,
    "diag_time": 4.55476304,
    "expanded_elec_energy": -6377.325063305283,
    "expanded_hf_energy": -1690.487534261564,
    "expanded_nuc_repulsion_energy": 4933.775443589473,
    "expanded_xc_energy": -246.93791454575393,
    "homo": -0.17381178920716273,
    "lumo": -0.09473740248576314,
    "method": "RestrictedKSDFT",
    "mp2_tflops": 0.0,
    "mp2_time": 6.95335580496073e-310,
    "n_atoms": 68,
    "nmers": [
      [
        {
          "fragments": [
            0
          ],
          "hf_energy": -1690.487534261564,
          "num_basis_fns": 1508,
          "num_iters": 17,
          "schema_version": "0.2.0"
        }
      ]
    ],
    "num_iters": 17,
    "ri_fock_time": 0.27372015699999996,
    "ri_tflops": 2.0925497562388147,
    "scf_tflops": 35.35570260815209,
    "scf_time": 33.456848339,
    "schema_version": "0.2.0",
    "tflops": 32.901898215654676,
    "total_time": 33.676159,
    "transforms_time": 0.09219006399999999,
    "xc_tflops": 44.072748663202034,
    "xc_time": 24.702286538
  },
  "schema_version": "0.2.0"
}
