{
  "calculation_time": 28.127490001,
  "qmmbe": {
    "b_formation_time": 2.00486627,
    "b_tflops": 6.816180427728978,
    "diag_time": 3.6715512320000006,
    "expanded_elec_energy": -5736.3751477526575,
    "expanded_hf_energy": -1613.107705573043,
    "expanded_nuc_repulsion_energy": 4358.646256338416,
    "expanded_xc_energy": -235.37881415880105,
    "homo": -0.16797523861414698,
    "lumo": -0.09737935945095622,
    "method": "RestrictedKSDFT",
    "mp2_tflops": 0.0,
    "mp2_time": 6.95335580495757e-310,
    "n_atoms": 64,
    "nmers": [
      [
        {
          "fragments": [
            0
          ],
          "hf_energy": -1613.107705573043,
          "num_basis_fns": 1434,
          "num_iters": 16,
          "schema_version": "0.2.0"
        }
      ]
    ],
    "num_iters": 16,
    "ri_fock_time": 0.229804967,
    "ri_tflops": 2.0170107691710597,
    "scf_tflops": 34.35945280330725,
    "scf_time": 27.938056293,
    "schema_version": "0.2.0",
    "tflops": 31.842993096056443,
    "total_time": 28.122866,
    "transforms_time": 0.08929373800000003,
    "xc_tflops": 42.60829488102765,
    "xc_time": 20.669093181
  },
  "schema_version": "0.2.0"
}
