{
  "calculation_time": 23.369305055,
  "qmmbe": {
    "b_formation_time": 1.817706022,
    "b_tflops": 6.410969481840667,
    "diag_time": 3.22617753,
    "expanded_elec_energy": -5373.9467709501005,
    "expanded_hf_energy": -1535.7534648256526,
    "expanded_nuc_repulsion_energy": 4062.0330196517366,
    "expanded_xc_energy": -223.8397135272887,
    "homo": -0.16403298589108875,
    "lumo": -0.10308274527627705,
    "method": "RestrictedKSDFT",
    "mp2_tflops": 0.0,
    "mp2_time": 6.95335580497496e-310,
    "n_atoms": 60,
    "nmers": [
      [
        {
          "fragments": [
            0
          ],
          "hf_energy": -1535.7534648256526,
          "num_basis_fns": 1360,
          "num_iters": 16,
          "schema_version": "0.2.0"
        }
      ]
    ],
    "num_iters": 16,
    "ri_fock_time": 0.18172884599999997,
    "ri_tflops": 2.175606705828089,
    "scf_tflops": 35.27304354572374,
    "scf_time": 23.195150728,
    "schema_version": "0.2.0",
    "tflops": 32.39308419038737,
    "total_time": 23.36528,
    "transforms_time": 0.08113703300000001,
    "xc_tflops": 44.49587279261486,
    "xc_time": 16.725677722999997
  },
  "schema_version": "0.2.0"
}
