{
  "calculation_time": 33.441323442,
  "qmmbe": {
    "b_formation_time": 2.082537974,
    "b_tflops": 6.682167511868862,
    "diag_time": 4.505951847,
    "expanded_elec_energy": -5782.983978228336,
    "expanded_hf_energy": -1690.4959197474197,
    "expanded_nuc_repulsion_energy": 4339.394858106441,
    "expanded_xc_energy": -246.90679962552426,
    "homo": -0.1736339596344088,
    "lumo": -0.09227091254222831,
    "method": "RestrictedKSDFT",
    "mp2_tflops": 0.0,
    "mp2_time": 6.95335580496073e-310,
    "n_atoms": 68,
    "nmers": [
      [
        {
          "fragments": [
            0
          ],
          "hf_energy": -1690.4959197474197,
          "num_basis_fns": 1508,
          "num_iters": 17,
          "schema_version": "0.2.0"
        }
      ]
    ],
    "num_iters": 17,
    "ri_fock_time": 0.272913497,
    "ri_tflops": 2.098734778983833,
    "scf_tflops": 35.66502060848118,
    "scf_time": 33.258855661,
    "schema_version": "0.2.0",
    "tflops": 33.41129129611572,
    "total_time": 33.436459,
    "transforms_time": 0.09406643,
    "xc_tflops": 44.343989263825264,
    "xc_time": 24.846012811
  },
  "schema_version": "0.2.0"
}
