{
  "calculation_time": 33.804851604,
  "qmmbe": {
    "b_formation_time": 2.069986888,
    "b_tflops": 6.598716143380712,
    "diag_time": 4.53853237,
    "expanded_elec_energy": -5753.919975682918,
    "expanded_hf_energy": -1690.4975937440888,
    "expanded_nuc_repulsion_energy": 4310.319073171202,
    "expanded_xc_energy": -246.89669123237235,
    "homo": -0.16832253716388793,
    "lumo": -0.10569934183430565,
    "method": "RestrictedKSDFT",
    "mp2_tflops": 0.0,
    "mp2_time": 6.95335580496073e-310,
    "n_atoms": 68,
    "nmers": [
      [
        {
          "fragments": [
            0
          ],
          "hf_energy": -1690.4975937440888,
          "num_basis_fns": 1508,
          "num_iters": 17,
          "schema_version": "0.2.0"
        }
      ]
    ],
    "num_iters": 17,
    "ri_fock_time": 0.27193137799999995,
    "ri_tflops": 2.1063146593108506,
    "scf_tflops": 35.20313107664526,
    "scf_time": 33.625477826,
    "schema_version": "0.2.0",
    "tflops": 33.03936128750776,
    "total_time": 33.800146,
    "transforms_time": 0.08954005600000002,
    "xc_tflops": 43.72866473794953,
    "xc_time": 25.191827950999997
  },
  "schema_version": "0.2.0"
}
