{
  "calculation_time": 31.903751337,
  "qmmbe": {
    "b_formation_time": 2.2508575,
    "b_tflops": 6.7846635224273415,
    "diag_time": 4.347147444,
    "expanded_elec_energy": -6014.059023890687,
    "expanded_hf_energy": -1690.4852887944842,
    "expanded_nuc_repulsion_energy": 4570.494577318939,
    "expanded_xc_energy": -246.92084222273638,
    "homo": -0.17982296241620743,
    "lumo": -0.08611024908190319,
    "method": "RestrictedKSDFT",
    "mp2_tflops": 0.0,
    "mp2_time": 6.95335580496073e-310,
    "n_atoms": 68,
    "nmers": [
      [
        {
          "fragments": [
            0
          ],
          "hf_energy": -1690.4852887944842,
          "num_basis_fns": 1508,
          "num_iters": 16,
          "schema_version": "0.2.0"
        }
      ]
    ],
    "num_iters": 16,
    "ri_fock_time": 0.2582741070000001,
    "ri_tflops": 2.0872418139229105,
    "scf_tflops": 35.559338819182784,
    "scf_time": 31.690561438,
    "schema_version": "0.2.0",
    "tflops": 33.02131240852827,
    "total_time": 31.898829,
    "transforms_time": 0.08424491199999999,
    "xc_tflops": 44.422414195188146,
    "xc_time": 23.337403037000005
  },
  "schema_version": "0.2.0"
}
