{
  "calculation_time": 23.764340422,
  "qmmbe": {
    "b_formation_time": 1.789455954,
    "b_tflops": 6.289804925903194,
    "diag_time": 3.3199585810000003,
    "expanded_elec_energy": -5287.534213243029,
    "expanded_hf_energy": -1536.9050689243213,
    "expanded_nuc_repulsion_energy": 3975.160293689141,
    "expanded_xc_energy": -224.53114937043347,
    "homo": -0.17454212074475597,
    "lumo": -0.08654602019606779,
    "method": "RestrictedKSDFT",
    "mp2_tflops": 0.0,
    "mp2_time": 6.95335580497496e-310,
    "n_atoms": 62,
    "nmers": [
      [
        {
          "fragments": [
            0
          ],
          "hf_energy": -1536.9050689243213,
          "num_basis_fns": 1372,
          "num_iters": 16,
          "schema_version": "0.2.0"
        }
      ]
    ],
    "num_iters": 16,
    "ri_fock_time": 0.196784672,
    "ri_tflops": 2.0631311219199024,
    "scf_tflops": 36.292402075220366,
    "scf_time": 23.592552111,
    "schema_version": "0.2.0",
    "tflops": 33.450363468266545,
    "total_time": 23.7603,
    "transforms_time": 0.08042332299999998,
    "xc_tflops": 45.8554192274256,
    "xc_time": 17.066752383
  },
  "schema_version": "0.2.0"
}
