{
  "calculation_time": 23.867712899,
  "qmmbe": {
    "b_formation_time": 1.752492176,
    "b_tflops": 6.1117725986104485,
    "diag_time": 3.2352316590000005,
    "expanded_elec_energy": -5177.054643785034,
    "expanded_hf_energy": -1536.9135636485987,
    "expanded_nuc_repulsion_energy": 3864.6734270277193,
    "expanded_xc_energy": -224.53234689128368,
    "homo": -0.18063545929495634,
    "lumo": -0.08142802714619074,
    "method": "RestrictedKSDFT",
    "mp2_tflops": 0.0,
    "mp2_time": 6.95335580497496e-310,
    "n_atoms": 62,
    "nmers": [
      [
        {
          "fragments": [
            0
          ],
          "hf_energy": -1536.9135636485987,
          "num_basis_fns": 1372,
          "num_iters": 16,
          "schema_version": "0.2.0"
        }
      ]
    ],
    "num_iters": 16,
    "ri_fock_time": 0.197061267,
    "ri_tflops": 2.060235313112038,
    "scf_tflops": 36.108143358066144,
    "scf_time": 23.700894809,
    "schema_version": "0.2.0",
    "tflops": 33.312406420518464,
    "total_time": 23.863605,
    "transforms_time": 0.08257423200000001,
    "xc_tflops": 45.34633789350815,
    "xc_time": 17.271674114
  },
  "schema_version": "0.2.0"
}
