{
  "calculation_time": 24.416262847,
  "qmmbe": {
    "b_formation_time": 1.729109734,
    "b_tflops": 6.183775266399605,
    "diag_time": 3.4047441810000003,
    "expanded_elec_energy": -5203.317745874089,
    "expanded_hf_energy": -1535.7612091549715,
    "expanded_nuc_repulsion_energy": 3891.3869589588126,
    "expanded_xc_energy": -223.83042223969483,
    "homo": -0.16286785518487948,
    "lumo": -0.10440203905351035,
    "method": "RestrictedKSDFT",
    "mp2_tflops": 0.0,
    "mp2_time": 6.95335580497496e-310,
    "n_atoms": 60,
    "nmers": [
      [
        {
          "fragments": [
            0
          ],
          "hf_energy": -1535.7612091549715,
          "num_basis_fns": 1360,
          "num_iters": 17,
          "schema_version": "0.2.0"
        }
      ]
    ],
    "num_iters": 17,
    "ri_fock_time": 0.193054474,
    "ri_tflops": 2.1759721144820503,
    "scf_tflops": 35.50281350796782,
    "scf_time": 24.252891071,
    "schema_version": "0.2.0",
    "tflops": 32.8766232748848,
    "total_time": 24.41219,
    "transforms_time": 0.08345508199999999,
    "xc_tflops": 44.78242840879043,
    "xc_time": 17.65929381
  },
  "schema_version": "0.2.0"
}
