{
  "calculation_time": 33.75597557,
  "qmmbe": {
    "b_formation_time": 2.173663576,
    "b_tflops": 6.642019027717286,
    "diag_time": 4.540390754000001,
    "expanded_elec_energy": -5912.129527593565,
    "expanded_hf_energy": -1690.4831044655527,
    "expanded_nuc_repulsion_energy": 4468.550193454422,
    "expanded_xc_energy": -246.9037703264092,
    "homo": -0.16788231473001633,
    "lumo": -0.09965771810693438,
    "method": "RestrictedKSDFT",
    "mp2_tflops": 0.0,
    "mp2_time": 6.9533558049781e-310,
    "n_atoms": 68,
    "nmers": [
      [
        {
          "fragments": [
            0
          ],
          "hf_energy": -1690.4831044655527,
          "num_basis_fns": 1508,
          "num_iters": 17,
          "schema_version": "0.2.0"
        }
      ]
    ],
    "num_iters": 17,
    "ri_fock_time": 0.274921462,
    "ri_tflops": 2.083406088565032,
    "scf_tflops": 35.45315057983638,
    "scf_time": 33.568928927,
    "schema_version": "0.2.0",
    "tflops": 33.12958039576876,
    "total_time": 33.751525,
    "transforms_time": 0.091008848,
    "xc_tflops": 44.05155374488817,
    "xc_time": 25.022322754
  },
  "schema_version": "0.2.0"
}
