{
  "calculation_time": 28.587532322,
  "qmmbe": {
    "b_formation_time": 2.039095165,
    "b_tflops": 6.5623928353280165,
    "diag_time": 4.145576311000001,
    "expanded_elec_energy": -5689.489031933883,
    "expanded_hf_energy": -1613.1247639060043,
    "expanded_nuc_repulsion_energy": 4311.745685090157,
    "expanded_xc_energy": -235.3814170622785,
    "homo": -0.175348073298917,
    "lumo": -0.088182010472857,
    "method": "RestrictedKSDFT",
    "mp2_tflops": 0.0,
    "mp2_time": 6.95335580495757e-310,
    "n_atoms": 64,
    "nmers": [
      [
        {
          "fragments": [
            0
          ],
          "hf_energy": -1613.1247639060043,
          "num_basis_fns": 1434,
          "num_iters": 16,
          "schema_version": "0.2.0"
        }
      ]
    ],
    "num_iters": 16,
    "ri_fock_time": 0.22189611800000003,
    "ri_tflops": 2.088901317543554,
    "scf_tflops": 33.8061723974456,
    "scf_time": 28.402206663,
    "schema_version": "0.2.0",
    "tflops": 31.35278111508764,
    "total_time": 28.582876,
    "transforms_time": 0.08168457499999998,
    "xc_tflops": 42.67768620017997,
    "xc_time": 20.65731483
  },
  "schema_version": "0.2.0"
}
