{
  "calculation_time": 28.972345987,
  "qmmbe": {
    "b_formation_time": 1.986463472,
    "b_tflops": 6.446994050002848,
    "diag_time": 3.872292341,
    "expanded_elec_energy": -5611.09825116511,
    "expanded_hf_energy": -1613.1290426045975,
    "expanded_nuc_repulsion_energy": 4233.344098034443,
    "expanded_xc_energy": -235.37488947393064,
    "homo": -0.16860766039025793,
    "lumo": -0.10052870889005039,
    "method": "RestrictedKSDFT",
    "mp2_tflops": 0.0,
    "mp2_time": 6.95335580497496e-310,
    "n_atoms": 64,
    "nmers": [
      [
        {
          "fragments": [
            0
          ],
          "hf_energy": -1613.1290426045975,
          "num_basis_fns": 1434,
          "num_iters": 17,
          "schema_version": "0.2.0"
        }
      ]
    ],
    "num_iters": 17,
    "ri_fock_time": 0.237110801,
    "ri_tflops": 2.077041764858278,
    "scf_tflops": 35.338964525701876,
    "scf_time": 28.790799174,
    "schema_version": "0.2.0",
    "tflops": 32.82132982377228,
    "total_time": 28.967981,
    "transforms_time": 0.090421022,
    "xc_tflops": 44.18267427257974,
    "xc_time": 21.200562185999996
  },
  "schema_version": "0.2.0"
}
