{
  "calculation_time": 33.43268078,
  "qmmbe": {
    "b_formation_time": 2.212553422,
    "b_tflops": 7.0379307677859995,
    "diag_time": 4.581821595,
    "expanded_elec_energy": -6054.028407659809,
    "expanded_hf_energy": -1690.4748790539218,
    "expanded_nuc_repulsion_energy": 4610.466566889638,
    "expanded_xc_energy": -246.91303828375038,
    "homo": -0.17399557672699867,
    "lumo": -0.09233019825632588,
    "method": "RestrictedKSDFT",
    "mp2_tflops": 0.0,
    "mp2_time": 6.95335580495915e-310,
    "n_atoms": 68,
    "nmers": [
      [
        {
          "fragments": [
            0
          ],
          "hf_energy": -1690.4748790539218,
          "num_basis_fns": 1508,
          "num_iters": 17,
          "schema_version": "0.2.0"
        }
      ]
    ],
    "num_iters": 17,
    "ri_fock_time": 0.271880715,
    "ri_tflops": 2.1067071557760175,
    "scf_tflops": 35.71133177700097,
    "scf_time": 33.216227394,
    "schema_version": "0.2.0",
    "tflops": 33.32210769375849,
    "total_time": 33.427653,
    "transforms_time": 0.09074584900000002,
    "xc_tflops": 44.570336931183,
    "xc_time": 24.609576724999997
  },
  "schema_version": "0.2.0"
}
