{
  "calculation_time": 33.527681314,
  "qmmbe": {
    "b_formation_time": 2.213048313,
    "b_tflops": 7.0848115834694845,
    "diag_time": 4.5503792,
    "expanded_elec_energy": -6065.747393927563,
    "expanded_hf_energy": -1690.4621919173987,
    "expanded_nuc_repulsion_energy": 4622.187137273346,
    "expanded_xc_energy": -246.90193526318137,
    "homo": -0.1588572850511642,
    "lumo": -0.10779927847408749,
    "method": "RestrictedKSDFT",
    "mp2_tflops": 0.0,
    "mp2_time": 6.9533558049781e-310,
    "n_atoms": 68,
    "nmers": [
      [
        {
          "fragments": [
            0
          ],
          "hf_energy": -1690.4621919173987,
          "num_basis_fns": 1508,
          "num_iters": 17,
          "schema_version": "0.2.0"
        }
      ]
    ],
    "num_iters": 17,
    "ri_fock_time": 0.27366309499999997,
    "ri_tflops": 2.0929860776733524,
    "scf_tflops": 35.578619978906346,
    "scf_time": 33.327075437,
    "schema_version": "0.2.0",
    "tflops": 33.19938353383443,
    "total_time": 33.523346,
    "transforms_time": 0.09432636299999998,
    "xc_tflops": 44.35498867344664,
    "xc_time": 24.705302413000002
  },
  "schema_version": "0.2.0"
}
