{
  "calculation_time": 23.152318769,
  "qmmbe": {
    "b_formation_time": 1.785963982,
    "b_tflops": 6.302457613392116,
    "diag_time": 3.141146796,
    "expanded_elec_energy": -5311.645959764857,
    "expanded_hf_energy": -1535.757860178157,
    "expanded_nuc_repulsion_energy": 3999.735762885091,
    "expanded_xc_energy": -223.84766329839067,
    "homo": -0.17203668602611147,
    "lumo": -0.0948776414569512,
    "method": "RestrictedKSDFT",
    "mp2_tflops": 0.0,
    "mp2_time": 6.95335580497496e-310,
    "n_atoms": 60,
    "nmers": [
      [
        {
          "fragments": [
            0
          ],
          "hf_energy": -1535.757860178157,
          "num_basis_fns": 1360,
          "num_iters": 16,
          "schema_version": "0.2.0"
        }
      ]
    ],
    "num_iters": 16,
    "ri_fock_time": 0.181664296,
    "ri_tflops": 2.1763797548859025,
    "scf_tflops": 35.63707836434961,
    "scf_time": 22.979559053,
    "schema_version": "0.2.0",
    "tflops": 32.75507492765708,
    "total_time": 23.148273,
    "transforms_time": 0.08172382899999998,
    "xc_tflops": 44.803978683057665,
    "xc_time": 16.649695178
  },
  "schema_version": "0.2.0"
}
