{
  "calculation_time": 31.783389147,
  "qmmbe": {
    "b_formation_time": 2.219934326,
    "b_tflops": 7.19543736791428,
    "diag_time": 4.25511643,
    "expanded_elec_energy": -6108.517330492596,
    "expanded_hf_energy": -1690.4872551218054,
    "expanded_nuc_repulsion_energy": 4664.94008316903,
    "expanded_xc_energy": -246.9100077982397,
    "homo": -0.17389059042911686,
    "lumo": -0.09453074451449218,
    "method": "RestrictedKSDFT",
    "mp2_tflops": 0.0,
    "mp2_time": 6.9533558049781e-310,
    "n_atoms": 68,
    "nmers": [
      [
        {
          "fragments": [
            0
          ],
          "hf_energy": -1690.4872551218054,
          "num_basis_fns": 1508,
          "num_iters": 16,
          "schema_version": "0.2.0"
        }
      ]
    ],
    "num_iters": 16,
    "ri_fock_time": 0.25899315200000006,
    "ri_tflops": 2.08144698584154,
    "scf_tflops": 35.6043965621541,
    "scf_time": 31.577466755,
    "schema_version": "0.2.0",
    "tflops": 33.08182314985037,
    "total_time": 31.778987,
    "transforms_time": 0.09113950599999997,
    "xc_tflops": 44.401452904462,
    "xc_time": 23.286549378000004
  },
  "schema_version": "0.2.0"
}
