{
  "calculation_time": 38.590623594,
  "qmmbe": {
    "b_formation_time": 4.453269988,
    "b_tflops": 4.13250093679611,
    "diag_time": 5.030698183,
    "expanded_elec_energy": -6456.892788680796,
    "expanded_hf_energy": -1690.4754358489708,
    "expanded_nuc_repulsion_energy": 5013.363006552364,
    "expanded_xc_energy": -246.94565372053864,
    "homo": -0.1754703558102778,
    "lumo": -0.08931475885739165,
    "method": "RestrictedKSDFT",
    "mp2_tflops": 0.0,
    "mp2_time": 6.95335580496073e-310,
    "n_atoms": 68,
    "nmers": [
      [
        {
          "fragments": [
            0
          ],
          "hf_energy": -1690.4754358489708,
          "num_basis_fns": 1508,
          "num_iters": 17,
          "schema_version": "0.2.0"
        }
      ]
    ],
    "num_iters": 17,
    "ri_fock_time": 0.311966637,
    "ri_tflops": 1.836007379878894,
    "scf_tflops": 33.97793480661307,
    "scf_time": 36.794882011,
    "schema_version": "0.2.0",
    "tflops": 29.464710567204474,
    "total_time": 37.026309,
    "transforms_time": 0.2892879870000001,
    "xc_tflops": 43.0253195341879,
    "xc_time": 25.242523152999997
  },
  "schema_version": "0.2.0"
}
