{
  "calculation_time": 24.337185914,
  "qmmbe": {
    "b_formation_time": 1.793678109,
    "b_tflops": 6.31265981256172,
    "diag_time": 3.7090982620000004,
    "expanded_elec_energy": -5296.422311040926,
    "expanded_hf_energy": -1536.9019842672985,
    "expanded_nuc_repulsion_energy": 3984.038285807938,
    "expanded_xc_energy": -224.51795903431065,
    "homo": -0.1690294058489736,
    "lumo": -0.09699418985920392,
    "method": "RestrictedKSDFT",
    "mp2_tflops": 0.0,
    "mp2_time": 6.95335580497496e-310,
    "n_atoms": 62,
    "nmers": [
      [
        {
          "fragments": [
            0
          ],
          "hf_energy": -1536.9019842672985,
          "num_basis_fns": 1372,
          "num_iters": 16,
          "schema_version": "0.2.0"
        }
      ]
    ],
    "num_iters": 16,
    "ri_fock_time": 0.196853609,
    "ri_tflops": 2.062408625284589,
    "scf_tflops": 35.31053497534281,
    "scf_time": 24.153388641,
    "schema_version": "0.2.0",
    "tflops": 32.60234616042326,
    "total_time": 24.333121,
    "transforms_time": 0.077369863,
    "xc_tflops": 45.34470246539015,
    "xc_time": 17.223316476
  },
  "schema_version": "0.2.0"
}
