{
  "calculation_time": 32.553856248,
  "qmmbe": {
    "b_formation_time": 2.24154864,
    "b_tflops": 6.987251881345747,
    "diag_time": 4.794519914000001,
    "expanded_elec_energy": -6080.945403683572,
    "expanded_hf_energy": -1690.4653745439005,
    "expanded_nuc_repulsion_energy": 4637.3868953655265,
    "expanded_xc_energy": -246.90686622585457,
    "homo": -0.16099951240074525,
    "lumo": -0.1046193450287223,
    "method": "RestrictedKSDFT",
    "mp2_tflops": 0.0,
    "mp2_time": 6.9533558049781e-310,
    "n_atoms": 68,
    "nmers": [
      [
        {
          "fragments": [
            0
          ],
          "hf_energy": -1690.4653745439005,
          "num_basis_fns": 1508,
          "num_iters": 16,
          "schema_version": "0.2.0"
        }
      ]
    ],
    "num_iters": 16,
    "ri_fock_time": 0.25865357,
    "ri_tflops": 2.0841796832110226,
    "scf_tflops": 34.712176670568375,
    "scf_time": 32.353962267,
    "schema_version": "0.2.0",
    "tflops": 32.316679080872575,
    "total_time": 32.549492,
    "transforms_time": 0.08582065999999999,
    "xc_tflops": 43.915336530174635,
    "xc_time": 23.564878200000003
  },
  "schema_version": "0.2.0"
}
