{
  "calculation_time": 22.584465512,
  "qmmbe": {
    "b_formation_time": 1.75028731,
    "b_tflops": 6.053301040248073,
    "diag_time": 3.1467495259999994,
    "expanded_elec_energy": -5173.198967697895,
    "expanded_hf_energy": -1536.930538777371,
    "expanded_nuc_repulsion_energy": 3860.791585756808,
    "expanded_xc_energy": -224.52315683628456,
    "homo": -0.1858845121724965,
    "lumo": -0.08559026196346145,
    "method": "RestrictedKSDFT",
    "mp2_tflops": 0.0,
    "mp2_time": 6.95335580497496e-310,
    "n_atoms": 62,
    "nmers": [
      [
        {
          "fragments": [
            0
          ],
          "hf_energy": -1536.930538777371,
          "num_basis_fns": 1372,
          "num_iters": 15,
          "schema_version": "0.2.0"
        }
      ]
    ],
    "num_iters": 15,
    "ri_fock_time": 0.18443687999999997,
    "ri_tflops": 2.0636764447544333,
    "scf_tflops": 36.08096514002542,
    "scf_time": 22.423477626,
    "schema_version": "0.2.0",
    "tflops": 33.17875100371824,
    "total_time": 22.580498,
    "transforms_time": 0.074825795,
    "xc_tflops": 45.61562731237617,
    "xc_time": 16.170674999000003
  },
  "schema_version": "0.2.0"
}
