{
  "calculation_time": 29.015074996,
  "qmmbe": {
    "b_formation_time": 1.927982231,
    "b_tflops": 6.399206171254386,
    "diag_time": 3.9177510419999995,
    "expanded_elec_energy": -5517.553498509857,
    "expanded_hf_energy": -1613.124409561505,
    "expanded_nuc_repulsion_energy": 4139.794722385881,
    "expanded_xc_energy": -235.36563343752945,
    "homo": -0.17040347849256057,
    "lumo": -0.09716570710594781,
    "method": "RestrictedKSDFT",
    "mp2_tflops": 0.0,
    "mp2_time": 6.95335580495757e-310,
    "n_atoms": 64,
    "nmers": [
      [
        {
          "fragments": [
            0
          ],
          "hf_energy": -1613.124409561505,
          "num_basis_fns": 1434,
          "num_iters": 17,
          "schema_version": "0.2.0"
        }
      ]
    ],
    "num_iters": 17,
    "ri_fock_time": 0.23719348300000004,
    "ri_tflops": 2.0763177400451593,
    "scf_tflops": 35.129085745333285,
    "scf_time": 28.838586525,
    "schema_version": "0.2.0",
    "tflops": 32.735195297908135,
    "total_time": 29.010313,
    "transforms_time": 0.08485156800000002,
    "xc_tflops": 43.807398761255726,
    "xc_time": 21.368966602999997
  },
  "schema_version": "0.2.0"
}
