{
  "calculation_time": 29.100822218,
  "qmmbe": {
    "b_formation_time": 2.008688049,
    "b_tflops": 6.4669727543920885,
    "diag_time": 3.936035973,
    "expanded_elec_energy": -5638.503819811091,
    "expanded_hf_energy": -1613.1026479309137,
    "expanded_nuc_repulsion_energy": 4260.766382760714,
    "expanded_xc_energy": -235.36521088053706,
    "homo": -0.16083238246149786,
    "lumo": -0.10360855650268569,
    "method": "RestrictedKSDFT",
    "mp2_tflops": 0.0,
    "mp2_time": 6.95335580495757e-310,
    "n_atoms": 64,
    "nmers": [
      [
        {
          "fragments": [
            0
          ],
          "hf_energy": -1613.1026479309137,
          "num_basis_fns": 1434,
          "num_iters": 17,
          "schema_version": "0.2.0"
        }
      ]
    ],
    "num_iters": 17,
    "ri_fock_time": 0.236118289,
    "ri_tflops": 2.085772511150121,
    "scf_tflops": 35.12138719012532,
    "scf_time": 28.920073984,
    "schema_version": "0.2.0",
    "tflops": 32.623444826058126,
    "total_time": 29.09616,
    "transforms_time": 0.08477851800000001,
    "xc_tflops": 43.85802603068708,
    "xc_time": 21.318436722999994
  },
  "schema_version": "0.2.0"
}
