{
  "calculation_time": 23.69076877,
  "qmmbe": {
    "b_formation_time": 1.767739303,
    "b_tflops": 6.115850135938286,
    "diag_time": 3.232374121,
    "expanded_elec_energy": -5211.3982029879635,
    "expanded_hf_energy": -1536.9053909172633,
    "expanded_nuc_repulsion_energy": 3899.003805210463,
    "expanded_xc_energy": -224.51099313976266,
    "homo": -0.1621283575462339,
    "lumo": -0.10708554022238682,
    "method": "RestrictedKSDFT",
    "mp2_tflops": 0.0,
    "mp2_time": 6.95335580497496e-310,
    "n_atoms": 62,
    "nmers": [
      [
        {
          "fragments": [
            0
          ],
          "hf_energy": -1536.9053909172633,
          "num_basis_fns": 1372,
          "num_iters": 16,
          "schema_version": "0.2.0"
        }
      ]
    ],
    "num_iters": 16,
    "ri_fock_time": 0.19687537699999996,
    "ri_tflops": 2.062180590110058,
    "scf_tflops": 36.48080923852502,
    "scf_time": 23.523521514,
    "schema_version": "0.2.0",
    "tflops": 33.59615642433828,
    "total_time": 23.686743,
    "transforms_time": 0.084626127,
    "xc_tflops": 45.941131973640346,
    "xc_time": 17.063853312000003
  },
  "schema_version": "0.2.0"
}
