{
  "calculation_time": 35.409971409,
  "qmmbe": {
    "b_formation_time": 2.256666319,
    "b_tflops": 6.910300811663775,
    "diag_time": 4.841721701,
    "expanded_elec_energy": -6066.713341838576,
    "expanded_hf_energy": -1690.4619760711666,
    "expanded_nuc_repulsion_energy": 4623.152064104184,
    "expanded_xc_energy": -246.90069833677546,
    "homo": -0.16479291493339662,
    "lumo": -0.10223102200373035,
    "method": "RestrictedKSDFT",
    "mp2_tflops": 0.0,
    "mp2_time": 6.95335580496073e-310,
    "n_atoms": 68,
    "nmers": [
      [
        {
          "fragments": [
            0
          ],
          "hf_energy": -1690.4619760711666,
          "num_basis_fns": 1508,
          "num_iters": 18,
          "schema_version": "0.2.0"
        }
      ]
    ],
    "num_iters": 18,
    "ri_fock_time": 0.287874372,
    "ri_tflops": 2.1067022250664262,
    "scf_tflops": 35.460963320135704,
    "scf_time": 35.210052623,
    "schema_version": "0.2.0",
    "tflops": 33.200812938655666,
    "total_time": 35.405142,
    "transforms_time": 0.09637158800000002,
    "xc_tflops": 44.19809771339566,
    "xc_time": 26.20798846
  },
  "schema_version": "0.2.0"
}
