{
  "calculation_time": 32.357745987,
  "qmmbe": {
    "b_formation_time": 2.241778388,
    "b_tflops": 6.931370387242755,
    "diag_time": 4.843426358,
    "expanded_elec_energy": -6056.968919792478,
    "expanded_hf_energy": -1690.4855540564902,
    "expanded_nuc_repulsion_energy": 4613.3906857751535,
    "expanded_xc_energy": -246.90732003916554,
    "homo": -0.17751123129234878,
    "lumo": -0.08869368307807493,
    "method": "RestrictedKSDFT",
    "mp2_tflops": 0.0,
    "mp2_time": 6.95335580495915e-310,
    "n_atoms": 68,
    "nmers": [
      [
        {
          "fragments": [
            0
          ],
          "hf_energy": -1690.4855540564902,
          "num_basis_fns": 1508,
          "num_iters": 16,
          "schema_version": "0.2.0"
        }
      ]
    ],
    "num_iters": 16,
    "ri_fock_time": 0.25607629700000006,
    "ri_tflops": 2.105155853546257,
    "scf_tflops": 34.94762249563845,
    "scf_time": 32.158948031,
    "schema_version": "0.2.0",
    "tflops": 32.536045845537245,
    "total_time": 32.352744,
    "transforms_time": 0.084635871,
    "xc_tflops": 44.420524888299376,
    "xc_time": 23.316492005
  },
  "schema_version": "0.2.0"
}
