{
  "calculation_time": 22.322259091,
  "qmmbe": {
    "b_formation_time": 1.586563126,
    "b_tflops": 5.83634277881232,
    "diag_time": 3.0886866619999997,
    "expanded_elec_energy": -4884.290691257256,
    "expanded_hf_energy": -1459.5479437343774,
    "expanded_nuc_repulsion_energy": 3637.7331897337426,
    "expanded_xc_energy": -212.99044221086376,
    "homo": -0.16251630758901572,
    "lumo": -0.1034403347244659,
    "method": "RestrictedKSDFT",
    "mp2_tflops": 0.0,
    "mp2_time": 6.9533558049797e-310,
    "n_atoms": 58,
    "nmers": [
      [
        {
          "fragments": [
            0
          ],
          "hf_energy": -1459.5479437343774,
          "num_basis_fns": 1298,
          "num_iters": 17,
          "schema_version": "0.2.0"
        }
      ]
    ],
    "num_iters": 17,
    "ri_fock_time": 0.18651273499999999,
    "ri_tflops": 1.9582499304189604,
    "scf_tflops": 34.194293296232466,
    "scf_time": 22.167334111,
    "schema_version": "0.2.0",
    "tflops": 31.63743363484962,
    "total_time": 22.318345,
    "transforms_time": 0.07893886400000004,
    "xc_tflops": 43.07891892715792,
    "xc_time": 16.154293046
  },
  "schema_version": "0.2.0"
}
