{
  "calculation_time": 20.961201537,
  "qmmbe": {
    "b_formation_time": 1.59604546,
    "b_tflops": 5.541886295479328,
    "diag_time": 2.9208030309999997,
    "expanded_elec_energy": -4793.988799069867,
    "expanded_hf_energy": -1459.5496454121974,
    "expanded_nuc_repulsion_energy": 3547.425198596046,
    "expanded_xc_energy": -212.9860449383762,
    "homo": -0.160905299705904,
    "lumo": -0.10625852335157654,
    "method": "RestrictedKSDFT",
    "mp2_tflops": 0.0,
    "mp2_time": 6.95335580497496e-310,
    "n_atoms": 58,
    "nmers": [
      [
        {
          "fragments": [
            0
          ],
          "hf_energy": -1459.5496454121974,
          "num_basis_fns": 1298,
          "num_iters": 16,
          "schema_version": "0.2.0"
        }
      ]
    ],
    "num_iters": 16,
    "ri_fock_time": 0.16989673500000002,
    "ri_tflops": 2.02331098197973,
    "scf_tflops": 34.658630207398026,
    "scf_time": 20.798660805,
    "schema_version": "0.2.0",
    "tflops": 31.84065581647859,
    "total_time": 20.957263,
    "transforms_time": 0.07422900699999997,
    "xc_tflops": 43.92205682910316,
    "xc_time": 14.971703205
  },
  "schema_version": "0.2.0"
}
