{
  "calculation_time": 23.942231037,
  "qmmbe": {
    "b_formation_time": 1.799178398,
    "b_tflops": 6.269185313081999,
    "diag_time": 3.327438869,
    "expanded_elec_energy": -5282.368724505648,
    "expanded_hf_energy": -1536.9038108104428,
    "expanded_nuc_repulsion_energy": 3969.9842609745806,
    "expanded_xc_energy": -224.51934727937544,
    "homo": -0.17743121083187272,
    "lumo": -0.09199591332636481,
    "method": "RestrictedKSDFT",
    "mp2_tflops": 0.0,
    "mp2_time": 6.95335580497496e-310,
    "n_atoms": 62,
    "nmers": [
      [
        {
          "fragments": [
            0
          ],
          "hf_energy": -1536.9038108104428,
          "num_basis_fns": 1372,
          "num_iters": 16,
          "schema_version": "0.2.0"
        }
      ]
    ],
    "num_iters": 16,
    "ri_fock_time": 0.196890008,
    "ri_tflops": 2.062027348386313,
    "scf_tflops": 35.987557895917085,
    "scf_time": 23.77198109,
    "schema_version": "0.2.0",
    "tflops": 33.15189215905711,
    "total_time": 23.938241,
    "transforms_time": 0.08146527000000002,
    "xc_tflops": 45.4334254443272,
    "xc_time": 17.196314331000004
  },
  "schema_version": "0.2.0"
}
