{
  "calculation_time": 25.196822435,
  "qmmbe": {
    "b_formation_time": 1.74518019,
    "b_tflops": 5.986234751585165,
    "diag_time": 3.4851815339999996,
    "expanded_elec_energy": -5143.829221380004,
    "expanded_hf_energy": -1536.9055050720656,
    "expanded_nuc_repulsion_energy": 3831.4363237441257,
    "expanded_xc_energy": -224.51260743618718,
    "homo": -0.15966911988833782,
    "lumo": -0.10798779156043792,
    "method": "RestrictedKSDFT",
    "mp2_tflops": 0.0,
    "mp2_time": 6.95335580497496e-310,
    "n_atoms": 62,
    "nmers": [
      [
        {
          "fragments": [
            0
          ],
          "hf_energy": -1536.9055050720656,
          "num_basis_fns": 1372,
          "num_iters": 17,
          "schema_version": "0.2.0"
        }
      ]
    ],
    "num_iters": 17,
    "ri_fock_time": 0.208479766,
    "ri_tflops": 2.0691078358175057,
    "scf_tflops": 36.036052087227425,
    "scf_time": 25.035464783,
    "schema_version": "0.2.0",
    "tflops": 33.434466152487246,
    "total_time": 25.192703,
    "transforms_time": 0.08390386600000001,
    "xc_tflops": 45.32232417928485,
    "xc_time": 18.330183144999996
  },
  "schema_version": "0.2.0"
}
