{
  "calculation_time": 33.665284529,
  "qmmbe": {
    "b_formation_time": 2.139822935,
    "b_tflops": 6.617021132141478,
    "diag_time": 4.540584002,
    "expanded_elec_energy": -5838.24678093145,
    "expanded_hf_energy": -1690.499195646123,
    "expanded_nuc_repulsion_energy": 4394.657121768915,
    "expanded_xc_energy": -246.9095364835879,
    "homo": -0.174531394129482,
    "lumo": -0.08916174030470556,
    "method": "RestrictedKSDFT",
    "mp2_tflops": 0.0,
    "mp2_time": 6.95335580496073e-310,
    "n_atoms": 68,
    "nmers": [
      [
        {
          "fragments": [
            0
          ],
          "hf_energy": -1690.499195646123,
          "num_basis_fns": 1508,
          "num_iters": 17,
          "schema_version": "0.2.0"
        }
      ]
    ],
    "num_iters": 17,
    "ri_fock_time": 0.27203028799999995,
    "ri_tflops": 2.105548804947779,
    "scf_tflops": 35.45826182925141,
    "scf_time": 33.480563732,
    "schema_version": "0.2.0",
    "tflops": 33.18915594646147,
    "total_time": 33.660514,
    "transforms_time": 0.089237128,
    "xc_tflops": 44.09030966677894,
    "xc_time": 24.983919984999996
  },
  "schema_version": "0.2.0"
}
