{
  "calculation_time": 31.973843667,
  "qmmbe": {
    "b_formation_time": 2.142858755,
    "b_tflops": 6.765570336525518,
    "diag_time": 4.828688250999999,
    "expanded_elec_energy": -5895.6605155536145,
    "expanded_hf_energy": -1690.4866637529742,
    "expanded_nuc_repulsion_energy": 4452.08767097369,
    "expanded_xc_energy": -246.91381917305011,
    "homo": -0.18289534783814174,
    "lumo": -0.08608581340645981,
    "method": "RestrictedKSDFT",
    "mp2_tflops": 0.0,
    "mp2_time": 6.95335580495915e-310,
    "n_atoms": 68,
    "nmers": [
      [
        {
          "fragments": [
            0
          ],
          "hf_energy": -1690.4866637529742,
          "num_basis_fns": 1508,
          "num_iters": 16,
          "schema_version": "0.2.0"
        }
      ]
    ],
    "num_iters": 16,
    "ri_fock_time": 0.259039686,
    "ri_tflops": 2.0810730738146432,
    "scf_tflops": 35.333088328375155,
    "scf_time": 31.787664589,
    "schema_version": "0.2.0",
    "tflops": 32.96338633334174,
    "total_time": 31.968942,
    "transforms_time": 0.08361441700000001,
    "xc_tflops": 44.94417188777096,
    "xc_time": 23.093884166
  },
  "schema_version": "0.2.0"
}
