{
  "calculation_time": 32.153134268,
  "qmmbe": {
    "b_formation_time": 2.23251894,
    "b_tflops": 7.104288452175013,
    "diag_time": 4.25682091,
    "expanded_elec_energy": -6106.20060293292,
    "expanded_hf_energy": -1690.4724732537627,
    "expanded_nuc_repulsion_energy": 4662.637428717862,
    "expanded_xc_energy": -246.90929903870452,
    "homo": -0.17033987513037446,
    "lumo": -0.09413269170983732,
    "method": "RestrictedKSDFT",
    "mp2_tflops": 0.0,
    "mp2_time": 6.9533558049781e-310,
    "n_atoms": 68,
    "nmers": [
      [
        {
          "fragments": [
            0
          ],
          "hf_energy": -1690.4724732537627,
          "num_basis_fns": 1508,
          "num_iters": 16,
          "schema_version": "0.2.0"
        }
      ]
    ],
    "num_iters": 16,
    "ri_fock_time": 0.25591311499999997,
    "ri_tflops": 2.1064981979684787,
    "scf_tflops": 35.17000116769151,
    "scf_time": 31.952050403,
    "schema_version": "0.2.0",
    "tflops": 32.716776582530585,
    "total_time": 32.148639,
    "transforms_time": 0.08778811200000002,
    "xc_tflops": 43.681604147954836,
    "xc_time": 23.684218940999997
  },
  "schema_version": "0.2.0"
}
