{
  "calculation_time": 31.61361844,
  "qmmbe": {
    "b_formation_time": 2.174203221,
    "b_tflops": 7.017668801218283,
    "diag_time": 4.2743053269999995,
    "expanded_elec_energy": -6008.515009657935,
    "expanded_hf_energy": -1690.4810155421035,
    "expanded_nuc_repulsion_energy": 4564.954457896724,
    "expanded_xc_energy": -246.92046378089316,
    "homo": -0.18182603828549534,
    "lumo": -0.08185226672542432,
    "method": "RestrictedKSDFT",
    "mp2_tflops": 0.0,
    "mp2_time": 6.95335580496073e-310,
    "n_atoms": 68,
    "nmers": [
      [
        {
          "fragments": [
            0
          ],
          "hf_energy": -1690.4810155421035,
          "num_basis_fns": 1508,
          "num_iters": 16,
          "schema_version": "0.2.0"
        }
      ]
    ],
    "num_iters": 16,
    "ri_fock_time": 0.256130417,
    "ri_tflops": 2.1047110370495354,
    "scf_tflops": 35.79924471374028,
    "scf_time": 31.403389985,
    "schema_version": "0.2.0",
    "tflops": 33.28574302518213,
    "total_time": 31.608827,
    "transforms_time": 0.08676709899999999,
    "xc_tflops": 44.75843317885207,
    "xc_time": 23.135019764
  },
  "schema_version": "0.2.0"
}
