{
  "calculation_time": 20.184107635,
  "qmmbe": {
    "b_formation_time": 1.645918052,
    "b_tflops": 6.01589086726172,
    "diag_time": 2.7228380960000003,
    "expanded_elec_energy": -5006.07456085724,
    "expanded_hf_energy": -1459.5435970402657,
    "expanded_nuc_repulsion_energy": 3759.5279163752,
    "expanded_xc_energy": -212.99695255822627,
    "homo": -0.1775046170354854,
    "lumo": -0.09013638508002997,
    "method": "RestrictedKSDFT",
    "mp2_tflops": 0.0,
    "mp2_time": 6.95335580497496e-310,
    "n_atoms": 58,
    "nmers": [
      [
        {
          "fragments": [
            0
          ],
          "hf_energy": -1459.5435970402657,
          "num_basis_fns": 1298,
          "num_iters": 15,
          "schema_version": "0.2.0"
        }
      ]
    ],
    "num_iters": 15,
    "ri_fock_time": 0.16547993100000002,
    "ri_tflops": 1.9474827380729327,
    "scf_tflops": 33.9643281825363,
    "scf_time": 20.01463744,
    "schema_version": "0.2.0",
    "tflops": 31.053846411948676,
    "total_time": 20.18017,
    "transforms_time": 0.071674711,
    "xc_tflops": 42.74643537784654,
    "xc_time": 14.409642173999998
  },
  "schema_version": "0.2.0"
}
