{
  "calculation_time": 33.654353439,
  "qmmbe": {
    "b_formation_time": 2.212938906,
    "b_tflops": 6.772460048615549,
    "diag_time": 4.545737100000001,
    "expanded_elec_energy": -5986.508585077713,
    "expanded_hf_energy": -1690.4742073140021,
    "expanded_nuc_repulsion_energy": 4542.936309448583,
    "expanded_xc_energy": -246.9019316848723,
    "homo": -0.17400527029855065,
    "lumo": -0.09390837980526075,
    "method": "RestrictedKSDFT",
    "mp2_tflops": 0.0,
    "mp2_time": 6.95335580496073e-310,
    "n_atoms": 68,
    "nmers": [
      [
        {
          "fragments": [
            0
          ],
          "hf_energy": -1690.4742073140021,
          "num_basis_fns": 1508,
          "num_iters": 17,
          "schema_version": "0.2.0"
        }
      ]
    ],
    "num_iters": 17,
    "ri_fock_time": 0.27033054900000003,
    "ri_tflops": 2.1187877209097814,
    "scf_tflops": 35.485109698557324,
    "scf_time": 33.461950747,
    "schema_version": "0.2.0",
    "tflops": 33.125692226825635,
    "total_time": 33.649448,
    "transforms_time": 0.091004997,
    "xc_tflops": 44.17532749917798,
    "xc_time": 24.860598244
  },
  "schema_version": "0.2.0"
}
