{
  "calculation_time": 29.250965405,
  "qmmbe": {
    "b_formation_time": 2.033783372,
    "b_tflops": 6.571920534571074,
    "diag_time": 3.965074588,
    "expanded_elec_energy": -5691.742421636143,
    "expanded_hf_energy": -1613.1051051143188,
    "expanded_nuc_repulsion_energy": 4314.003481244146,
    "expanded_xc_energy": -235.3661647223218,
    "homo": -0.16851740707019994,
    "lumo": -0.09994875469072005,
    "method": "RestrictedKSDFT",
    "mp2_tflops": 0.0,
    "mp2_time": 6.95335580496073e-310,
    "n_atoms": 64,
    "nmers": [
      [
        {
          "fragments": [
            0
          ],
          "hf_energy": -1613.1051051143188,
          "num_basis_fns": 1434,
          "num_iters": 17,
          "schema_version": "0.2.0"
        }
      ]
    ],
    "num_iters": 17,
    "ri_fock_time": 0.23670553699999994,
    "ri_tflops": 2.0805978720134464,
    "scf_tflops": 34.91187158674038,
    "scf_time": 29.051019026,
    "schema_version": "0.2.0",
    "tflops": 32.41211038440461,
    "total_time": 29.246388,
    "transforms_time": 0.08398356099999998,
    "xc_tflops": 43.629376207328164,
    "xc_time": 21.3923399
  },
  "schema_version": "0.2.0"
}
