{
  "calculation_time": 31.566643732,
  "qmmbe": {
    "b_formation_time": 2.208287386,
    "b_tflops": 6.936316958593541,
    "diag_time": 4.280507409,
    "expanded_elec_energy": -6020.445198316076,
    "expanded_hf_energy": -1690.4828079976019,
    "expanded_nuc_repulsion_energy": 4576.88352684883,
    "expanded_xc_energy": -246.92113653035585,
    "homo": -0.18163992245389868,
    "lumo": -0.08421198494110113,
    "method": "RestrictedKSDFT",
    "mp2_tflops": 0.0,
    "mp2_time": 6.95335580496073e-310,
    "n_atoms": 68,
    "nmers": [
      [
        {
          "fragments": [
            0
          ],
          "hf_energy": -1690.4828079976019,
          "num_basis_fns": 1508,
          "num_iters": 16,
          "schema_version": "0.2.0"
        }
      ]
    ],
    "num_iters": 16,
    "ri_fock_time": 0.25407537799999996,
    "ri_tflops": 2.1217345806093815,
    "scf_tflops": 35.88565276743771,
    "scf_time": 31.355328027,
    "schema_version": "0.2.0",
    "tflops": 33.344655501634556,
    "total_time": 31.561957,
    "transforms_time": 0.085767615,
    "xc_tflops": 44.82237726552256,
    "xc_time": 23.10757876
  },
  "schema_version": "0.2.0"
}
