{
  "calculation_time": 22.413641276,
  "qmmbe": {
    "b_formation_time": 1.621658582,
    "b_tflops": 5.750107185691198,
    "diag_time": 3.0877354309999996,
    "expanded_elec_energy": -4897.381366787273,
    "expanded_hf_energy": -1459.5561818614851,
    "expanded_nuc_repulsion_energy": 3650.8137548612763,
    "expanded_xc_energy": -212.98856993548867,
    "homo": -0.1691421805080175,
    "lumo": -0.09554063385028783,
    "method": "RestrictedKSDFT",
    "mp2_tflops": 0.0,
    "mp2_time": 6.95335580497496e-310,
    "n_atoms": 58,
    "nmers": [
      [
        {
          "fragments": [
            0
          ],
          "hf_energy": -1459.5561818614851,
          "num_basis_fns": 1298,
          "num_iters": 17,
          "schema_version": "0.2.0"
        }
      ]
    ],
    "num_iters": 17,
    "ri_fock_time": 0.181039485,
    "ri_tflops": 2.017452437715452,
    "scf_tflops": 34.127327021647304,
    "scf_time": 22.243943402,
    "schema_version": "0.2.0",
    "tflops": 31.50096310389628,
    "total_time": 22.409685,
    "transforms_time": 0.08122311800000002,
    "xc_tflops": 43.020511041188804,
    "xc_time": 16.170922411
  },
  "schema_version": "0.2.0"
}
