{
  "calculation_time": 33.809745295,
  "qmmbe": {
    "b_formation_time": 2.219733297,
    "b_tflops": 6.8553195627771855,
    "diag_time": 4.5926463779999995,
    "expanded_elec_energy": -6006.789866692881,
    "expanded_hf_energy": -1690.47173610901,
    "expanded_nuc_repulsion_energy": 4563.2123321526515,
    "expanded_xc_energy": -246.89420156878018,
    "homo": -0.17255308580757894,
    "lumo": -0.09570781829916071,
    "method": "RestrictedKSDFT",
    "mp2_tflops": 0.0,
    "mp2_time": 6.9533558049781e-310,
    "n_atoms": 68,
    "nmers": [
      [
        {
          "fragments": [
            0
          ],
          "hf_energy": -1690.47173610901,
          "num_basis_fns": 1508,
          "num_iters": 17,
          "schema_version": "0.2.0"
        }
      ]
    ],
    "num_iters": 17,
    "ri_fock_time": 0.274352408,
    "ri_tflops": 2.087727430509741,
    "scf_tflops": 35.28739437522311,
    "scf_time": 33.617108496,
    "schema_version": "0.2.0",
    "tflops": 32.95524108497314,
    "total_time": 33.805309,
    "transforms_time": 0.09040480199999999,
    "xc_tflops": 43.92729305568085,
    "xc_time": 24.981997959999998
  },
  "schema_version": "0.2.0"
}
