{
  "calculation_time": 27.202948823,
  "qmmbe": {
    "b_formation_time": 1.959790306,
    "b_tflops": 6.291812981654783,
    "diag_time": 3.6102694539999995,
    "expanded_elec_energy": -5512.490160632603,
    "expanded_hf_energy": -1613.1252546655096,
    "expanded_nuc_repulsion_energy": 4134.7405428622515,
    "expanded_xc_energy": -235.37563689515815,
    "homo": -0.1777116369995207,
    "lumo": -0.09131347008745817,
    "method": "RestrictedKSDFT",
    "mp2_tflops": 0.0,
    "mp2_time": 6.95335580495915e-310,
    "n_atoms": 64,
    "nmers": [
      [
        {
          "fragments": [
            0
          ],
          "hf_energy": -1613.1252546655096,
          "num_basis_fns": 1434,
          "num_iters": 16,
          "schema_version": "0.2.0"
        }
      ]
    ],
    "num_iters": 16,
    "ri_fock_time": 0.221907454,
    "ri_tflops": 2.088794607359156,
    "scf_tflops": 35.62046540630794,
    "scf_time": 27.02696477,
    "schema_version": "0.2.0",
    "tflops": 32.976562053757725,
    "total_time": 27.198347,
    "transforms_time": 0.08070597100000002,
    "xc_tflops": 44.41308013074771,
    "xc_time": 19.890393719000002
  },
  "schema_version": "0.2.0"
}
