{
  "calculation_time": 32.020741379,
  "qmmbe": {
    "b_formation_time": 2.215202404,
    "b_tflops": 6.8876364584949235,
    "diag_time": 4.311529688,
    "expanded_elec_energy": -6016.787436854123,
    "expanded_hf_energy": -1690.4879698460886,
    "expanded_nuc_repulsion_energy": 4573.215829730359,
    "expanded_xc_energy": -246.91636272232387,
    "homo": -0.17371203931811907,
    "lumo": -0.09551997570347044,
    "method": "RestrictedKSDFT",
    "mp2_tflops": 0.0,
    "mp2_time": 6.9533558049781e-310,
    "n_atoms": 68,
    "nmers": [
      [
        {
          "fragments": [
            0
          ],
          "hf_energy": -1690.4879698460886,
          "num_basis_fns": 1508,
          "num_iters": 16,
          "schema_version": "0.2.0"
        }
      ]
    ],
    "num_iters": 16,
    "ri_fock_time": 0.25624714400000004,
    "ri_tflops": 2.103752288392334,
    "scf_tflops": 35.3784717023235,
    "scf_time": 31.810352495,
    "schema_version": "0.2.0",
    "tflops": 32.9114729590746,
    "total_time": 32.016175,
    "transforms_time": 0.086156053,
    "xc_tflops": 44.01633841859681,
    "xc_time": 23.561176847999995
  },
  "schema_version": "0.2.0"
}
