{
  "calculation_time": 31.876022473,
  "qmmbe": {
    "b_formation_time": 2.295604602,
    "b_tflops": 7.634682369280247,
    "diag_time": 4.267711180000001,
    "expanded_elec_energy": -6325.357419172584,
    "expanded_hf_energy": -1690.473720767956,
    "expanded_nuc_repulsion_energy": 4881.7996824622105,
    "expanded_xc_energy": -246.9159840575827,
    "homo": -0.17675380248861705,
    "lumo": -0.09022615108965673,
    "method": "RestrictedKSDFT",
    "mp2_tflops": 0.0,
    "mp2_time": 6.95335580496073e-310,
    "n_atoms": 68,
    "nmers": [
      [
        {
          "fragments": [
            0
          ],
          "hf_energy": -1690.473720767956,
          "num_basis_fns": 1508,
          "num_iters": 16,
          "schema_version": "0.2.0"
        }
      ]
    ],
    "num_iters": 16,
    "ri_fock_time": 0.25601786,
    "ri_tflops": 2.105636362963115,
    "scf_tflops": 35.45870992150121,
    "scf_time": 31.653996875,
    "schema_version": "0.2.0",
    "tflops": 32.88216377737463,
    "total_time": 31.871246,
    "transforms_time": 0.085141065,
    "xc_tflops": 44.16888380371587,
    "xc_time": 23.298738683999996
  },
  "schema_version": "0.2.0"
}
