{
  "calculation_time": 28.674229582,
  "qmmbe": {
    "b_formation_time": 3.804164589,
    "b_tflops": 2.9829281846564184,
    "diag_time": 3.8048323969999993,
    "expanded_elec_energy": -5324.963747297757,
    "expanded_hf_energy": -1535.7592395495012,
    "expanded_nuc_repulsion_energy": 4013.0485314668413,
    "expanded_xc_energy": -223.84402371858516,
    "homo": -0.17259537179242032,
    "lumo": -0.09585305684773988,
    "method": "RestrictedKSDFT",
    "mp2_tflops": 0.0,
    "mp2_time": 6.95335580497496e-310,
    "n_atoms": 60,
    "nmers": [
      [
        {
          "fragments": [
            0
          ],
          "hf_energy": -1535.7592395495012,
          "num_basis_fns": 1360,
          "num_iters": 17,
          "schema_version": "0.2.0"
        }
      ]
    ],
    "num_iters": 17,
    "ri_fock_time": 0.233385261,
    "ri_tflops": 1.7999472211743481,
    "scf_tflops": 34.758709744751464,
    "scf_time": 26.809101173,
    "schema_version": "0.2.0",
    "tflops": 28.985536999509197,
    "total_time": 27.123761,
    "transforms_time": 0.2648940839999999,
    "xc_tflops": 45.15338816895829,
    "xc_time": 17.479481131
  },
  "schema_version": "0.2.0"
}
