{
  "calculation_time": 29.366313764,
  "qmmbe": {
    "b_formation_time": 1.975756731,
    "b_tflops": 6.336574424639529,
    "diag_time": 3.8933642809999993,
    "expanded_elec_energy": -5550.174071841226,
    "expanded_hf_energy": -1613.1112077448927,
    "expanded_nuc_repulsion_energy": 4172.423651159572,
    "expanded_xc_energy": -235.36078706323883,
    "homo": -0.16449153061578167,
    "lumo": -0.10433630579613655,
    "method": "RestrictedKSDFT",
    "mp2_tflops": 0.0,
    "mp2_time": 6.95335580497496e-310,
    "n_atoms": 64,
    "nmers": [
      [
        {
          "fragments": [
            0
          ],
          "hf_energy": -1613.1112077448927,
          "num_basis_fns": 1434,
          "num_iters": 17,
          "schema_version": "0.2.0"
        }
      ]
    ],
    "num_iters": 17,
    "ri_fock_time": 0.244175216,
    "ri_tflops": 2.016949322882958,
    "scf_tflops": 34.76267236006411,
    "scf_time": 29.191223505,
    "schema_version": "0.2.0",
    "tflops": 32.370056929540155,
    "total_time": 29.361979,
    "transforms_time": 0.08474074100000002,
    "xc_tflops": 43.20529900886938,
    "xc_time": 21.679787657000006
  },
  "schema_version": "0.2.0"
}
