{
  "calculation_time": 20.991901847,
  "qmmbe": {
    "b_formation_time": 1.60201424,
    "b_tflops": 5.594068658750499,
    "diag_time": 2.900720598000001,
    "expanded_elec_energy": -4824.511550188652,
    "expanded_hf_energy": -1459.5613282056322,
    "expanded_nuc_repulsion_energy": 3577.9419945957447,
    "expanded_xc_energy": -212.99177261272484,
    "homo": -0.1707334175756376,
    "lumo": -0.09608666333325462,
    "method": "RestrictedKSDFT",
    "mp2_tflops": 0.0,
    "mp2_time": 6.9533558049797e-310,
    "n_atoms": 58,
    "nmers": [
      [
        {
          "fragments": [
            0
          ],
          "hf_energy": -1459.5613282056322,
          "num_basis_fns": 1298,
          "num_iters": 16,
          "schema_version": "0.2.0"
        }
      ]
    ],
    "num_iters": 16,
    "ri_fock_time": 0.17658349,
    "ri_tflops": 1.9466934860558027,
    "scf_tflops": 34.61614128132056,
    "scf_time": 20.827064196,
    "schema_version": "0.2.0",
    "tflops": 31.794412422789847,
    "total_time": 20.987997,
    "transforms_time": 0.07413256599999998,
    "xc_tflops": 43.72540723586812,
    "xc_time": 15.036373144999999
  },
  "schema_version": "0.2.0"
}
