{
  "calculation_time": 31.830167041,
  "qmmbe": {
    "b_formation_time": 2.223406078,
    "b_tflops": 6.737195750952696,
    "diag_time": 4.34159388,
    "expanded_elec_energy": -5961.880154668961,
    "expanded_hf_energy": -1690.4698037282174,
    "expanded_nuc_repulsion_energy": 4518.310887844948,
    "expanded_xc_energy": -246.9005369042048,
    "homo": -0.17288089629830947,
    "lumo": -0.09421181292693966,
    "method": "RestrictedKSDFT",
    "mp2_tflops": 0.0,
    "mp2_time": 6.95335580496073e-310,
    "n_atoms": 68,
    "nmers": [
      [
        {
          "fragments": [
            0
          ],
          "hf_energy": -1690.4698037282174,
          "num_basis_fns": 1508,
          "num_iters": 16,
          "schema_version": "0.2.0"
        }
      ]
    ],
    "num_iters": 16,
    "ri_fock_time": 0.25807720900000003,
    "ri_tflops": 2.088834258836083,
    "scf_tflops": 35.63189321324629,
    "scf_time": 31.63723806,
    "schema_version": "0.2.0",
    "tflops": 33.11599397563223,
    "total_time": 31.82535,
    "transforms_time": 0.08625815899999999,
    "xc_tflops": 44.507648972051165,
    "xc_time": 23.312316044999996
  },
  "schema_version": "0.2.0"
}
