{
  "calculation_time": 31.805459698,
  "qmmbe": {
    "b_formation_time": 2.173100658,
    "b_tflops": 6.852586268430461,
    "diag_time": 4.241277342,
    "expanded_elec_energy": -5943.880607646673,
    "expanded_hf_energy": -1690.4663717255387,
    "expanded_nuc_repulsion_energy": 4500.318536189339,
    "expanded_xc_energy": -246.9043002682053,
    "homo": -0.15976154692507052,
    "lumo": -0.10800961912286709,
    "method": "RestrictedKSDFT",
    "mp2_tflops": 0.0,
    "mp2_time": 6.9533558049781e-310,
    "n_atoms": 68,
    "nmers": [
      [
        {
          "fragments": [
            0
          ],
          "hf_energy": -1690.4663717255387,
          "num_basis_fns": 1508,
          "num_iters": 16,
          "schema_version": "0.2.0"
        }
      ]
    ],
    "num_iters": 16,
    "ri_fock_time": 0.25760303,
    "ri_tflops": 2.092679249867519,
    "scf_tflops": 35.61530800934204,
    "scf_time": 31.615867802,
    "schema_version": "0.2.0",
    "tflops": 33.14439790967409,
    "total_time": 31.801134,
    "transforms_time": 0.08816022400000001,
    "xc_tflops": 44.26619272808743,
    "xc_time": 23.443719202
  },
  "schema_version": "0.2.0"
}
