{
  "calculation_time": 19.671402934,
  "qmmbe": {
    "b_formation_time": 1.487915298,
    "b_tflops": 5.399217207010664,
    "diag_time": 2.5841284580000004,
    "expanded_elec_energy": -4578.542291592736,
    "expanded_hf_energy": -1383.3317350241177,
    "expanded_nuc_repulsion_energy": 3397.338879990672,
    "expanded_xc_energy": -202.128323422054,
    "homo": -0.17083897647402735,
    "lumo": -0.09791727844998037,
    "method": "RestrictedKSDFT",
    "mp2_tflops": 0.0,
    "mp2_time": 6.9533558049797e-310,
    "n_atoms": 56,
    "nmers": [
      [
        {
          "fragments": [
            0
          ],
          "hf_energy": -1383.3317350241177,
          "num_basis_fns": 1236,
          "num_iters": 16,
          "schema_version": "0.2.0"
        }
      ]
    ],
    "num_iters": 16,
    "ri_fock_time": 0.148062284,
    "ri_tflops": 2.004814700710682,
    "scf_tflops": 32.22850542202664,
    "scf_time": 19.524362868,
    "schema_version": "0.2.0",
    "tflops": 29.603493602418144,
    "total_time": 19.667573,
    "transforms_time": 0.075699064,
    "xc_tflops": 40.21330992514607,
    "xc_time": 14.259894181
  },
  "schema_version": "0.2.0"
}
