{
  "calculation_time": 27.516147799,
  "qmmbe": {
    "b_formation_time": 2.01338019,
    "b_tflops": 6.513117543875308,
    "diag_time": 3.6589243980000004,
    "expanded_elec_energy": -5644.499367414415,
    "expanded_hf_energy": -1613.1201022315886,
    "expanded_nuc_repulsion_energy": 4266.761980265333,
    "expanded_xc_energy": -235.38271508250585,
    "homo": -0.17799528317181687,
    "lumo": -0.08795372380228465,
    "method": "RestrictedKSDFT",
    "mp2_tflops": 0.0,
    "mp2_time": 6.95335580495915e-310,
    "n_atoms": 64,
    "nmers": [
      [
        {
          "fragments": [
            0
          ],
          "hf_energy": -1613.1201022315886,
          "num_basis_fns": 1434,
          "num_iters": 16,
          "schema_version": "0.2.0"
        }
      ]
    ],
    "num_iters": 16,
    "ri_fock_time": 0.22220706199999996,
    "ri_tflops": 2.085978227136634,
    "scf_tflops": 35.22479340440384,
    "scf_time": 27.317141672,
    "schema_version": "0.2.0",
    "tflops": 32.56600022900984,
    "total_time": 27.511301,
    "transforms_time": 0.08295731399999999,
    "xc_tflops": 43.98806099735318,
    "xc_time": 20.042975445
  },
  "schema_version": "0.2.0"
}
