{
  "calculation_time": 31.87539343,
  "qmmbe": {
    "b_formation_time": 2.169824721,
    "b_tflops": 6.570674349956399,
    "diag_time": 4.314552642,
    "expanded_elec_energy": -5860.171095323616,
    "expanded_hf_energy": -1690.4923666659165,
    "expanded_nuc_repulsion_energy": 4416.585221485076,
    "expanded_xc_energy": -246.90649282737598,
    "homo": -0.17206323183830663,
    "lumo": -0.09543442034057355,
    "method": "RestrictedKSDFT",
    "mp2_tflops": 0.0,
    "mp2_time": 6.953355804986e-310,
    "n_atoms": 68,
    "nmers": [
      [
        {
          "fragments": [
            0
          ],
          "hf_energy": -1690.4923666659165,
          "num_basis_fns": 1508,
          "num_iters": 16,
          "schema_version": "0.2.0"
        }
      ]
    ],
    "num_iters": 16,
    "ri_fock_time": 0.25603736299999996,
    "ri_tflops": 2.105475971426874,
    "scf_tflops": 35.50587079522526,
    "scf_time": 31.69205988,
    "schema_version": "0.2.0",
    "tflops": 33.05794123461937,
    "total_time": 31.871021,
    "transforms_time": 0.085497251,
    "xc_tflops": 44.22443342869447,
    "xc_time": 23.470385403
  },
  "schema_version": "0.2.0"
}
