{
  "calculation_time": 31.779075987,
  "qmmbe": {
    "b_formation_time": 2.154468798,
    "b_tflops": 6.822008004963459,
    "diag_time": 4.279295785,
    "expanded_elec_energy": -5922.455501183464,
    "expanded_hf_energy": -1690.468043720562,
    "expanded_nuc_repulsion_energy": 4478.8888367278605,
    "expanded_xc_energy": -246.90137926495896,
    "homo": -0.1755711741448296,
    "lumo": -0.089540858484876,
    "method": "RestrictedKSDFT",
    "mp2_tflops": 0.0,
    "mp2_time": 6.95335580496073e-310,
    "n_atoms": 68,
    "nmers": [
      [
        {
          "fragments": [
            0
          ],
          "hf_energy": -1690.468043720562,
          "num_basis_fns": 1508,
          "num_iters": 16,
          "schema_version": "0.2.0"
        }
      ]
    ],
    "num_iters": 16,
    "ri_fock_time": 0.25862507599999995,
    "ri_tflops": 2.0844093075645924,
    "scf_tflops": 35.563488538719355,
    "scf_time": 31.589141941,
    "schema_version": "0.2.0",
    "tflops": 33.136703096951535,
    "total_time": 31.774162,
    "transforms_time": 0.084824268,
    "xc_tflops": 44.29158687854372,
    "xc_time": 23.408844409000004
  },
  "schema_version": "0.2.0"
}
