{
  "calculation_time": 26.028700109,
  "qmmbe": {
    "b_formation_time": 1.762586572,
    "b_tflops": 6.02302012814608,
    "diag_time": 3.9655210120000004,
    "expanded_elec_energy": -5163.984300308901,
    "expanded_hf_energy": -1536.891425081564,
    "expanded_nuc_repulsion_energy": 3851.591440461061,
    "expanded_xc_energy": -224.49856523372432,
    "homo": -0.16459452913490413,
    "lumo": -0.10479001137867246,
    "method": "RestrictedKSDFT",
    "mp2_tflops": 0.0,
    "mp2_time": 6.95335580497496e-310,
    "n_atoms": 62,
    "nmers": [
      [
        {
          "fragments": [
            0
          ],
          "hf_energy": -1536.891425081564,
          "num_basis_fns": 1372,
          "num_iters": 17,
          "schema_version": "0.2.0"
        }
      ]
    ],
    "num_iters": 17,
    "ri_fock_time": 0.20834303099999998,
    "ri_tflops": 2.0704657860142204,
    "scf_tflops": 34.786686760616945,
    "scf_time": 25.85320045,
    "schema_version": "0.2.0",
    "tflops": 32.32757882489614,
    "total_time": 26.024703,
    "transforms_time": 0.08302400799999998,
    "xc_tflops": 44.56878051678347,
    "xc_time": 18.614256391
  },
  "schema_version": "0.2.0"
}
