{
  "calculation_time": 31.929175089,
  "qmmbe": {
    "b_formation_time": 4.075422752,
    "b_tflops": 3.2183740601789723,
    "diag_time": 4.180704457,
    "expanded_elec_energy": -5648.890299252864,
    "expanded_hf_energy": -1613.097114031696,
    "expanded_nuc_repulsion_energy": 4271.169446048534,
    "expanded_xc_energy": -235.3762608273664,
    "homo": -0.16449855452603634,
    "lumo": -0.10186495059968052,
    "method": "RestrictedKSDFT",
    "mp2_tflops": 0.0,
    "mp2_time": 6.95335580495757e-310,
    "n_atoms": 64,
    "nmers": [
      [
        {
          "fragments": [
            0
          ],
          "hf_energy": -1613.097114031696,
          "num_basis_fns": 1434,
          "num_iters": 16,
          "schema_version": "0.2.0"
        }
      ]
    ],
    "num_iters": 16,
    "ri_fock_time": 0.264163438,
    "ri_tflops": 1.7546678554660544,
    "scf_tflops": 34.233444330945304,
    "scf_time": 30.154133141,
    "schema_version": "0.2.0",
    "tflops": 28.967951993993243,
    "total_time": 30.367942,
    "transforms_time": 0.2638236860000001,
    "xc_tflops": 43.9274448441387,
    "xc_time": 20.073501141999998
  },
  "schema_version": "0.2.0"
}
