{
  "calculation_time": 31.966215075,
  "qmmbe": {
    "b_formation_time": 2.242525978,
    "b_tflops": 6.797658787654855,
    "diag_time": 4.236832289,
    "expanded_elec_energy": -6010.03307932319,
    "expanded_hf_energy": -1690.48343714214,
    "expanded_nuc_repulsion_energy": 4566.455935592817,
    "expanded_xc_energy": -246.90629341176714,
    "homo": -0.16596530882388563,
    "lumo": -0.10286350835471815,
    "method": "RestrictedKSDFT",
    "mp2_tflops": 0.0,
    "mp2_time": 6.95335580495915e-310,
    "n_atoms": 68,
    "nmers": [
      [
        {
          "fragments": [
            0
          ],
          "hf_energy": -1690.48343714214,
          "num_basis_fns": 1508,
          "num_iters": 16,
          "schema_version": "0.2.0"
        }
      ]
    ],
    "num_iters": 16,
    "ri_fock_time": 0.258856221,
    "ri_tflops": 2.0825480396084437,
    "scf_tflops": 35.50497197607013,
    "scf_time": 31.767989607,
    "schema_version": "0.2.0",
    "tflops": 32.98783665231339,
    "total_time": 31.961386,
    "transforms_time": 0.08826892199999997,
    "xc_tflops": 44.08268448077819,
    "xc_time": 23.540299177999998
  },
  "schema_version": "0.2.0"
}
