{
  "calculation_time": 32.369662294,
  "qmmbe": {
    "b_formation_time": 2.173886949,
    "b_tflops": 6.5205799711087,
    "diag_time": 4.799927189,
    "expanded_elec_energy": -5847.382339691528,
    "expanded_hf_energy": -1690.479584425101,
    "expanded_nuc_repulsion_energy": 4403.807104564205,
    "expanded_xc_energy": -246.9043492977777,
    "homo": -0.17102142972637802,
    "lumo": -0.095481247700265,
    "method": "RestrictedKSDFT",
    "mp2_tflops": 0.0,
    "mp2_time": 6.9533558049781e-310,
    "n_atoms": 68,
    "nmers": [
      [
        {
          "fragments": [
            0
          ],
          "hf_energy": -1690.479584425101,
          "num_basis_fns": 1508,
          "num_iters": 16,
          "schema_version": "0.2.0"
        }
      ]
    ],
    "num_iters": 16,
    "ri_fock_time": 0.25793151599999997,
    "ri_tflops": 2.0900141399703944,
    "scf_tflops": 34.928566431003794,
    "scf_time": 32.169223766,
    "schema_version": "0.2.0",
    "tflops": 32.554098432210196,
    "total_time": 32.365061,
    "transforms_time": 0.08475314099999999,
    "xc_tflops": 44.223859405198596,
    "xc_time": 23.473302733000004
  },
  "schema_version": "0.2.0"
}
