{
  "calculation_time": 32.613686603,
  "qmmbe": {
    "b_formation_time": 2.242713478,
    "b_tflops": 6.993361717621959,
    "diag_time": 4.816658999999999,
    "expanded_elec_energy": -6074.350914285746,
    "expanded_hf_energy": -1690.4515109847098,
    "expanded_nuc_repulsion_energy": 4630.811113839803,
    "expanded_xc_energy": -246.91171053876673,
    "homo": -0.17726065737157937,
    "lumo": -0.0892927610646853,
    "method": "RestrictedKSDFT",
    "mp2_tflops": 0.0,
    "mp2_time": 6.95335580495915e-310,
    "n_atoms": 68,
    "nmers": [
      [
        {
          "fragments": [
            0
          ],
          "hf_energy": -1690.4515109847098,
          "num_basis_fns": 1508,
          "num_iters": 16,
          "schema_version": "0.2.0"
        }
      ]
    ],
    "num_iters": 16,
    "ri_fock_time": 0.257501837,
    "ri_tflops": 2.0935016303747767,
    "scf_tflops": 34.63230451531815,
    "scf_time": 32.414318983,
    "schema_version": "0.2.0",
    "tflops": 32.24325521210967,
    "total_time": 32.608742,
    "transforms_time": 0.08498153,
    "xc_tflops": 43.91530310686756,
    "xc_time": 23.553610079000002
  },
  "schema_version": "0.2.0"
}
