{
  "calculation_time": 33.836865135,
  "qmmbe": {
    "b_formation_time": 2.244400376,
    "b_tflops": 6.871582907116746,
    "diag_time": 4.584111566000001,
    "expanded_elec_energy": -6035.994234558668,
    "expanded_hf_energy": -1690.4696605568654,
    "expanded_nuc_repulsion_energy": 4592.434386472977,
    "expanded_xc_energy": -246.90981247117466,
    "homo": -0.17556824077766978,
    "lumo": -0.08938196338454671,
    "method": "RestrictedKSDFT",
    "mp2_tflops": 0.0,
    "mp2_time": 6.95335580496073e-310,
    "n_atoms": 68,
    "nmers": [
      [
        {
          "fragments": [
            0
          ],
          "hf_energy": -1690.4696605568654,
          "num_basis_fns": 1508,
          "num_iters": 17,
          "schema_version": "0.2.0"
        }
      ]
    ],
    "num_iters": 17,
    "ri_fock_time": 0.274813179,
    "ri_tflops": 2.0842270006563255,
    "scf_tflops": 35.2440136318426,
    "scf_time": 33.641228302,
    "schema_version": "0.2.0",
    "tflops": 32.91296403272778,
    "total_time": 33.832192,
    "transforms_time": 0.09003190700000002,
    "xc_tflops": 43.95342750557353,
    "xc_time": 24.950147348999998
  },
  "schema_version": "0.2.0"
}
