{
  "calculation_time": 33.706738558,
  "qmmbe": {
    "b_formation_time": 2.20751207,
    "b_tflops": 6.94624836269004,
    "diag_time": 4.555970325,
    "expanded_elec_energy": -6027.151745285882,
    "expanded_hf_energy": -1690.4798921383003,
    "expanded_nuc_repulsion_energy": 4583.581722032562,
    "expanded_xc_energy": -246.90986888498026,
    "homo": -0.1712039489965435,
    "lumo": -0.09208870243613054,
    "method": "RestrictedKSDFT",
    "mp2_tflops": 0.0,
    "mp2_time": 6.9533558049781e-310,
    "n_atoms": 68,
    "nmers": [
      [
        {
          "fragments": [
            0
          ],
          "hf_energy": -1690.4798921383003,
          "num_basis_fns": 1508,
          "num_iters": 17,
          "schema_version": "0.2.0"
        }
      ]
    ],
    "num_iters": 17,
    "ri_fock_time": 0.27604724599999997,
    "ri_tflops": 2.0749094805604402,
    "scf_tflops": 35.37309033665959,
    "scf_time": 33.510432086,
    "schema_version": "0.2.0",
    "tflops": 33.04556322214054,
    "total_time": 33.702241,
    "transforms_time": 0.09175661900000001,
    "xc_tflops": 44.06309992445577,
    "xc_time": 24.8939341
  },
  "schema_version": "0.2.0"
}
