{
  "calculation_time": 33.595046696,
  "qmmbe": {
    "b_formation_time": 2.23575359,
    "b_tflops": 6.94839185610969,
    "diag_time": 4.537366066000001,
    "expanded_elec_energy": -6055.263283909333,
    "expanded_hf_energy": -1690.4733881401687,
    "expanded_nuc_repulsion_energy": 4611.699748273785,
    "expanded_xc_energy": -246.9098525046209,
    "homo": -0.1743282000455811,
    "lumo": -0.09138786840177004,
    "method": "RestrictedKSDFT",
    "mp2_tflops": 0.0,
    "mp2_time": 6.95335580496073e-310,
    "n_atoms": 68,
    "nmers": [
      [
        {
          "fragments": [
            0
          ],
          "hf_energy": -1690.4733881401687,
          "num_basis_fns": 1508,
          "num_iters": 17,
          "schema_version": "0.2.0"
        }
      ]
    ],
    "num_iters": 17,
    "ri_fock_time": 0.274228254,
    "ri_tflops": 2.088672627467482,
    "scf_tflops": 35.518486327381396,
    "scf_time": 33.395026909,
    "schema_version": "0.2.0",
    "tflops": 33.13422621799806,
    "total_time": 33.590046,
    "transforms_time": 0.09034919400000002,
    "xc_tflops": 44.27016040057443,
    "xc_time": 24.75698561
  },
  "schema_version": "0.2.0"
}
