{
  "calculation_time": 33.432799892,
  "qmmbe": {
    "b_formation_time": 2.102601297,
    "b_tflops": 6.439631504197631,
    "diag_time": 4.565065135,
    "expanded_elec_energy": -5738.43243849412,
    "expanded_hf_energy": -1690.5012663358207,
    "expanded_nuc_repulsion_energy": 4294.828432142034,
    "expanded_xc_energy": -246.89725998373487,
    "homo": -0.16792732654773904,
    "lumo": -0.10359085731070158,
    "method": "RestrictedKSDFT",
    "mp2_tflops": 0.0,
    "mp2_time": 6.95335580495915e-310,
    "n_atoms": 68,
    "nmers": [
      [
        {
          "fragments": [
            0
          ],
          "hf_energy": -1690.5012663358207,
          "num_basis_fns": 1508,
          "num_iters": 17,
          "schema_version": "0.2.0"
        }
      ]
    ],
    "num_iters": 17,
    "ri_fock_time": 0.27173551500000004,
    "ri_tflops": 2.1078328602280783,
    "scf_tflops": 35.69247127020163,
    "scf_time": 33.242367003,
    "schema_version": "0.2.0",
    "tflops": 33.426525208587755,
    "total_time": 33.427826,
    "transforms_time": 0.09022268600000004,
    "xc_tflops": 44.46214518208861,
    "xc_time": 24.793663305000003
  },
  "schema_version": "0.2.0"
}
