{
  "calculation_time": 33.478722206,
  "qmmbe": {
    "b_formation_time": 2.152757829,
    "b_tflops": 6.838429871349919,
    "diag_time": 4.567267964,
    "expanded_elec_energy": -5922.06016282157,
    "expanded_hf_energy": -1690.485411322882,
    "expanded_nuc_repulsion_energy": 4478.481406864069,
    "expanded_xc_energy": -246.90665536538108,
    "homo": -0.16923932856361554,
    "lumo": -0.10112518201654644,
    "method": "RestrictedKSDFT",
    "mp2_tflops": 0.0,
    "mp2_time": 6.95335580496073e-310,
    "n_atoms": 68,
    "nmers": [
      [
        {
          "fragments": [
            0
          ],
          "hf_energy": -1690.485411322882,
          "num_basis_fns": 1508,
          "num_iters": 17,
          "schema_version": "0.2.0"
        }
      ]
    ],
    "num_iters": 17,
    "ri_fock_time": 0.27342573200000003,
    "ri_tflops": 2.094803015130997,
    "scf_tflops": 35.66050129464439,
    "scf_time": 33.290222287,
    "schema_version": "0.2.0",
    "tflops": 33.33748391785985,
    "total_time": 33.473999,
    "transforms_time": 0.09111370799999999,
    "xc_tflops": 44.44574637203516,
    "xc_time": 24.743870925
  },
  "schema_version": "0.2.0"
}
