{
  "calculation_time": 33.642772027,
  "qmmbe": {
    "b_formation_time": 2.162312238,
    "b_tflops": 6.765613996303895,
    "diag_time": 4.583036284,
    "expanded_elec_energy": -5913.398378636353,
    "expanded_hf_energy": -1690.4830260593885,
    "expanded_nuc_repulsion_energy": 4469.820485802637,
    "expanded_xc_energy": -246.90513322567278,
    "homo": -0.1717154214681255,
    "lumo": -0.09590380469028575,
    "method": "RestrictedKSDFT",
    "mp2_tflops": 0.0,
    "mp2_time": 6.953355804986e-310,
    "n_atoms": 68,
    "nmers": [
      [
        {
          "fragments": [
            0
          ],
          "hf_energy": -1690.4830260593885,
          "num_basis_fns": 1508,
          "num_iters": 17,
          "schema_version": "0.2.0"
        }
      ]
    ],
    "num_iters": 17,
    "ri_fock_time": 0.271838392,
    "ri_tflops": 2.107035152738838,
    "scf_tflops": 35.448955741949206,
    "scf_time": 33.455765995,
    "schema_version": "0.2.0",
    "tflops": 33.16637379149263,
    "total_time": 33.638402,
    "transforms_time": 0.089555431,
    "xc_tflops": 44.16497559818076,
    "xc_time": 24.896928083999995
  },
  "schema_version": "0.2.0"
}
