{
  "calculation_time": 33.617305992,
  "qmmbe": {
    "b_formation_time": 2.192048967,
    "b_tflops": 6.844561345531293,
    "diag_time": 4.526447268999999,
    "expanded_elec_energy": -5964.348211193581,
    "expanded_hf_energy": -1690.4816534007325,
    "expanded_nuc_repulsion_energy": 4520.772977202687,
    "expanded_xc_energy": -246.9064194098385,
    "homo": -0.17173957900674086,
    "lumo": -0.09387258861769805,
    "method": "RestrictedKSDFT",
    "mp2_tflops": 0.0,
    "mp2_time": 6.95335580495915e-310,
    "n_atoms": 68,
    "nmers": [
      [
        {
          "fragments": [
            0
          ],
          "hf_energy": -1690.4816534007325,
          "num_basis_fns": 1508,
          "num_iters": 17,
          "schema_version": "0.2.0"
        }
      ]
    ],
    "num_iters": 17,
    "ri_fock_time": 0.26963595199999996,
    "ri_tflops": 2.124245834279548,
    "scf_tflops": 35.52346571265668,
    "scf_time": 33.423757122,
    "schema_version": "0.2.0",
    "tflops": 33.19564296208835,
    "total_time": 33.61224,
    "transforms_time": 0.09023269099999999,
    "xc_tflops": 44.22745315289198,
    "xc_time": 24.855358017999997
  },
  "schema_version": "0.2.0"
}
