{
  "calculation_time": 31.838505522,
  "qmmbe": {
    "b_formation_time": 2.140412284,
    "b_tflops": 6.789609852237234,
    "diag_time": 4.268787823,
    "expanded_elec_energy": -5912.725291036369,
    "expanded_hf_energy": -1690.4869934407043,
    "expanded_nuc_repulsion_energy": 4469.1386836174215,
    "expanded_xc_energy": -246.9003860217573,
    "homo": -0.17440309586183586,
    "lumo": -0.09594521679772525,
    "method": "RestrictedKSDFT",
    "mp2_tflops": 0.0,
    "mp2_time": 6.9533558049781e-310,
    "n_atoms": 68,
    "nmers": [
      [
        {
          "fragments": [
            0
          ],
          "hf_energy": -1690.4869934407043,
          "num_basis_fns": 1508,
          "num_iters": 16,
          "schema_version": "0.2.0"
        }
      ]
    ],
    "num_iters": 16,
    "ri_fock_time": 0.25846361700000003,
    "ri_tflops": 2.0857114120785516,
    "scf_tflops": 35.58327003305894,
    "scf_time": 31.652765935,
    "schema_version": "0.2.0",
    "tflops": 33.15186501106755,
    "total_time": 31.83409,
    "transforms_time": 0.08523257300000002,
    "xc_tflops": 44.26257625997177,
    "xc_time": 23.483994448999994
  },
  "schema_version": "0.2.0"
}
