{
  "calculation_time": 33.722742444,
  "qmmbe": {
    "b_formation_time": 2.157286534,
    "b_tflops": 6.518390653876859,
    "diag_time": 4.511798195,
    "expanded_elec_energy": -5840.494315404185,
    "expanded_hf_energy": -1690.4894076007615,
    "expanded_nuc_repulsion_energy": 4396.908108556232,
    "expanded_xc_energy": -246.9032007528087,
    "homo": -0.17580467957123846,
    "lumo": -0.09155786413700323,
    "method": "RestrictedKSDFT",
    "mp2_tflops": 0.0,
    "mp2_time": 6.95335580496073e-310,
    "n_atoms": 68,
    "nmers": [
      [
        {
          "fragments": [
            0
          ],
          "hf_energy": -1690.4894076007615,
          "num_basis_fns": 1508,
          "num_iters": 17,
          "schema_version": "0.2.0"
        }
      ]
    ],
    "num_iters": 17,
    "ri_fock_time": 0.27352855099999995,
    "ri_tflops": 2.094015581605593,
    "scf_tflops": 35.394119044306294,
    "scf_time": 33.521543952,
    "schema_version": "0.2.0",
    "tflops": 33.09577853589782,
    "total_time": 33.717811,
    "transforms_time": 0.091235444,
    "xc_tflops": 43.923336833480214,
    "xc_time": 25.052484936000003
  },
  "schema_version": "0.2.0"
}
