{
  "calculation_time": 32.109007824,
  "qmmbe": {
    "b_formation_time": 2.190468139,
    "b_tflops": 6.925637953383626,
    "diag_time": 4.285314049,
    "expanded_elec_energy": -5994.626058610045,
    "expanded_hf_energy": -1690.4792237400593,
    "expanded_nuc_repulsion_energy": 4551.044298278084,
    "expanded_xc_energy": -246.89746340809813,
    "homo": -0.16592978274444298,
    "lumo": -0.103070678817066,
    "method": "RestrictedKSDFT",
    "mp2_tflops": 0.0,
    "mp2_time": 6.95335580496073e-310,
    "n_atoms": 68,
    "nmers": [
      [
        {
          "fragments": [
            0
          ],
          "hf_energy": -1690.4792237400593,
          "num_basis_fns": 1508,
          "num_iters": 16,
          "schema_version": "0.2.0"
        }
      ]
    ],
    "num_iters": 16,
    "ri_fock_time": 0.258476157,
    "ri_tflops": 2.085610223553424,
    "scf_tflops": 35.25535786707576,
    "scf_time": 31.916014791,
    "schema_version": "0.2.0",
    "tflops": 32.848486241171194,
    "total_time": 32.104272,
    "transforms_time": 0.085638341,
    "xc_tflops": 43.81274603615731,
    "xc_time": 23.692269430999996
  },
  "schema_version": "0.2.0"
}
