{
  "calculation_time": 24.065215824,
  "qmmbe": {
    "b_formation_time": 1.766930501,
    "b_tflops": 6.205471950113786,
    "diag_time": 3.2815372910000002,
    "expanded_elec_energy": -5235.714699757134,
    "expanded_hf_energy": -1536.898053592411,
    "expanded_nuc_repulsion_energy": 3923.3289350557507,
    "expanded_xc_energy": -224.51228889102742,
    "homo": -0.17142250290043254,
    "lumo": -0.09629078603758195,
    "method": "RestrictedKSDFT",
    "mp2_tflops": 0.0,
    "mp2_time": 6.95335580497496e-310,
    "n_atoms": 62,
    "nmers": [
      [
        {
          "fragments": [
            0
          ],
          "hf_energy": -1536.898053592411,
          "num_basis_fns": 1372,
          "num_iters": 16,
          "schema_version": "0.2.0"
        }
      ]
    ],
    "num_iters": 16,
    "ri_fock_time": 0.196171914,
    "ri_tflops": 2.0695754700135107,
    "scf_tflops": 35.79174683831462,
    "scf_time": 23.896803059,
    "schema_version": "0.2.0",
    "tflops": 33.02357624747089,
    "total_time": 24.061201,
    "transforms_time": 0.08372632200000002,
    "xc_tflops": 44.97512773261931,
    "xc_time": 17.400485413
  },
  "schema_version": "0.2.0"
}
