{
  "calculation_time": 29.800810656,
  "qmmbe": {
    "b_formation_time": 2.026578815,
    "b_tflops": 6.331962867003521,
    "diag_time": 4.403854020000001,
    "expanded_elec_energy": -5609.798131899606,
    "expanded_hf_energy": -1613.1291389152132,
    "expanded_nuc_repulsion_energy": 4232.04481524486,
    "expanded_xc_energy": -235.3758222604667,
    "homo": -0.17218944168223263,
    "lumo": -0.09413672191267136,
    "method": "RestrictedKSDFT",
    "mp2_tflops": 0.0,
    "mp2_time": 6.95335580495757e-310,
    "n_atoms": 64,
    "nmers": [
      [
        {
          "fragments": [
            0
          ],
          "hf_energy": -1613.1291389152132,
          "num_basis_fns": 1434,
          "num_iters": 17,
          "schema_version": "0.2.0"
        }
      ]
    ],
    "num_iters": 17,
    "ri_fock_time": 0.235788071,
    "ri_tflops": 2.088693607302975,
    "scf_tflops": 34.29326300281632,
    "scf_time": 29.621309242,
    "schema_version": "0.2.0",
    "tflops": 31.893058284775027,
    "total_time": 29.796236,
    "transforms_time": 0.084344695,
    "xc_tflops": 43.475873730186244,
    "xc_time": 21.534168413
  },
  "schema_version": "0.2.0"
}
