{
  "calculation_time": 22.356843493,
  "qmmbe": {
    "b_formation_time": 1.745721242,
    "b_tflops": 6.0185596651839335,
    "diag_time": 3.0671879740000003,
    "expanded_elec_energy": -5149.106743550577,
    "expanded_hf_energy": -1536.924588773603,
    "expanded_nuc_repulsion_energy": 3836.7062064113115,
    "expanded_xc_energy": -224.5240516343372,
    "homo": -0.17863191727816147,
    "lumo": -0.08607004945484875,
    "method": "RestrictedKSDFT",
    "mp2_tflops": 0.0,
    "mp2_time": 6.95335580497496e-310,
    "n_atoms": 62,
    "nmers": [
      [
        {
          "fragments": [
            0
          ],
          "hf_energy": -1536.924588773603,
          "num_basis_fns": 1372,
          "num_iters": 15,
          "schema_version": "0.2.0"
        }
      ]
    ],
    "num_iters": 15,
    "ri_fock_time": 0.190641215,
    "ri_tflops": 1.9965149970325147,
    "scf_tflops": 36.54578509578363,
    "scf_time": 22.182696844,
    "schema_version": "0.2.0",
    "tflops": 33.51570747383132,
    "total_time": 22.352868,
    "transforms_time": 0.07878747599999998,
    "xc_tflops": 46.11551943827499,
    "xc_time": 15.996665529000001
  },
  "schema_version": "0.2.0"
}
