{
  "calculation_time": 31.769649509,
  "qmmbe": {
    "b_formation_time": 2.201182818,
    "b_tflops": 7.059477236228363,
    "diag_time": 4.263178153999999,
    "expanded_elec_energy": -6063.447476430218,
    "expanded_hf_energy": -1690.4845889870985,
    "expanded_nuc_repulsion_energy": 4619.878197165953,
    "expanded_xc_energy": -246.91530972283374,
    "homo": -0.17859567281957187,
    "lumo": -0.08668744227601669,
    "method": "RestrictedKSDFT",
    "mp2_tflops": 0.0,
    "mp2_time": 6.95335580496073e-310,
    "n_atoms": 68,
    "nmers": [
      [
        {
          "fragments": [
            0
          ],
          "hf_energy": -1690.4845889870985,
          "num_basis_fns": 1508,
          "num_iters": 16,
          "schema_version": "0.2.0"
        }
      ]
    ],
    "num_iters": 16,
    "ri_fock_time": 0.257936971,
    "ri_tflops": 2.0899699391445514,
    "scf_tflops": 35.608891149924304,
    "scf_time": 31.567713486,
    "schema_version": "0.2.0",
    "tflops": 33.12440050119203,
    "total_time": 31.76473,
    "transforms_time": 0.085332221,
    "xc_tflops": 44.3578418462803,
    "xc_time": 23.338951477
  },
  "schema_version": "0.2.0"
}
