{
  "calculation_time": 31.797998515,
  "qmmbe": {
    "b_formation_time": 2.375362667,
    "b_tflops": 7.983496049339904,
    "diag_time": 4.246193374000001,
    "expanded_elec_energy": -6515.592113327002,
    "expanded_hf_energy": -1690.4889466426184,
    "expanded_nuc_repulsion_energy": 5072.039314058465,
    "expanded_xc_energy": -246.9361473740811,
    "homo": -0.17395725145886076,
    "lumo": -0.08596308725865161,
    "method": "RestrictedKSDFT",
    "mp2_tflops": 0.0,
    "mp2_time": 6.95335580496073e-310,
    "n_atoms": 68,
    "nmers": [
      [
        {
          "fragments": [
            0
          ],
          "hf_energy": -1690.4889466426184,
          "num_basis_fns": 1508,
          "num_iters": 16,
          "schema_version": "0.2.0"
        }
      ]
    ],
    "num_iters": 16,
    "ri_fock_time": 0.258153291,
    "ri_tflops": 2.08821864519248,
    "scf_tflops": 35.51817673007263,
    "scf_time": 31.560966019,
    "schema_version": "0.2.0",
    "tflops": 32.86134746519003,
    "total_time": 31.792988,
    "transforms_time": 0.08738115000000002,
    "xc_tflops": 44.3132108268674,
    "xc_time": 23.117833733
  },
  "schema_version": "0.2.0"
}
