{
  "calculation_time": 23.819547728,
  "qmmbe": {
    "b_formation_time": 1.741899014,
    "b_tflops": 6.105688045332346,
    "diag_time": 3.239360575,
    "expanded_elec_energy": -5174.739243531436,
    "expanded_hf_energy": -1536.9168149108336,
    "expanded_nuc_repulsion_energy": 3862.3499533577315,
    "expanded_xc_energy": -224.52752473712926,
    "homo": -0.17827928246885275,
    "lumo": -0.08620217861887515,
    "method": "RestrictedKSDFT",
    "mp2_tflops": 0.0,
    "mp2_time": 6.95335580497496e-310,
    "n_atoms": 62,
    "nmers": [
      [
        {
          "fragments": [
            0
          ],
          "hf_energy": -1536.9168149108336,
          "num_basis_fns": 1372,
          "num_iters": 16,
          "schema_version": "0.2.0"
        }
      ]
    ],
    "num_iters": 16,
    "ri_fock_time": 0.196379411,
    "ri_tflops": 2.067388730074152,
    "scf_tflops": 36.21169296687343,
    "scf_time": 23.654926061,
    "schema_version": "0.2.0",
    "tflops": 33.411790144073635,
    "total_time": 23.815567,
    "transforms_time": 0.08232879399999998,
    "xc_tflops": 45.51392150426993,
    "xc_time": 17.226414213
  },
  "schema_version": "0.2.0"
}
