{
  "calculation_time": 27.387153434,
  "qmmbe": {
    "b_formation_time": 2.040982823,
    "b_tflops": 7.015153412902585,
    "diag_time": 3.7492762409999996,
    "expanded_elec_energy": -5836.686700707807,
    "expanded_hf_energy": -1613.0989865668312,
    "expanded_nuc_repulsion_energy": 4458.964238321973,
    "expanded_xc_energy": -235.37652418099742,
    "homo": -0.1720604375527358,
    "lumo": -0.09239167383097069,
    "method": "RestrictedKSDFT",
    "mp2_tflops": 0.0,
    "mp2_time": 6.95335580497496e-310,
    "n_atoms": 64,
    "nmers": [
      [
        {
          "fragments": [
            0
          ],
          "hf_energy": -1613.0989865668312,
          "num_basis_fns": 1434,
          "num_iters": 16,
          "schema_version": "0.2.0"
        }
      ]
    ],
    "num_iters": 16,
    "ri_fock_time": 0.22285396600000001,
    "ri_tflops": 2.0799230167077214,
    "scf_tflops": 35.34185238611161,
    "scf_time": 27.187322169,
    "schema_version": "0.2.0",
    "tflops": 32.63942570258437,
    "total_time": 27.382874,
    "transforms_time": 0.07911021999999998,
    "xc_tflops": 44.365720838880115,
    "xc_time": 19.796060907
  },
  "schema_version": "0.2.0"
}
