{
  "calculation_time": 23.927838278,
  "qmmbe": {
    "b_formation_time": 1.871870571,
    "b_tflops": 7.024282031920464,
    "diag_time": 3.3161705260000005,
    "expanded_elec_energy": -5591.738330566244,
    "expanded_hf_energy": -1536.9135153461698,
    "expanded_nuc_repulsion_energy": 4279.3662126857325,
    "expanded_xc_energy": -224.54139746565798,
    "homo": -0.17789372266019376,
    "lumo": -0.08720720701515669,
    "method": "RestrictedKSDFT",
    "mp2_tflops": 0.0,
    "mp2_time": 6.95335580497496e-310,
    "n_atoms": 62,
    "nmers": [
      [
        {
          "fragments": [
            0
          ],
          "hf_energy": -1536.9135153461698,
          "num_basis_fns": 1372,
          "num_iters": 16,
          "schema_version": "0.2.0"
        }
      ]
    ],
    "num_iters": 16,
    "ri_fock_time": 0.20438148800000003,
    "ri_tflops": 1.9864449813576068,
    "scf_tflops": 35.91470432341395,
    "scf_time": 23.71574213,
    "schema_version": "0.2.0",
    "tflops": 32.95996508460463,
    "total_time": 23.923781,
    "transforms_time": 0.08170515500000003,
    "xc_tflops": 45.406649220404034,
    "xc_time": 17.0537774
  },
  "schema_version": "0.2.0"
}
