{
  "calculation_time": 27.363522792,
  "qmmbe": {
    "b_formation_time": 1.96671105,
    "b_tflops": 6.112647841658285,
    "diag_time": 3.6427100749999997,
    "expanded_elec_energy": -5472.572884903109,
    "expanded_hf_energy": -1613.1391410466217,
    "expanded_nuc_repulsion_energy": 4094.80721503181,
    "expanded_xc_energy": -235.37347117532224,
    "homo": -0.18320934531387234,
    "lumo": -0.09208657518417604,
    "method": "RestrictedKSDFT",
    "mp2_tflops": 0.0,
    "mp2_time": 6.95335580497496e-310,
    "n_atoms": 64,
    "nmers": [
      [
        {
          "fragments": [
            0
          ],
          "hf_energy": -1613.1391410466217,
          "num_basis_fns": 1434,
          "num_iters": 16,
          "schema_version": "0.2.0"
        }
      ]
    ],
    "num_iters": 16,
    "ri_fock_time": 0.22353467500000002,
    "ri_tflops": 2.07358922390005,
    "scf_tflops": 35.47270558490429,
    "scf_time": 27.177589492,
    "schema_version": "0.2.0",
    "tflops": 32.84726962658534,
    "total_time": 27.359211,
    "transforms_time": 0.07870009699999997,
    "xc_tflops": 44.21830147598107,
    "xc_time": 20.025268317
  },
  "schema_version": "0.2.0"
}
