{
  "calculation_time": 25.001715604,
  "qmmbe": {
    "b_formation_time": 1.745173863,
    "b_tflops": 6.122772966005623,
    "diag_time": 3.475752915999999,
    "expanded_elec_energy": -5190.805772854204,
    "expanded_hf_energy": -1536.9161323193043,
    "expanded_nuc_repulsion_energy": 3878.4110985267207,
    "expanded_xc_energy": -224.5214579918205,
    "homo": -0.17428363347063952,
    "lumo": -0.09593262971636983,
    "method": "RestrictedKSDFT",
    "mp2_tflops": 0.0,
    "mp2_time": 6.95335580497496e-310,
    "n_atoms": 62,
    "nmers": [
      [
        {
          "fragments": [
            0
          ],
          "hf_energy": -1536.9161323193043,
          "num_basis_fns": 1372,
          "num_iters": 17,
          "schema_version": "0.2.0"
        }
      ]
    ],
    "num_iters": 17,
    "ri_fock_time": 0.20879806800000003,
    "ri_tflops": 2.0659535865054073,
    "scf_tflops": 36.37936390461372,
    "scf_time": 24.835476337,
    "schema_version": "0.2.0",
    "tflops": 33.714517084876704,
    "total_time": 24.997655,
    "transforms_time": 0.08442272199999998,
    "xc_tflops": 45.84428044360666,
    "xc_time": 18.126630611
  },
  "schema_version": "0.2.0"
}
