{
  "calculation_time": 23.842312848,
  "qmmbe": {
    "b_formation_time": 1.827000352,
    "b_tflops": 6.52533929766643,
    "diag_time": 3.367113331,
    "expanded_elec_energy": -5392.058973346462,
    "expanded_hf_energy": -1536.9138861847343,
    "expanded_nuc_repulsion_energy": 4079.67111216813,
    "expanded_xc_energy": -224.52602500640222,
    "homo": -0.17447758387873072,
    "lumo": -0.09066184798859073,
    "method": "RestrictedKSDFT",
    "mp2_tflops": 0.0,
    "mp2_time": 6.95335580497496e-310,
    "n_atoms": 62,
    "nmers": [
      [
        {
          "fragments": [
            0
          ],
          "hf_energy": -1536.9138861847343,
          "num_basis_fns": 1372,
          "num_iters": 16,
          "schema_version": "0.2.0"
        }
      ]
    ],
    "num_iters": 16,
    "ri_fock_time": 0.196375697,
    "ri_tflops": 2.0674278300333673,
    "scf_tflops": 36.07756005396457,
    "scf_time": 23.664597876,
    "schema_version": "0.2.0",
    "tflops": 33.20290814127828,
    "total_time": 23.838263,
    "transforms_time": 0.079777459,
    "xc_tflops": 45.82834931894506,
    "xc_time": 16.988551374
  },
  "schema_version": "0.2.0"
}
