{
  "calculation_time": 30.521502887,
  "qmmbe": {
    "b_formation_time": 2.110617444,
    "b_tflops": 4.5704839328524,
    "diag_time": 4.5644806540000005,
    "expanded_elec_energy": -4961.042872426913,
    "expanded_hf_energy": -1459.4541627236335,
    "expanded_nuc_repulsion_energy": 3714.865677246496,
    "expanded_xc_energy": -213.27696754321653,
    "homo": -0.1712002628262758,
    "lumo": -0.09623883120424176,
    "method": "RestrictedKSDFT",
    "mp2_tflops": 0.0,
    "mp2_time": 6.9533558049544e-310,
    "n_atoms": 58,
    "nmers": [
      [
        {
          "fragments": [
            0
          ],
          "hf_energy": -1459.4541627236335,
          "num_basis_fns": 1298,
          "num_iters": 17,
          "schema_version": "0.2.0"
        }
      ]
    ],
    "num_iters": 17,
    "ri_fock_time": 3.5458180089999995,
    "ri_tflops": 0.10300544173698455,
    "scf_tflops": 0.03359738187629535,
    "scf_time": 30.320553377,
    "schema_version": "0.2.0",
    "tflops": 0.34660478656179017,
    "total_time": 30.517672,
    "transforms_time": 0.088789073,
    "xc_tflops": 0.0,
    "xc_time": 20.737759394
  },
  "schema_version": "0.2.0"
}
