{
  "calculation_time": 38.382838166,
  "qmmbe": {
    "b_formation_time": 2.723478078,
    "b_tflops": 4.726488111904677,
    "diag_time": 6.632352991000001,
    "expanded_elec_energy": -5612.174733461914,
    "expanded_hf_energy": -1613.0128130319504,
    "expanded_nuc_repulsion_energy": 4234.851592695045,
    "expanded_xc_energy": -235.68967226508119,
    "homo": -0.16542186719137703,
    "lumo": -0.10087284332028267,
    "method": "RestrictedKSDFT",
    "mp2_tflops": 0.0,
    "mp2_time": 6.95335580496863e-310,
    "n_atoms": 64,
    "nmers": [
      [
        {
          "fragments": [
            0
          ],
          "hf_energy": -1613.0128130319504,
          "num_basis_fns": 1434,
          "num_iters": 17,
          "schema_version": "0.2.0"
        }
      ]
    ],
    "num_iters": 17,
    "ri_fock_time": 3.8952503679999997,
    "ri_tflops": 0.12643321739261307,
    "scf_tflops": 0.03594747207741762,
    "scf_time": 38.16473012,
    "schema_version": "0.2.0",
    "tflops": 0.3680708344558825,
    "total_time": 38.378426,
    "transforms_time": 0.090886669,
    "xc_tflops": 0.0,
    "xc_time": 24.883950858000006
  },
  "schema_version": "0.2.0"
}
