{
  "calculation_time": 34.464921431,
  "qmmbe": {
    "b_formation_time": 2.80329466,
    "b_tflops": 5.252002400518253,
    "diag_time": 6.597628621,
    "expanded_elec_energy": -5945.202202436858,
    "expanded_hf_energy": -1690.3853612680805,
    "expanded_nuc_repulsion_energy": 4502.0596468130525,
    "expanded_xc_energy": -247.242805644275,
    "homo": -0.16657021587282392,
    "lumo": -0.10205316863259792,
    "method": "RestrictedKSDFT",
    "mp2_tflops": 0.0,
    "mp2_time": 6.9533558049702e-310,
    "n_atoms": 68,
    "nmers": [
      [
        {
          "fragments": [
            0
          ],
          "hf_energy": -1690.3853612680805,
          "num_basis_fns": 1508,
          "num_iters": 17,
          "schema_version": "0.2.0"
        }
      ]
    ],
    "num_iters": 17,
    "ri_fock_time": 4.4165548999999995,
    "ri_tflops": 0.12968774548868395,
    "scf_tflops": 0.04707221220441603,
    "scf_time": 34.224947841,
    "schema_version": "0.2.0",
    "tflops": 0.46951291961486846,
    "total_time": 34.460331,
    "transforms_time": 0.10366995500000001,
    "xc_tflops": 0.0,
    "xc_time": 21.739008229000003
  },
  "schema_version": "0.2.0"
}
