{
  "calculation_time": 43.225693114,
  "qmmbe": {
    "b_formation_time": 3.052931104,
    "b_tflops": 4.558630444361316,
    "diag_time": 8.049861199999999,
    "expanded_elec_energy": -5801.328288277427,
    "expanded_hf_energy": -1690.384326547681,
    "expanded_nuc_repulsion_energy": 4358.181609438535,
    "expanded_xc_energy": -247.23764770878847,
    "homo": -0.1571517078479342,
    "lumo": -0.11195719826901748,
    "method": "RestrictedKSDFT",
    "mp2_tflops": 0.0,
    "mp2_time": 6.9533558049955e-310,
    "n_atoms": 68,
    "nmers": [
      [
        {
          "fragments": [
            0
          ],
          "hf_energy": -1690.384326547681,
          "num_basis_fns": 1508,
          "num_iters": 18,
          "schema_version": "0.2.0"
        }
      ]
    ],
    "num_iters": 18,
    "ri_fock_time": 3.8800439299999994,
    "ri_tflops": 0.1563037921666006,
    "scf_tflops": 0.03919569562769034,
    "scf_time": 43.007805741,
    "schema_version": "0.2.0",
    "tflops": 0.35768790813953916,
    "total_time": 43.221123,
    "transforms_time": 1.1640122190000002,
    "xc_tflops": 0.0,
    "xc_time": 27.095236893
  },
  "schema_version": "0.2.0"
}
