{
  "calculation_time": 37.000335376,
  "qmmbe": {
    "b_formation_time": 2.744778239,
    "b_tflops": 5.175669461334577,
    "diag_time": 7.835322096999999,
    "expanded_elec_energy": -5839.533594647115,
    "expanded_hf_energy": -1690.38686683071,
    "expanded_nuc_repulsion_energy": 4396.389794275039,
    "expanded_xc_energy": -247.24306645863396,
    "homo": -0.16908983955475082,
    "lumo": -0.09985494311291193,
    "method": "RestrictedKSDFT",
    "mp2_tflops": 0.0,
    "mp2_time": 6.953355804956e-310,
    "n_atoms": 68,
    "nmers": [
      [
        {
          "fragments": [
            0
          ],
          "hf_energy": -1690.38686683071,
          "num_basis_fns": 1508,
          "num_iters": 17,
          "schema_version": "0.2.0"
        }
      ]
    ],
    "num_iters": 17,
    "ri_fock_time": 3.69015792,
    "ri_tflops": 0.1552164054290663,
    "scf_tflops": 0.043716347920027224,
    "scf_time": 36.774077333,
    "schema_version": "0.2.0",
    "tflops": 0.4233652499420542,
    "total_time": 36.995776,
    "transforms_time": 0.5128458359999999,
    "xc_tflops": 0.0,
    "xc_time": 22.300027216
  },
  "schema_version": "0.2.0"
}
