{
  "calculation_time": 39.08834564,
  "qmmbe": {
    "b_formation_time": 2.798656664,
    "b_tflops": 4.715511223514625,
    "diag_time": 8.727016112000001,
    "expanded_elec_energy": -5650.211486441503,
    "expanded_hf_energy": -1690.4015826104887,
    "expanded_nuc_repulsion_energy": 4207.039537181047,
    "expanded_xc_energy": -247.22963335003254,
    "homo": -0.1656556513124202,
    "lumo": -0.10355384285415987,
    "method": "RestrictedKSDFT",
    "mp2_tflops": 0.0,
    "mp2_time": 6.95335580497496e-310,
    "n_atoms": 68,
    "nmers": [
      [
        {
          "fragments": [
            0
          ],
          "hf_energy": -1690.4015826104887,
          "num_basis_fns": 1508,
          "num_iters": 18,
          "schema_version": "0.2.0"
        }
      ]
    ],
    "num_iters": 18,
    "ri_fock_time": 4.246630140000001,
    "ri_tflops": 0.1428110195704493,
    "scf_tflops": 0.04353044795514994,
    "scf_time": 38.869121669,
    "schema_version": "0.2.0",
    "tflops": 0.37712714690921384,
    "total_time": 39.083863,
    "transforms_time": 0.14013789999999995,
    "xc_tflops": 0.0,
    "xc_time": 23.212248613999996
  },
  "schema_version": "0.2.0"
}
