{
  "calculation_time": 31.331436188,
  "qmmbe": {
    "b_formation_time": 2.28423748,
    "b_tflops": 4.735724929597075,
    "diag_time": 5.262276195,
    "expanded_elec_energy": -5202.349660594424,
    "expanded_hf_energy": -1536.8327124267603,
    "expanded_nuc_repulsion_energy": 3890.351902715248,
    "expanded_xc_energy": -224.8349545475843,
    "homo": -0.17613425048110942,
    "lumo": -0.09296219757454835,
    "method": "RestrictedKSDFT",
    "mp2_tflops": 0.0,
    "mp2_time": 6.9533558049544e-310,
    "n_atoms": 62,
    "nmers": [
      [
        {
          "fragments": [
            0
          ],
          "hf_energy": -1536.8327124267603,
          "num_basis_fns": 1372,
          "num_iters": 17,
          "schema_version": "0.2.0"
        }
      ]
    ],
    "num_iters": 17,
    "ri_fock_time": 3.3981478310000006,
    "ri_tflops": 0.12694183387338334,
    "scf_tflops": 0.03876179484146022,
    "scf_time": 31.124632555,
    "schema_version": "0.2.0",
    "tflops": 0.380373478752882,
    "total_time": 31.327241,
    "transforms_time": 0.09749883000000001,
    "xc_tflops": 0.0,
    "xc_time": 20.388210519
  },
  "schema_version": "0.2.0"
}
