{
  "calculation_time": 30.759446315,
  "qmmbe": {
    "b_formation_time": 2.444752356,
    "b_tflops": 4.862511169845458,
    "diag_time": 5.049507704,
    "expanded_elec_energy": -5383.843622423062,
    "expanded_hf_energy": -1536.8158419994547,
    "expanded_nuc_repulsion_energy": 4071.8700684857745,
    "expanded_xc_energy": -224.84228806216737,
    "homo": -0.1668672766101296,
    "lumo": -0.0969010584189745,
    "method": "RestrictedKSDFT",
    "mp2_tflops": 0.0,
    "mp2_time": 6.95335580496073e-310,
    "n_atoms": 62,
    "nmers": [
      [
        {
          "fragments": [
            0
          ],
          "hf_energy": -1536.8158419994547,
          "num_basis_fns": 1372,
          "num_iters": 17,
          "schema_version": "0.2.0"
        }
      ]
    ],
    "num_iters": 17,
    "ri_fock_time": 3.541792108,
    "ri_tflops": 0.12179346056637606,
    "scf_tflops": 0.039683982505963174,
    "scf_time": 30.546370914,
    "schema_version": "0.2.0",
    "tflops": 0.42224018543235287,
    "total_time": 30.755403,
    "transforms_time": 0.09204146799999999,
    "xc_tflops": 0.0,
    "xc_time": 20.050505971
  },
  "schema_version": "0.2.0"
}
