{
  "calculation_time": 32.595452741,
  "qmmbe": {
    "b_formation_time": 2.68304348,
    "b_tflops": 5.168782598317043,
    "diag_time": 6.862136152,
    "expanded_elec_energy": -5784.447281012177,
    "expanded_hf_energy": -1690.395632160152,
    "expanded_nuc_repulsion_energy": 4341.292339336262,
    "expanded_xc_energy": -247.24069048423667,
    "homo": -0.17118372227337636,
    "lumo": -0.09884587949782002,
    "method": "RestrictedKSDFT",
    "mp2_tflops": 0.0,
    "mp2_time": 6.95335580497496e-310,
    "n_atoms": 68,
    "nmers": [
      [
        {
          "fragments": [
            0
          ],
          "hf_energy": -1690.395632160152,
          "num_basis_fns": 1508,
          "num_iters": 17,
          "schema_version": "0.2.0"
        }
      ]
    ],
    "num_iters": 17,
    "ri_fock_time": 3.231920916,
    "ri_tflops": 0.1772237201016957,
    "scf_tflops": 0.04985944905386884,
    "scf_time": 32.357143493,
    "schema_version": "0.2.0",
    "tflops": 0.47021318683606717,
    "total_time": 32.591023,
    "transforms_time": 0.38219702599999994,
    "xc_tflops": 0.0,
    "xc_time": 19.181053866000003
  },
  "schema_version": "0.2.0"
}
