{
  "calculation_time": 38.480714774,
  "qmmbe": {
    "b_formation_time": 3.029487031,
    "b_tflops": 4.713356789692097,
    "diag_time": 7.189710475,
    "expanded_elec_energy": -5852.881568112695,
    "expanded_hf_energy": -1690.3759958526396,
    "expanded_nuc_repulsion_energy": 4409.747029613753,
    "expanded_xc_energy": -247.24145735369694,
    "homo": -0.1679720509989247,
    "lumo": -0.09918875056617533,
    "method": "RestrictedKSDFT",
    "mp2_tflops": 0.0,
    "mp2_time": 6.95335580497496e-310,
    "n_atoms": 68,
    "nmers": [
      [
        {
          "fragments": [
            0
          ],
          "hf_energy": -1690.3759958526396,
          "num_basis_fns": 1508,
          "num_iters": 17,
          "schema_version": "0.2.0"
        }
      ]
    ],
    "num_iters": 17,
    "ri_fock_time": 4.493042270000001,
    "ri_tflops": 0.1274800042795947,
    "scf_tflops": 0.04199532761979802,
    "scf_time": 38.26310099,
    "schema_version": "0.2.0",
    "tflops": 0.40897321190330305,
    "total_time": 38.476149,
    "transforms_time": 0.7541195239999999,
    "xc_tflops": 0.0,
    "xc_time": 24.458282256
  },
  "schema_version": "0.2.0"
}
