{
  "calculation_time": 31.824298848,
  "qmmbe": {
    "b_formation_time": 2.692228362,
    "b_tflops": 5.361909313575533,
    "diag_time": 6.589280719,
    "expanded_elec_energy": -5906.2411974481565,
    "expanded_hf_energy": -1690.3897705522834,
    "expanded_nuc_repulsion_energy": 4463.094337909314,
    "expanded_xc_energy": -247.24291101344107,
    "homo": -0.1628875244231923,
    "lumo": -0.10700886297831881,
    "method": "RestrictedKSDFT",
    "mp2_tflops": 0.0,
    "mp2_time": 6.953355804956e-310,
    "n_atoms": 68,
    "nmers": [
      [
        {
          "fragments": [
            0
          ],
          "hf_energy": -1690.3897705522834,
          "num_basis_fns": 1508,
          "num_iters": 17,
          "schema_version": "0.2.0"
        }
      ]
    ],
    "num_iters": 17,
    "ri_fock_time": 3.4134456960000006,
    "ri_tflops": 0.16779908011403147,
    "scf_tflops": 0.051147138843062954,
    "scf_time": 31.610150125,
    "schema_version": "0.2.0",
    "tflops": 0.4994415354604536,
    "total_time": 31.819812,
    "transforms_time": 0.302685121,
    "xc_tflops": 0.0,
    "xc_time": 19.037334520000005
  },
  "schema_version": "0.2.0"
}
