{
  "calculation_time": 37.383648255,
  "qmmbe": {
    "b_formation_time": 2.742757815,
    "b_tflops": 5.766681456695804,
    "diag_time": 6.7199993099999995,
    "expanded_elec_energy": -6104.225873456214,
    "expanded_hf_energy": -1690.359082469221,
    "expanded_nuc_repulsion_energy": 4661.109962297798,
    "expanded_xc_energy": -247.24317131080525,
    "homo": -0.1611254696228533,
    "lumo": -0.10662680608848822,
    "method": "RestrictedKSDFT",
    "mp2_tflops": 0.0,
    "mp2_time": 6.9533558049955e-310,
    "n_atoms": 68,
    "nmers": [
      [
        {
          "fragments": [
            0
          ],
          "hf_energy": -1690.359082469221,
          "num_basis_fns": 1508,
          "num_iters": 18,
          "schema_version": "0.2.0"
        }
      ]
    ],
    "num_iters": 18,
    "ri_fock_time": 4.534748723999999,
    "ri_tflops": 0.13373741676629228,
    "scf_tflops": 0.04542784039696006,
    "scf_time": 37.144449501,
    "schema_version": "0.2.0",
    "tflops": 0.4644069851880449,
    "total_time": 37.379067,
    "transforms_time": 0.22593782600000004,
    "xc_tflops": 0.0,
    "xc_time": 24.313576609000002
  },
  "schema_version": "0.2.0"
}
