{
  "calculation_time": 40.753059462,
  "qmmbe": {
    "b_formation_time": 3.024733374,
    "b_tflops": 5.314565314764831,
    "diag_time": 7.852065828,
    "expanded_elec_energy": -6115.952933805334,
    "expanded_hf_energy": -1690.3687531833762,
    "expanded_nuc_repulsion_energy": 4672.836184682239,
    "expanded_xc_energy": -247.25200406028085,
    "homo": -0.1669992677177752,
    "lumo": -0.10003782320357237,
    "method": "RestrictedKSDFT",
    "mp2_tflops": 0.0,
    "mp2_time": 6.953355804956e-310,
    "n_atoms": 68,
    "nmers": [
      [
        {
          "fragments": [
            0
          ],
          "hf_energy": -1690.3687531833762,
          "num_basis_fns": 1508,
          "num_iters": 18,
          "schema_version": "0.2.0"
        }
      ]
    ],
    "num_iters": 18,
    "ri_fock_time": 4.832005393999999,
    "ri_tflops": 0.12551012066026682,
    "scf_tflops": 0.0417634526898097,
    "scf_time": 40.514219739,
    "schema_version": "0.2.0",
    "tflops": 0.4323521856278191,
    "total_time": 40.748336,
    "transforms_time": 0.43133242099999997,
    "xc_tflops": 0.0,
    "xc_time": 25.525286852999994
  },
  "schema_version": "0.2.0"
}
