{
  "calculation_time": 32.94501501,
  "qmmbe": {
    "b_formation_time": 4.231225284,
    "b_tflops": 2.7109290210981825,
    "diag_time": 5.48686892,
    "expanded_elec_energy": -5343.735397398932,
    "expanded_hf_energy": -1535.6426889253298,
    "expanded_nuc_repulsion_energy": 4032.214183193394,
    "expanded_xc_energy": -224.1214747197919,
    "homo": -0.16660120743391063,
    "lumo": -0.10194933347085025,
    "method": "RestrictedKSDFT",
    "mp2_tflops": 0.0,
    "mp2_time": 6.9533558049544e-310,
    "n_atoms": 60,
    "nmers": [
      [
        {
          "fragments": [
            0
          ],
          "hf_energy": -1535.6426889253298,
          "num_basis_fns": 1360,
          "num_iters": 17,
          "schema_version": "0.2.0"
        }
      ]
    ],
    "num_iters": 17,
    "ri_fock_time": 3.0666313040000004,
    "ri_tflops": 0.13698456395852404,
    "scf_tflops": 0.041200679664650144,
    "scf_time": 30.971687501,
    "schema_version": "0.2.0",
    "tflops": 0.3926003707743951,
    "total_time": 31.194055,
    "transforms_time": 0.299028181,
    "xc_tflops": 0.0,
    "xc_time": 17.764063598
  },
  "schema_version": "0.2.0"
}
