{
  "calculation_time": 36.540431508,
  "qmmbe": {
    "b_formation_time": 2.817600971,
    "b_tflops": 5.42344595190587,
    "diag_time": 7.497699945,
    "expanded_elec_energy": -6007.90991241278,
    "expanded_hf_energy": -1690.379121243964,
    "expanded_nuc_repulsion_energy": 4564.785066621231,
    "expanded_xc_energy": -247.254275452415,
    "homo": -0.17527495193966453,
    "lumo": -0.09342044842445887,
    "method": "RestrictedKSDFT",
    "mp2_tflops": 0.0,
    "mp2_time": 6.9533558049702e-310,
    "n_atoms": 68,
    "nmers": [
      [
        {
          "fragments": [
            0
          ],
          "hf_energy": -1690.379121243964,
          "num_basis_fns": 1508,
          "num_iters": 17,
          "schema_version": "0.2.0"
        }
      ]
    ],
    "num_iters": 17,
    "ri_fock_time": 4.437202882999999,
    "ri_tflops": 0.12908425936583437,
    "scf_tflops": 0.04425912451241352,
    "scf_time": 36.303081561,
    "schema_version": "0.2.0",
    "tflops": 0.4581193836410278,
    "total_time": 36.53582,
    "transforms_time": 0.09957697099999999,
    "xc_tflops": 0.0,
    "xc_time": 22.398451015999996
  },
  "schema_version": "0.2.0"
}
