{
  "calculation_time": 32.20404125,
  "qmmbe": {
    "b_formation_time": 2.405781536,
    "b_tflops": 4.623397652660345,
    "diag_time": 5.4357716620000005,
    "expanded_elec_energy": -5255.4996912224,
    "expanded_hf_energy": -1536.810268525271,
    "expanded_nuc_repulsion_energy": 3943.5126721721626,
    "expanded_xc_energy": -224.82324947503423,
    "homo": -0.16101461956055868,
    "lumo": -0.10720991092282614,
    "method": "RestrictedKSDFT",
    "mp2_tflops": 0.0,
    "mp2_time": 6.9533558049544e-310,
    "n_atoms": 62,
    "nmers": [
      [
        {
          "fragments": [
            0
          ],
          "hf_energy": -1536.810268525271,
          "num_basis_fns": 1372,
          "num_iters": 18,
          "schema_version": "0.2.0"
        }
      ]
    ],
    "num_iters": 18,
    "ri_fock_time": 3.578721382999999,
    "ri_tflops": 0.12762705024472146,
    "scf_tflops": 0.03982809734441688,
    "scf_time": 32.00829903,
    "schema_version": "0.2.0",
    "tflops": 0.3815574625613052,
    "total_time": 32.199978,
    "transforms_time": 0.094647503,
    "xc_tflops": 0.0,
    "xc_time": 21.081479578
  },
  "schema_version": "0.2.0"
}
