{
  "calculation_time": 36.419719473,
  "qmmbe": {
    "b_formation_time": 2.611800782,
    "b_tflops": 5.390552297031972,
    "diag_time": 7.428579080000001,
    "expanded_elec_energy": -5828.34799023503,
    "expanded_hf_energy": -1690.390397112002,
    "expanded_nuc_repulsion_energy": 4385.1958834372535,
    "expanded_xc_energy": -247.2382903142255,
    "homo": -0.16192582754742785,
    "lumo": -0.1065682434915838,
    "method": "RestrictedKSDFT",
    "mp2_tflops": 0.0,
    "mp2_time": 6.953355804956e-310,
    "n_atoms": 68,
    "nmers": [
      [
        {
          "fragments": [
            0
          ],
          "hf_energy": -1690.390397112002,
          "num_basis_fns": 1508,
          "num_iters": 18,
          "schema_version": "0.2.0"
        }
      ]
    ],
    "num_iters": 18,
    "ri_fock_time": 4.676059609,
    "ri_tflops": 0.1296958616320325,
    "scf_tflops": 0.04669646939562061,
    "scf_time": 36.178344157,
    "schema_version": "0.2.0",
    "tflops": 0.4289832347706978,
    "total_time": 36.415264,
    "transforms_time": 0.15363297400000003,
    "xc_tflops": 0.0,
    "xc_time": 22.272013901999998
  },
  "schema_version": "0.2.0"
}
