{
  "calculation_time": 23.562364241,
  "qmmbe": {
    "b_formation_time": 1.935964479,
    "b_tflops": 2.60818618250485,
    "diag_time": 4.574407455999999,
    "expanded_elec_energy": -3793.8164712447406,
    "expanded_hf_energy": -1229.7012200274166,
    "expanded_nuc_repulsion_energy": 2744.116407683617,
    "expanded_xc_energy": -180.00115646629314,
    "homo": -0.15854628227160839,
    "lumo": -0.10961375376640266,
    "method": "RestrictedKSDFT",
    "mp2_tflops": 0.0,
    "mp2_time": 6.95335580497496e-310,
    "n_atoms": 50,
    "nmers": [
      [
        {
          "fragments": [
            0
          ],
          "hf_energy": -1229.7012200274166,
          "num_basis_fns": 1100,
          "num_iters": 17,
          "schema_version": "0.2.0"
        }
      ]
    ],
    "num_iters": 17,
    "ri_fock_time": 1.930436702,
    "ri_tflops": 0.1151659413487467,
    "scf_tflops": 0.026887183652723252,
    "scf_time": 23.414162737,
    "schema_version": "0.2.0",
    "tflops": 0.23844941878268233,
    "total_time": 23.558983,
    "transforms_time": 0.07971968500000001,
    "xc_tflops": 0.0,
    "xc_time": 15.271026192999997
  },
  "schema_version": "0.2.0"
}
