{
  "calculation_time": 39.760079191,
  "qmmbe": {
    "b_formation_time": 3.182215985,
    "b_tflops": 5.2095065218044905,
    "diag_time": 7.601536287999999,
    "expanded_elec_energy": -6196.263792929119,
    "expanded_hf_energy": -1690.3848442401088,
    "expanded_nuc_repulsion_energy": 4753.131696946882,
    "expanded_xc_energy": -247.25274825787181,
    "homo": -0.17700595317574702,
    "lumo": -0.08952488703175002,
    "method": "RestrictedKSDFT",
    "mp2_tflops": 0.0,
    "mp2_time": 6.95335580496863e-310,
    "n_atoms": 68,
    "nmers": [
      [
        {
          "fragments": [
            0
          ],
          "hf_energy": -1690.3848442401088,
          "num_basis_fns": 1508,
          "num_iters": 17,
          "schema_version": "0.2.0"
        }
      ]
    ],
    "num_iters": 17,
    "ri_fock_time": 4.581078754,
    "ri_tflops": 0.1250301683436198,
    "scf_tflops": 0.040872915240047,
    "scf_time": 39.489601839,
    "schema_version": "0.2.0",
    "tflops": 0.4536337735207503,
    "total_time": 39.755495,
    "transforms_time": 0.22431070399999997,
    "xc_tflops": 0.0,
    "xc_time": 24.539048967
  },
  "schema_version": "0.2.0"
}
