{
  "calculation_time": 37.331799542,
  "qmmbe": {
    "b_formation_time": 2.81844138,
    "b_tflops": 5.946509737389678,
    "diag_time": 6.619600018999998,
    "expanded_elec_energy": -6227.835236923859,
    "expanded_hf_energy": -1690.3577134269797,
    "expanded_nuc_repulsion_energy": 4784.739201031848,
    "expanded_xc_energy": -247.26167753496867,
    "homo": -0.17403587026020098,
    "lumo": -0.09289079455490963,
    "method": "RestrictedKSDFT",
    "mp2_tflops": 0.0,
    "mp2_time": 6.95335580496863e-310,
    "n_atoms": 68,
    "nmers": [
      [
        {
          "fragments": [
            0
          ],
          "hf_energy": -1690.3577134269797,
          "num_basis_fns": 1508,
          "num_iters": 17,
          "schema_version": "0.2.0"
        }
      ]
    ],
    "num_iters": 17,
    "ri_fock_time": 4.942032631,
    "ri_tflops": 0.11589827315488642,
    "scf_tflops": 0.043379218118423,
    "scf_time": 37.090184898,
    "schema_version": "0.2.0",
    "tflops": 0.4880211252169989,
    "total_time": 37.32738,
    "transforms_time": 0.17758113299999995,
    "xc_tflops": 0.0,
    "xc_time": 23.820952431000002
  },
  "schema_version": "0.2.0"
}
