{
  "calculation_time": 29.904968153,
  "qmmbe": {
    "b_formation_time": 2.467590161,
    "b_tflops": 3.7186574662371576,
    "diag_time": 5.033705725000002,
    "expanded_elec_energy": -4873.560492938379,
    "expanded_hf_energy": -1459.4602715935207,
    "expanded_nuc_repulsion_energy": 3627.3713550252583,
    "expanded_xc_energy": -213.27113368039994,
    "homo": -0.16805336509560223,
    "lumo": -0.1004810349554849,
    "method": "RestrictedKSDFT",
    "mp2_tflops": 0.0,
    "mp2_time": 6.9533558049544e-310,
    "n_atoms": 58,
    "nmers": [
      [
        {
          "fragments": [
            0
          ],
          "hf_energy": -1459.4602715935207,
          "num_basis_fns": 1298,
          "num_iters": 17,
          "schema_version": "0.2.0"
        }
      ]
    ],
    "num_iters": 17,
    "ri_fock_time": 3.1277666209999992,
    "ri_tflops": 0.11677295482462408,
    "scf_tflops": 0.03468996282451474,
    "scf_time": 29.707419348,
    "schema_version": "0.2.0",
    "tflops": 0.3380210075583557,
    "total_time": 29.900952,
    "transforms_time": 0.089636125,
    "xc_tflops": 0.0,
    "xc_time": 19.241307987000003
  },
  "schema_version": "0.2.0"
}
