{
  "calculation_time": 39.714320377,
  "qmmbe": {
    "b_formation_time": 2.693522017,
    "b_tflops": 5.030677210052299,
    "diag_time": 8.632958451,
    "expanded_elec_energy": -5711.88613490938,
    "expanded_hf_energy": -1690.3917138510603,
    "expanded_nuc_repulsion_energy": 4268.7326848129715,
    "expanded_xc_energy": -247.23826375465143,
    "homo": -0.16164573265440876,
    "lumo": -0.10860255628161078,
    "method": "RestrictedKSDFT",
    "mp2_tflops": 0.0,
    "mp2_time": 6.9533558049702e-310,
    "n_atoms": 68,
    "nmers": [
      [
        {
          "fragments": [
            0
          ],
          "hf_energy": -1690.3917138510603,
          "num_basis_fns": 1508,
          "num_iters": 18,
          "schema_version": "0.2.0"
        }
      ]
    ],
    "num_iters": 18,
    "ri_fock_time": 4.321891652000001,
    "ri_tflops": 0.1403241054762101,
    "scf_tflops": 0.04284074035496678,
    "scf_time": 39.498201724,
    "schema_version": "0.2.0",
    "tflops": 0.380076029441227,
    "total_time": 39.709764,
    "transforms_time": 0.30897194400000005,
    "xc_tflops": 0.0,
    "xc_time": 23.787762318000002
  },
  "schema_version": "0.2.0"
}
