{
  "calculation_time": 34.45760313,
  "qmmbe": {
    "b_formation_time": 2.630349473,
    "b_tflops": 5.615367960286242,
    "diag_time": 6.637917781,
    "expanded_elec_energy": -5951.217080001789,
    "expanded_hf_energy": -1690.3715057298634,
    "expanded_nuc_repulsion_energy": 4508.085088392204,
    "expanded_xc_energy": -247.239514120278,
    "homo": -0.15942767747416628,
    "lumo": -0.10860659681547206,
    "method": "RestrictedKSDFT",
    "mp2_tflops": 0.0,
    "mp2_time": 6.9533558049955e-310,
    "n_atoms": 68,
    "nmers": [
      [
        {
          "fragments": [
            0
          ],
          "hf_energy": -1690.3715057298634,
          "num_basis_fns": 1508,
          "num_iters": 17,
          "schema_version": "0.2.0"
        }
      ]
    ],
    "num_iters": 17,
    "ri_fock_time": 4.316420374999999,
    "ri_tflops": 0.1326963080624417,
    "scf_tflops": 0.046894172171485324,
    "scf_time": 34.210321605,
    "schema_version": "0.2.0",
    "tflops": 0.47099196530701337,
    "total_time": 34.452903,
    "transforms_time": 0.101421815,
    "xc_tflops": 0.0,
    "xc_time": 21.60781973
  },
  "schema_version": "0.2.0"
}
