{
  "calculation_time": 35.777190588,
  "qmmbe": {
    "b_formation_time": 2.720035435,
    "b_tflops": 5.69349813305208,
    "diag_time": 7.251400891,
    "expanded_elec_energy": -6037.592227938441,
    "expanded_hf_energy": -1690.3664564536978,
    "expanded_nuc_repulsion_energy": 4594.4695812713835,
    "expanded_xc_energy": -247.24380978663999,
    "homo": -0.16573456685055374,
    "lumo": -0.1007434772644054,
    "method": "RestrictedKSDFT",
    "mp2_tflops": 0.0,
    "mp2_time": 6.9533558049702e-310,
    "n_atoms": 68,
    "nmers": [
      [
        {
          "fragments": [
            0
          ],
          "hf_energy": -1690.3664564536978,
          "num_basis_fns": 1508,
          "num_iters": 17,
          "schema_version": "0.2.0"
        }
      ]
    ],
    "num_iters": 17,
    "ri_fock_time": 4.255636185999999,
    "ri_tflops": 0.134591638658465,
    "scf_tflops": 0.04502043471751663,
    "scf_time": 35.545464293,
    "schema_version": "0.2.0",
    "tflops": 0.47363479665095054,
    "total_time": 35.772624,
    "transforms_time": 0.096322054,
    "xc_tflops": 0.0,
    "xc_time": 22.16750725
  },
  "schema_version": "0.2.0"
}
