{
  "calculation_time": 28.965557531,
  "qmmbe": {
    "b_formation_time": 2.402685301,
    "b_tflops": 5.102460154946442,
    "diag_time": 5.791056312,
    "expanded_elec_energy": -5492.9005927817,
    "expanded_hf_energy": -1613.0315476831304,
    "expanded_nuc_repulsion_energy": 4115.553826699532,
    "expanded_xc_energy": -235.68478160096242,
    "homo": -0.16732177331190387,
    "lumo": -0.10219449321754584,
    "method": "RestrictedKSDFT",
    "mp2_tflops": 0.0,
    "mp2_time": 6.9533558049623e-310,
    "n_atoms": 64,
    "nmers": [
      [
        {
          "fragments": [
            0
          ],
          "hf_energy": -1613.0315476831304,
          "num_basis_fns": 1434,
          "num_iters": 17,
          "schema_version": "0.2.0"
        }
      ]
    ],
    "num_iters": 17,
    "ri_fock_time": 2.8375955920000004,
    "ri_tflops": 0.17355857119473558,
    "scf_tflops": 0.04817553129649195,
    "scf_time": 28.769618428,
    "schema_version": "0.2.0",
    "tflops": 0.4665939715223996,
    "total_time": 28.961155,
    "transforms_time": 0.29269787899999994,
    "xc_tflops": 0.0,
    "xc_time": 17.820135318
  },
  "schema_version": "0.2.0"
}
