{
  "calculation_time": 24.180318621,
  "qmmbe": {
    "b_formation_time": 1.828648073,
    "b_tflops": 4.381908210765932,
    "diag_time": 4.178763733,
    "expanded_elec_energy": -4578.388475384991,
    "expanded_hf_energy": -1383.2621694238126,
    "expanded_nuc_repulsion_energy": 3397.545151072181,
    "expanded_xc_energy": -202.4188451110029,
    "homo": -0.17069077904177896,
    "lumo": -0.09463778912915687,
    "method": "RestrictedKSDFT",
    "mp2_tflops": 0.0,
    "mp2_time": 6.95335580497496e-310,
    "n_atoms": 56,
    "nmers": [
      [
        {
          "fragments": [
            0
          ],
          "hf_energy": -1383.2621694238126,
          "num_basis_fns": 1236,
          "num_iters": 17,
          "schema_version": "0.2.0"
        }
      ]
    ],
    "num_iters": 17,
    "ri_fock_time": 2.2605325040000004,
    "ri_tflops": 0.1395201277795915,
    "scf_tflops": 0.03700045830939856,
    "scf_time": 24.00797615,
    "schema_version": "0.2.0",
    "tflops": 0.3647112594769875,
    "total_time": 24.176595,
    "transforms_time": 0.4106362450000001,
    "xc_tflops": 0.0,
    "xc_time": 15.33258668
  },
  "schema_version": "0.2.0"
}
