{
  "calculation_time": 26.398978941,
  "qmmbe": {
    "b_formation_time": 2.010752652,
    "b_tflops": 4.620955482068911,
    "diag_time": 4.229935306,
    "expanded_elec_energy": -4894.272844433988,
    "expanded_hf_energy": -1459.461510227032,
    "expanded_nuc_repulsion_energy": 3648.0819243926085,
    "expanded_xc_energy": -213.2705901856522,
    "homo": -0.17154969929741742,
    "lumo": -0.0943240557558025,
    "method": "RestrictedKSDFT",
    "mp2_tflops": 0.0,
    "mp2_time": 6.9533558049544e-310,
    "n_atoms": 58,
    "nmers": [
      [
        {
          "fragments": [
            0
          ],
          "hf_energy": -1459.461510227032,
          "num_basis_fns": 1298,
          "num_iters": 17,
          "schema_version": "0.2.0"
        }
      ]
    ],
    "num_iters": 17,
    "ri_fock_time": 2.555427727,
    "ri_tflops": 0.1429265819091584,
    "scf_tflops": 0.03920194451335496,
    "scf_time": 26.195207435,
    "schema_version": "0.2.0",
    "tflops": 0.38729580967661337,
    "total_time": 26.394878,
    "transforms_time": 0.090048047,
    "xc_tflops": 0.0,
    "xc_time": 17.441437967
  },
  "schema_version": "0.2.0"
}
