{
  "calculation_time": 45.683466344,
  "qmmbe": {
    "b_formation_time": 3.10919057,
    "b_tflops": 4.369564964220253,
    "diag_time": 6.982055109000001,
    "expanded_elec_energy": -5676.75367900604,
    "expanded_hf_energy": -1536.7928125602348,
    "expanded_nuc_repulsion_energy": 4364.820089627414,
    "expanded_xc_energy": -224.8592231816084,
    "homo": -0.1753962530666668,
    "lumo": -0.08842646408419459,
    "method": "RestrictedKSDFT",
    "mp2_tflops": 0.0,
    "mp2_time": 6.9533558049544e-310,
    "n_atoms": 62,
    "nmers": [
      [
        {
          "fragments": [
            0
          ],
          "hf_energy": -1536.7928125602348,
          "num_basis_fns": 1372,
          "num_iters": 18,
          "schema_version": "0.2.0"
        }
      ]
    ],
    "num_iters": 18,
    "ri_fock_time": 6.712823988999999,
    "ri_tflops": 0.06804016528787912,
    "scf_tflops": 0.028053120832380096,
    "scf_time": 45.444790612,
    "schema_version": "0.2.0",
    "tflops": 0.3228842153271045,
    "total_time": 45.67912,
    "transforms_time": 0.38971498000000004,
    "xc_tflops": 0.0,
    "xc_time": 31.624782810999996
  },
  "schema_version": "0.2.0"
}
