{
  "calculation_time": 32.311275055,
  "qmmbe": {
    "b_formation_time": 2.510627843,
    "b_tflops": 5.239808757282232,
    "diag_time": 5.7706221630000005,
    "expanded_elec_energy": -5658.330828990308,
    "expanded_hf_energy": -1613.0060444299222,
    "expanded_nuc_repulsion_energy": 4281.005123182666,
    "expanded_xc_energy": -235.68033862227972,
    "homo": -0.1619690102038564,
    "lumo": -0.10732375915436097,
    "method": "RestrictedKSDFT",
    "mp2_tflops": 0.0,
    "mp2_time": 6.9533558049623e-310,
    "n_atoms": 64,
    "nmers": [
      [
        {
          "fragments": [
            0
          ],
          "hf_energy": -1613.0060444299222,
          "num_basis_fns": 1434,
          "num_iters": 18,
          "schema_version": "0.2.0"
        }
      ]
    ],
    "num_iters": 18,
    "ri_fock_time": 3.4782264,
    "ri_tflops": 0.14992094243893958,
    "scf_tflops": 0.04569138113448225,
    "scf_time": 32.090066059,
    "schema_version": "0.2.0",
    "tflops": 0.44827838589216185,
    "total_time": 32.307068,
    "transforms_time": 0.13461081400000002,
    "xc_tflops": 0.0,
    "xc_time": 20.357418978000002
  },
  "schema_version": "0.2.0"
}
