{
  "calculation_time": 34.381543288,
  "qmmbe": {
    "b_formation_time": 2.556019689,
    "b_tflops": 5.5080745010833905,
    "diag_time": 6.71708257,
    "expanded_elec_energy": -5808.7724037803655,
    "expanded_hf_energy": -1690.3882470605577,
    "expanded_nuc_repulsion_energy": 4365.621491544289,
    "expanded_xc_energy": -247.23733482448085,
    "homo": -0.15915485877576685,
    "lumo": -0.11069810527889026,
    "method": "RestrictedKSDFT",
    "mp2_tflops": 0.0,
    "mp2_time": 6.95335580497496e-310,
    "n_atoms": 68,
    "nmers": [
      [
        {
          "fragments": [
            0
          ],
          "hf_energy": -1690.3882470605577,
          "num_basis_fns": 1508,
          "num_iters": 18,
          "schema_version": "0.2.0"
        }
      ]
    ],
    "num_iters": 18,
    "ri_fock_time": 3.6309423979999997,
    "ri_tflops": 0.16702704520073194,
    "scf_tflops": 0.049546684072831124,
    "scf_time": 34.168483452,
    "schema_version": "0.2.0",
    "tflops": 0.4544100207547159,
    "total_time": 34.376962,
    "transforms_time": 0.6381812160000001,
    "xc_tflops": 0.0,
    "xc_time": 21.369779909
  },
  "schema_version": "0.2.0"
}
