{
  "calculation_time": 34.130393442,
  "qmmbe": {
    "b_formation_time": 2.542730656,
    "b_tflops": 5.1607364128133595,
    "diag_time": 6.057492316,
    "expanded_elec_energy": -5655.714663295039,
    "expanded_hf_energy": -1613.019624857282,
    "expanded_nuc_repulsion_energy": 4278.376691160193,
    "expanded_xc_energy": -235.68165272243644,
    "homo": -0.16108540450090245,
    "lumo": -0.10789918567636284,
    "method": "RestrictedKSDFT",
    "mp2_tflops": 0.0,
    "mp2_time": 6.9533558049623e-310,
    "n_atoms": 64,
    "nmers": [
      [
        {
          "fragments": [
            0
          ],
          "hf_energy": -1613.019624857282,
          "num_basis_fns": 1434,
          "num_iters": 18,
          "schema_version": "0.2.0"
        }
      ]
    ],
    "num_iters": 18,
    "ri_fock_time": 3.4209201190000003,
    "ri_tflops": 0.15243237543249982,
    "scf_tflops": 0.04320142272248426,
    "scf_time": 33.889827866,
    "schema_version": "0.2.0",
    "tflops": 0.4234228043929135,
    "total_time": 34.125966,
    "transforms_time": 0.22457152499999997,
    "xc_tflops": 0.0,
    "xc_time": 21.748249775
  },
  "schema_version": "0.2.0"
}
