{
  "calculation_time": 41.773785381,
  "qmmbe": {
    "b_formation_time": 3.025289941,
    "b_tflops": 5.563446600904823,
    "diag_time": 7.483542454000001,
    "expanded_elec_energy": -6235.591140189253,
    "expanded_hf_energy": -1690.3599332621477,
    "expanded_nuc_repulsion_energy": 4792.488572369401,
    "expanded_xc_energy": -247.25736544229562,
    "homo": -0.17399492149743287,
    "lumo": -0.09520985514371585,
    "method": "RestrictedKSDFT",
    "mp2_tflops": 0.0,
    "mp2_time": 6.95335580496863e-310,
    "n_atoms": 68,
    "nmers": [
      [
        {
          "fragments": [
            0
          ],
          "hf_energy": -1690.3599332621477,
          "num_basis_fns": 1508,
          "num_iters": 18,
          "schema_version": "0.2.0"
        }
      ]
    ],
    "num_iters": 18,
    "ri_fock_time": 4.704241563000001,
    "ri_tflops": 0.12891888562908815,
    "scf_tflops": 0.04078903312314513,
    "scf_time": 41.525187718,
    "schema_version": "0.2.0",
    "tflops": 0.439880390915745,
    "total_time": 41.769373,
    "transforms_time": 0.14097666299999997,
    "xc_tflops": 0.0,
    "xc_time": 26.734716479
  },
  "schema_version": "0.2.0"
}
