{
  "calculation_time": 33.907498454,
  "qmmbe": {
    "b_formation_time": 2.636854721,
    "b_tflops": 5.571711659950795,
    "diag_time": 7.182693105,
    "expanded_elec_energy": -5931.525971324243,
    "expanded_hf_energy": -1690.3897130400412,
    "expanded_nuc_repulsion_energy": 4488.377948694935,
    "expanded_xc_energy": -247.24169041073336,
    "homo": -0.17479773064311366,
    "lumo": -0.09496037481033988,
    "method": "RestrictedKSDFT",
    "mp2_tflops": 0.0,
    "mp2_time": 6.95335580496863e-310,
    "n_atoms": 68,
    "nmers": [
      [
        {
          "fragments": [
            0
          ],
          "hf_energy": -1690.3897130400412,
          "num_basis_fns": 1508,
          "num_iters": 17,
          "schema_version": "0.2.0"
        }
      ]
    ],
    "num_iters": 17,
    "ri_fock_time": 3.20760551,
    "ri_tflops": 0.17856717293393104,
    "scf_tflops": 0.04769323466402028,
    "scf_time": 33.680916141,
    "schema_version": "0.2.0",
    "tflops": 0.47631668522497544,
    "total_time": 33.902769,
    "transforms_time": 0.38462624199999995,
    "xc_tflops": 0.0,
    "xc_time": 20.727219943
  },
  "schema_version": "0.2.0"
}
