{
  "calculation_time": 26.261502564,
  "qmmbe": {
    "b_formation_time": 2.102273466,
    "b_tflops": 4.269105580078705,
    "diag_time": 4.422561658,
    "expanded_elec_energy": -4831.541017152616,
    "expanded_hf_energy": -1459.4671791452365,
    "expanded_nuc_repulsion_energy": 3585.336489122197,
    "expanded_xc_energy": -213.26265111481683,
    "homo": -0.16850516041126887,
    "lumo": -0.10053730025941245,
    "method": "RestrictedKSDFT",
    "mp2_tflops": 0.0,
    "mp2_time": 6.9533558049544e-310,
    "n_atoms": 58,
    "nmers": [
      [
        {
          "fragments": [
            0
          ],
          "hf_energy": -1459.4671791452365,
          "num_basis_fns": 1298,
          "num_iters": 17,
          "schema_version": "0.2.0"
        }
      ]
    ],
    "num_iters": 17,
    "ri_fock_time": 2.5727430510000002,
    "ri_tflops": 0.14196464361026467,
    "scf_tflops": 0.03947089117285176,
    "scf_time": 26.074800815,
    "schema_version": "0.2.0",
    "tflops": 0.37725745154081824,
    "total_time": 26.257546,
    "transforms_time": 0.090008982,
    "xc_tflops": 0.0,
    "xc_time": 16.661090536000003
  },
  "schema_version": "0.2.0"
}
