{
  "calculation_time": 31.211224002,
  "qmmbe": {
    "b_formation_time": 2.367054911,
    "b_tflops": 4.9924409443309274,
    "diag_time": 5.447090175,
    "expanded_elec_energy": -5374.276425166963,
    "expanded_hf_energy": -1536.803322562375,
    "expanded_nuc_repulsion_energy": 4062.307977557139,
    "expanded_xc_energy": -224.83487495255082,
    "homo": -0.16449884926898858,
    "lumo": -0.10082460799413374,
    "method": "RestrictedKSDFT",
    "mp2_tflops": 0.0,
    "mp2_time": 6.95335580496073e-310,
    "n_atoms": 62,
    "nmers": [
      [
        {
          "fragments": [
            0
          ],
          "hf_energy": -1536.803322562375,
          "num_basis_fns": 1372,
          "num_iters": 18,
          "schema_version": "0.2.0"
        }
      ]
    ],
    "num_iters": 18,
    "ri_fock_time": 3.230598921,
    "ri_tflops": 0.14137986946972056,
    "scf_tflops": 0.04134792040577787,
    "scf_time": 30.987225241,
    "schema_version": "0.2.0",
    "tflops": 0.41595124556315094,
    "total_time": 31.20712,
    "transforms_time": 0.139871303,
    "xc_tflops": 0.0,
    "xc_time": 19.890744662
  },
  "schema_version": "0.2.0"
}
