{
  "calculation_time": 35.811590359,
  "qmmbe": {
    "b_formation_time": 3.102878479,
    "b_tflops": 4.851258968198863,
    "diag_time": 7.042745254000001,
    "expanded_elec_energy": -5985.180604546458,
    "expanded_hf_energy": -1690.3847836230143,
    "expanded_nuc_repulsion_energy": 4542.041721206941,
    "expanded_xc_energy": -247.24590028349672,
    "homo": -0.17101882034490692,
    "lumo": -0.09878374262597023,
    "method": "RestrictedKSDFT",
    "mp2_tflops": 0.0,
    "mp2_time": 6.95335580496863e-310,
    "n_atoms": 68,
    "nmers": [
      [
        {
          "fragments": [
            0
          ],
          "hf_energy": -1690.3847836230143,
          "num_basis_fns": 1508,
          "num_iters": 17,
          "schema_version": "0.2.0"
        }
      ]
    ],
    "num_iters": 17,
    "ri_fock_time": 3.801195865,
    "ri_tflops": 0.15068232949579935,
    "scf_tflops": 0.04548896604550563,
    "scf_time": 35.596040462,
    "schema_version": "0.2.0",
    "tflops": 0.4610705369636424,
    "total_time": 35.806949,
    "transforms_time": 0.099670949,
    "xc_tflops": 0.0,
    "xc_time": 21.772599648000003
  },
  "schema_version": "0.2.0"
}
