{
  "calculation_time": 34.773779945,
  "qmmbe": {
    "b_formation_time": 2.631222416,
    "b_tflops": 5.576109028210711,
    "diag_time": 6.87543756,
    "expanded_elec_energy": -5921.10081088398,
    "expanded_hf_energy": -1690.3780694905574,
    "expanded_nuc_repulsion_energy": 4477.960930104731,
    "expanded_xc_energy": -247.23818871130908,
    "homo": -0.164348680026228,
    "lumo": -0.10655676952221527,
    "method": "RestrictedKSDFT",
    "mp2_tflops": 0.0,
    "mp2_time": 6.95335580497496e-310,
    "n_atoms": 68,
    "nmers": [
      [
        {
          "fragments": [
            0
          ],
          "hf_energy": -1690.3780694905574,
          "num_basis_fns": 1508,
          "num_iters": 18,
          "schema_version": "0.2.0"
        }
      ]
    ],
    "num_iters": 18,
    "ri_fock_time": 4.062122348000001,
    "ri_tflops": 0.1492977138737821,
    "scf_tflops": 0.049172570465760804,
    "scf_time": 34.536197964,
    "schema_version": "0.2.0",
    "tflops": 0.46634467347972997,
    "total_time": 34.769288,
    "transforms_time": 0.18984459800000006,
    "xc_tflops": 0.0,
    "xc_time": 21.597534417000002
  },
  "schema_version": "0.2.0"
}
