{
  "calculation_time": 38.388886708,
  "qmmbe": {
    "b_formation_time": 2.729916016,
    "b_tflops": 5.680359369848102,
    "diag_time": 6.665673121,
    "expanded_elec_energy": -6037.6589876739245,
    "expanded_hf_energy": -1690.3763523103496,
    "expanded_nuc_repulsion_energy": 4594.521817110375,
    "expanded_xc_energy": -247.2391817468003,
    "homo": -0.16230606891166646,
    "lumo": -0.10645498946016714,
    "method": "RestrictedKSDFT",
    "mp2_tflops": 0.0,
    "mp2_time": 6.95335580497496e-310,
    "n_atoms": 68,
    "nmers": [
      [
        {
          "fragments": [
            0
          ],
          "hf_energy": -1690.3763523103496,
          "num_basis_fns": 1508,
          "num_iters": 19,
          "schema_version": "0.2.0"
        }
      ]
    ],
    "num_iters": 19,
    "ri_fock_time": 4.906612883000001,
    "ri_tflops": 0.1304684366834733,
    "scf_tflops": 0.04662333369777774,
    "scf_time": 38.138654378,
    "schema_version": "0.2.0",
    "tflops": 0.4464133845894084,
    "total_time": 38.384202,
    "transforms_time": 0.11317671399999996,
    "xc_tflops": 0.0,
    "xc_time": 25.011852699
  },
  "schema_version": "0.2.0"
}
