{
  "calculation_time": 44.282236646,
  "qmmbe": {
    "b_formation_time": 3.1555074,
    "b_tflops": 4.889312945826716,
    "diag_time": 9.629086807000002,
    "expanded_elec_energy": -6037.893141128864,
    "expanded_hf_energy": -1690.3842365096564,
    "expanded_nuc_repulsion_energy": 4594.758549336175,
    "expanded_xc_energy": -247.24964471696717,
    "homo": -0.16927236692288772,
    "lumo": -0.09558622021653485,
    "method": "RestrictedKSDFT",
    "mp2_tflops": 0.0,
    "mp2_time": 6.95335580497496e-310,
    "n_atoms": 68,
    "nmers": [
      [
        {
          "fragments": [
            0
          ],
          "hf_energy": -1690.3842365096564,
          "num_basis_fns": 1508,
          "num_iters": 17,
          "schema_version": "0.2.0"
        }
      ]
    ],
    "num_iters": 17,
    "ri_fock_time": 5.137633427,
    "ri_tflops": 0.11148577568767053,
    "scf_tflops": 0.03611553832230207,
    "scf_time": 44.050040843,
    "schema_version": "0.2.0",
    "tflops": 0.3813367772812209,
    "total_time": 44.277822,
    "transforms_time": 0.17095262600000002,
    "xc_tflops": 0.0,
    "xc_time": 27.272739814999998
  },
  "schema_version": "0.2.0"
}
