{
  "calculation_time": 32.869756845,
  "qmmbe": {
    "b_formation_time": 2.479564685,
    "b_tflops": 4.989181510119789,
    "diag_time": 6.04824689,
    "expanded_elec_energy": -5531.599002657296,
    "expanded_hf_energy": -1613.022635486438,
    "expanded_nuc_repulsion_energy": 4154.256351289411,
    "expanded_xc_energy": -235.67998411855302,
    "homo": -0.17158332359532127,
    "lumo": -0.09937706819345786,
    "method": "RestrictedKSDFT",
    "mp2_tflops": 0.0,
    "mp2_time": 6.95335580496073e-310,
    "n_atoms": 64,
    "nmers": [
      [
        {
          "fragments": [
            0
          ],
          "hf_energy": -1613.022635486438,
          "num_basis_fns": 1434,
          "num_iters": 18,
          "schema_version": "0.2.0"
        }
      ]
    ],
    "num_iters": 18,
    "ri_fock_time": 3.7931613630000003,
    "ri_tflops": 0.1374734502440412,
    "scf_tflops": 0.04464774513123615,
    "scf_time": 32.669341602,
    "schema_version": "0.2.0",
    "tflops": 0.4168018483102943,
    "total_time": 32.865372,
    "transforms_time": 0.098859818,
    "xc_tflops": 0.0,
    "xc_time": 20.920747577
  },
  "schema_version": "0.2.0"
}
