{
  "calculation_time": 39.025364982,
  "qmmbe": {
    "b_formation_time": 2.884631501,
    "b_tflops": 4.922455029060573,
    "diag_time": 6.887609637,
    "expanded_elec_energy": -5815.630506846988,
    "expanded_hf_energy": -1612.9921300351837,
    "expanded_nuc_repulsion_energy": 4438.327189820178,
    "expanded_xc_energy": -235.68881300837364,
    "homo": -0.16535644728508295,
    "lumo": -0.10200034561747487,
    "method": "RestrictedKSDFT",
    "mp2_tflops": 0.0,
    "mp2_time": 6.95335580496073e-310,
    "n_atoms": 64,
    "nmers": [
      [
        {
          "fragments": [
            0
          ],
          "hf_energy": -1612.9921300351837,
          "num_basis_fns": 1434,
          "num_iters": 18,
          "schema_version": "0.2.0"
        }
      ]
    ],
    "num_iters": 18,
    "ri_fock_time": 3.9051000250000008,
    "ri_tflops": 0.13353281006009568,
    "scf_tflops": 0.03768842580346299,
    "scf_time": 38.78228745,
    "schema_version": "0.2.0",
    "tflops": 0.3979085525627848,
    "total_time": 39.021075,
    "transforms_time": 0.303644768,
    "xc_tflops": 0.0,
    "xc_time": 24.991945391999998
  },
  "schema_version": "0.2.0"
}
