{
  "calculation_time": 31.375628313,
  "qmmbe": {
    "b_formation_time": 2.52593296,
    "b_tflops": 4.417081079521603,
    "diag_time": 6.220762329,
    "expanded_elec_energy": -5269.744110320773,
    "expanded_hf_energy": -1536.816165596586,
    "expanded_nuc_repulsion_energy": 3957.762710071054,
    "expanded_xc_energy": -224.8347653468667,
    "homo": -0.17163453292694852,
    "lumo": -0.09860363952688775,
    "method": "RestrictedKSDFT",
    "mp2_tflops": 0.0,
    "mp2_time": 6.95335580496073e-310,
    "n_atoms": 62,
    "nmers": [
      [
        {
          "fragments": [
            0
          ],
          "hf_energy": -1536.816165596586,
          "num_basis_fns": 1372,
          "num_iters": 16,
          "schema_version": "0.2.0"
        }
      ]
    ],
    "num_iters": 16,
    "ri_fock_time": 3.434910466,
    "ri_tflops": 0.11819597195870549,
    "scf_tflops": 0.03667561094008578,
    "scf_time": 31.177904632,
    "schema_version": "0.2.0",
    "tflops": 0.38860258340771614,
    "total_time": 31.371397,
    "transforms_time": 0.3823273280000001,
    "xc_tflops": 0.0,
    "xc_time": 19.320295838000003
  },
  "schema_version": "0.2.0"
}
