{
  "calculation_time": 23.258777481,
  "qmmbe": {
    "b_formation_time": 1.773364274,
    "b_tflops": 4.711521032561413,
    "diag_time": 3.5444872710000004,
    "expanded_elec_energy": -4645.840968130547,
    "expanded_hf_energy": -1383.260206839735,
    "expanded_nuc_repulsion_energy": 3465.016791496014,
    "expanded_xc_energy": -202.43603020520237,
    "homo": -0.17980138014797845,
    "lumo": -0.08939935954680708,
    "method": "RestrictedKSDFT",
    "mp2_tflops": 0.0,
    "mp2_time": 6.95335580497496e-310,
    "n_atoms": 56,
    "nmers": [
      [
        {
          "fragments": [
            0
          ],
          "hf_energy": -1383.260206839735,
          "num_basis_fns": 1236,
          "num_iters": 15,
          "schema_version": "0.2.0"
        }
      ]
    ],
    "num_iters": 15,
    "ri_fock_time": 2.222420768,
    "ri_tflops": 0.1252171089142738,
    "scf_tflops": 0.0340097206998799,
    "scf_time": 23.070646505,
    "schema_version": "0.2.0",
    "tflops": 0.3898090331629416,
    "total_time": 23.254847,
    "transforms_time": 0.15411569099999997,
    "xc_tflops": 0.0,
    "xc_time": 15.361527874999998
  },
  "schema_version": "0.2.0"
}
