{
  "calculation_time": 36.159260536,
  "qmmbe": {
    "b_formation_time": 2.446536454,
    "b_tflops": 4.642980805286624,
    "diag_time": 5.84715725,
    "expanded_elec_energy": -5307.4262498673,
    "expanded_hf_energy": -1536.8158801887307,
    "expanded_nuc_repulsion_energy": 3995.447725468982,
    "expanded_xc_energy": -224.8373557904128,
    "homo": -0.1672966816080348,
    "lumo": -0.10192822493224978,
    "method": "RestrictedKSDFT",
    "mp2_tflops": 0.0,
    "mp2_time": 6.95335580496073e-310,
    "n_atoms": 62,
    "nmers": [
      [
        {
          "fragments": [
            0
          ],
          "hf_energy": -1536.8158801887307,
          "num_basis_fns": 1372,
          "num_iters": 17,
          "schema_version": "0.2.0"
        }
      ]
    ],
    "num_iters": 17,
    "ri_fock_time": 3.3980279190000005,
    "ri_tflops": 0.12694631348613117,
    "scf_tflops": 0.033381703369316874,
    "scf_time": 35.955501293,
    "schema_version": "0.2.0",
    "tflops": 0.344562803192024,
    "total_time": 36.155246,
    "transforms_time": 0.09157568399999999,
    "xc_tflops": 0.0,
    "xc_time": 24.574082092
  },
  "schema_version": "0.2.0"
}
