{
  "calculation_time": 35.450493502,
  "qmmbe": {
    "b_formation_time": 2.432239454,
    "b_tflops": 4.599261820935826,
    "diag_time": 5.306218889,
    "expanded_elec_energy": -5275.625528995321,
    "expanded_hf_energy": -1536.8271208871433,
    "expanded_nuc_repulsion_energy": 3963.636784958285,
    "expanded_xc_energy": -224.83837685010747,
    "homo": -0.17426979802543272,
    "lumo": -0.09289752588710297,
    "method": "RestrictedKSDFT",
    "mp2_tflops": 0.0,
    "mp2_time": 6.95335580496073e-310,
    "n_atoms": 62,
    "nmers": [
      [
        {
          "fragments": [
            0
          ],
          "hf_energy": -1536.8271208871433,
          "num_basis_fns": 1372,
          "num_iters": 17,
          "schema_version": "0.2.0"
        }
      ]
    ],
    "num_iters": 17,
    "ri_fock_time": 4.041236753000001,
    "ri_tflops": 0.10674136255931452,
    "scf_tflops": 0.0341243560396283,
    "scf_time": 35.238277473,
    "schema_version": "0.2.0",
    "tflops": 0.34658258013054766,
    "total_time": 35.446204,
    "transforms_time": 0.260617207,
    "xc_tflops": 0.0,
    "xc_time": 23.813181186
  },
  "schema_version": "0.2.0"
}
