{
  "calculation_time": 25.259332106,
  "qmmbe": {
    "b_formation_time": 1.903047522,
    "b_tflops": 4.8692497779422235,
    "diag_time": 4.405514460999999,
    "expanded_elec_energy": -4882.841552631847,
    "expanded_hf_energy": -1459.4440016150122,
    "expanded_nuc_repulsion_energy": 3636.6629120998587,
    "expanded_xc_energy": -213.2653610830242,
    "homo": -0.16505650641065128,
    "lumo": -0.10180695665045424,
    "method": "RestrictedKSDFT",
    "mp2_tflops": 0.0,
    "mp2_time": 6.9533558049544e-310,
    "n_atoms": 58,
    "nmers": [
      [
        {
          "fragments": [
            0
          ],
          "hf_energy": -1459.4440016150122,
          "num_basis_fns": 1298,
          "num_iters": 17,
          "schema_version": "0.2.0"
        }
      ]
    ],
    "num_iters": 17,
    "ri_fock_time": 2.4628149840000004,
    "ri_tflops": 0.14830125393455051,
    "scf_tflops": 0.04090526263231664,
    "scf_time": 25.076394467,
    "schema_version": "0.2.0",
    "tflops": 0.40376865050022476,
    "total_time": 25.255288,
    "transforms_time": 0.084317035,
    "xc_tflops": 0.0,
    "xc_time": 16.317786606000002
  },
  "schema_version": "0.2.0"
}
