{
  "calculation_time": 51.457933469,
  "qmmbe": {
    "b_formation_time": 3.499464637,
    "b_tflops": 4.132535360667513,
    "diag_time": 10.1378603,
    "expanded_elec_energy": -5889.212068020396,
    "expanded_hf_energy": -1690.3812351392085,
    "expanded_nuc_repulsion_energy": 4446.068004075886,
    "expanded_xc_energy": -247.2371711946984,
    "homo": -0.1639491305805543,
    "lumo": -0.10496835925869331,
    "method": "RestrictedKSDFT",
    "mp2_tflops": 0.0,
    "mp2_time": 6.9533558049702e-310,
    "n_atoms": 68,
    "nmers": [
      [
        {
          "fragments": [
            0
          ],
          "hf_energy": -1690.3812351392085,
          "num_basis_fns": 1508,
          "num_iters": 18,
          "schema_version": "0.2.0"
        }
      ]
    ],
    "num_iters": 18,
    "ri_fock_time": 4.817479728,
    "ri_tflops": 0.12588855880536878,
    "scf_tflops": 0.03285329212869474,
    "scf_time": 51.222691523,
    "schema_version": "0.2.0",
    "tflops": 0.3110421539407639,
    "total_time": 51.453315,
    "transforms_time": 2.067511075,
    "xc_tflops": 0.0,
    "xc_time": 32.66613258700001
  },
  "schema_version": "0.2.0"
}
