{
  "calculation_time": 34.458653825,
  "qmmbe": {
    "b_formation_time": 2.811342141,
    "b_tflops": 5.314649865367632,
    "diag_time": 6.096880341,
    "expanded_elec_energy": -5969.069650755007,
    "expanded_hf_energy": -1690.3784862735017,
    "expanded_nuc_repulsion_energy": 4525.9412296680775,
    "expanded_xc_energy": -247.25006518657185,
    "homo": -0.17587441356281838,
    "lumo": -0.09343713109449539,
    "method": "RestrictedKSDFT",
    "mp2_tflops": 0.0,
    "mp2_time": 6.9533558049702e-310,
    "n_atoms": 68,
    "nmers": [
      [
        {
          "fragments": [
            0
          ],
          "hf_energy": -1690.3784862735017,
          "num_basis_fns": 1508,
          "num_iters": 17,
          "schema_version": "0.2.0"
        }
      ]
    ],
    "num_iters": 17,
    "ri_fock_time": 4.092529135,
    "ri_tflops": 0.13995576547263847,
    "scf_tflops": 0.04706177407200451,
    "scf_time": 34.222189105,
    "schema_version": "0.2.0",
    "tflops": 0.47593749470755453,
    "total_time": 34.45402,
    "transforms_time": 0.1347105000000001,
    "xc_tflops": 0.0,
    "xc_time": 21.600064151999998
  },
  "schema_version": "0.2.0"
}
