{
  "calculation_time": 34.764623198,
  "qmmbe": {
    "b_formation_time": 2.892232564,
    "b_tflops": 5.428624484624951,
    "diag_time": 7.416367594,
    "expanded_elec_energy": -6073.262805364568,
    "expanded_hf_energy": -1690.350381168739,
    "expanded_nuc_repulsion_energy": 4630.159651751965,
    "expanded_xc_energy": -247.24722755613598,
    "homo": -0.17264084161775792,
    "lumo": -0.09414441528740435,
    "method": "RestrictedKSDFT",
    "mp2_tflops": 0.0,
    "mp2_time": 6.95335580496863e-310,
    "n_atoms": 68,
    "nmers": [
      [
        {
          "fragments": [
            0
          ],
          "hf_energy": -1690.350381168739,
          "num_basis_fns": 1508,
          "num_iters": 17,
          "schema_version": "0.2.0"
        }
      ]
    ],
    "num_iters": 17,
    "ri_fock_time": 4.308924299,
    "ri_tflops": 0.1329271549144939,
    "scf_tflops": 0.046696792711100894,
    "scf_time": 34.526970202,
    "schema_version": "0.2.0",
    "tflops": 0.4935988218488501,
    "total_time": 34.760021,
    "transforms_time": 0.178350793,
    "xc_tflops": 0.0,
    "xc_time": 20.432735024999996
  },
  "schema_version": "0.2.0"
}
