{
  "calculation_time": 42.69708615,
  "qmmbe": {
    "b_formation_time": 3.015672894,
    "b_tflops": 5.682231565784667,
    "diag_time": 7.788651377,
    "expanded_elec_energy": -6276.683620860531,
    "expanded_hf_energy": -1690.3490844759528,
    "expanded_nuc_repulsion_energy": 4833.586371191479,
    "expanded_xc_energy": -247.25183480690097,
    "homo": -0.15946834046880706,
    "lumo": -0.10676664844198384,
    "method": "RestrictedKSDFT",
    "mp2_tflops": 0.0,
    "mp2_time": 6.95335580497496e-310,
    "n_atoms": 68,
    "nmers": [
      [
        {
          "fragments": [
            0
          ],
          "hf_energy": -1690.3490844759528,
          "num_basis_fns": 1508,
          "num_iters": 19,
          "schema_version": "0.2.0"
        }
      ]
    ],
    "num_iters": 19,
    "ri_fock_time": 5.132172402000001,
    "ri_tflops": 0.12473433511441104,
    "scf_tflops": 0.042047328830173675,
    "scf_time": 42.422870237,
    "schema_version": "0.2.0",
    "tflops": 0.43951646976679104,
    "total_time": 42.692528,
    "transforms_time": 0.281305639,
    "xc_tflops": 0.0,
    "xc_time": 26.929837570000004
  },
  "schema_version": "0.2.0"
}
