{
  "calculation_time": 39.484506337,
  "qmmbe": {
    "b_formation_time": 2.915118737,
    "b_tflops": 5.101392360257743,
    "diag_time": 7.949794314999998,
    "expanded_elec_energy": -5941.034733838158,
    "expanded_hf_energy": -1690.376979780496,
    "expanded_nuc_repulsion_energy": 4497.901912520953,
    "expanded_xc_energy": -247.24415846329128,
    "homo": -0.1698618175863219,
    "lumo": -0.09814207961069901,
    "method": "RestrictedKSDFT",
    "mp2_tflops": 0.0,
    "mp2_time": 6.9533558049702e-310,
    "n_atoms": 68,
    "nmers": [
      [
        {
          "fragments": [
            0
          ],
          "hf_energy": -1690.376979780496,
          "num_basis_fns": 1508,
          "num_iters": 17,
          "schema_version": "0.2.0"
        }
      ]
    ],
    "num_iters": 17,
    "ri_fock_time": 4.239912881,
    "ri_tflops": 0.13509075867448228,
    "scf_tflops": 0.04073328141203579,
    "scf_time": 39.234695911,
    "schema_version": "0.2.0",
    "tflops": 0.4135720312622602,
    "total_time": 39.480003,
    "transforms_time": 0.59394964,
    "xc_tflops": 0.0,
    "xc_time": 24.469252378
  },
  "schema_version": "0.2.0"
}
