{
  "calculation_time": 32.99463481,
  "qmmbe": {
    "b_formation_time": 2.683422957,
    "b_tflops": 5.23096890403774,
    "diag_time": 6.3945144759999994,
    "expanded_elec_energy": -5819.399673501819,
    "expanded_hf_energy": -1690.3935396930292,
    "expanded_nuc_repulsion_energy": 4376.247588986611,
    "expanded_xc_energy": -247.2414551778212,
    "homo": -0.1764033011895223,
    "lumo": -0.09637238186306016,
    "method": "RestrictedKSDFT",
    "mp2_tflops": 0.0,
    "mp2_time": 6.9533558049702e-310,
    "n_atoms": 68,
    "nmers": [
      [
        {
          "fragments": [
            0
          ],
          "hf_energy": -1690.3935396930292,
          "num_basis_fns": 1508,
          "num_iters": 17,
          "schema_version": "0.2.0"
        }
      ]
    ],
    "num_iters": 17,
    "ri_fock_time": 3.483501162,
    "ri_tflops": 0.16442453186355502,
    "scf_tflops": 0.049109506513763036,
    "scf_time": 32.787232611,
    "schema_version": "0.2.0",
    "tflops": 0.4696409894208354,
    "total_time": 32.990227,
    "transforms_time": 0.34105321,
    "xc_tflops": 0.0,
    "xc_time": 20.45046943
  },
  "schema_version": "0.2.0"
}
