{
  "calculation_time": 45.158565,
  "qmmbe": {
    "b_formation_time": 3.097924438,
    "b_tflops": 4.587576175286945,
    "diag_time": 8.999379395000002,
    "expanded_elec_energy": -5843.648515663446,
    "expanded_hf_energy": -1690.3862016921184,
    "expanded_nuc_repulsion_energy": 4400.502582415243,
    "expanded_xc_energy": -247.24026844391486,
    "homo": -0.15796360739563528,
    "lumo": -0.1112851848005767,
    "method": "RestrictedKSDFT",
    "mp2_tflops": 0.0,
    "mp2_time": 6.9533558049955e-310,
    "n_atoms": 68,
    "nmers": [
      [
        {
          "fragments": [
            0
          ],
          "hf_energy": -1690.3862016921184,
          "num_basis_fns": 1508,
          "num_iters": 18,
          "schema_version": "0.2.0"
        }
      ]
    ],
    "num_iters": 18,
    "ri_fock_time": 5.265320057,
    "ri_tflops": 0.1151811425453106,
    "scf_tflops": 0.037658117173294654,
    "scf_time": 44.942491326,
    "schema_version": "0.2.0",
    "tflops": 0.3489049268114388,
    "total_time": 45.154,
    "transforms_time": 0.4698056679999999,
    "xc_tflops": 0.0,
    "xc_time": 28.411082093
  },
  "schema_version": "0.2.0"
}
