{
  "calculation_time": 40.881920934,
  "qmmbe": {
    "b_formation_time": 3.193113167,
    "b_tflops": 4.74704426600487,
    "diag_time": 7.307606807000001,
    "expanded_elec_energy": -5986.854477094101,
    "expanded_hf_energy": -1690.375045446453,
    "expanded_nuc_repulsion_energy": 4543.72315742328,
    "expanded_xc_energy": -247.2437257756324,
    "homo": -0.16662801163788646,
    "lumo": -0.10176915767508028,
    "method": "RestrictedKSDFT",
    "mp2_tflops": 0.0,
    "mp2_time": 6.95335580497496e-310,
    "n_atoms": 68,
    "nmers": [
      [
        {
          "fragments": [
            0
          ],
          "hf_energy": -1690.375045446453,
          "num_basis_fns": 1508,
          "num_iters": 18,
          "schema_version": "0.2.0"
        }
      ]
    ],
    "num_iters": 18,
    "ri_fock_time": 4.862489646999999,
    "ri_tflops": 0.12472326401891054,
    "scf_tflops": 0.04182777371019521,
    "scf_time": 40.646088882,
    "schema_version": "0.2.0",
    "tflops": 0.4085475942873477,
    "total_time": 40.87734,
    "transforms_time": 0.26914797400000007,
    "xc_tflops": 0.0,
    "xc_time": 25.880526801000002
  },
  "schema_version": "0.2.0"
}
