{
  "calculation_time": 43.443858474,
  "qmmbe": {
    "b_formation_time": 3.000634422,
    "b_tflops": 5.742962140035065,
    "diag_time": 9.268356567,
    "expanded_elec_energy": -6287.250347948686,
    "expanded_hf_energy": -1690.3513946907474,
    "expanded_nuc_repulsion_energy": 4844.156488740356,
    "expanded_xc_energy": -247.2575354824172,
    "homo": -0.16005631816219987,
    "lumo": -0.1034290045005249,
    "method": "RestrictedKSDFT",
    "mp2_tflops": 0.0,
    "mp2_time": 6.9533558049955e-310,
    "n_atoms": 68,
    "nmers": [
      [
        {
          "fragments": [
            0
          ],
          "hf_energy": -1690.3513946907474,
          "num_basis_fns": 1508,
          "num_iters": 19,
          "schema_version": "0.2.0"
        }
      ]
    ],
    "num_iters": 19,
    "ri_fock_time": 4.884717419999999,
    "ri_tflops": 0.13105325389651712,
    "scf_tflops": 0.04121372181437437,
    "scf_time": 43.189619082,
    "schema_version": "0.2.0",
    "tflops": 0.43418744576763113,
    "total_time": 43.439413,
    "transforms_time": 0.31428919399999994,
    "xc_tflops": 0.0,
    "xc_time": 26.857873594999994
  },
  "schema_version": "0.2.0"
}
