{
  "calculation_time": 34.736199336,
  "qmmbe": {
    "b_formation_time": 2.447384464,
    "b_tflops": 5.045831327691226,
    "diag_time": 5.599670629,
    "expanded_elec_energy": -5462.282901741572,
    "expanded_hf_energy": -1536.803305266591,
    "expanded_nuc_repulsion_energy": 4150.3192725442295,
    "expanded_xc_energy": -224.83967606924898,
    "homo": -0.16989797715352417,
    "lumo": -0.09405045191043045,
    "method": "RestrictedKSDFT",
    "mp2_tflops": 0.0,
    "mp2_time": 6.9533558049544e-310,
    "n_atoms": 62,
    "nmers": [
      [
        {
          "fragments": [
            0
          ],
          "hf_energy": -1536.803305266591,
          "num_basis_fns": 1372,
          "num_iters": 18,
          "schema_version": "0.2.0"
        }
      ]
    ],
    "num_iters": 18,
    "ri_fock_time": 3.6952940290000003,
    "ri_tflops": 0.12360089621436723,
    "scf_tflops": 0.03683158094235789,
    "scf_time": 34.515012111,
    "schema_version": "0.2.0",
    "tflops": 0.3890449574999674,
    "total_time": 34.732095,
    "transforms_time": 0.14202634499999997,
    "xc_tflops": 0.0,
    "xc_time": 22.972595405
  },
  "schema_version": "0.2.0"
}
