{
  "calculation_time": 34.239600388,
  "qmmbe": {
    "b_formation_time": 2.543954481,
    "b_tflops": 5.516422217348629,
    "diag_time": 7.465882988999998,
    "expanded_elec_energy": -5801.182529687771,
    "expanded_hf_energy": -1690.3727077567405,
    "expanded_nuc_repulsion_energy": 4358.042558813158,
    "expanded_xc_energy": -247.23273688212748,
    "homo": -0.16529389161245223,
    "lumo": -0.10508990783101335,
    "method": "RestrictedKSDFT",
    "mp2_tflops": 0.0,
    "mp2_time": 6.95335580497496e-310,
    "n_atoms": 68,
    "nmers": [
      [
        {
          "fragments": [
            0
          ],
          "hf_energy": -1690.3727077567405,
          "num_basis_fns": 1508,
          "num_iters": 18,
          "schema_version": "0.2.0"
        }
      ]
    ],
    "num_iters": 18,
    "ri_fock_time": 3.035599233,
    "ri_tflops": 0.19978446872667263,
    "scf_tflops": 0.049722868389050795,
    "scf_time": 34.034403756,
    "schema_version": "0.2.0",
    "tflops": 0.4549718981189868,
    "total_time": 34.234984,
    "transforms_time": 0.830623164,
    "xc_tflops": 0.0,
    "xc_time": 20.654280383
  },
  "schema_version": "0.2.0"
}
