{
  "calculation_time": 43.186895712,
  "qmmbe": {
    "b_formation_time": 4.969058281,
    "b_tflops": 2.916891584946979,
    "diag_time": 8.319763023,
    "expanded_elec_energy": -5899.22019869,
    "expanded_hf_energy": -1690.3815943196905,
    "expanded_nuc_repulsion_energy": 4456.080838231149,
    "expanded_xc_energy": -247.24223386083952,
    "homo": -0.16675510443178737,
    "lumo": -0.10272365254987464,
    "method": "RestrictedKSDFT",
    "mp2_tflops": 0.0,
    "mp2_time": 6.9533558049955e-310,
    "n_atoms": 68,
    "nmers": [
      [
        {
          "fragments": [
            0
          ],
          "hf_energy": -1690.3815943196905,
          "num_basis_fns": 1508,
          "num_iters": 18,
          "schema_version": "0.2.0"
        }
      ]
    ],
    "num_iters": 18,
    "ri_fock_time": 4.432427406,
    "ri_tflops": 0.13682470675347141,
    "scf_tflops": 0.043488851022799355,
    "scf_time": 41.281869419,
    "schema_version": "0.2.0",
    "tflops": 0.3808558239781007,
    "total_time": 41.51395,
    "transforms_time": 0.5324272949999999,
    "xc_tflops": 0.0,
    "xc_time": 23.922249523
  },
  "schema_version": "0.2.0"
}
