{
  "calculation_time": 34.854907194,
  "qmmbe": {
    "b_formation_time": 2.324368808,
    "b_tflops": 4.443773819114165,
    "diag_time": 5.358994516999999,
    "expanded_elec_energy": -5112.062062092738,
    "expanded_hf_energy": -1536.8288116774834,
    "expanded_nuc_repulsion_energy": 3800.0598119535107,
    "expanded_xc_energy": -224.8265615382557,
    "homo": -0.16681713825083244,
    "lumo": -0.10267951850973754,
    "method": "RestrictedKSDFT",
    "mp2_tflops": 0.0,
    "mp2_time": 6.95335580496073e-310,
    "n_atoms": 62,
    "nmers": [
      [
        {
          "fragments": [
            0
          ],
          "hf_energy": -1536.8288116774834,
          "num_basis_fns": 1372,
          "num_iters": 17,
          "schema_version": "0.2.0"
        }
      ]
    ],
    "num_iters": 17,
    "ri_fock_time": 4.166350221000001,
    "ri_tflops": 0.10353597142788057,
    "scf_tflops": 0.03445513625208797,
    "scf_time": 34.674277293,
    "schema_version": "0.2.0",
    "tflops": 0.3278988439138239,
    "total_time": 34.850689,
    "transforms_time": 0.21626560999999997,
    "xc_tflops": 0.0,
    "xc_time": 23.368360313999993
  },
  "schema_version": "0.2.0"
}
