{
  "calculation_time": 22.319714923,
  "qmmbe": {
    "b_formation_time": 2.097172024,
    "b_tflops": 2.9802983197662574,
    "diag_time": 3.9955885500000003,
    "expanded_elec_energy": -4149.932092313837,
    "expanded_hf_energy": -1305.9086557745027,
    "expanded_nuc_repulsion_energy": 3034.878797632796,
    "expanded_xc_energy": -190.85536109346197,
    "homo": -0.1706404819897647,
    "lumo": -0.09779604254601042,
    "method": "RestrictedKSDFT",
    "mp2_tflops": 0.0,
    "mp2_time": 6.95335580497496e-310,
    "n_atoms": 52,
    "nmers": [
      [
        {
          "fragments": [
            0
          ],
          "hf_energy": -1305.9086557745027,
          "num_basis_fns": 1162,
          "num_iters": 17,
          "schema_version": "0.2.0"
        }
      ]
    ],
    "num_iters": 17,
    "ri_fock_time": 1.6756006209999996,
    "ri_tflops": 0.15638843187561702,
    "scf_tflops": 0.034029159279673156,
    "scf_time": 22.164787465,
    "schema_version": "0.2.0",
    "tflops": 0.31006520008868965,
    "total_time": 22.316038,
    "transforms_time": 0.12156444400000001,
    "xc_tflops": 0.0,
    "xc_time": 14.063513298000002
  },
  "schema_version": "0.2.0"
}
