{
  "calculation_time": 32.688336693,
  "qmmbe": {
    "b_formation_time": 2.446411665,
    "b_tflops": 4.808426693205782,
    "diag_time": 5.473281478000001,
    "expanded_elec_energy": -5358.40869779652,
    "expanded_hf_energy": -1536.814947394595,
    "expanded_nuc_repulsion_energy": 4046.4219309299056,
    "expanded_xc_energy": -224.82818052798086,
    "homo": -0.16441084513824247,
    "lumo": -0.10397924516944311,
    "method": "RestrictedKSDFT",
    "mp2_tflops": 0.0,
    "mp2_time": 6.9533558049544e-310,
    "n_atoms": 62,
    "nmers": [
      [
        {
          "fragments": [
            0
          ],
          "hf_energy": -1536.814947394595,
          "num_basis_fns": 1372,
          "num_iters": 18,
          "schema_version": "0.2.0"
        }
      ]
    ],
    "num_iters": 18,
    "ri_fock_time": 3.5413856470000002,
    "ri_tflops": 0.12897258284957408,
    "scf_tflops": 0.03928898593709617,
    "scf_time": 32.48013365,
    "schema_version": "0.2.0",
    "tflops": 0.3955029114386746,
    "total_time": 32.684078,
    "transforms_time": 0.09825794999999998,
    "xc_tflops": 0.0,
    "xc_time": 21.480535495
  },
  "schema_version": "0.2.0"
}
