{
  "calculation_time": 36.165561604,
  "qmmbe": {
    "b_formation_time": 2.810981596,
    "b_tflops": 5.489504936532498,
    "diag_time": 6.912937511999999,
    "expanded_elec_energy": -6034.705681628425,
    "expanded_hf_energy": -1690.3600617815823,
    "expanded_nuc_repulsion_energy": 4591.591054823398,
    "expanded_xc_energy": -247.2454349765552,
    "homo": -0.17045965874242497,
    "lumo": -0.09642534650360052,
    "method": "RestrictedKSDFT",
    "mp2_tflops": 0.0,
    "mp2_time": 6.95335580497496e-310,
    "n_atoms": 68,
    "nmers": [
      [
        {
          "fragments": [
            0
          ],
          "hf_energy": -1690.3600617815823,
          "num_basis_fns": 1508,
          "num_iters": 18,
          "schema_version": "0.2.0"
        }
      ]
    ],
    "num_iters": 18,
    "ri_fock_time": 4.308435622,
    "ri_tflops": 0.14076236324275754,
    "scf_tflops": 0.04722598422919856,
    "scf_time": 35.942394768,
    "schema_version": "0.2.0",
    "tflops": 0.4693838490804593,
    "total_time": 36.160995,
    "transforms_time": 0.10160224600000002,
    "xc_tflops": 0.0,
    "xc_time": 22.633761124000007
  },
  "schema_version": "0.2.0"
}
