{
  "calculation_time": 36.272929601,
  "qmmbe": {
    "b_formation_time": 2.786265763,
    "b_tflops": 5.0957083721377945,
    "diag_time": 6.55993585,
    "expanded_elec_energy": -5876.057545309648,
    "expanded_hf_energy": -1690.3937179394886,
    "expanded_nuc_repulsion_energy": 4432.901237492956,
    "expanded_xc_energy": -247.2374101227967,
    "homo": -0.16282520254747643,
    "lumo": -0.10800500856308932,
    "method": "RestrictedKSDFT",
    "mp2_tflops": 0.0,
    "mp2_time": 6.9533558049955e-310,
    "n_atoms": 68,
    "nmers": [
      [
        {
          "fragments": [
            0
          ],
          "hf_energy": -1690.3937179394886,
          "num_basis_fns": 1508,
          "num_iters": 18,
          "schema_version": "0.2.0"
        }
      ]
    ],
    "num_iters": 18,
    "ri_fock_time": 4.476353947,
    "ri_tflops": 0.1354820434694281,
    "scf_tflops": 0.047268560232134986,
    "scf_time": 36.059903932,
    "schema_version": "0.2.0",
    "tflops": 0.434000991403516,
    "total_time": 36.268319,
    "transforms_time": 0.47376874699999993,
    "xc_tflops": 0.0,
    "xc_time": 23.11204929
  },
  "schema_version": "0.2.0"
}
