{
  "calculation_time": 42.606272522,
  "qmmbe": {
    "b_formation_time": 3.175880197,
    "b_tflops": 5.2227850555585675,
    "diag_time": 7.967622855,
    "expanded_elec_energy": -6201.044899344297,
    "expanded_hf_energy": -1690.3681501914057,
    "expanded_nuc_repulsion_energy": 4757.92811569012,
    "expanded_xc_energy": -247.25136653722853,
    "homo": -0.17128746615452964,
    "lumo": -0.09418772805239602,
    "method": "RestrictedKSDFT",
    "mp2_tflops": 0.0,
    "mp2_time": 6.95335580497496e-310,
    "n_atoms": 68,
    "nmers": [
      [
        {
          "fragments": [
            0
          ],
          "hf_energy": -1690.3681501914057,
          "num_basis_fns": 1508,
          "num_iters": 18,
          "schema_version": "0.2.0"
        }
      ]
    ],
    "num_iters": 18,
    "ri_fock_time": 5.002770435,
    "ri_tflops": 0.1212259462855005,
    "scf_tflops": 0.03989741916702379,
    "scf_time": 42.360352667,
    "schema_version": "0.2.0",
    "tflops": 0.4255579188116864,
    "total_time": 42.601554,
    "transforms_time": 0.17745067700000006,
    "xc_tflops": 0.0,
    "xc_time": 27.043773443000003
  },
  "schema_version": "0.2.0"
}
