{
  "calculation_time": 45.870836066,
  "qmmbe": {
    "b_formation_time": 5.024214576,
    "b_tflops": 3.1134946922187345,
    "diag_time": 8.949084503,
    "expanded_elec_energy": -6067.641120390591,
    "expanded_hf_energy": -1690.3621569608229,
    "expanded_nuc_repulsion_energy": 4624.526046205813,
    "expanded_xc_energy": -247.24708277604518,
    "homo": -0.17208691670776607,
    "lumo": -0.09513603578903969,
    "method": "RestrictedKSDFT",
    "mp2_tflops": 0.0,
    "mp2_time": 6.95335580496863e-310,
    "n_atoms": 68,
    "nmers": [
      [
        {
          "fragments": [
            0
          ],
          "hf_energy": -1690.3621569608229,
          "num_basis_fns": 1508,
          "num_iters": 18,
          "schema_version": "0.2.0"
        }
      ]
    ],
    "num_iters": 18,
    "ri_fock_time": 4.812449079,
    "ri_tflops": 0.12602015524245716,
    "scf_tflops": 0.04090177735303241,
    "scf_time": 43.902832767,
    "schema_version": "0.2.0",
    "tflops": 0.3842721957964951,
    "total_time": 44.143306,
    "transforms_time": 0.448083398,
    "xc_tflops": 0.0,
    "xc_time": 25.358835099000004
  },
  "schema_version": "0.2.0"
}
