{
  "calculation_time": 32.936451532,
  "qmmbe": {
    "b_formation_time": 2.392106958,
    "b_tflops": 3.272581092250642,
    "diag_time": 5.837287322,
    "expanded_elec_energy": -4536.314237365192,
    "expanded_hf_energy": -1383.2680721940383,
    "expanded_nuc_repulsion_energy": 3355.466591191015,
    "expanded_xc_energy": -202.42042601986162,
    "homo": -0.16958402349532342,
    "lumo": -0.09861799587206822,
    "method": "RestrictedKSDFT",
    "mp2_tflops": 0.0,
    "mp2_time": 6.95335580497496e-310,
    "n_atoms": 56,
    "nmers": [
      [
        {
          "fragments": [
            0
          ],
          "hf_energy": -1383.2680721940383,
          "num_basis_fns": 1236,
          "num_iters": 17,
          "schema_version": "0.2.0"
        }
      ]
    ],
    "num_iters": 17,
    "ri_fock_time": 2.7243307709999995,
    "ri_tflops": 0.11576780145981769,
    "scf_tflops": 0.02711872135358183,
    "scf_time": 32.766175294,
    "schema_version": "0.2.0",
    "tflops": 0.2621366227183327,
    "total_time": 32.932721,
    "transforms_time": 0.237497151,
    "xc_tflops": 0.0,
    "xc_time": 21.612425962000003
  },
  "schema_version": "0.2.0"
}
