{
  "calculation_time": 23.159406222,
  "qmmbe": {
    "b_formation_time": 1.620697797,
    "b_tflops": 4.8250674965482165,
    "diag_time": 4.409382642,
    "expanded_elec_energy": -4538.76738442367,
    "expanded_hf_energy": -1383.2634682056892,
    "expanded_nuc_repulsion_energy": 3357.9272005831617,
    "expanded_xc_energy": -202.42328436518125,
    "homo": -0.1669830602606536,
    "lumo": -0.10211930636878853,
    "method": "RestrictedKSDFT",
    "mp2_tflops": 0.0,
    "mp2_time": 6.95335580497496e-310,
    "n_atoms": 56,
    "nmers": [
      [
        {
          "fragments": [
            0
          ],
          "hf_energy": -1383.2634682056892,
          "num_basis_fns": 1236,
          "num_iters": 17,
          "schema_version": "0.2.0"
        }
      ]
    ],
    "num_iters": 17,
    "ri_fock_time": 1.7922658840000003,
    "ri_tflops": 0.17597265373601226,
    "scf_tflops": 0.03829626630339916,
    "scf_time": 22.98986901,
    "schema_version": "0.2.0",
    "tflops": 0.37245545683274095,
    "total_time": 23.155747,
    "transforms_time": 0.32802343100000003,
    "xc_tflops": 0.0,
    "xc_time": 14.62064673
  },
  "schema_version": "0.2.0"
}
