{
  "calculation_time": 38.598236119,
  "qmmbe": {
    "b_formation_time": 2.895567039,
    "b_tflops": 4.664648502556739,
    "diag_time": 6.165491264999999,
    "expanded_elec_energy": -5708.453513770002,
    "expanded_hf_energy": -1612.997584181235,
    "expanded_nuc_repulsion_energy": 4331.144173939865,
    "expanded_xc_energy": -235.68824435109786,
    "homo": -0.16609445736509865,
    "lumo": -0.10255046879187212,
    "method": "RestrictedKSDFT",
    "mp2_tflops": 0.0,
    "mp2_time": 6.95335580496863e-310,
    "n_atoms": 64,
    "nmers": [
      [
        {
          "fragments": [
            0
          ],
          "hf_energy": -1612.997584181235,
          "num_basis_fns": 1434,
          "num_iters": 17,
          "schema_version": "0.2.0"
        }
      ]
    ],
    "num_iters": 17,
    "ri_fock_time": 3.7858372489999996,
    "ri_tflops": 0.1300872182780935,
    "scf_tflops": 0.03594393811072358,
    "scf_time": 38.350099847,
    "schema_version": "0.2.0",
    "tflops": 0.38245321666593296,
    "total_time": 38.593727,
    "transforms_time": 0.29369667499999996,
    "xc_tflops": 0.0,
    "xc_time": 25.416212059
  },
  "schema_version": "0.2.0"
}
