{
  "calculation_time": 31.711796264,
  "qmmbe": {
    "b_formation_time": 2.160126434,
    "b_tflops": 4.3278467453521285,
    "diag_time": 5.118836775,
    "expanded_elec_energy": -4902.031305273751,
    "expanded_hf_energy": -1459.455305914563,
    "expanded_nuc_repulsion_energy": 3655.849275716818,
    "expanded_xc_energy": -213.27327635762978,
    "homo": -0.16801275326939152,
    "lumo": -0.09850142108924158,
    "method": "RestrictedKSDFT",
    "mp2_tflops": 0.0,
    "mp2_time": 6.9533558049544e-310,
    "n_atoms": 58,
    "nmers": [
      [
        {
          "fragments": [
            0
          ],
          "hf_energy": -1459.455305914563,
          "num_basis_fns": 1298,
          "num_iters": 18,
          "schema_version": "0.2.0"
        }
      ]
    ],
    "num_iters": 18,
    "ri_fock_time": 3.2268162789999995,
    "ri_tflops": 0.11984666541469374,
    "scf_tflops": 0.03417923702970122,
    "scf_time": 31.528987505,
    "schema_version": "0.2.0",
    "tflops": 0.32593126633027253,
    "total_time": 31.707849,
    "transforms_time": 0.13440021500000002,
    "xc_tflops": 0.0,
    "xc_time": 20.959579809999997
  },
  "schema_version": "0.2.0"
}
