{
  "calculation_time": 38.042574907,
  "qmmbe": {
    "b_formation_time": 3.016976933,
    "b_tflops": 4.751172780655794,
    "diag_time": 7.62052884,
    "expanded_elec_energy": -5878.436733695393,
    "expanded_hf_energy": -1690.3914059425176,
    "expanded_nuc_repulsion_energy": 4435.285059312079,
    "expanded_xc_energy": -247.23973155920413,
    "homo": -0.16637846494580583,
    "lumo": -0.10387369231136008,
    "method": "RestrictedKSDFT",
    "mp2_tflops": 0.0,
    "mp2_time": 6.95335580497496e-310,
    "n_atoms": 68,
    "nmers": [
      [
        {
          "fragments": [
            0
          ],
          "hf_energy": -1690.3914059425176,
          "num_basis_fns": 1508,
          "num_iters": 17,
          "schema_version": "0.2.0"
        }
      ]
    ],
    "num_iters": 17,
    "ri_fock_time": 3.8826008489999997,
    "ri_tflops": 0.14752303161823166,
    "scf_tflops": 0.042774872926841345,
    "scf_time": 37.805521508,
    "schema_version": "0.2.0",
    "tflops": 0.4151342399155138,
    "total_time": 38.037911,
    "transforms_time": 0.7156607420000002,
    "xc_tflops": 0.0,
    "xc_time": 23.363814326
  },
  "schema_version": "0.2.0"
}
