{
  "calculation_time": 34.901827259,
  "qmmbe": {
    "b_formation_time": 2.827432335,
    "b_tflops": 5.346437654753637,
    "diag_time": 6.611994827999999,
    "expanded_elec_energy": -5986.025742463686,
    "expanded_hf_energy": -1690.371355455863,
    "expanded_nuc_repulsion_energy": 4542.90210148497,
    "expanded_xc_energy": -247.2477144771479,
    "homo": -0.17252390446426502,
    "lumo": -0.09273525276515278,
    "method": "RestrictedKSDFT",
    "mp2_tflops": 0.0,
    "mp2_time": 6.95335580496863e-310,
    "n_atoms": 68,
    "nmers": [
      [
        {
          "fragments": [
            0
          ],
          "hf_energy": -1690.371355455863,
          "num_basis_fns": 1508,
          "num_iters": 17,
          "schema_version": "0.2.0"
        }
      ]
    ],
    "num_iters": 17,
    "ri_fock_time": 4.210973248999999,
    "ri_tflops": 0.13601916087783728,
    "scf_tflops": 0.04644376493123183,
    "scf_time": 34.653143193,
    "schema_version": "0.2.0",
    "tflops": 0.4749188267456559,
    "total_time": 34.89723,
    "transforms_time": 0.09942650800000004,
    "xc_tflops": 0.0,
    "xc_time": 21.845638469999997
  },
  "schema_version": "0.2.0"
}
