{
  "calculation_time": 34.910900035,
  "qmmbe": {
    "b_formation_time": 4.0113714,
    "b_tflops": 2.301173695011138,
    "diag_time": 5.802819669000001,
    "expanded_elec_energy": -4882.275556039867,
    "expanded_hf_energy": -1459.4627443817485,
    "expanded_nuc_repulsion_energy": 3636.0741536689643,
    "expanded_xc_energy": -213.26134201084554,
    "homo": -0.16545920681031995,
    "lumo": -0.10353425650040966,
    "method": "RestrictedKSDFT",
    "mp2_tflops": 0.0,
    "mp2_time": 6.9533558049544e-310,
    "n_atoms": 58,
    "nmers": [
      [
        {
          "fragments": [
            0
          ],
          "hf_energy": -1459.4627443817485,
          "num_basis_fns": 1298,
          "num_iters": 18,
          "schema_version": "0.2.0"
        }
      ]
    ],
    "num_iters": 18,
    "ri_fock_time": 3.254147076,
    "ri_tflops": 0.11884010215646441,
    "scf_tflops": 0.03593781648359978,
    "scf_time": 32.768403172,
    "schema_version": "0.2.0",
    "tflops": 0.3056141947068701,
    "total_time": 32.969307,
    "transforms_time": 0.2931448929999999,
    "xc_tflops": 0.0,
    "xc_time": 18.831280897000006
  },
  "schema_version": "0.2.0"
}
