{
  "calculation_time": 32.932460864,
  "qmmbe": {
    "b_formation_time": 2.5570732,
    "b_tflops": 5.360293752533951,
    "diag_time": 5.917435587000001,
    "expanded_elec_energy": -5749.45401540378,
    "expanded_hf_energy": -1612.989916384161,
    "expanded_nuc_repulsion_energy": 4372.151066988031,
    "expanded_xc_energy": -235.68696796841135,
    "homo": -0.1648087743696908,
    "lumo": -0.1007646641668826,
    "method": "RestrictedKSDFT",
    "mp2_tflops": 0.0,
    "mp2_time": 6.95335580496073e-310,
    "n_atoms": 64,
    "nmers": [
      [
        {
          "fragments": [
            0
          ],
          "hf_energy": -1612.989916384161,
          "num_basis_fns": 1434,
          "num_iters": 17,
          "schema_version": "0.2.0"
        }
      ]
    ],
    "num_iters": 17,
    "ri_fock_time": 3.5983585209999998,
    "ri_tflops": 0.13686491596149655,
    "scf_tflops": 0.042316143471060864,
    "scf_time": 32.694416351,
    "schema_version": "0.2.0",
    "tflops": 0.4543290046189234,
    "total_time": 32.928024,
    "transforms_time": 0.5470934100000001,
    "xc_tflops": 0.0,
    "xc_time": 21.050536609
  },
  "schema_version": "0.2.0"
}
