{
  "calculation_time": 41.656796699,
  "qmmbe": {
    "b_formation_time": 3.05342309,
    "b_tflops": 5.322583279161618,
    "diag_time": 8.126387263,
    "expanded_elec_energy": -6145.676222885807,
    "expanded_hf_energy": -1690.3761883206644,
    "expanded_nuc_repulsion_energy": 4702.554976763856,
    "expanded_xc_energy": -247.25494219871322,
    "homo": -0.17183050072674905,
    "lumo": -0.09138872872325375,
    "method": "RestrictedKSDFT",
    "mp2_tflops": 0.0,
    "mp2_time": 6.95335580497496e-310,
    "n_atoms": 68,
    "nmers": [
      [
        {
          "fragments": [
            0
          ],
          "hf_energy": -1690.3761883206644,
          "num_basis_fns": 1508,
          "num_iters": 18,
          "schema_version": "0.2.0"
        }
      ]
    ],
    "num_iters": 18,
    "ri_fock_time": 5.457192151,
    "ri_tflops": 0.11113143229176355,
    "scf_tflops": 0.04091326479862283,
    "scf_time": 41.435949991,
    "schema_version": "0.2.0",
    "tflops": 0.42721630204239835,
    "total_time": 41.652216,
    "transforms_time": 0.143657321,
    "xc_tflops": 0.0,
    "xc_time": 26.465148855000002
  },
  "schema_version": "0.2.0"
}
