{
  "calculation_time": 43.230406947,
  "qmmbe": {
    "b_formation_time": 3.138119875,
    "b_tflops": 4.87570079091131,
    "diag_time": 7.253141405,
    "expanded_elec_energy": -6021.492904892948,
    "expanded_hf_energy": -1690.3618531837117,
    "expanded_nuc_repulsion_energy": 4578.374383175111,
    "expanded_xc_energy": -247.2433314658745,
    "homo": -0.15900466845305405,
    "lumo": -0.10781809125230564,
    "method": "RestrictedKSDFT",
    "mp2_tflops": 0.0,
    "mp2_time": 6.9533558049955e-310,
    "n_atoms": 68,
    "nmers": [
      [
        {
          "fragments": [
            0
          ],
          "hf_energy": -1690.3618531837117,
          "num_basis_fns": 1508,
          "num_iters": 17,
          "schema_version": "0.2.0"
        }
      ]
    ],
    "num_iters": 17,
    "ri_fock_time": 5.475508345000001,
    "ri_tflops": 0.1046063692572091,
    "scf_tflops": 0.03715633089516431,
    "scf_time": 42.996307918,
    "schema_version": "0.2.0",
    "tflops": 0.38766510586807235,
    "total_time": 43.225954,
    "transforms_time": 0.259610157,
    "xc_tflops": 0.0,
    "xc_time": 28.321167638000002
  },
  "schema_version": "0.2.0"
}
