{
  "calculation_time": 32.382210797,
  "qmmbe": {
    "b_formation_time": 2.485311705,
    "b_tflops": 4.9029810811420935,
    "diag_time": 4.854547744999999,
    "expanded_elec_energy": -5441.1252514508515,
    "expanded_hf_energy": -1536.8036826073883,
    "expanded_nuc_repulsion_energy": 4129.165516403817,
    "expanded_xc_energy": -224.84394756035337,
    "homo": -0.17529631630834347,
    "lumo": -0.08900572557335108,
    "method": "RestrictedKSDFT",
    "mp2_tflops": 0.0,
    "mp2_time": 6.9533558049544e-310,
    "n_atoms": 62,
    "nmers": [
      [
        {
          "fragments": [
            0
          ],
          "hf_energy": -1536.8036826073883,
          "num_basis_fns": 1372,
          "num_iters": 17,
          "schema_version": "0.2.0"
        }
      ]
    ],
    "num_iters": 17,
    "ri_fock_time": 4.255132188,
    "ri_tflops": 0.10137572662407732,
    "scf_tflops": 0.03774227595733318,
    "scf_time": 32.15027358,
    "schema_version": "0.2.0",
    "tflops": 0.41027800323961083,
    "total_time": 32.377967,
    "transforms_time": 0.132533012,
    "xc_tflops": 0.0,
    "xc_time": 21.460191824999995
  },
  "schema_version": "0.2.0"
}
