{
  "calculation_time": 36.566150997,
  "qmmbe": {
    "b_formation_time": 2.609150113,
    "b_tflops": 5.517000389810841,
    "diag_time": 7.525498074,
    "expanded_elec_energy": -5865.791620813627,
    "expanded_hf_energy": -1690.3862718404764,
    "expanded_nuc_repulsion_energy": 4422.652604739006,
    "expanded_xc_energy": -247.24725576585598,
    "homo": -0.16922220923751188,
    "lumo": -0.0973572958391224,
    "method": "RestrictedKSDFT",
    "mp2_tflops": 0.0,
    "mp2_time": 6.9533558049955e-310,
    "n_atoms": 68,
    "nmers": [
      [
        {
          "fragments": [
            0
          ],
          "hf_energy": -1690.3862718404764,
          "num_basis_fns": 1508,
          "num_iters": 17,
          "schema_version": "0.2.0"
        }
      ]
    ],
    "num_iters": 17,
    "ri_fock_time": 4.423360762,
    "ri_tflops": 0.12948820560342983,
    "scf_tflops": 0.04382759281121086,
    "scf_time": 36.32597717,
    "schema_version": "0.2.0",
    "tflops": 0.4335527403324688,
    "total_time": 36.56151,
    "transforms_time": 0.26174570100000005,
    "xc_tflops": 0.0,
    "xc_time": 22.691116842999996
  },
  "schema_version": "0.2.0"
}
