{
  "calculation_time": 30.366098399,
  "qmmbe": {
    "b_formation_time": 1.980565386,
    "b_tflops": 4.984859476739335,
    "diag_time": 4.80279969,
    "expanded_elec_energy": -4999.439000889253,
    "expanded_hf_energy": -1459.449997573813,
    "expanded_nuc_repulsion_energy": 3753.263803284823,
    "expanded_xc_energy": -213.27479996938297,
    "homo": -0.1684865702136983,
    "lumo": -0.0970996567026242,
    "method": "RestrictedKSDFT",
    "mp2_tflops": 0.0,
    "mp2_time": 6.9533558049544e-310,
    "n_atoms": 58,
    "nmers": [
      [
        {
          "fragments": [
            0
          ],
          "hf_energy": -1459.449997573813,
          "num_basis_fns": 1298,
          "num_iters": 17,
          "schema_version": "0.2.0"
        }
      ]
    ],
    "num_iters": 17,
    "ri_fock_time": 3.046348548,
    "ri_tflops": 0.11989388101233123,
    "scf_tflops": 0.033642303887816694,
    "scf_time": 30.171714684,
    "schema_version": "0.2.0",
    "tflops": 0.35583147053485253,
    "total_time": 30.362316,
    "transforms_time": 0.086564701,
    "xc_tflops": 0.0,
    "xc_time": 20.332621764
  },
  "schema_version": "0.2.0"
}
