{
  "calculation_time": 30.309453264,
  "qmmbe": {
    "b_formation_time": 1.825897537,
    "b_tflops": 4.482080532176106,
    "diag_time": 5.103251331999999,
    "expanded_elec_energy": -4615.647068815927,
    "expanded_hf_energy": -1383.2495665809943,
    "expanded_nuc_repulsion_energy": 3434.8254816107396,
    "expanded_xc_energy": -202.42797937580693,
    "homo": -0.17701468378979468,
    "lumo": -0.08840727473536833,
    "method": "RestrictedKSDFT",
    "mp2_tflops": 0.0,
    "mp2_time": 6.95335580497496e-310,
    "n_atoms": 56,
    "nmers": [
      [
        {
          "fragments": [
            0
          ],
          "hf_energy": -1383.2495665809943,
          "num_basis_fns": 1236,
          "num_iters": 17,
          "schema_version": "0.2.0"
        }
      ]
    ],
    "num_iters": 17,
    "ri_fock_time": 3.2203894840000005,
    "ri_tflops": 0.09793529179466168,
    "scf_tflops": 0.028989375763960375,
    "scf_time": 30.117025331,
    "schema_version": "0.2.0",
    "tflops": 0.29658917204856244,
    "total_time": 30.305653,
    "transforms_time": 0.08903624800000003,
    "xc_tflops": 0.0,
    "xc_time": 20.111090622
  },
  "schema_version": "0.2.0"
}
