{
  "calculation_time": 36.420872101,
  "qmmbe": {
    "b_formation_time": 2.829556695,
    "b_tflops": 5.264165982675954,
    "diag_time": 6.784512048000002,
    "expanded_elec_energy": -5951.12453846573,
    "expanded_hf_energy": -1690.3783798482539,
    "expanded_nuc_repulsion_energy": 4507.990653428646,
    "expanded_xc_energy": -247.24449481116895,
    "homo": -0.16485779481664586,
    "lumo": -0.10257436612385068,
    "method": "RestrictedKSDFT",
    "mp2_tflops": 0.0,
    "mp2_time": 6.95335580497496e-310,
    "n_atoms": 68,
    "nmers": [
      [
        {
          "fragments": [
            0
          ],
          "hf_energy": -1690.3783798482539,
          "num_basis_fns": 1508,
          "num_iters": 17,
          "schema_version": "0.2.0"
        }
      ]
    ],
    "num_iters": 17,
    "ri_fock_time": 3.5241265829999997,
    "ri_tflops": 0.16252907899818195,
    "scf_tflops": 0.04440422189941111,
    "scf_time": 36.18337336,
    "schema_version": "0.2.0",
    "tflops": 0.44902674283276606,
    "total_time": 36.416354,
    "transforms_time": 0.9593309270000001,
    "xc_tflops": 0.0,
    "xc_time": 23.255279068
  },
  "schema_version": "0.2.0"
}
