{
  "calculation_time": 39.345505934,
  "qmmbe": {
    "b_formation_time": 2.883786442,
    "b_tflops": 5.273510886221165,
    "diag_time": 7.756340829000001,
    "expanded_elec_energy": -6005.298108661676,
    "expanded_hf_energy": -1690.374364159751,
    "expanded_nuc_repulsion_energy": 4562.166086689744,
    "expanded_xc_energy": -247.24234218781814,
    "homo": -0.1628860288446801,
    "lumo": -0.10784756494442431,
    "method": "RestrictedKSDFT",
    "mp2_tflops": 0.0,
    "mp2_time": 6.9533558049955e-310,
    "n_atoms": 68,
    "nmers": [
      [
        {
          "fragments": [
            0
          ],
          "hf_energy": -1690.374364159751,
          "num_basis_fns": 1508,
          "num_iters": 17,
          "schema_version": "0.2.0"
        }
      ]
    ],
    "num_iters": 17,
    "ri_fock_time": 4.337361123,
    "ri_tflops": 0.13205565125087695,
    "scf_tflops": 0.040727866951548806,
    "scf_time": 39.106458723,
    "schema_version": "0.2.0",
    "tflops": 0.42358708199260936,
    "total_time": 39.341002,
    "transforms_time": 0.14413125000000002,
    "xc_tflops": 0.0,
    "xc_time": 24.797130792
  },
  "schema_version": "0.2.0"
}
