{
  "calculation_time": 34.387996449,
  "qmmbe": {
    "b_formation_time": 2.612203552,
    "b_tflops": 5.262378149949012,
    "diag_time": 6.9254389540000005,
    "expanded_elec_energy": -5750.9481235107705,
    "expanded_hf_energy": -1689.6741579330414,
    "expanded_nuc_repulsion_energy": 4307.62153115281,
    "expanded_xc_energy": -246.3475655750812,
    "homo": -0.17222717812558913,
    "lumo": -0.10562435490628617,
    "method": "RestrictedKSDFT",
    "mp2_tflops": 0.0,
    "mp2_time": 6.9533558049781e-310,
    "n_atoms": 68,
    "nmers": [
      [
        {
          "fragments": [
            0
          ],
          "hf_energy": -1689.6741579330414,
          "num_basis_fns": 1508,
          "num_iters": 18,
          "schema_version": "0.2.0"
        }
      ]
    ],
    "num_iters": 18,
    "ri_fock_time": 4.0355871610000005,
    "ri_tflops": 0.15027939078925023,
    "scf_tflops": 0.04981365738010672,
    "scf_time": 34.152815957,
    "schema_version": "0.2.0",
    "tflops": 0.44466097099483204,
    "total_time": 34.383257,
    "transforms_time": 0.11048228700000001,
    "xc_tflops": 0.0,
    "xc_time": 21.167533668999997
  },
  "schema_version": "0.2.0"
}
