{
  "calculation_time": 39.754812799,
  "qmmbe": {
    "b_formation_time": 3.100441598,
    "b_tflops": 4.940289610127983,
    "diag_time": 8.299910655000001,
    "expanded_elec_energy": -6022.447574541333,
    "expanded_hf_energy": -1689.6681928205592,
    "expanded_nuc_repulsion_energy": 4579.126535347161,
    "expanded_xc_energy": -246.34715362638707,
    "homo": -0.16937829466367316,
    "lumo": -0.1080982914944914,
    "method": "RestrictedKSDFT",
    "mp2_tflops": 0.0,
    "mp2_time": 6.95335580495124e-310,
    "n_atoms": 68,
    "nmers": [
      [
        {
          "fragments": [
            0
          ],
          "hf_energy": -1689.6681928205592,
          "num_basis_fns": 1508,
          "num_iters": 18,
          "schema_version": "0.2.0"
        }
      ]
    ],
    "num_iters": 18,
    "ri_fock_time": 4.894229314,
    "ri_tflops": 0.12391441861892293,
    "scf_tflops": 0.043030536511394414,
    "scf_time": 39.518111507,
    "schema_version": "0.2.0",
    "tflops": 0.42413841120118456,
    "total_time": 39.750157,
    "transforms_time": 0.310390401,
    "xc_tflops": 0.0,
    "xc_time": 24.504856644
  },
  "schema_version": "0.2.0"
}
