{
  "calculation_time": 31.954082145,
  "qmmbe": {
    "b_formation_time": 2.768062994,
    "b_tflops": 5.036324954549788,
    "diag_time": 6.867648255999999,
    "expanded_elec_energy": -5784.680192662717,
    "expanded_hf_energy": -1689.6884923454518,
    "expanded_nuc_repulsion_energy": 4341.351001757983,
    "expanded_xc_energy": -246.35930144071796,
    "homo": -0.17867668367381692,
    "lumo": -0.09785016859671819,
    "method": "RestrictedKSDFT",
    "mp2_tflops": 0.0,
    "mp2_time": 6.95335580495124e-310,
    "n_atoms": 68,
    "nmers": [
      [
        {
          "fragments": [
            0
          ],
          "hf_energy": -1689.6884923454518,
          "num_basis_fns": 1508,
          "num_iters": 17,
          "schema_version": "0.2.0"
        }
      ]
    ],
    "num_iters": 17,
    "ri_fock_time": 3.580375481,
    "ri_tflops": 0.15997569273042397,
    "scf_tflops": 0.05112278538836775,
    "scf_time": 31.726389076,
    "schema_version": "0.2.0",
    "tflops": 0.4819355182671043,
    "total_time": 31.949348,
    "transforms_time": 0.347384994,
    "xc_tflops": 0.0,
    "xc_time": 18.692494152
  },
  "schema_version": "0.2.0"
}
