{
  "calculation_time": 38.530186828,
  "qmmbe": {
    "b_formation_time": 2.795768739,
    "b_tflops": 5.472746491179649,
    "diag_time": 7.421258379999999,
    "expanded_elec_energy": -6014.878536864435,
    "expanded_hf_energy": -1689.657685210731,
    "expanded_nuc_repulsion_energy": 4571.577885413361,
    "expanded_xc_energy": -246.35703375965755,
    "homo": -0.17303220481217577,
    "lumo": -0.1046533242102137,
    "method": "RestrictedKSDFT",
    "mp2_tflops": 0.0,
    "mp2_time": 6.95335580496073e-310,
    "n_atoms": 68,
    "nmers": [
      [
        {
          "fragments": [
            0
          ],
          "hf_energy": -1689.657685210731,
          "num_basis_fns": 1508,
          "num_iters": 18,
          "schema_version": "0.2.0"
        }
      ]
    ],
    "num_iters": 18,
    "ri_fock_time": 4.867414044999999,
    "ri_tflops": 0.12459708059045962,
    "scf_tflops": 0.04438613315156479,
    "scf_time": 38.290610762,
    "schema_version": "0.2.0",
    "tflops": 0.43719025652593835,
    "total_time": 38.525614,
    "transforms_time": 0.517467468,
    "xc_tflops": 0.0,
    "xc_time": 24.010305688000006
  },
  "schema_version": "0.2.0"
}
