{
  "calculation_time": 36.995284281,
  "qmmbe": {
    "b_formation_time": 2.69455785,
    "b_tflops": 5.561060134323708,
    "diag_time": 8.244666560999999,
    "expanded_elec_energy": -5971.337854687645,
    "expanded_hf_energy": -1689.6718457816205,
    "expanded_nuc_repulsion_energy": 4528.012660331198,
    "expanded_xc_energy": -246.346651425174,
    "homo": -0.16419611740001663,
    "lumo": -0.11359938056831365,
    "method": "RestrictedKSDFT",
    "mp2_tflops": 0.0,
    "mp2_time": 6.95335580496073e-310,
    "n_atoms": 68,
    "nmers": [
      [
        {
          "fragments": [
            0
          ],
          "hf_energy": -1689.6718457816205,
          "num_basis_fns": 1508,
          "num_iters": 19,
          "schema_version": "0.2.0"
        }
      ]
    ],
    "num_iters": 19,
    "ri_fock_time": 4.721289956,
    "ri_tflops": 0.13558966261804406,
    "scf_tflops": 0.04851219950721478,
    "scf_time": 36.753522024,
    "schema_version": "0.2.0",
    "tflops": 0.4491106563459262,
    "total_time": 36.990695,
    "transforms_time": 0.11285054400000004,
    "xc_tflops": 0.0,
    "xc_time": 21.752424351
  },
  "schema_version": "0.2.0"
}
