{
  "calculation_time": 33.50825704,
  "qmmbe": {
    "b_formation_time": 2.43438424,
    "b_tflops": 4.533946230836592,
    "diag_time": 5.705500936,
    "expanded_elec_energy": -5236.438468745879,
    "expanded_hf_energy": -1536.1603500327021,
    "expanded_nuc_repulsion_energy": 3924.299839729318,
    "expanded_xc_energy": -224.02172101614156,
    "homo": -0.17291701452615543,
    "lumo": -0.10426489593808676,
    "method": "RestrictedKSDFT",
    "mp2_tflops": 0.0,
    "mp2_time": 6.9533558049955e-310,
    "n_atoms": 62,
    "nmers": [
      [
        {
          "fragments": [
            0
          ],
          "hf_energy": -1536.1603500327021,
          "num_basis_fns": 1372,
          "num_iters": 17,
          "schema_version": "0.2.0"
        }
      ]
    ],
    "num_iters": 17,
    "ri_fock_time": 3.65908224,
    "ri_tflops": 0.11788942941058357,
    "scf_tflops": 0.03619888963317968,
    "scf_time": 33.310903805,
    "schema_version": "0.2.0",
    "tflops": 0.3622204393215473,
    "total_time": 33.504167,
    "transforms_time": 0.090782186,
    "xc_tflops": 0.0,
    "xc_time": 21.833504687
  },
  "schema_version": "0.2.0"
}
