{
  "calculation_time": 30.868281965,
  "qmmbe": {
    "b_formation_time": 2.367495997,
    "b_tflops": 5.307621851626726,
    "diag_time": 6.060688465,
    "expanded_elec_energy": -5552.343537971496,
    "expanded_hf_energy": -1612.3523650142517,
    "expanded_nuc_repulsion_energy": 4174.8363057442975,
    "expanded_xc_energy": -234.84513278705376,
    "homo": -0.16890154982360187,
    "lumo": -0.10748870478485653,
    "method": "RestrictedKSDFT",
    "mp2_tflops": 0.0,
    "mp2_time": 6.95335580495124e-310,
    "n_atoms": 64,
    "nmers": [
      [
        {
          "fragments": [
            0
          ],
          "hf_energy": -1612.3523650142517,
          "num_basis_fns": 1434,
          "num_iters": 18,
          "schema_version": "0.2.0"
        }
      ]
    ],
    "num_iters": 18,
    "ri_fock_time": 3.3016843399999996,
    "ri_tflops": 0.15793726056319485,
    "scf_tflops": 0.04758011229830629,
    "scf_time": 30.64281617,
    "schema_version": "0.2.0",
    "tflops": 0.4501414122972259,
    "total_time": 30.863907,
    "transforms_time": 0.135963464,
    "xc_tflops": 0.0,
    "xc_time": 19.091923618999996
  },
  "schema_version": "0.2.0"
}
