{
  "calculation_time": 32.261148286,
  "qmmbe": {
    "b_formation_time": 2.385718723,
    "b_tflops": 5.383674077891704,
    "diag_time": 4.977106346,
    "expanded_elec_energy": -5546.15261968025,
    "expanded_hf_energy": -1536.1439873826832,
    "expanded_nuc_repulsion_energy": 4234.039420406233,
    "expanded_xc_energy": -224.03078810866677,
    "homo": -0.1741798264250658,
    "lumo": -0.10145713932547164,
    "method": "RestrictedKSDFT",
    "mp2_tflops": 0.0,
    "mp2_time": 6.9533558049955e-310,
    "n_atoms": 62,
    "nmers": [
      [
        {
          "fragments": [
            0
          ],
          "hf_energy": -1536.1439873826832,
          "num_basis_fns": 1372,
          "num_iters": 18,
          "schema_version": "0.2.0"
        }
      ]
    ],
    "num_iters": 18,
    "ri_fock_time": 3.3320565099999997,
    "ri_tflops": 0.13707500229640465,
    "scf_tflops": 0.03989552228083607,
    "scf_time": 32.023453172,
    "schema_version": "0.2.0",
    "tflops": 0.43423659702016687,
    "total_time": 32.257045,
    "transforms_time": 0.103597394,
    "xc_tflops": 0.0,
    "xc_time": 21.725996846
  },
  "schema_version": "0.2.0"
}
