{
  "calculation_time": 57.522454842,
  "qmmbe": {
    "b_formation_time": 3.678322486,
    "b_tflops": 5.184539885661347,
    "diag_time": 9.401831240999998,
    "expanded_elec_energy": -6542.8569596769385,
    "expanded_hf_energy": -1689.6343834068782,
    "expanded_nuc_repulsion_energy": 5099.602179564882,
    "expanded_xc_energy": -246.37960329482183,
    "homo": -0.16443236154351365,
    "lumo": -0.1097807570137506,
    "method": "RestrictedKSDFT",
    "mp2_tflops": 0.0,
    "mp2_time": 6.95335580495124e-310,
    "n_atoms": 68,
    "nmers": [
      [
        {
          "fragments": [
            0
          ],
          "hf_energy": -1689.6343834068782,
          "num_basis_fns": 1508,
          "num_iters": 19,
          "schema_version": "0.2.0"
        }
      ]
    ],
    "num_iters": 19,
    "ri_fock_time": 6.1977199270000005,
    "ri_tflops": 0.103289293449223,
    "scf_tflops": 0.031063539751061204,
    "scf_time": 57.219778507,
    "schema_version": "0.2.0",
    "tflops": 0.3598657858673672,
    "total_time": 57.517907,
    "transforms_time": 0.10767094100000002,
    "xc_tflops": 0.0,
    "xc_time": 39.275919521000006
  },
  "schema_version": "0.2.0"
}
