{
  "calculation_time": 25.680487324,
  "qmmbe": {
    "b_formation_time": 1.83499502,
    "b_tflops": 4.547170293360251,
    "diag_time": 5.095885965999998,
    "expanded_elec_energy": -4646.7643331121835,
    "expanded_hf_energy": -1382.6520434364336,
    "expanded_nuc_repulsion_energy": 3465.806898058712,
    "expanded_xc_energy": -201.69460838296192,
    "homo": -0.1814362776709374,
    "lumo": -0.09504608576007452,
    "method": "RestrictedKSDFT",
    "mp2_tflops": 0.0,
    "mp2_time": 6.9533558049544e-310,
    "n_atoms": 56,
    "nmers": [
      [
        {
          "fragments": [
            0
          ],
          "hf_energy": -1382.6520434364336,
          "num_basis_fns": 1236,
          "num_iters": 17,
          "schema_version": "0.2.0"
        }
      ]
    ],
    "num_iters": 17,
    "ri_fock_time": 2.3596868019999997,
    "ri_tflops": 0.13365747672135347,
    "scf_tflops": 0.0346007321081413,
    "scf_time": 25.50317685,
    "schema_version": "0.2.0",
    "tflops": 0.3562990923050146,
    "total_time": 25.676581,
    "transforms_time": 0.244412585,
    "xc_tflops": 0.0,
    "xc_time": 15.787339189999999
  },
  "schema_version": "0.2.0"
}
