{
  "calculation_time": 29.663622471,
  "qmmbe": {
    "b_formation_time": 2.504275302,
    "b_tflops": 5.367274557830543,
    "diag_time": 5.603502364000001,
    "expanded_elec_energy": -5702.9737401700395,
    "expanded_hf_energy": -1612.3501993105147,
    "expanded_nuc_repulsion_energy": 4325.470436983333,
    "expanded_xc_energy": -234.8468961238078,
    "homo": -0.17432409306792956,
    "lumo": -0.10466212563609652,
    "method": "RestrictedKSDFT",
    "mp2_tflops": 0.0,
    "mp2_time": 6.95335580498286e-310,
    "n_atoms": 64,
    "nmers": [
      [
        {
          "fragments": [
            0
          ],
          "hf_energy": -1612.3501993105147,
          "num_basis_fns": 1434,
          "num_iters": 17,
          "schema_version": "0.2.0"
        }
      ]
    ],
    "num_iters": 17,
    "ri_fock_time": 3.193216032,
    "ri_tflops": 0.15422978954153016,
    "scf_tflops": 0.04758015040245192,
    "scf_time": 29.418052531,
    "schema_version": "0.2.0",
    "tflops": 0.4954486062574113,
    "total_time": 29.659234,
    "transforms_time": 0.09617361600000005,
    "xc_tflops": 0.0,
    "xc_time": 17.911732133
  },
  "schema_version": "0.2.0"
}
