{
  "calculation_time": 39.327495409,
  "qmmbe": {
    "b_formation_time": 2.93627532,
    "b_tflops": 5.184568168377344,
    "diag_time": 8.118461461,
    "expanded_elec_energy": -6008.7462556146,
    "expanded_hf_energy": -1689.6695243968868,
    "expanded_nuc_repulsion_energy": 4565.430880072886,
    "expanded_xc_energy": -246.35414885517253,
    "homo": -0.16934846691512215,
    "lumo": -0.10835386513598144,
    "method": "RestrictedKSDFT",
    "mp2_tflops": 0.0,
    "mp2_time": 6.9533558049718e-310,
    "n_atoms": 68,
    "nmers": [
      [
        {
          "fragments": [
            0
          ],
          "hf_energy": -1689.6695243968868,
          "num_basis_fns": 1508,
          "num_iters": 17,
          "schema_version": "0.2.0"
        }
      ]
    ],
    "num_iters": 17,
    "ri_fock_time": 4.308404264,
    "ri_tflops": 0.13294319954929837,
    "scf_tflops": 0.04107676979349149,
    "scf_time": 39.092998149,
    "schema_version": "0.2.0",
    "tflops": 0.4241811889781004,
    "total_time": 39.322771,
    "transforms_time": 0.10075967399999998,
    "xc_tflops": 0.0,
    "xc_time": 23.994003127
  },
  "schema_version": "0.2.0"
}
