{
  "calculation_time": 23.740278981,
  "qmmbe": {
    "b_formation_time": 2.004032716,
    "b_tflops": 4.304493921984455,
    "diag_time": 4.142419416,
    "expanded_elec_energy": -4746.0307480526035,
    "expanded_hf_energy": -1458.8530814198175,
    "expanded_nuc_repulsion_energy": 3499.6675190227083,
    "expanded_xc_energy": -212.48985238992245,
    "homo": -0.164262746987092,
    "lumo": -0.11432721847188912,
    "method": "RestrictedKSDFT",
    "mp2_tflops": 0.0,
    "mp2_time": 6.9533558049544e-310,
    "n_atoms": 58,
    "nmers": [
      [
        {
          "fragments": [
            0
          ],
          "hf_energy": -1458.8530814198175,
          "num_basis_fns": 1298,
          "num_iters": 17,
          "schema_version": "0.2.0"
        }
      ]
    ],
    "num_iters": 17,
    "ri_fock_time": 2.32373924,
    "ri_tflops": 0.15717708082254528,
    "scf_tflops": 0.04413487968837736,
    "scf_time": 23.546810884,
    "schema_version": "0.2.0",
    "tflops": 0.40264887040579206,
    "total_time": 23.736249,
    "transforms_time": 0.29248475500000004,
    "xc_tflops": 0.0,
    "xc_time": 14.906723899
  },
  "schema_version": "0.2.0"
}
