{
  "calculation_time": 34.73490503,
  "qmmbe": {
    "b_formation_time": 2.411578458,
    "b_tflops": 5.307416245448979,
    "diag_time": 7.008424171999999,
    "expanded_elec_energy": -5592.939251625504,
    "expanded_hf_energy": -1612.3420332963192,
    "expanded_nuc_repulsion_energy": 4215.431361445004,
    "expanded_xc_energy": -234.83414311581922,
    "homo": -0.1651439298401714,
    "lumo": -0.11049551227782017,
    "method": "RestrictedKSDFT",
    "mp2_tflops": 0.0,
    "mp2_time": 6.95335580498286e-310,
    "n_atoms": 64,
    "nmers": [
      [
        {
          "fragments": [
            0
          ],
          "hf_energy": -1612.3420332963192,
          "num_basis_fns": 1434,
          "num_iters": 19,
          "schema_version": "0.2.0"
        }
      ]
    ],
    "num_iters": 19,
    "ri_fock_time": 3.751666431,
    "ri_tflops": 0.14671584837175522,
    "scf_tflops": 0.04437249276448499,
    "scf_time": 34.519772712,
    "schema_version": "0.2.0",
    "tflops": 0.4088762968225802,
    "total_time": 34.730451,
    "transforms_time": 0.186117822,
    "xc_tflops": 0.0,
    "xc_time": 21.617901966999998
  },
  "schema_version": "0.2.0"
}
