{
  "calculation_time": 40.136676013,
  "qmmbe": {
    "b_formation_time": 2.912349234,
    "b_tflops": 5.094400481351062,
    "diag_time": 8.35662256,
    "expanded_elec_energy": -5951.117565570865,
    "expanded_hf_energy": -1689.6580799512997,
    "expanded_nuc_repulsion_energy": 4507.809925140733,
    "expanded_xc_energy": -246.35043952116789,
    "homo": -0.1672744723771438,
    "lumo": -0.10999289345928662,
    "method": "RestrictedKSDFT",
    "mp2_tflops": 0.0,
    "mp2_time": 6.95335580495124e-310,
    "n_atoms": 68,
    "nmers": [
      [
        {
          "fragments": [
            0
          ],
          "hf_energy": -1689.6580799512997,
          "num_basis_fns": 1508,
          "num_iters": 19,
          "schema_version": "0.2.0"
        }
      ]
    ],
    "num_iters": 19,
    "ri_fock_time": 4.976450771,
    "ri_tflops": 0.12863748517045262,
    "scf_tflops": 0.04482441861170508,
    "scf_time": 39.891574631,
    "schema_version": "0.2.0",
    "tflops": 0.4102705976994482,
    "total_time": 40.132027,
    "transforms_time": 0.4334082090000001,
    "xc_tflops": 0.0,
    "xc_time": 24.306386144000005
  },
  "schema_version": "0.2.0"
}
