{
  "calculation_time": 40.135419008,
  "qmmbe": {
    "b_formation_time": 2.976370498,
    "b_tflops": 4.971775804193581,
    "diag_time": 9.263148721999999,
    "expanded_elec_energy": -5943.162995604944,
    "expanded_hf_energy": -1689.663959868941,
    "expanded_nuc_repulsion_energy": 4499.843591857982,
    "expanded_xc_energy": -246.344556121979,
    "homo": -0.16665614130771553,
    "lumo": -0.11187069441323343,
    "method": "RestrictedKSDFT",
    "mp2_tflops": 0.0,
    "mp2_time": 6.95335580495124e-310,
    "n_atoms": 68,
    "nmers": [
      [
        {
          "fragments": [
            0
          ],
          "hf_energy": -1689.663959868941,
          "num_basis_fns": 1508,
          "num_iters": 18,
          "schema_version": "0.2.0"
        }
      ]
    ],
    "num_iters": 18,
    "ri_fock_time": 4.413359195,
    "ri_tflops": 0.13741586697023875,
    "scf_tflops": 0.042339103041535014,
    "scf_time": 39.91415992,
    "schema_version": "0.2.0",
    "tflops": 0.40717716946207766,
    "total_time": 40.130777,
    "transforms_time": 0.17795066700000006,
    "xc_tflops": 0.0,
    "xc_time": 23.876308791
  },
  "schema_version": "0.2.0"
}
