{
  "calculation_time": 37.868836259,
  "qmmbe": {
    "b_formation_time": 3.102560395,
    "b_tflops": 4.752897425284126,
    "diag_time": 8.782240909,
    "expanded_elec_energy": -5920.247063202663,
    "expanded_hf_energy": -1689.6722988422664,
    "expanded_nuc_repulsion_energy": 4476.929137542057,
    "expanded_xc_energy": -246.3543731816601,
    "homo": -0.17155577435196337,
    "lumo": -0.10813518387571663,
    "method": "RestrictedKSDFT",
    "mp2_tflops": 0.0,
    "mp2_time": 6.9533558049781e-310,
    "n_atoms": 68,
    "nmers": [
      [
        {
          "fragments": [
            0
          ],
          "hf_energy": -1689.6722988422664,
          "num_basis_fns": 1508,
          "num_iters": 17,
          "schema_version": "0.2.0"
        }
      ]
    ],
    "num_iters": 17,
    "ri_fock_time": 4.234594795,
    "ri_tflops": 0.13526041464092434,
    "scf_tflops": 0.042950398473727586,
    "scf_time": 37.646403607,
    "schema_version": "0.2.0",
    "tflops": 0.42791875315934796,
    "total_time": 37.864224,
    "transforms_time": 0.41613651400000007,
    "xc_tflops": 0.0,
    "xc_time": 21.986880511000003
  },
  "schema_version": "0.2.0"
}
