{
  "calculation_time": 34.051250707,
  "qmmbe": {
    "b_formation_time": 4.753524618,
    "b_tflops": 2.8239561262278494,
    "diag_time": 7.017101251000001,
    "expanded_elec_energy": -5704.455858311655,
    "expanded_hf_energy": -1689.6890426651908,
    "expanded_nuc_repulsion_energy": 4261.111580475905,
    "expanded_xc_energy": -246.3447648294404,
    "homo": -0.17377708775139916,
    "lumo": -0.10848476249090878,
    "method": "RestrictedKSDFT",
    "mp2_tflops": 0.0,
    "mp2_time": 6.9533558049718e-310,
    "n_atoms": 68,
    "nmers": [
      [
        {
          "fragments": [
            0
          ],
          "hf_energy": -1689.6890426651908,
          "num_basis_fns": 1508,
          "num_iters": 17,
          "schema_version": "0.2.0"
        }
      ]
    ],
    "num_iters": 17,
    "ri_fock_time": 3.150237013,
    "ri_tflops": 0.18181903312174688,
    "scf_tflops": 0.0549323208236644,
    "scf_time": 32.130489664,
    "schema_version": "0.2.0",
    "tflops": 0.4517638696976528,
    "total_time": 32.362212,
    "transforms_time": 0.5440180849999999,
    "xc_tflops": 0.0,
    "xc_time": 16.943714989
  },
  "schema_version": "0.2.0"
}
