{
  "calculation_time": 35.971991335,
  "qmmbe": {
    "b_formation_time": 2.829762344,
    "b_tflops": 5.471466394934824,
    "diag_time": 6.901960968,
    "expanded_elec_energy": -6053.788690409634,
    "expanded_hf_energy": -1689.6683690891132,
    "expanded_nuc_repulsion_energy": 4610.478827098655,
    "expanded_xc_energy": -246.35850577813392,
    "homo": -0.17115367099453344,
    "lumo": -0.10555345920684722,
    "method": "RestrictedKSDFT",
    "mp2_tflops": 0.0,
    "mp2_time": 6.95335580496073e-310,
    "n_atoms": 68,
    "nmers": [
      [
        {
          "fragments": [
            0
          ],
          "hf_energy": -1689.6683690891132,
          "num_basis_fns": 1508,
          "num_iters": 18,
          "schema_version": "0.2.0"
        }
      ]
    ],
    "num_iters": 18,
    "ri_fock_time": 4.251444329,
    "ri_tflops": 0.14264930529494885,
    "scf_tflops": 0.04771182349989538,
    "scf_time": 35.723659908,
    "schema_version": "0.2.0",
    "tflops": 0.4733570724742099,
    "total_time": 35.967433,
    "transforms_time": 0.114774719,
    "xc_tflops": 0.0,
    "xc_time": 22.485459805999998
  },
  "schema_version": "0.2.0"
}
