{
  "calculation_time": 47.720418807,
  "qmmbe": {
    "b_formation_time": 3.311033215,
    "b_tflops": 5.4147828901535195,
    "diag_time": 8.291192129999999,
    "expanded_elec_energy": -6391.926832514689,
    "expanded_hf_energy": -1689.6543484611336,
    "expanded_nuc_repulsion_energy": 4948.650451711833,
    "expanded_xc_energy": -246.3779676582779,
    "homo": -0.17323880729205304,
    "lumo": -0.10506352615064116,
    "method": "RestrictedKSDFT",
    "mp2_tflops": 0.0,
    "mp2_time": 6.95335580495124e-310,
    "n_atoms": 68,
    "nmers": [
      [
        {
          "fragments": [
            0
          ],
          "hf_energy": -1689.6543484611336,
          "num_basis_fns": 1508,
          "num_iters": 18,
          "schema_version": "0.2.0"
        }
      ]
    ],
    "num_iters": 18,
    "ri_fock_time": 5.968691839999999,
    "ri_tflops": 0.10160778882362272,
    "scf_tflops": 0.035748972657687915,
    "scf_time": 47.439440858,
    "schema_version": "0.2.0",
    "tflops": 0.4080616916579325,
    "total_time": 47.715861,
    "transforms_time": 0.10906210700000003,
    "xc_tflops": 0.0,
    "xc_time": 31.249697970000003
  },
  "schema_version": "0.2.0"
}
