{
  "calculation_time": 29.217247884,
  "qmmbe": {
    "b_formation_time": 2.477489097,
    "b_tflops": 4.6752973270323945,
    "diag_time": 5.223956884,
    "expanded_elec_energy": -5337.957567106504,
    "expanded_hf_energy": -1536.1638437739439,
    "expanded_nuc_repulsion_energy": 4025.8239900875556,
    "expanded_xc_energy": -224.03026675499538,
    "homo": -0.17563632563373752,
    "lumo": -0.10059755987434721,
    "method": "RestrictedKSDFT",
    "mp2_tflops": 0.0,
    "mp2_time": 6.9533558049955e-310,
    "n_atoms": 62,
    "nmers": [
      [
        {
          "fragments": [
            0
          ],
          "hf_energy": -1536.1638437739439,
          "num_basis_fns": 1372,
          "num_iters": 17,
          "schema_version": "0.2.0"
        }
      ]
    ],
    "num_iters": 17,
    "ri_fock_time": 3.3768083859999996,
    "ri_tflops": 0.12774403168045204,
    "scf_tflops": 0.04213808950505098,
    "scf_time": 29.000975137,
    "schema_version": "0.2.0",
    "tflops": 0.43410506949691435,
    "total_time": 29.213042,
    "transforms_time": 0.13879631700000006,
    "xc_tflops": 0.0,
    "xc_time": 18.740034091000002
  },
  "schema_version": "0.2.0"
}
