{
  "calculation_time": 33.967665028,
  "qmmbe": {
    "b_formation_time": 2.887470125,
    "b_tflops": 5.000997652093803,
    "diag_time": 7.128214110000001,
    "expanded_elec_energy": -5876.980570684753,
    "expanded_hf_energy": -1689.677147521511,
    "expanded_nuc_repulsion_energy": 4433.652910797966,
    "expanded_xc_energy": -246.34948763472403,
    "homo": -0.17529036566056516,
    "lumo": -0.1043434165772488,
    "method": "RestrictedKSDFT",
    "mp2_tflops": 0.0,
    "mp2_time": 6.95335580496073e-310,
    "n_atoms": 68,
    "nmers": [
      [
        {
          "fragments": [
            0
          ],
          "hf_energy": -1689.677147521511,
          "num_basis_fns": 1508,
          "num_iters": 17,
          "schema_version": "0.2.0"
        }
      ]
    ],
    "num_iters": 17,
    "ri_fock_time": 4.096307094,
    "ri_tflops": 0.1398266864920748,
    "scf_tflops": 0.048066620078360954,
    "scf_time": 33.743681455,
    "schema_version": "0.2.0",
    "tflops": 0.4680617490714738,
    "total_time": 33.963237,
    "transforms_time": 0.3856878709999999,
    "xc_tflops": 0.0,
    "xc_time": 20.53162776
  },
  "schema_version": "0.2.0"
}
