{
  "calculation_time": 32.910097592,
  "qmmbe": {
    "b_formation_time": 2.392879578,
    "b_tflops": 4.519828511152934,
    "diag_time": 5.382372907000001,
    "expanded_elec_energy": -5222.749799946018,
    "expanded_hf_energy": -1535.0264818448277,
    "expanded_nuc_repulsion_energy": 3911.053572221309,
    "expanded_xc_energy": -223.3302541201183,
    "homo": -0.174517055374901,
    "lumo": -0.1045267556721043,
    "method": "RestrictedKSDFT",
    "mp2_tflops": 0.0,
    "mp2_time": 6.9533558049544e-310,
    "n_atoms": 60,
    "nmers": [
      [
        {
          "fragments": [
            0
          ],
          "hf_energy": -1535.0264818448277,
          "num_basis_fns": 1360,
          "num_iters": 17,
          "schema_version": "0.2.0"
        }
      ]
    ],
    "num_iters": 17,
    "ri_fock_time": 4.085178423,
    "ri_tflops": 0.10283055193743736,
    "scf_tflops": 0.0360874326269008,
    "scf_time": 32.693909766,
    "schema_version": "0.2.0",
    "tflops": 0.3611971076821744,
    "total_time": 32.906025,
    "transforms_time": 0.17328396599999998,
    "xc_tflops": 0.0,
    "xc_time": 21.437838256
  },
  "schema_version": "0.2.0"
}
