{
  "calculation_time": 31.82187295,
  "qmmbe": {
    "b_formation_time": 4.077444277,
    "b_tflops": 1.986194325500037,
    "diag_time": 4.988063073,
    "expanded_elec_energy": -4594.561977874996,
    "expanded_hf_energy": -1382.6537563296351,
    "expanded_nuc_repulsion_energy": 3413.592948737773,
    "expanded_xc_energy": -201.68472719241214,
    "homo": -0.16543026188900137,
    "lumo": -0.11098185498902877,
    "method": "RestrictedKSDFT",
    "mp2_tflops": 0.0,
    "mp2_time": 6.9533558049544e-310,
    "n_atoms": 56,
    "nmers": [
      [
        {
          "fragments": [
            0
          ],
          "hf_energy": -1382.6537563296351,
          "num_basis_fns": 1236,
          "num_iters": 18,
          "schema_version": "0.2.0"
        }
      ]
    ],
    "num_iters": 18,
    "ri_fock_time": 2.6990594400000005,
    "ri_tflops": 0.12372536857950782,
    "scf_tflops": 0.034242436365988456,
    "scf_time": 29.873846884,
    "schema_version": "0.2.0",
    "tflops": 0.29109820220680976,
    "total_time": 30.145018,
    "transforms_time": 0.6578389649999998,
    "xc_tflops": 0.0,
    "xc_time": 17.474920975
  },
  "schema_version": "0.2.0"
}
