{
  "calculation_time": 30.989295981,
  "qmmbe": {
    "b_formation_time": 2.566760311,
    "b_tflops": 5.3008604918092805,
    "diag_time": 5.497153507,
    "expanded_elec_energy": -5728.591897471091,
    "expanded_hf_energy": -1612.3448232340277,
    "expanded_nuc_repulsion_energy": 4351.094566974015,
    "expanded_xc_energy": -234.84749273695132,
    "homo": -0.17303983625114588,
    "lumo": -0.1022330001443969,
    "method": "RestrictedKSDFT",
    "mp2_tflops": 0.0,
    "mp2_time": 6.95335580498286e-310,
    "n_atoms": 64,
    "nmers": [
      [
        {
          "fragments": [
            0
          ],
          "hf_energy": -1612.3448232340277,
          "num_basis_fns": 1434,
          "num_iters": 17,
          "schema_version": "0.2.0"
        }
      ]
    ],
    "num_iters": 17,
    "ri_fock_time": 3.087575124,
    "ri_tflops": 0.15950673807022162,
    "scf_tflops": 0.045238044284947154,
    "scf_time": 30.779512781,
    "schema_version": "0.2.0",
    "tflops": 0.47957345710068267,
    "total_time": 30.984891,
    "transforms_time": 0.17632897200000006,
    "xc_tflops": 0.0,
    "xc_time": 20.087866566000002
  },
  "schema_version": "0.2.0"
}
