{
  "calculation_time": 29.874507325,
  "qmmbe": {
    "b_formation_time": 2.079315727,
    "b_tflops": 5.198040190534277,
    "diag_time": 6.331528395999999,
    "expanded_elec_energy": -5203.087674379847,
    "expanded_hf_energy": -1536.1753855499594,
    "expanded_nuc_repulsion_energy": 3890.9288618197143,
    "expanded_xc_energy": -224.01657298982653,
    "homo": -0.16528431382847328,
    "lumo": -0.1125554734939456,
    "method": "RestrictedKSDFT",
    "mp2_tflops": 0.0,
    "mp2_time": 6.9533558049955e-310,
    "n_atoms": 62,
    "nmers": [
      [
        {
          "fragments": [
            0
          ],
          "hf_energy": -1536.1753855499594,
          "num_basis_fns": 1372,
          "num_iters": 18,
          "schema_version": "0.2.0"
        }
      ]
    ],
    "num_iters": 18,
    "ri_fock_time": 3.1516065720000004,
    "ri_tflops": 0.14492343613503544,
    "scf_tflops": 0.04272681811052249,
    "scf_time": 29.680613949,
    "schema_version": "0.2.0",
    "tflops": 0.40077993141264684,
    "total_time": 29.870343,
    "transforms_time": 0.09365981000000001,
    "xc_tflops": 0.0,
    "xc_time": 18.255144351
  },
  "schema_version": "0.2.0"
}
