{
  "calculation_time": 39.898800857,
  "qmmbe": {
    "b_formation_time": 2.873111657,
    "b_tflops": 5.460034765210658,
    "diag_time": 7.815915808,
    "expanded_elec_energy": -6075.411033950247,
    "expanded_hf_energy": -1689.656095548965,
    "expanded_nuc_repulsion_energy": 4632.117513032479,
    "expanded_xc_energy": -246.3625746311974,
    "homo": -0.17740450723383228,
    "lumo": -0.0992799609816321,
    "method": "RestrictedKSDFT",
    "mp2_tflops": 0.0,
    "mp2_time": 6.9533558049718e-310,
    "n_atoms": 68,
    "nmers": [
      [
        {
          "fragments": [
            0
          ],
          "hf_energy": -1689.656095548965,
          "num_basis_fns": 1508,
          "num_iters": 18,
          "schema_version": "0.2.0"
        }
      ]
    ],
    "num_iters": 18,
    "ri_fock_time": 4.415339542999999,
    "ri_tflops": 0.1373542338308907,
    "scf_tflops": 0.042545459348896995,
    "scf_time": 39.667516464,
    "schema_version": "0.2.0",
    "tflops": 0.43188379564969326,
    "total_time": 39.894288,
    "transforms_time": 0.177099009,
    "xc_tflops": 0.0,
    "xc_time": 25.402593822000004
  },
  "schema_version": "0.2.0"
}
