{
  "calculation_time": 35.274998176,
  "qmmbe": {
    "b_formation_time": 4.181314525,
    "b_tflops": 2.504943044340822,
    "diag_time": 6.249595946,
    "expanded_elec_energy": -5165.205133327316,
    "expanded_hf_energy": -1535.0305719465664,
    "expanded_nuc_repulsion_energy": 3853.498154390819,
    "expanded_xc_energy": -223.32359301006943,
    "homo": -0.16651354214468345,
    "lumo": -0.11170484712836978,
    "method": "RestrictedKSDFT",
    "mp2_tflops": 0.0,
    "mp2_time": 6.9533558049955e-310,
    "n_atoms": 60,
    "nmers": [
      [
        {
          "fragments": [
            0
          ],
          "hf_energy": -1535.0305719465664,
          "num_basis_fns": 1360,
          "num_iters": 18,
          "schema_version": "0.2.0"
        }
      ]
    ],
    "num_iters": 18,
    "ri_fock_time": 3.2433905380000008,
    "ri_tflops": 0.13713791256056254,
    "scf_tflops": 0.03999936619823728,
    "scf_time": 33.342302659,
    "schema_version": "0.2.0",
    "tflops": 0.3396369432193068,
    "total_time": 33.600932,
    "transforms_time": 0.8324041169999998,
    "xc_tflops": 0.0,
    "xc_time": 19.124691605
  },
  "schema_version": "0.2.0"
}
