{
  "calculation_time": 30.889167251,
  "qmmbe": {
    "b_formation_time": 2.503834665,
    "b_tflops": 5.287227944739714,
    "diag_time": 5.821227671,
    "expanded_elec_energy": -5669.914765426494,
    "expanded_hf_energy": -1612.3306548954852,
    "expanded_nuc_repulsion_energy": 4292.427533044679,
    "expanded_xc_energy": -234.84342251366974,
    "homo": -0.17312293028951992,
    "lumo": -0.10447646717250951,
    "method": "RestrictedKSDFT",
    "mp2_tflops": 0.0,
    "mp2_time": 6.95335580498286e-310,
    "n_atoms": 64,
    "nmers": [
      [
        {
          "fragments": [
            0
          ],
          "hf_energy": -1612.3306548954852,
          "num_basis_fns": 1434,
          "num_iters": 17,
          "schema_version": "0.2.0"
        }
      ]
    ],
    "num_iters": 17,
    "ri_fock_time": 3.2514107450000007,
    "ri_tflops": 0.15146933906561838,
    "scf_tflops": 0.0452235101102237,
    "scf_time": 30.655026711,
    "schema_version": "0.2.0",
    "tflops": 0.46922216904117836,
    "total_time": 30.884809,
    "transforms_time": 0.1758130960000001,
    "xc_tflops": 0.0,
    "xc_time": 19.295950582
  },
  "schema_version": "0.2.0"
}
