{
  "calculation_time": 28.324370065,
  "qmmbe": {
    "b_formation_time": 2.293229629,
    "b_tflops": 5.194344990540849,
    "diag_time": 5.005000360000001,
    "expanded_elec_energy": -5393.575601657446,
    "expanded_hf_energy": -1536.1604588158343,
    "expanded_nuc_repulsion_energy": 4081.445798231254,
    "expanded_xc_energy": -224.0306553896421,
    "homo": -0.17723719138813548,
    "lumo": -0.09738527486699203,
    "method": "RestrictedKSDFT",
    "mp2_tflops": 0.0,
    "mp2_time": 6.9533558049955e-310,
    "n_atoms": 62,
    "nmers": [
      [
        {
          "fragments": [
            0
          ],
          "hf_energy": -1536.1604588158343,
          "num_basis_fns": 1372,
          "num_iters": 17,
          "schema_version": "0.2.0"
        }
      ]
    ],
    "num_iters": 17,
    "ri_fock_time": 2.978935499,
    "ri_tflops": 0.14480579307098318,
    "scf_tflops": 0.04329147742310468,
    "scf_time": 28.109996281,
    "schema_version": "0.2.0",
    "tflops": 0.4594010906048371,
    "total_time": 28.32026,
    "transforms_time": 0.128725207,
    "xc_tflops": 0.0,
    "xc_time": 17.763612334999998
  },
  "schema_version": "0.2.0"
}
