{
  "calculation_time": 34.399474599,
  "qmmbe": {
    "b_formation_time": 2.727388883,
    "b_tflops": 4.477023268874269,
    "diag_time": 7.894026491999999,
    "expanded_elec_energy": -5484.120723034666,
    "expanded_hf_energy": -1612.3564311101743,
    "expanded_nuc_repulsion_energy": 4106.60570477024,
    "expanded_xc_energy": -234.8414128457477,
    "homo": -0.174779986732764,
    "lumo": -0.10198567537422344,
    "method": "RestrictedKSDFT",
    "mp2_tflops": 0.0,
    "mp2_time": 6.95335580495124e-310,
    "n_atoms": 64,
    "nmers": [
      [
        {
          "fragments": [
            0
          ],
          "hf_energy": -1612.3564311101743,
          "num_basis_fns": 1434,
          "num_iters": 18,
          "schema_version": "0.2.0"
        }
      ]
    ],
    "num_iters": 18,
    "ri_fock_time": 3.629993788,
    "ri_tflops": 0.14365285737618458,
    "scf_tflops": 0.04286457821577182,
    "scf_time": 34.189010251,
    "schema_version": "0.2.0",
    "tflops": 0.39360090133580766,
    "total_time": 34.395078,
    "transforms_time": 0.10220119099999998,
    "xc_tflops": 0.0,
    "xc_time": 20.373788372
  },
  "schema_version": "0.2.0"
}
