{
  "calculation_time": 39.559423567,
  "qmmbe": {
    "b_formation_time": 3.23478257,
    "b_tflops": 4.881264690855558,
    "diag_time": 9.070149213,
    "expanded_elec_energy": -6082.697399214254,
    "expanded_hf_energy": -1689.6622791505135,
    "expanded_nuc_repulsion_energy": 4639.4014448414755,
    "expanded_xc_energy": -246.36632477773514,
    "homo": -0.17901946215907724,
    "lumo": -0.09821427482966,
    "method": "RestrictedKSDFT",
    "mp2_tflops": 0.0,
    "mp2_time": 6.9533558049781e-310,
    "n_atoms": 68,
    "nmers": [
      [
        {
          "fragments": [
            0
          ],
          "hf_energy": -1689.6622791505135,
          "num_basis_fns": 1508,
          "num_iters": 17,
          "schema_version": "0.2.0"
        }
      ]
    ],
    "num_iters": 17,
    "ri_fock_time": 5.346828597,
    "ri_tflops": 0.10712388426465955,
    "scf_tflops": 0.040970892837443214,
    "scf_time": 39.321965994,
    "schema_version": "0.2.0",
    "tflops": 0.43601551034621366,
    "total_time": 39.554765,
    "transforms_time": 0.221058736,
    "xc_tflops": 0.0,
    "xc_time": 23.395454007
  },
  "schema_version": "0.2.0"
}
