{
  "calculation_time": 28.09574408,
  "qmmbe": {
    "b_formation_time": 2.502894399,
    "b_tflops": 4.5869220984085155,
    "diag_time": 4.925705302,
    "expanded_elec_energy": -5322.538848218643,
    "expanded_hf_energy": -1536.1656276148178,
    "expanded_nuc_repulsion_energy": 4010.4036959235596,
    "expanded_xc_energy": -224.0304753197346,
    "homo": -0.18111634617934957,
    "lumo": -0.093058646979691,
    "method": "RestrictedKSDFT",
    "mp2_tflops": 0.0,
    "mp2_time": 6.9533558049955e-310,
    "n_atoms": 62,
    "nmers": [
      [
        {
          "fragments": [
            0
          ],
          "hf_energy": -1536.1656276148178,
          "num_basis_fns": 1372,
          "num_iters": 17,
          "schema_version": "0.2.0"
        }
      ]
    ],
    "num_iters": 17,
    "ri_fock_time": 2.856853952,
    "ri_tflops": 0.15099375910974114,
    "scf_tflops": 0.04413039817181857,
    "scf_time": 27.87961167,
    "schema_version": "0.2.0",
    "tflops": 0.4477888123989022,
    "total_time": 28.09162,
    "transforms_time": 0.09608956599999996,
    "xc_tflops": 0.0,
    "xc_time": 17.453073872999997
  },
  "schema_version": "0.2.0"
}
