{
  "calculation_time": 33.201776255,
  "qmmbe": {
    "b_formation_time": 2.592465165,
    "b_tflops": 5.679338224609085,
    "diag_time": 7.609818566,
    "expanded_elec_energy": -5927.334608977771,
    "expanded_hf_energy": -1689.6777938929924,
    "expanded_nuc_repulsion_energy": 4484.022132060015,
    "expanded_xc_energy": -246.3653169752367,
    "homo": -0.18406635137581698,
    "lumo": -0.09186866151794264,
    "method": "RestrictedKSDFT",
    "mp2_tflops": 0.0,
    "mp2_time": 6.9533558049718e-310,
    "n_atoms": 68,
    "nmers": [
      [
        {
          "fragments": [
            0
          ],
          "hf_energy": -1689.6777938929924,
          "num_basis_fns": 1508,
          "num_iters": 17,
          "schema_version": "0.2.0"
        }
      ]
    ],
    "num_iters": 17,
    "ri_fock_time": 3.9356888700000003,
    "ri_tflops": 0.14553311166794544,
    "scf_tflops": 0.04888841898936996,
    "scf_time": 32.96657726,
    "schema_version": "0.2.0",
    "tflops": 0.48739384132020974,
    "total_time": 33.197274,
    "transforms_time": 0.102562112,
    "xc_tflops": 0.0,
    "xc_time": 19.440039962
  },
  "schema_version": "0.2.0"
}
