{
  "calculation_time": 36.290258072,
  "qmmbe": {
    "b_formation_time": 2.610361221,
    "b_tflops": 5.030574436908554,
    "diag_time": 6.891935213,
    "expanded_elec_energy": -5659.165106552486,
    "expanded_hf_energy": -1612.3417896106414,
    "expanded_nuc_repulsion_energy": 4281.6588010803825,
    "expanded_xc_energy": -234.83548413853828,
    "homo": -0.16779065118425032,
    "lumo": -0.10857685896459257,
    "method": "RestrictedKSDFT",
    "mp2_tflops": 0.0,
    "mp2_time": 6.95335580495124e-310,
    "n_atoms": 64,
    "nmers": [
      [
        {
          "fragments": [
            0
          ],
          "hf_energy": -1612.3417896106414,
          "num_basis_fns": 1434,
          "num_iters": 19,
          "schema_version": "0.2.0"
        }
      ]
    ],
    "num_iters": 19,
    "ri_fock_time": 3.888751883,
    "ri_tflops": 0.14154385257600144,
    "scf_tflops": 0.04271495943194536,
    "scf_time": 36.071207149,
    "schema_version": "0.2.0",
    "tflops": 0.40050834772467503,
    "total_time": 36.285942,
    "transforms_time": 0.23220129800000006,
    "xc_tflops": 0.0,
    "xc_time": 22.648003703
  },
  "schema_version": "0.2.0"
}
