{
  "calculation_time": 37.053886893,
  "qmmbe": {
    "b_formation_time": 2.878570259,
    "b_tflops": 5.395814252911727,
    "diag_time": 6.89705175,
    "expanded_elec_energy": -6056.40325561409,
    "expanded_hf_energy": -1689.6653600728248,
    "expanded_nuc_repulsion_energy": 4613.103667495191,
    "expanded_xc_energy": -246.36577195392573,
    "homo": -0.18431770992888952,
    "lumo": -0.09160623258755106,
    "method": "RestrictedKSDFT",
    "mp2_tflops": 0.0,
    "mp2_time": 6.9533558049718e-310,
    "n_atoms": 68,
    "nmers": [
      [
        {
          "fragments": [
            0
          ],
          "hf_energy": -1689.6653600728248,
          "num_basis_fns": 1508,
          "num_iters": 17,
          "schema_version": "0.2.0"
        }
      ]
    ],
    "num_iters": 17,
    "ri_fock_time": 5.445892983,
    "ri_tflops": 0.10517523014058096,
    "scf_tflops": 0.043656787476828746,
    "scf_time": 36.810542457,
    "schema_version": "0.2.0",
    "tflops": 0.45854857103944474,
    "total_time": 37.049272,
    "transforms_time": 0.098782972,
    "xc_tflops": 0.0,
    "xc_time": 23.268747432999998
  },
  "schema_version": "0.2.0"
}
