{
  "calculation_time": 40.817153228,
  "qmmbe": {
    "b_formation_time": 4.894090197,
    "b_tflops": 3.088534351668795,
    "diag_time": 8.185913804,
    "expanded_elec_energy": -5978.181238135754,
    "expanded_hf_energy": -1689.6706695646442,
    "expanded_nuc_repulsion_energy": 4534.869754626295,
    "expanded_xc_energy": -246.35918605518492,
    "homo": -0.17490843309956033,
    "lumo": -0.10019568811623633,
    "method": "RestrictedKSDFT",
    "mp2_tflops": 0.0,
    "mp2_time": 6.95335580495124e-310,
    "n_atoms": 68,
    "nmers": [
      [
        {
          "fragments": [
            0
          ],
          "hf_energy": -1689.6706695646442,
          "num_basis_fns": 1508,
          "num_iters": 18,
          "schema_version": "0.2.0"
        }
      ]
    ],
    "num_iters": 18,
    "ri_fock_time": 4.69873025,
    "ri_tflops": 0.12907009931715063,
    "scf_tflops": 0.046372947711751177,
    "scf_time": 38.918999924,
    "schema_version": "0.2.0",
    "tflops": 0.4191852833221231,
    "total_time": 39.160067,
    "transforms_time": 0.2873954860000001,
    "xc_tflops": 0.0,
    "xc_time": 21.878247868000003
  },
  "schema_version": "0.2.0"
}
