{
  "calculation_time": 29.464885614,
  "qmmbe": {
    "b_formation_time": 2.322819847,
    "b_tflops": 5.369173795317584,
    "diag_time": 5.870611440999999,
    "expanded_elec_energy": -5535.226435809224,
    "expanded_hf_energy": -1612.3443807448257,
    "expanded_nuc_repulsion_energy": 4157.715691734831,
    "expanded_xc_energy": -234.83363667043238,
    "homo": -0.16805412566018782,
    "lumo": -0.10814348715871876,
    "method": "RestrictedKSDFT",
    "mp2_tflops": 0.0,
    "mp2_time": 6.95335580498286e-310,
    "n_atoms": 64,
    "nmers": [
      [
        {
          "fragments": [
            0
          ],
          "hf_energy": -1612.3443807448257,
          "num_basis_fns": 1434,
          "num_iters": 17,
          "schema_version": "0.2.0"
        }
      ]
    ],
    "num_iters": 17,
    "ri_fock_time": 3.0431646640000003,
    "ri_tflops": 0.16183450156412568,
    "scf_tflops": 0.04755129071537199,
    "scf_time": 29.244536217,
    "schema_version": "0.2.0",
    "tflops": 0.46588295473899144,
    "total_time": 29.460438,
    "transforms_time": 0.13737494199999997,
    "xc_tflops": 0.0,
    "xc_time": 17.801394352000003
  },
  "schema_version": "0.2.0"
}
