{
  "calculation_time": 34.694030906,
  "qmmbe": {
    "b_formation_time": 4.515935886,
    "b_tflops": 2.569804200821641,
    "diag_time": 6.7214936750000005,
    "expanded_elec_energy": -5370.830988830797,
    "expanded_hf_energy": -1612.359037961999,
    "expanded_nuc_repulsion_energy": 3993.301268856725,
    "expanded_xc_energy": -234.82931798792742,
    "homo": -0.16742858201193253,
    "lumo": -0.11152765940378889,
    "method": "RestrictedKSDFT",
    "mp2_tflops": 0.0,
    "mp2_time": 6.95335580495124e-310,
    "n_atoms": 64,
    "nmers": [
      [
        {
          "fragments": [
            0
          ],
          "hf_energy": -1612.359037961999,
          "num_basis_fns": 1434,
          "num_iters": 18,
          "schema_version": "0.2.0"
        }
      ]
    ],
    "num_iters": 18,
    "ri_fock_time": 3.4980167080000006,
    "ri_tflops": 0.1490727527719973,
    "scf_tflops": 0.04833360861831254,
    "scf_time": 32.811095587,
    "schema_version": "0.2.0",
    "tflops": 0.38467862806526393,
    "total_time": 33.024391,
    "transforms_time": 0.3284262859999999,
    "xc_tflops": 0.0,
    "xc_time": 18.067799663000002
  },
  "schema_version": "0.2.0"
}
