{
  "calculation_time": 42.443842906,
  "qmmbe": {
    "b_formation_time": 3.160059085,
    "b_tflops": 4.759126202619088,
    "diag_time": 8.227554880000001,
    "expanded_elec_energy": -5977.275991772092,
    "expanded_hf_energy": -1689.6651782423367,
    "expanded_nuc_repulsion_energy": 4533.968241716285,
    "expanded_xc_energy": -246.35742818652915,
    "homo": -0.16657288174701593,
    "lumo": -0.1113097643404125,
    "method": "RestrictedKSDFT",
    "mp2_tflops": 0.0,
    "mp2_time": 6.95335580495124e-310,
    "n_atoms": 68,
    "nmers": [
      [
        {
          "fragments": [
            0
          ],
          "hf_energy": -1689.6651782423367,
          "num_basis_fns": 1508,
          "num_iters": 18,
          "schema_version": "0.2.0"
        }
      ]
    ],
    "num_iters": 18,
    "ri_fock_time": 5.354789017,
    "ri_tflops": 0.11325667138455627,
    "scf_tflops": 0.0403966083650513,
    "scf_time": 42.199812028,
    "schema_version": "0.2.0",
    "tflops": 0.39071497935582533,
    "total_time": 42.439145,
    "transforms_time": 0.5987942210000001,
    "xc_tflops": 0.0,
    "xc_time": 26.795058787000002
  },
  "schema_version": "0.2.0"
}
