{
  "calculation_time": 28.497030989,
  "qmmbe": {
    "b_formation_time": 2.277061912,
    "b_tflops": 5.034169100166301,
    "diag_time": 5.713597705,
    "expanded_elec_energy": -5319.445314004014,
    "expanded_hf_energy": -1536.1659985333556,
    "expanded_nuc_repulsion_energy": 4007.3083295584534,
    "expanded_xc_energy": -224.0290140877949,
    "homo": -0.1754689501197954,
    "lumo": -0.0998200281971584,
    "method": "RestrictedKSDFT",
    "mp2_tflops": 0.0,
    "mp2_time": 6.9533558049955e-310,
    "n_atoms": 62,
    "nmers": [
      [
        {
          "fragments": [
            0
          ],
          "hf_energy": -1536.1659985333556,
          "num_basis_fns": 1372,
          "num_iters": 17,
          "schema_version": "0.2.0"
        }
      ]
    ],
    "num_iters": 17,
    "ri_fock_time": 2.9077603640000005,
    "ri_tflops": 0.1483502983191499,
    "scf_tflops": 0.04306789362733217,
    "scf_time": 28.281785051,
    "schema_version": "0.2.0",
    "tflops": 0.4408696874455697,
    "total_time": 28.492878,
    "transforms_time": 0.2935004949999999,
    "xc_tflops": 0.0,
    "xc_time": 17.114487314
  },
  "schema_version": "0.2.0"
}
