{
  "calculation_time": 33.905783473,
  "qmmbe": {
    "b_formation_time": 2.696291092,
    "b_tflops": 5.17550449487744,
    "diag_time": 6.6728269079999984,
    "expanded_elec_energy": -5784.277972841481,
    "expanded_hf_energy": -1689.687869167568,
    "expanded_nuc_repulsion_energy": 4340.94348725049,
    "expanded_xc_energy": -246.35338357657707,
    "homo": -0.17333610705692512,
    "lumo": -0.1049330180816261,
    "method": "RestrictedKSDFT",
    "mp2_tflops": 0.0,
    "mp2_time": 6.95335580496073e-310,
    "n_atoms": 68,
    "nmers": [
      [
        {
          "fragments": [
            0
          ],
          "hf_energy": -1689.687869167568,
          "num_basis_fns": 1508,
          "num_iters": 18,
          "schema_version": "0.2.0"
        }
      ]
    ],
    "num_iters": 18,
    "ri_fock_time": 3.35063451,
    "ri_tflops": 0.18100021898001642,
    "scf_tflops": 0.05080722088220201,
    "scf_time": 33.67785196,
    "schema_version": "0.2.0",
    "tflops": 0.457125615235497,
    "total_time": 33.901307,
    "transforms_time": 0.517789712,
    "xc_tflops": 0.0,
    "xc_time": 20.821726608000002
  },
  "schema_version": "0.2.0"
}
