{
  "calculation_time": 34.164814519,
  "qmmbe": {
    "b_formation_time": 2.566245889,
    "b_tflops": 5.300511643682169,
    "diag_time": 6.307223768,
    "expanded_elec_energy": -5726.0518792462335,
    "expanded_hf_energy": -1612.3311493217616,
    "expanded_nuc_repulsion_energy": 4348.55818697234,
    "expanded_xc_energy": -234.83745704786816,
    "homo": -0.16534337480043493,
    "lumo": -0.11133348930615389,
    "method": "RestrictedKSDFT",
    "mp2_tflops": 0.0,
    "mp2_time": 6.95335580498286e-310,
    "n_atoms": 64,
    "nmers": [
      [
        {
          "fragments": [
            0
          ],
          "hf_energy": -1612.3311493217616,
          "num_basis_fns": 1434,
          "num_iters": 19,
          "schema_version": "0.2.0"
        }
      ]
    ],
    "num_iters": 19,
    "ri_fock_time": 3.4837207230000007,
    "ri_tflops": 0.15800030111426355,
    "scf_tflops": 0.045371835502175516,
    "scf_time": 33.949647805,
    "schema_version": "0.2.0",
    "tflops": 0.4392084686051246,
    "total_time": 34.160596,
    "transforms_time": 0.18802167599999994,
    "xc_tflops": 0.0,
    "xc_time": 21.998217463
  },
  "schema_version": "0.2.0"
}
