{
  "calculation_time": 33.51367113,
  "qmmbe": {
    "b_formation_time": 2.353619957,
    "b_tflops": 4.359652078594268,
    "diag_time": 6.562195011,
    "expanded_elec_energy": -5101.254839430083,
    "expanded_hf_energy": -1536.1949060788972,
    "expanded_nuc_repulsion_energy": 3789.0794778652307,
    "expanded_xc_energy": -224.019544514045,
    "homo": -0.17487980506357548,
    "lumo": -0.10478541496561972,
    "method": "RestrictedKSDFT",
    "mp2_tflops": 0.0,
    "mp2_time": 6.9533558049955e-310,
    "n_atoms": 62,
    "nmers": [
      [
        {
          "fragments": [
            0
          ],
          "hf_energy": -1536.1949060788972,
          "num_basis_fns": 1372,
          "num_iters": 17,
          "schema_version": "0.2.0"
        }
      ]
    ],
    "num_iters": 17,
    "ri_fock_time": 3.917069444,
    "ri_tflops": 0.11012496040905012,
    "scf_tflops": 0.036263911015116536,
    "scf_time": 33.326752799,
    "schema_version": "0.2.0",
    "tflops": 0.33899325725518176,
    "total_time": 33.509502,
    "transforms_time": 0.33869053199999993,
    "xc_tflops": 0.0,
    "xc_time": 20.848919229000003
  },
  "schema_version": "0.2.0"
}
