{
  "calculation_time": 36.342621868,
  "qmmbe": {
    "b_formation_time": 2.5674469,
    "b_tflops": 5.078655459122445,
    "diag_time": 6.834910669,
    "expanded_elec_energy": -5641.663048113692,
    "expanded_hf_energy": -1612.3352334216831,
    "expanded_nuc_repulsion_energy": 4264.163487847628,
    "expanded_xc_energy": -234.83567315561936,
    "homo": -0.16271891275212239,
    "lumo": -0.1142247641228926,
    "method": "RestrictedKSDFT",
    "mp2_tflops": 0.0,
    "mp2_time": 6.95335580498286e-310,
    "n_atoms": 64,
    "nmers": [
      [
        {
          "fragments": [
            0
          ],
          "hf_energy": -1612.3352334216831,
          "num_basis_fns": 1434,
          "num_iters": 19,
          "schema_version": "0.2.0"
        }
      ]
    ],
    "num_iters": 19,
    "ri_fock_time": 3.989789495,
    "ri_tflops": 0.13795938956724332,
    "scf_tflops": 0.04242832555968312,
    "scf_time": 36.133247642,
    "schema_version": "0.2.0",
    "tflops": 0.3973876817006861,
    "total_time": 36.338278,
    "transforms_time": 0.18086663999999994,
    "xc_tflops": 0.0,
    "xc_time": 22.747673252
  },
  "schema_version": "0.2.0"
}
