{
  "calculation_time": 45.241936175,
  "qmmbe": {
    "b_formation_time": 3.087714638,
    "b_tflops": 5.843952201554449,
    "diag_time": 8.424882539999999,
    "expanded_elec_energy": -6393.423263795115,
    "expanded_hf_energy": -1689.6511995441674,
    "expanded_nuc_repulsion_energy": 4950.143022412606,
    "expanded_xc_energy": -246.37095816165817,
    "homo": -0.17556609467158435,
    "lumo": -0.09904294512068752,
    "method": "RestrictedKSDFT",
    "mp2_tflops": 0.0,
    "mp2_time": 6.9533558049718e-310,
    "n_atoms": 68,
    "nmers": [
      [
        {
          "fragments": [
            0
          ],
          "hf_energy": -1689.6511995441674,
          "num_basis_fns": 1508,
          "num_iters": 19,
          "schema_version": "0.2.0"
        }
      ]
    ],
    "num_iters": 19,
    "ri_fock_time": 5.712229346000001,
    "ri_tflops": 0.11206799893359881,
    "scf_tflops": 0.039657258336864426,
    "scf_time": 44.970162159,
    "schema_version": "0.2.0",
    "tflops": 0.4348785249526625,
    "total_time": 45.237402,
    "transforms_time": 0.11667574099999994,
    "xc_tflops": 0.0,
    "xc_time": 28.848682847
  },
  "schema_version": "0.2.0"
}
