{
  "calculation_time": 41.055035557,
  "qmmbe": {
    "b_formation_time": 2.724260751,
    "b_tflops": 5.074289381335363,
    "diag_time": 8.29737474,
    "expanded_elec_energy": -5760.116737514041,
    "expanded_hf_energy": -1612.3359560053102,
    "expanded_nuc_repulsion_energy": 4382.620805373424,
    "expanded_xc_energy": -234.84002386469342,
    "homo": -0.16554992376188035,
    "lumo": -0.1121493789517756,
    "method": "RestrictedKSDFT",
    "mp2_tflops": 0.0,
    "mp2_time": 6.95335580498286e-310,
    "n_atoms": 64,
    "nmers": [
      [
        {
          "fragments": [
            0
          ],
          "hf_energy": -1612.3359560053102,
          "num_basis_fns": 1434,
          "num_iters": 18,
          "schema_version": "0.2.0"
        }
      ]
    ],
    "num_iters": 18,
    "ri_fock_time": 4.2407772029999995,
    "ri_tflops": 0.12296306901836551,
    "scf_tflops": 0.03536259196176025,
    "scf_time": 40.829405821,
    "schema_version": "0.2.0",
    "tflops": 0.36908266324124517,
    "total_time": 41.050524,
    "transforms_time": 0.09580669000000001,
    "xc_tflops": 0.0,
    "xc_time": 25.841200373999996
  },
  "schema_version": "0.2.0"
}
