{
  "calculation_time": 37.330431717,
  "qmmbe": {
    "b_formation_time": 2.834339891,
    "b_tflops": 5.862832483592209,
    "diag_time": 6.787601239000001,
    "expanded_elec_energy": -6192.93653706862,
    "expanded_hf_energy": -1689.669374430468,
    "expanded_nuc_repulsion_energy": 4749.628977222534,
    "expanded_xc_energy": -246.36181458438168,
    "homo": -0.1744715861802074,
    "lumo": -0.10277780376706859,
    "method": "RestrictedKSDFT",
    "mp2_tflops": 0.0,
    "mp2_time": 6.9533558049781e-310,
    "n_atoms": 68,
    "nmers": [
      [
        {
          "fragments": [
            0
          ],
          "hf_energy": -1689.669374430468,
          "num_basis_fns": 1508,
          "num_iters": 18,
          "schema_version": "0.2.0"
        }
      ]
    ],
    "num_iters": 18,
    "ri_fock_time": 4.321381254,
    "ri_tflops": 0.14034067914527032,
    "scf_tflops": 0.045798796802294844,
    "scf_time": 37.072713532,
    "schema_version": "0.2.0",
    "tflops": 0.4865189850470488,
    "total_time": 37.32588,
    "transforms_time": 0.35268349099999996,
    "xc_tflops": 0.0,
    "xc_time": 23.173152951000002
  },
  "schema_version": "0.2.0"
}
