{
  "calculation_time": 40.639783511,
  "qmmbe": {
    "b_formation_time": 2.846954543,
    "b_tflops": 5.50713529807701,
    "diag_time": 8.032726224,
    "expanded_elec_energy": -6070.230805677993,
    "expanded_hf_energy": -1689.6512861412357,
    "expanded_nuc_repulsion_energy": 4626.943214983948,
    "expanded_xc_energy": -246.3636954471903,
    "homo": -0.17724784657683335,
    "lumo": -0.09896804378511144,
    "method": "RestrictedKSDFT",
    "mp2_tflops": 0.0,
    "mp2_time": 6.95335580495124e-310,
    "n_atoms": 68,
    "nmers": [
      [
        {
          "fragments": [
            0
          ],
          "hf_energy": -1689.6512861412357,
          "num_basis_fns": 1508,
          "num_iters": 18,
          "schema_version": "0.2.0"
        }
      ]
    ],
    "num_iters": 18,
    "ri_fock_time": 5.242532709000001,
    "ri_tflops": 0.11568179231211352,
    "scf_tflops": 0.041675865417184293,
    "scf_time": 40.397007146,
    "schema_version": "0.2.0",
    "tflops": 0.42379465111738746,
    "total_time": 40.635371,
    "transforms_time": 0.31186157400000003,
    "xc_tflops": 0.0,
    "xc_time": 25.723917651
  },
  "schema_version": "0.2.0"
}
