{
  "calculation_time": 28.188291685,
  "qmmbe": {
    "b_formation_time": 2.272907018,
    "b_tflops": 5.085252504510503,
    "diag_time": 5.898996410000001,
    "expanded_elec_energy": -5359.572903083615,
    "expanded_hf_energy": -1612.3540587714542,
    "expanded_nuc_repulsion_energy": 3982.0460856238915,
    "expanded_xc_energy": -234.82724131173097,
    "homo": -0.16243234258654896,
    "lumo": -0.11954484816023687,
    "method": "RestrictedKSDFT",
    "mp2_tflops": 0.0,
    "mp2_time": 6.95335580498286e-310,
    "n_atoms": 64,
    "nmers": [
      [
        {
          "fragments": [
            0
          ],
          "hf_energy": -1612.3540587714542,
          "num_basis_fns": 1434,
          "num_iters": 18,
          "schema_version": "0.2.0"
        }
      ]
    ],
    "num_iters": 18,
    "ri_fock_time": 3.2225635329999998,
    "ri_tflops": 0.1618149571184886,
    "scf_tflops": 0.05255888747527379,
    "scf_time": 27.975878853,
    "schema_version": "0.2.0",
    "tflops": 0.4571979567412271,
    "total_time": 28.183977,
    "transforms_time": 0.09896799999999997,
    "xc_tflops": 0.0,
    "xc_time": 16.688287683
  },
  "schema_version": "0.2.0"
}
