{
  "calculation_time": 38.445663531,
  "qmmbe": {
    "b_formation_time": 2.706218477,
    "b_tflops": 5.7322196828205305,
    "diag_time": 7.4507977190000005,
    "expanded_elec_energy": -6050.141414427201,
    "expanded_hf_energy": -1689.6515285260384,
    "expanded_nuc_repulsion_energy": 4606.849556393885,
    "expanded_xc_energy": -246.35967049272213,
    "homo": -0.1735414709116423,
    "lumo": -0.10412170358012252,
    "method": "RestrictedKSDFT",
    "mp2_tflops": 0.0,
    "mp2_time": 6.95335580495124e-310,
    "n_atoms": 68,
    "nmers": [
      [
        {
          "fragments": [
            0
          ],
          "hf_energy": -1689.6515285260384,
          "num_basis_fns": 1508,
          "num_iters": 18,
          "schema_version": "0.2.0"
        }
      ]
    ],
    "num_iters": 18,
    "ri_fock_time": 4.913084094999999,
    "ri_tflops": 0.1234388763361886,
    "scf_tflops": 0.04406461011170704,
    "scf_time": 38.192502972,
    "schema_version": "0.2.0",
    "tflops": 0.4436699457389036,
    "total_time": 38.441029,
    "transforms_time": 0.5152182829999999,
    "xc_tflops": 0.0,
    "xc_time": 24.110717192000003
  },
  "schema_version": "0.2.0"
}
