{
  "calculation_time": 31.827913569,
  "qmmbe": {
    "b_formation_time": 2.631481568,
    "b_tflops": 5.3714873140300865,
    "diag_time": 6.578984924000001,
    "expanded_elec_energy": -5827.072007777516,
    "expanded_hf_energy": -1689.6653034594412,
    "expanded_nuc_repulsion_energy": 4383.751075369495,
    "expanded_xc_energy": -246.3443710514204,
    "homo": -0.16378753549085806,
    "lumo": -0.11597139445150223,
    "method": "RestrictedKSDFT",
    "mp2_tflops": 0.0,
    "mp2_time": 6.9533558049781e-310,
    "n_atoms": 68,
    "nmers": [
      [
        {
          "fragments": [
            0
          ],
          "hf_energy": -1689.6653034594412,
          "num_basis_fns": 1508,
          "num_iters": 18,
          "schema_version": "0.2.0"
        }
      ]
    ],
    "num_iters": 18,
    "ri_fock_time": 3.3564713210000012,
    "ri_tflops": 0.18068546459420196,
    "scf_tflops": 0.054188674909843144,
    "scf_time": 31.613643315,
    "schema_version": "0.2.0",
    "tflops": 0.49264127160249266,
    "total_time": 31.823278,
    "transforms_time": 0.39095687300000004,
    "xc_tflops": 0.0,
    "xc_time": 18.889919962000004
  },
  "schema_version": "0.2.0"
}
