{
  "calculation_time": 37.777067655,
  "qmmbe": {
    "b_formation_time": 2.748608966,
    "b_tflops": 4.707787857731961,
    "diag_time": 6.544941701999999,
    "expanded_elec_energy": -5626.261604887792,
    "expanded_hf_energy": -1612.3366401056842,
    "expanded_nuc_repulsion_energy": 4248.767596361121,
    "expanded_xc_energy": -234.84263157901333,
    "homo": -0.16913719683656242,
    "lumo": -0.10837673189604825,
    "method": "RestrictedKSDFT",
    "mp2_tflops": 0.0,
    "mp2_time": 6.95335580498286e-310,
    "n_atoms": 64,
    "nmers": [
      [
        {
          "fragments": [
            0
          ],
          "hf_energy": -1612.3366401056842,
          "num_basis_fns": 1434,
          "num_iters": 18,
          "schema_version": "0.2.0"
        }
      ]
    ],
    "num_iters": 18,
    "ri_fock_time": 4.15065183,
    "ri_tflops": 0.12563303337924156,
    "scf_tflops": 0.038806317869703684,
    "scf_time": 37.565747855,
    "schema_version": "0.2.0",
    "tflops": 0.37771118278858623,
    "total_time": 37.772822,
    "transforms_time": 0.4252391430000001,
    "xc_tflops": 0.0,
    "xc_time": 24.660186363999994
  },
  "schema_version": "0.2.0"
}
