{
  "calculation_time": 31.550531888,
  "qmmbe": {
    "b_formation_time": 2.232965342,
    "b_tflops": 5.123076093473913,
    "diag_time": 5.857629669,
    "expanded_elec_energy": -5311.901667585491,
    "expanded_hf_energy": -1536.1514545878936,
    "expanded_nuc_repulsion_energy": 3999.7717197295897,
    "expanded_xc_energy": -224.02150673199222,
    "homo": -0.16463928831183344,
    "lumo": -0.11310992047225084,
    "method": "RestrictedKSDFT",
    "mp2_tflops": 0.0,
    "mp2_time": 6.95335580498286e-310,
    "n_atoms": 62,
    "nmers": [
      [
        {
          "fragments": [
            0
          ],
          "hf_energy": -1536.1514545878936,
          "num_basis_fns": 1372,
          "num_iters": 18,
          "schema_version": "0.2.0"
        }
      ]
    ],
    "num_iters": 18,
    "ri_fock_time": 3.514314263,
    "ri_tflops": 0.12996608145399657,
    "scf_tflops": 0.040896116961822,
    "scf_time": 31.333657813,
    "schema_version": "0.2.0",
    "tflops": 0.39950545750036376,
    "total_time": 31.546274,
    "transforms_time": 0.14321966399999997,
    "xc_tflops": 0.0,
    "xc_time": 19.80100615
  },
  "schema_version": "0.2.0"
}
