{
  "calculation_time": 37.522123799,
  "qmmbe": {
    "b_formation_time": 2.70536081,
    "b_tflops": 5.253057376833961,
    "diag_time": 7.609423205999999,
    "expanded_elec_energy": -5840.184774563942,
    "expanded_hf_energy": -1689.677998710618,
    "expanded_nuc_repulsion_energy": 4396.859725345326,
    "expanded_xc_energy": -246.35294949200286,
    "homo": -0.16621940296004326,
    "lumo": -0.1135843565875569,
    "method": "RestrictedKSDFT",
    "mp2_tflops": 0.0,
    "mp2_time": 6.9533558049781e-310,
    "n_atoms": 68,
    "nmers": [
      [
        {
          "fragments": [
            0
          ],
          "hf_energy": -1689.677998710618,
          "num_basis_fns": 1508,
          "num_iters": 18,
          "schema_version": "0.2.0"
        }
      ]
    ],
    "num_iters": 18,
    "ri_fock_time": 3.7808987689999993,
    "ri_tflops": 0.1604024908057516,
    "scf_tflops": 0.04531051918230645,
    "scf_time": 37.29611738,
    "schema_version": "0.2.0",
    "tflops": 0.419907168464708,
    "total_time": 37.517588,
    "transforms_time": 1.009613413,
    "xc_tflops": 0.0,
    "xc_time": 23.482574115000002
  },
  "schema_version": "0.2.0"
}
