{
  "calculation_time": 31.814268596,
  "qmmbe": {
    "b_formation_time": 2.236666576,
    "b_tflops": 4.264762761481888,
    "diag_time": 5.086499815,
    "expanded_elec_energy": -4938.9752200780995,
    "expanded_hf_energy": -1458.8495746548874,
    "expanded_nuc_repulsion_energy": 3692.6418103383153,
    "expanded_xc_energy": -212.51616491510322,
    "homo": -0.1801285652059843,
    "lumo": -0.09634650775005484,
    "method": "RestrictedKSDFT",
    "mp2_tflops": 0.0,
    "mp2_time": 6.9533558049544e-310,
    "n_atoms": 58,
    "nmers": [
      [
        {
          "fragments": [
            0
          ],
          "hf_energy": -1458.8495746548874,
          "num_basis_fns": 1298,
          "num_iters": 17,
          "schema_version": "0.2.0"
        }
      ]
    ],
    "num_iters": 17,
    "ri_fock_time": 4.258692543,
    "ri_tflops": 0.08576307085993833,
    "scf_tflops": 0.032253006941157625,
    "scf_time": 31.607611596,
    "schema_version": "0.2.0",
    "tflops": 0.32913511896408065,
    "total_time": 31.810277,
    "transforms_time": 0.17992759699999994,
    "xc_tflops": 0.0,
    "xc_time": 20.761039583
  },
  "schema_version": "0.2.0"
}
