{
  "calculation_time": 42.790118559,
  "qmmbe": {
    "b_formation_time": 3.100305806,
    "b_tflops": 5.098190224450393,
    "diag_time": 7.459664293,
    "expanded_elec_energy": -6065.623256815807,
    "expanded_hf_energy": -1612.3241871300102,
    "expanded_nuc_repulsion_energy": 4688.164852273575,
    "expanded_xc_energy": -234.86578258777865,
    "homo": -0.17583823075439808,
    "lumo": -0.10007274339049506,
    "method": "RestrictedKSDFT",
    "mp2_tflops": 0.0,
    "mp2_time": 6.95335580495124e-310,
    "n_atoms": 64,
    "nmers": [
      [
        {
          "fragments": [
            0
          ],
          "hf_energy": -1612.3241871300102,
          "num_basis_fns": 1434,
          "num_iters": 18,
          "schema_version": "0.2.0"
        }
      ]
    ],
    "num_iters": 18,
    "ri_fock_time": 4.384664514999999,
    "ri_tflops": 0.11892790842265845,
    "scf_tflops": 0.03428338202059507,
    "scf_time": 42.530423814,
    "schema_version": "0.2.0",
    "tflops": 0.40044263655594914,
    "total_time": 42.7859,
    "transforms_time": 0.17822888899999997,
    "xc_tflops": 0.0,
    "xc_time": 27.256278176000002
  },
  "schema_version": "0.2.0"
}
