{
  "calculation_time": 29.252460992,
  "qmmbe": {
    "b_formation_time": 2.417337414,
    "b_tflops": 4.8619278478416,
    "diag_time": 5.053925053,
    "expanded_elec_energy": -5361.014140689364,
    "expanded_hf_energy": -1536.1688241192173,
    "expanded_nuc_repulsion_energy": 4048.869911843967,
    "expanded_xc_energy": -224.02459527382098,
    "homo": -0.16646669791470292,
    "lumo": -0.1111635400499656,
    "method": "RestrictedKSDFT",
    "mp2_tflops": 0.0,
    "mp2_time": 6.95335580498286e-310,
    "n_atoms": 62,
    "nmers": [
      [
        {
          "fragments": [
            0
          ],
          "hf_energy": -1536.1688241192173,
          "num_basis_fns": 1372,
          "num_iters": 17,
          "schema_version": "0.2.0"
        }
      ]
    ],
    "num_iters": 17,
    "ri_fock_time": 3.096426311,
    "ri_tflops": 0.13931128149492075,
    "scf_tflops": 0.041920481957102886,
    "scf_time": 29.037937183,
    "schema_version": "0.2.0",
    "tflops": 0.4393908626654675,
    "total_time": 29.248336,
    "transforms_time": 0.09502384500000002,
    "xc_tflops": 0.0,
    "xc_time": 18.298740638
  },
  "schema_version": "0.2.0"
}
