{
  "calculation_time": 32.671637603,
  "qmmbe": {
    "b_formation_time": 2.585609905,
    "b_tflops": 4.367297916427188,
    "diag_time": 5.100310119000001,
    "expanded_elec_energy": -5317.2225920487945,
    "expanded_hf_energy": -1535.0076220847045,
    "expanded_nuc_repulsion_energy": 4005.5491228252927,
    "expanded_xc_energy": -223.33415286120277,
    "homo": -0.17664499621481825,
    "lumo": -0.09997702347679803,
    "method": "RestrictedKSDFT",
    "mp2_tflops": 0.0,
    "mp2_time": 6.9533558049955e-310,
    "n_atoms": 60,
    "nmers": [
      [
        {
          "fragments": [
            0
          ],
          "hf_energy": -1535.0076220847045,
          "num_basis_fns": 1360,
          "num_iters": 17,
          "schema_version": "0.2.0"
        }
      ]
    ],
    "num_iters": 17,
    "ri_fock_time": 3.947466013,
    "ri_tflops": 0.10641792750502904,
    "scf_tflops": 0.0364048595365128,
    "scf_time": 32.479651873,
    "schema_version": "0.2.0",
    "tflops": 0.3784265963859711,
    "total_time": 32.667592,
    "transforms_time": 0.16809553600000005,
    "xc_tflops": 0.0,
    "xc_time": 21.677086152
  },
  "schema_version": "0.2.0"
}
