{
  "calculation_time": 33.592605703,
  "qmmbe": {
    "b_formation_time": 2.3658099,
    "b_tflops": 4.800122844255577,
    "diag_time": 6.249081877,
    "expanded_elec_energy": -5303.74328411217,
    "expanded_hf_energy": -1536.171003675424,
    "expanded_nuc_repulsion_energy": 3991.598308294547,
    "expanded_xc_energy": -224.02602785780113,
    "homo": -0.17828450711017793,
    "lumo": -0.09682376783857137,
    "method": "RestrictedKSDFT",
    "mp2_tflops": 0.0,
    "mp2_time": 6.9533558049955e-310,
    "n_atoms": 62,
    "nmers": [
      [
        {
          "fragments": [
            0
          ],
          "hf_energy": -1536.171003675424,
          "num_basis_fns": 1372,
          "num_iters": 17,
          "schema_version": "0.2.0"
        }
      ]
    ],
    "num_iters": 17,
    "ri_fock_time": 4.408824228,
    "ri_tflops": 0.09784175896612768,
    "scf_tflops": 0.03604526758756101,
    "scf_time": 33.369073884,
    "schema_version": "0.2.0",
    "tflops": 0.37080320520834864,
    "total_time": 33.588461,
    "transforms_time": 0.215607541,
    "xc_tflops": 0.0,
    "xc_time": 21.644185081999996
  },
  "schema_version": "0.2.0"
}
