{
  "calculation_time": 32.83279027,
  "qmmbe": {
    "b_formation_time": 2.696605916,
    "b_tflops": 5.076077574537219,
    "diag_time": 5.830906638,
    "expanded_elec_energy": -5741.095171008123,
    "expanded_hf_energy": -1612.340198113661,
    "expanded_nuc_repulsion_energy": 4363.6018597053435,
    "expanded_xc_energy": -234.84688681088195,
    "homo": -0.1701805203113638,
    "lumo": -0.10703273688630172,
    "method": "RestrictedKSDFT",
    "mp2_tflops": 0.0,
    "mp2_time": 6.95335580498286e-310,
    "n_atoms": 64,
    "nmers": [
      [
        {
          "fragments": [
            0
          ],
          "hf_energy": -1612.340198113661,
          "num_basis_fns": 1434,
          "num_iters": 17,
          "schema_version": "0.2.0"
        }
      ]
    ],
    "num_iters": 17,
    "ri_fock_time": 3.6798709019999998,
    "ri_tflops": 0.13383323754872312,
    "scf_tflops": 0.04266398504494093,
    "scf_time": 32.606997356,
    "schema_version": "0.2.0",
    "tflops": 0.45514213678884236,
    "total_time": 32.828589,
    "transforms_time": 0.09421522299999997,
    "xc_tflops": 0.0,
    "xc_time": 20.859754952
  },
  "schema_version": "0.2.0"
}
