{
  "calculation_time": 34.71218554,
  "qmmbe": {
    "b_formation_time": 2.38083888,
    "b_tflops": 5.387164184625546,
    "diag_time": 7.193152530999999,
    "expanded_elec_energy": -5604.485478300843,
    "expanded_hf_energy": -1612.3485711724875,
    "expanded_nuc_repulsion_energy": 4226.9755051381,
    "expanded_xc_energy": -234.83859800974412,
    "homo": -0.16606754129646528,
    "lumo": -0.11106057001531836,
    "method": "RestrictedKSDFT",
    "mp2_tflops": 0.0,
    "mp2_time": 6.95335580498286e-310,
    "n_atoms": 64,
    "nmers": [
      [
        {
          "fragments": [
            0
          ],
          "hf_energy": -1612.3485711724875,
          "num_basis_fns": 1434,
          "num_iters": 18,
          "schema_version": "0.2.0"
        }
      ]
    ],
    "num_iters": 18,
    "ri_fock_time": 3.959351163,
    "ri_tflops": 0.13170313984195597,
    "scf_tflops": 0.041763435465834914,
    "scf_time": 34.503054566,
    "schema_version": "0.2.0",
    "tflops": 0.4077852236840305,
    "total_time": 34.707779,
    "transforms_time": 0.09758342499999996,
    "xc_tflops": 0.0,
    "xc_time": 21.911491308999995
  },
  "schema_version": "0.2.0"
}
