{
  "calculation_time": 29.704284864,
  "qmmbe": {
    "b_formation_time": 2.227248318,
    "b_tflops": 4.490785727986348,
    "diag_time": 5.603963460999999,
    "expanded_elec_energy": -5054.409311496359,
    "expanded_hf_energy": -1536.1805142696317,
    "expanded_nuc_repulsion_energy": 3742.2372225277727,
    "expanded_xc_energy": -224.00842530104546,
    "homo": -0.16727147487890387,
    "lumo": -0.11255022090178822,
    "method": "RestrictedKSDFT",
    "mp2_tflops": 0.0,
    "mp2_time": 6.9533558049955e-310,
    "n_atoms": 62,
    "nmers": [
      [
        {
          "fragments": [
            0
          ],
          "hf_energy": -1536.1805142696317,
          "num_basis_fns": 1372,
          "num_iters": 18,
          "schema_version": "0.2.0"
        }
      ]
    ],
    "num_iters": 18,
    "ri_fock_time": 3.0973785169999997,
    "ri_tflops": 0.14746071597422397,
    "scf_tflops": 0.043192867122791766,
    "scf_time": 29.519864418,
    "schema_version": "0.2.0",
    "tflops": 0.3759355670639068,
    "total_time": 29.700175,
    "transforms_time": 0.384960592,
    "xc_tflops": 0.0,
    "xc_time": 18.591763098999998
  },
  "schema_version": "0.2.0"
}
