{
  "calculation_time": 32.23097136,
  "qmmbe": {
    "b_formation_time": 2.119575961,
    "b_tflops": 5.335759096560164,
    "diag_time": 6.306435684000002,
    "expanded_elec_energy": -5289.25595126593,
    "expanded_hf_energy": -1536.1516674507948,
    "expanded_nuc_repulsion_energy": 3977.123011010053,
    "expanded_xc_energy": -224.01872719491757,
    "homo": -0.16393615696244465,
    "lumo": -0.11500880327117784,
    "method": "RestrictedKSDFT",
    "mp2_tflops": 0.0,
    "mp2_time": 6.9533558049955e-310,
    "n_atoms": 62,
    "nmers": [
      [
        {
          "fragments": [
            0
          ],
          "hf_energy": -1536.1516674507948,
          "num_basis_fns": 1372,
          "num_iters": 18,
          "schema_version": "0.2.0"
        }
      ]
    ],
    "num_iters": 18,
    "ri_fock_time": 3.890310005,
    "ri_tflops": 0.11740495054969276,
    "scf_tflops": 0.03939754837493954,
    "scf_time": 32.033095162,
    "schema_version": "0.2.0",
    "tflops": 0.38702306230357064,
    "total_time": 32.226828,
    "transforms_time": 0.3336929519999999,
    "xc_tflops": 0.0,
    "xc_time": 20.303503544999998
  },
  "schema_version": "0.2.0"
}
