{
  "calculation_time": 31.362502988,
  "qmmbe": {
    "b_formation_time": 2.370597051,
    "b_tflops": 5.631496828671285,
    "diag_time": 6.457487818000001,
    "expanded_elec_energy": -5688.188314857176,
    "expanded_hf_energy": -1612.3400510405277,
    "expanded_nuc_repulsion_energy": 4310.695147369738,
    "expanded_xc_energy": -234.84688355308978,
    "homo": -0.17111906445056072,
    "lumo": -0.10501338125325256,
    "method": "RestrictedKSDFT",
    "mp2_tflops": 0.0,
    "mp2_time": 6.95335580498286e-310,
    "n_atoms": 64,
    "nmers": [
      [
        {
          "fragments": [
            0
          ],
          "hf_energy": -1612.3400510405277,
          "num_basis_fns": 1434,
          "num_iters": 17,
          "schema_version": "0.2.0"
        }
      ]
    ],
    "num_iters": 17,
    "ri_fock_time": 3.070543158,
    "ri_tflops": 0.1603915044453513,
    "scf_tflops": 0.04437167368392901,
    "scf_time": 31.144096195,
    "schema_version": "0.2.0",
    "tflops": 0.46570058321724705,
    "total_time": 31.358107,
    "transforms_time": 0.13044678699999998,
    "xc_tflops": 0.0,
    "xc_time": 19.332447368999997
  },
  "schema_version": "0.2.0"
}
