{
  "calculation_time": 30.188980082,
  "qmmbe": {
    "b_formation_time": 2.369306391,
    "b_tflops": 4.609626583561602,
    "diag_time": 5.779826579999999,
    "expanded_elec_energy": -5229.869538599463,
    "expanded_hf_energy": -1536.176023431777,
    "expanded_nuc_repulsion_energy": 3917.712459932893,
    "expanded_xc_energy": -224.01894476520664,
    "homo": -0.17430005013224437,
    "lumo": -0.10520396991064981,
    "method": "RestrictedKSDFT",
    "mp2_tflops": 0.0,
    "mp2_time": 6.9533558049955e-310,
    "n_atoms": 62,
    "nmers": [
      [
        {
          "fragments": [
            0
          ],
          "hf_energy": -1536.176023431777,
          "num_basis_fns": 1372,
          "num_iters": 17,
          "schema_version": "0.2.0"
        }
      ]
    ],
    "num_iters": 17,
    "ri_fock_time": 3.298322668,
    "ri_tflops": 0.13078378341363658,
    "scf_tflops": 0.040447962680318056,
    "scf_time": 30.001434639,
    "schema_version": "0.2.0",
    "tflops": 0.3982197563278148,
    "total_time": 30.184712,
    "transforms_time": 0.257382313,
    "xc_tflops": 0.0,
    "xc_time": 18.559547414999997
  },
  "schema_version": "0.2.0"
}
