{
  "calculation_time": 31.92801078,
  "qmmbe": {
    "b_formation_time": 2.599586653,
    "b_tflops": 4.627477076062677,
    "diag_time": 6.579359708,
    "expanded_elec_energy": -5456.0940794567505,
    "expanded_hf_energy": -1612.3619201579213,
    "expanded_nuc_repulsion_energy": 4078.5721669568943,
    "expanded_xc_energy": -234.8400076580651,
    "homo": -0.17577915421408843,
    "lumo": -0.10424318039891255,
    "method": "RestrictedKSDFT",
    "mp2_tflops": 0.0,
    "mp2_time": 6.95335580498286e-310,
    "n_atoms": 64,
    "nmers": [
      [
        {
          "fragments": [
            0
          ],
          "hf_energy": -1612.3619201579213,
          "num_basis_fns": 1434,
          "num_iters": 17,
          "schema_version": "0.2.0"
        }
      ]
    ],
    "num_iters": 17,
    "ri_fock_time": 3.175786594,
    "ri_tflops": 0.15507623764973927,
    "scf_tflops": 0.04390138080810134,
    "scf_time": 31.712153976,
    "schema_version": "0.2.0",
    "tflops": 0.41608573653136155,
    "total_time": 31.923758,
    "transforms_time": 0.09712453899999998,
    "xc_tflops": 0.0,
    "xc_time": 19.392659033999998
  },
  "schema_version": "0.2.0"
}
