{
  "calculation_time": 45.809943897,
  "qmmbe": {
    "b_formation_time": 3.09223152,
    "b_tflops": 4.468375315017809,
    "diag_time": 11.926527956000003,
    "expanded_elec_energy": -5776.680815628244,
    "expanded_hf_energy": -1689.6762112786546,
    "expanded_nuc_repulsion_energy": 4333.350591087269,
    "expanded_xc_energy": -246.3459867376797,
    "homo": -0.1658346596695445,
    "lumo": -0.1147957114948246,
    "method": "RestrictedKSDFT",
    "mp2_tflops": 0.0,
    "mp2_time": 6.9533558049781e-310,
    "n_atoms": 68,
    "nmers": [
      [
        {
          "fragments": [
            0
          ],
          "hf_energy": -1689.6762112786546,
          "num_basis_fns": 1508,
          "num_iters": 18,
          "schema_version": "0.2.0"
        }
      ]
    ],
    "num_iters": 18,
    "ri_fock_time": 5.096209978,
    "ri_tflops": 0.11900325588036435,
    "scf_tflops": 0.0370629263030568,
    "scf_time": 45.591027478,
    "schema_version": "0.2.0",
    "tflops": 0.33532675643543075,
    "total_time": 45.805289,
    "transforms_time": 0.727451822,
    "xc_tflops": 0.0,
    "xc_time": 26.746516046
  },
  "schema_version": "0.2.0"
}
