{
  "calculation_time": 38.833043851,
  "qmmbe": {
    "b_formation_time": 2.862967154,
    "b_tflops": 4.932977123495145,
    "diag_time": 8.336830262,
    "expanded_elec_energy": -5842.161047666286,
    "expanded_hf_energy": -1689.6797621212422,
    "expanded_nuc_repulsion_energy": 4398.826337034207,
    "expanded_xc_energy": -246.34505148916332,
    "homo": -0.17145284611339737,
    "lumo": -0.10926754725850536,
    "method": "RestrictedKSDFT",
    "mp2_tflops": 0.0,
    "mp2_time": 6.9533558049718e-310,
    "n_atoms": 68,
    "nmers": [
      [
        {
          "fragments": [
            0
          ],
          "hf_energy": -1689.6797621212422,
          "num_basis_fns": 1508,
          "num_iters": 18,
          "schema_version": "0.2.0"
        }
      ]
    ],
    "num_iters": 18,
    "ri_fock_time": 3.9457714040000003,
    "ri_tflops": 0.15370013057958692,
    "scf_tflops": 0.04402500895062539,
    "scf_time": 38.60054494,
    "schema_version": "0.2.0",
    "tflops": 0.40345098158988707,
    "total_time": 38.828609,
    "transforms_time": 0.47902666299999996,
    "xc_tflops": 0.0,
    "xc_time": 23.529271502
  },
  "schema_version": "0.2.0"
}
