{
  "calculation_time": 36.795843766,
  "qmmbe": {
    "b_formation_time": 2.738123323,
    "b_tflops": 4.820651754663134,
    "diag_time": 7.997359805,
    "expanded_elec_energy": -5645.969051365037,
    "expanded_hf_energy": -1689.6882971204027,
    "expanded_nuc_repulsion_energy": 4202.617928767152,
    "expanded_xc_energy": -246.33717452251824,
    "homo": -0.1704522867549821,
    "lumo": -0.10757443769323068,
    "method": "RestrictedKSDFT",
    "mp2_tflops": 0.0,
    "mp2_time": 6.9533558049781e-310,
    "n_atoms": 68,
    "nmers": [
      [
        {
          "fragments": [
            0
          ],
          "hf_energy": -1689.6882971204027,
          "num_basis_fns": 1508,
          "num_iters": 18,
          "schema_version": "0.2.0"
        }
      ]
    ],
    "num_iters": 18,
    "ri_fock_time": 3.800274589,
    "ri_tflops": 0.15958467364106568,
    "scf_tflops": 0.04633706642195243,
    "scf_time": 36.587864223,
    "schema_version": "0.2.0",
    "tflops": 0.4006933032700641,
    "total_time": 36.791302,
    "transforms_time": 0.18958334799999998,
    "xc_tflops": 0.0,
    "xc_time": 22.305461033000004
  },
  "schema_version": "0.2.0"
}
