{
  "calculation_time": 36.996344829,
  "qmmbe": {
    "b_formation_time": 2.975763218,
    "b_tflops": 5.2248346574461895,
    "diag_time": 7.513518363,
    "expanded_elec_energy": -6045.230587055464,
    "expanded_hf_energy": -1689.6573696380424,
    "expanded_nuc_repulsion_energy": 4601.931640762519,
    "expanded_xc_energy": -246.358423345098,
    "homo": -0.17052167390082562,
    "lumo": -0.10559380973904532,
    "method": "RestrictedKSDFT",
    "mp2_tflops": 0.0,
    "mp2_time": 6.95335580495124e-310,
    "n_atoms": 68,
    "nmers": [
      [
        {
          "fragments": [
            0
          ],
          "hf_energy": -1689.6573696380424,
          "num_basis_fns": 1508,
          "num_iters": 18,
          "schema_version": "0.2.0"
        }
      ]
    ],
    "num_iters": 18,
    "ri_fock_time": 4.683096781,
    "ri_tflops": 0.12950097091576634,
    "scf_tflops": 0.04642475219642117,
    "scf_time": 36.745693674,
    "schema_version": "0.2.0",
    "tflops": 0.4620027244012534,
    "total_time": 36.991903,
    "transforms_time": 0.10830671,
    "xc_tflops": 0.0,
    "xc_time": 22.553318756
  },
  "schema_version": "0.2.0"
}
