{
  "calculation_time": 33.350827504,
  "qmmbe": {
    "b_formation_time": 2.528252487,
    "b_tflops": 5.373816453364375,
    "diag_time": 6.504843483000001,
    "expanded_elec_energy": -5722.271062732048,
    "expanded_hf_energy": -1612.3450142179117,
    "expanded_nuc_repulsion_energy": 4344.7716689925,
    "expanded_xc_energy": -234.8456204783634,
    "homo": -0.177680900292552,
    "lumo": -0.10010434178367297,
    "method": "RestrictedKSDFT",
    "mp2_tflops": 0.0,
    "mp2_time": 6.95335580495124e-310,
    "n_atoms": 64,
    "nmers": [
      [
        {
          "fragments": [
            0
          ],
          "hf_energy": -1612.3450142179117,
          "num_basis_fns": 1434,
          "num_iters": 18,
          "schema_version": "0.2.0"
        }
      ]
    ],
    "num_iters": 18,
    "ri_fock_time": 3.885459121,
    "ri_tflops": 0.13420781525808262,
    "scf_tflops": 0.044078965383003085,
    "scf_time": 33.122890639,
    "schema_version": "0.2.0",
    "tflops": 0.44723434659074557,
    "total_time": 33.346532,
    "transforms_time": 0.14308806300000007,
    "xc_tflops": 0.0,
    "xc_time": 20.849230558000002
  },
  "schema_version": "0.2.0"
}
