{
  "calculation_time": 43.658862723,
  "qmmbe": {
    "b_formation_time": 3.012994457,
    "b_tflops": 4.936049393697242,
    "diag_time": 9.529101664999999,
    "expanded_elec_energy": -5942.754869887027,
    "expanded_hf_energy": -1689.6565575049317,
    "expanded_nuc_repulsion_energy": 4499.45673461746,
    "expanded_xc_energy": -246.35842223536474,
    "homo": -0.18181310015636834,
    "lumo": -0.09464564539716,
    "method": "RestrictedKSDFT",
    "mp2_tflops": 0.0,
    "mp2_time": 6.95335580495124e-310,
    "n_atoms": 68,
    "nmers": [
      [
        {
          "fragments": [
            0
          ],
          "hf_energy": -1689.6565575049317,
          "num_basis_fns": 1508,
          "num_iters": 18,
          "schema_version": "0.2.0"
        }
      ]
    ],
    "num_iters": 18,
    "ri_fock_time": 6.393941538,
    "ri_tflops": 0.09485003521344365,
    "scf_tflops": 0.038712120654183245,
    "scf_time": 43.416414939,
    "schema_version": "0.2.0",
    "tflops": 0.3760167804426833,
    "total_time": 43.654376,
    "transforms_time": 0.19134738800000006,
    "xc_tflops": 0.0,
    "xc_time": 27.544589650000006
  },
  "schema_version": "0.2.0"
}
