{
  "calculation_time": 32.913350523,
  "qmmbe": {
    "b_formation_time": 4.606158089,
    "b_tflops": 2.0065108694414158,
    "diag_time": 5.479643425000001,
    "expanded_elec_energy": -4882.552642486662,
    "expanded_hf_energy": -1458.8528205055734,
    "expanded_nuc_repulsion_energy": 3636.2091946888213,
    "expanded_xc_energy": -212.50937270773267,
    "homo": -0.17517449068755542,
    "lumo": -0.10372383405710031,
    "method": "RestrictedKSDFT",
    "mp2_tflops": 0.0,
    "mp2_time": 6.9533558049544e-310,
    "n_atoms": 58,
    "nmers": [
      [
        {
          "fragments": [
            0
          ],
          "hf_energy": -1458.8528205055734,
          "num_basis_fns": 1298,
          "num_iters": 17,
          "schema_version": "0.2.0"
        }
      ]
    ],
    "num_iters": 17,
    "ri_fock_time": 3.439882282,
    "ri_tflops": 0.1061776306262564,
    "scf_tflops": 0.036502254662199814,
    "scf_time": 30.823748326,
    "schema_version": "0.2.0",
    "tflops": 0.3197209183688298,
    "total_time": 31.225697,
    "transforms_time": 0.5240031669999999,
    "xc_tflops": 0.0,
    "xc_time": 17.475648718
  },
  "schema_version": "0.2.0"
}
