{
  "calculation_time": 33.636220707,
  "qmmbe": {
    "b_formation_time": 2.356502323,
    "b_tflops": 4.451507338130471,
    "diag_time": 6.8113292659999995,
    "expanded_elec_energy": -5149.083394115105,
    "expanded_hf_energy": -1536.1827402230324,
    "expanded_nuc_repulsion_energy": 3836.9158947778856,
    "expanded_xc_energy": -224.0152408858131,
    "homo": -0.1742472276549376,
    "lumo": -0.10334346332759144,
    "method": "RestrictedKSDFT",
    "mp2_tflops": 0.0,
    "mp2_time": 6.9533558049955e-310,
    "n_atoms": 62,
    "nmers": [
      [
        {
          "fragments": [
            0
          ],
          "hf_energy": -1536.1827402230324,
          "num_basis_fns": 1372,
          "num_iters": 17,
          "schema_version": "0.2.0"
        }
      ]
    ],
    "num_iters": 17,
    "ri_fock_time": 4.9581428590000005,
    "ri_tflops": 0.08700175241158777,
    "scf_tflops": 0.03612424691397596,
    "scf_time": 33.431469822,
    "schema_version": "0.2.0",
    "tflops": 0.34456945314040766,
    "total_time": 33.63188,
    "transforms_time": 0.09681446099999999,
    "xc_tflops": 0.0,
    "xc_time": 20.742834414
  },
  "schema_version": "0.2.0"
}
