{
  "calculation_time": 24.702041617,
  "qmmbe": {
    "b_formation_time": 1.758110897,
    "b_tflops": 4.682711876116652,
    "diag_time": 4.707312288000001,
    "expanded_elec_energy": -4620.820838341898,
    "expanded_hf_energy": -1382.6623308116978,
    "expanded_nuc_repulsion_energy": 3439.851823756723,
    "expanded_xc_energy": -201.69331622652322,
    "homo": -0.17642471240511307,
    "lumo": -0.0990603747176095,
    "method": "RestrictedKSDFT",
    "mp2_tflops": 0.0,
    "mp2_time": 6.9533558049544e-310,
    "n_atoms": 56,
    "nmers": [
      [
        {
          "fragments": [
            0
          ],
          "hf_energy": -1382.6623308116978,
          "num_basis_fns": 1236,
          "num_iters": 17,
          "schema_version": "0.2.0"
        }
      ]
    ],
    "num_iters": 17,
    "ri_fock_time": 2.3549495470000004,
    "ri_tflops": 0.13392634428613512,
    "scf_tflops": 0.035972799204613375,
    "scf_time": 24.5248939,
    "schema_version": "0.2.0",
    "tflops": 0.36589775836035726,
    "total_time": 24.698285,
    "transforms_time": 0.082024159,
    "xc_tflops": 0.0,
    "xc_time": 15.688296164999999
  },
  "schema_version": "0.2.0"
}
