{
  "calculation_time": 32.847969053,
  "qmmbe": {
    "b_formation_time": 2.601993564,
    "b_tflops": 5.143204926918874,
    "diag_time": 6.773907801999999,
    "expanded_elec_energy": -5689.520113766639,
    "expanded_hf_energy": -1689.6889255232045,
    "expanded_nuc_repulsion_energy": 4246.18039011273,
    "expanded_xc_energy": -246.34920186929497,
    "homo": -0.17638760585115043,
    "lumo": -0.1007764566008266,
    "method": "RestrictedKSDFT",
    "mp2_tflops": 0.0,
    "mp2_time": 6.9533558049781e-310,
    "n_atoms": 68,
    "nmers": [
      [
        {
          "fragments": [
            0
          ],
          "hf_energy": -1689.6889255232045,
          "num_basis_fns": 1508,
          "num_iters": 18,
          "schema_version": "0.2.0"
        }
      ]
    ],
    "num_iters": 18,
    "ri_fock_time": 3.92948695,
    "ri_tflops": 0.1543370897394124,
    "scf_tflops": 0.052109221934748214,
    "scf_time": 32.644848584,
    "schema_version": "0.2.0",
    "tflops": 0.4544305095193513,
    "total_time": 32.843471,
    "transforms_time": 0.18529692700000006,
    "xc_tflops": 0.0,
    "xc_time": 19.730617232
  },
  "schema_version": "0.2.0"
}
