{
  "calculation_time": 29.353964543,
  "qmmbe": {
    "b_formation_time": 2.114432083,
    "b_tflops": 5.383258145161241,
    "diag_time": 4.847549885,
    "expanded_elec_energy": -5327.665753321035,
    "expanded_hf_energy": -1535.0108163783268,
    "expanded_nuc_repulsion_energy": 4015.982885718625,
    "expanded_xc_energy": -223.32794877591704,
    "homo": -0.1720549667591291,
    "lumo": -0.10432085508187565,
    "method": "RestrictedKSDFT",
    "mp2_tflops": 0.0,
    "mp2_time": 6.9533558049955e-310,
    "n_atoms": 60,
    "nmers": [
      [
        {
          "fragments": [
            0
          ],
          "hf_energy": -1535.0108163783268,
          "num_basis_fns": 1360,
          "num_iters": 18,
          "schema_version": "0.2.0"
        }
      ]
    ],
    "num_iters": 18,
    "ri_fock_time": 3.9523480190000004,
    "ri_tflops": 0.11253862409427665,
    "scf_tflops": 0.042810423073876926,
    "scf_time": 29.138521482,
    "schema_version": "0.2.0",
    "tflops": 0.4264338914057389,
    "total_time": 29.349787,
    "transforms_time": 0.099814151,
    "xc_tflops": 0.0,
    "xc_time": 19.108041228
  },
  "schema_version": "0.2.0"
}
