{
  "calculation_time": 41.906217242,
  "qmmbe": {
    "b_formation_time": 5.101402611,
    "b_tflops": 3.0768038526273456,
    "diag_time": 8.205330944,
    "expanded_elec_energy": -6080.060783292599,
    "expanded_hf_energy": -1689.6679460038692,
    "expanded_nuc_repulsion_energy": 4636.753882007053,
    "expanded_xc_energy": -246.36104471832343,
    "homo": -0.17830373026501128,
    "lumo": -0.0972321237971734,
    "method": "RestrictedKSDFT",
    "mp2_tflops": 0.0,
    "mp2_time": 6.95335580495124e-310,
    "n_atoms": 68,
    "nmers": [
      [
        {
          "fragments": [
            0
          ],
          "hf_energy": -1689.6679460038692,
          "num_basis_fns": 1508,
          "num_iters": 18,
          "schema_version": "0.2.0"
        }
      ]
    ],
    "num_iters": 18,
    "ri_fock_time": 4.759266564000001,
    "ri_tflops": 0.12742836987098416,
    "scf_tflops": 0.04531469084520001,
    "scf_time": 39.91256873,
    "schema_version": "0.2.0",
    "tflops": 0.42265011333704927,
    "total_time": 40.229203,
    "transforms_time": 0.5499569440000004,
    "xc_tflops": 0.0,
    "xc_time": 22.649623152999997
  },
  "schema_version": "0.2.0"
}
