{
  "calculation_time": 31.665860165,
  "qmmbe": {
    "b_formation_time": 2.603753424,
    "b_tflops": 4.169608935579454,
    "diag_time": 6.298953649000001,
    "expanded_elec_energy": -5215.991663454584,
    "expanded_hf_energy": -1536.172829031882,
    "expanded_nuc_repulsion_energy": 3903.8447220729868,
    "expanded_xc_energy": -224.02588765028452,
    "homo": -0.17756316519822926,
    "lumo": -0.09728989344259793,
    "method": "RestrictedKSDFT",
    "mp2_tflops": 0.0,
    "mp2_time": 6.9533558049955e-310,
    "n_atoms": 62,
    "nmers": [
      [
        {
          "fragments": [
            0
          ],
          "hf_energy": -1536.172829031882,
          "num_basis_fns": 1372,
          "num_iters": 17,
          "schema_version": "0.2.0"
        }
      ]
    ],
    "num_iters": 17,
    "ri_fock_time": 3.5651224429999995,
    "ri_tflops": 0.12099643822527754,
    "scf_tflops": 0.038816381766301575,
    "scf_time": 31.466272716,
    "schema_version": "0.2.0",
    "tflops": 0.37759154088395136,
    "total_time": 31.661632,
    "transforms_time": 0.256822563,
    "xc_tflops": 0.0,
    "xc_time": 18.998916312
  },
  "schema_version": "0.2.0"
}
