{
  "calculation_time": 33.554744858,
  "qmmbe": {
    "b_formation_time": 2.368403539,
    "b_tflops": 4.567431267951672,
    "diag_time": 5.832061455999999,
    "expanded_elec_energy": -5202.376996437353,
    "expanded_hf_energy": -1537.8305501532059,
    "expanded_nuc_repulsion_energy": 3890.351902715248,
    "expanded_xc_energy": -225.80545643110054,
    "homo": -0.1844797996600137,
    "lumo": -0.10079893037941995,
    "method": "RestrictedKSDFT",
    "mp2_tflops": 0.0,
    "mp2_time": 6.9533558049544e-310,
    "n_atoms": 62,
    "nmers": [
      [
        {
          "fragments": [
            0
          ],
          "hf_energy": -1537.8305501532059,
          "num_basis_fns": 1372,
          "num_iters": 17,
          "schema_version": "0.2.0"
        }
      ]
    ],
    "num_iters": 17,
    "ri_fock_time": 5.056487484,
    "ri_tflops": 0.08530963812428177,
    "scf_tflops": 0.03608073307062072,
    "scf_time": 33.348193523,
    "schema_version": "0.2.0",
    "tflops": 0.3551663904741771,
    "total_time": 33.550617,
    "transforms_time": 0.092946826,
    "xc_tflops": 0.0,
    "xc_time": 21.969668182
  },
  "schema_version": "0.2.0"
}
