{
  "calculation_time": 38.208485525,
  "qmmbe": {
    "b_formation_time": 2.813154103,
    "b_tflops": 5.211366223527499,
    "diag_time": 8.156433389,
    "expanded_elec_energy": -5919.0609957252545,
    "expanded_hf_energy": -1691.4717247787241,
    "expanded_nuc_repulsion_energy": 4475.890117133698,
    "expanded_xc_energy": -248.30084618716802,
    "homo": -0.16918333852291886,
    "lumo": -0.11651261173657829,
    "method": "RestrictedKSDFT",
    "mp2_tflops": 0.0,
    "mp2_time": 6.9533558050113e-310,
    "n_atoms": 68,
    "nmers": [
      [
        {
          "fragments": [
            0
          ],
          "hf_energy": -1691.4717247787241,
          "num_basis_fns": 1508,
          "num_iters": 18,
          "schema_version": "0.2.0"
        }
      ]
    ],
    "num_iters": 18,
    "ri_fock_time": 4.3183546999999995,
    "ri_tflops": 0.14043903805122818,
    "scf_tflops": 0.04455090664903426,
    "scf_time": 37.980753579,
    "schema_version": "0.2.0",
    "tflops": 0.42411411215579176,
    "total_time": 38.204022,
    "transforms_time": 0.4355434440000001,
    "xc_tflops": 0.0,
    "xc_time": 23.498484303
  },
  "schema_version": "0.2.0"
}
