{
  "calculation_time": 43.89504811,
  "qmmbe": {
    "b_formation_time": 4.736557676,
    "b_tflops": 3.0672431432197764,
    "diag_time": 8.773620522000002,
    "expanded_elec_energy": -5882.165015652921,
    "expanded_hf_energy": -1691.4881365008691,
    "expanded_nuc_repulsion_energy": 4438.98979864123,
    "expanded_xc_energy": -248.31291948917757,
    "homo": -0.1777382104967276,
    "lumo": -0.10336805338862234,
    "method": "RestrictedKSDFT",
    "mp2_tflops": 0.0,
    "mp2_time": 6.9533558050034e-310,
    "n_atoms": 68,
    "nmers": [
      [
        {
          "fragments": [
            0
          ],
          "hf_energy": -1691.4881365008691,
          "num_basis_fns": 1508,
          "num_iters": 18,
          "schema_version": "0.2.0"
        }
      ]
    ],
    "num_iters": 18,
    "ri_fock_time": 4.858918189,
    "ri_tflops": 0.12481493954867658,
    "scf_tflops": 0.04251477519231727,
    "scf_time": 41.894564416,
    "schema_version": "0.2.0",
    "tflops": 0.3756084660298211,
    "total_time": 42.194935,
    "transforms_time": 0.7435752020000003,
    "xc_tflops": 0.0,
    "xc_time": 24.329451943999995
  },
  "schema_version": "0.2.0"
}
