{
  "calculation_time": 45.28374988,
  "qmmbe": {
    "b_formation_time": 3.500822859,
    "b_tflops": 4.815795385408275,
    "diag_time": 8.243074023,
    "expanded_elec_energy": -6225.169869597771,
    "expanded_hf_energy": -1691.4792217074137,
    "expanded_nuc_repulsion_energy": 4782.015962078625,
    "expanded_xc_energy": -248.32531418826795,
    "homo": -0.17967670560689855,
    "lumo": -0.10327165369657412,
    "method": "RestrictedKSDFT",
    "mp2_tflops": 0.0,
    "mp2_time": 6.95335580502397e-310,
    "n_atoms": 68,
    "nmers": [
      [
        {
          "fragments": [
            0
          ],
          "hf_energy": -1691.4792217074137,
          "num_basis_fns": 1508,
          "num_iters": 17,
          "schema_version": "0.2.0"
        }
      ]
    ],
    "num_iters": 17,
    "ri_fock_time": 5.309947764,
    "ri_tflops": 0.10786792512183363,
    "scf_tflops": 0.0355518488474222,
    "scf_time": 45.031380382,
    "schema_version": "0.2.0",
    "tflops": 0.4045097615204327,
    "total_time": 45.27927,
    "transforms_time": 0.215373756,
    "xc_tflops": 0.0,
    "xc_time": 29.103532035000004
  },
  "schema_version": "0.2.0"
}
