{
  "calculation_time": 28.132770797,
  "qmmbe": {
    "b_formation_time": 2.109677039,
    "b_tflops": 4.993636709507743,
    "diag_time": 5.158913069,
    "expanded_elec_energy": -5164.238013156279,
    "expanded_hf_energy": -1537.8319139280013,
    "expanded_nuc_repulsion_energy": 3852.206005724465,
    "expanded_xc_energy": -225.79990649618748,
    "homo": -0.17842267377709708,
    "lumo": -0.10755741650253438,
    "method": "RestrictedKSDFT",
    "mp2_tflops": 0.0,
    "mp2_time": 6.9533558049544e-310,
    "n_atoms": 62,
    "nmers": [
      [
        {
          "fragments": [
            0
          ],
          "hf_energy": -1537.8319139280013,
          "num_basis_fns": 1372,
          "num_iters": 17,
          "schema_version": "0.2.0"
        }
      ]
    ],
    "num_iters": 17,
    "ri_fock_time": 2.7677926209999995,
    "ri_tflops": 0.15585239810493737,
    "scf_tflops": 0.04343735520302967,
    "scf_time": 27.934561543,
    "schema_version": "0.2.0",
    "tflops": 0.41358088049964636,
    "total_time": 28.128699,
    "transforms_time": 0.262530566,
    "xc_tflops": 0.0,
    "xc_time": 17.591499388
  },
  "schema_version": "0.2.0"
}
