{
  "calculation_time": 35.767019091,
  "qmmbe": {
    "b_formation_time": 2.356637737,
    "b_tflops": 5.05054598304262,
    "diag_time": 6.083020136,
    "expanded_elec_energy": -5434.922311353332,
    "expanded_hf_energy": -1614.0717319848957,
    "expanded_nuc_repulsion_energy": 4057.5410222250302,
    "expanded_xc_energy": -236.69044285659422,
    "homo": -0.17296193640537885,
    "lumo": -0.11238037761782686,
    "method": "RestrictedKSDFT",
    "mp2_tflops": 0.0,
    "mp2_time": 6.95335580501764e-310,
    "n_atoms": 64,
    "nmers": [
      [
        {
          "fragments": [
            0
          ],
          "hf_energy": -1614.0717319848957,
          "num_basis_fns": 1434,
          "num_iters": 18,
          "schema_version": "0.2.0"
        }
      ]
    ],
    "num_iters": 18,
    "ri_fock_time": 4.874908406,
    "ri_tflops": 0.10696795436447426,
    "scf_tflops": 0.04064562242723641,
    "scf_time": 35.564979952,
    "schema_version": "0.2.0",
    "tflops": 0.36992882597305843,
    "total_time": 35.762708,
    "transforms_time": 0.13791446599999999,
    "xc_tflops": 0.0,
    "xc_time": 23.731474372
  },
  "schema_version": "0.2.0"
}
