{
  "calculation_time": 38.290297886,
  "qmmbe": {
    "b_formation_time": 3.226159491,
    "b_tflops": 4.6461545101187305,
    "diag_time": 7.362132228999998,
    "expanded_elec_energy": -5980.03399063699,
    "expanded_hf_energy": -1691.4718845188952,
    "expanded_nuc_repulsion_energy": 4536.879421807325,
    "expanded_xc_energy": -248.3173156892305,
    "homo": -0.17638758357038586,
    "lumo": -0.10618335966126838,
    "method": "RestrictedKSDFT",
    "mp2_tflops": 0.0,
    "mp2_time": 6.9533558050034e-310,
    "n_atoms": 68,
    "nmers": [
      [
        {
          "fragments": [
            0
          ],
          "hf_energy": -1691.4718845188952,
          "num_basis_fns": 1508,
          "num_iters": 17,
          "schema_version": "0.2.0"
        }
      ]
    ],
    "num_iters": 17,
    "ri_fock_time": 4.272668083999999,
    "ri_tflops": 0.13405512353109808,
    "scf_tflops": 0.04268087152542048,
    "scf_time": 38.051916798,
    "schema_version": "0.2.0",
    "tflops": 0.4295561722208476,
    "total_time": 38.285787,
    "transforms_time": 0.10292333299999999,
    "xc_tflops": 0.0,
    "xc_time": 23.431293109000002
  },
  "schema_version": "0.2.0"
}
