{
  "calculation_time": 30.488820745,
  "qmmbe": {
    "b_formation_time": 2.321847313,
    "b_tflops": 5.010739629266913,
    "diag_time": 5.085827171999999,
    "expanded_elec_energy": -5349.116328150723,
    "expanded_hf_energy": -1537.808623506654,
    "expanded_nuc_repulsion_energy": 4037.124323478133,
    "expanded_xc_energy": -225.81661883406372,
    "homo": -0.18823743005415297,
    "lumo": -0.09424095193251618,
    "method": "RestrictedKSDFT",
    "mp2_tflops": 0.0,
    "mp2_time": 6.9533558049544e-310,
    "n_atoms": 62,
    "nmers": [
      [
        {
          "fragments": [
            0
          ],
          "hf_energy": -1537.808623506654,
          "num_basis_fns": 1372,
          "num_iters": 17,
          "schema_version": "0.2.0"
        }
      ]
    ],
    "num_iters": 17,
    "ri_fock_time": 3.4727771799999996,
    "ri_tflops": 0.12421387698706314,
    "scf_tflops": 0.040010307561245934,
    "scf_time": 30.292415852,
    "schema_version": "0.2.0",
    "tflops": 0.41767675368658463,
    "total_time": 30.484589,
    "transforms_time": 0.09435339100000001,
    "xc_tflops": 0.0,
    "xc_time": 19.444791243999997
  },
  "schema_version": "0.2.0"
}
