{
  "calculation_time": 27.232043967,
  "qmmbe": {
    "b_formation_time": 1.894518895,
    "b_tflops": 4.367871839546894,
    "diag_time": 4.673108849,
    "expanded_elec_energy": -4631.441282122663,
    "expanded_hf_energy": -1384.1509783745796,
    "expanded_nuc_repulsion_energy": 3450.592166757339,
    "expanded_xc_energy": -203.3018630092551,
    "homo": -0.17397971505749396,
    "lumo": -0.11131484464730078,
    "method": "RestrictedKSDFT",
    "mp2_tflops": 0.0,
    "mp2_time": 6.953355804956e-310,
    "n_atoms": 56,
    "nmers": [
      [
        {
          "fragments": [
            0
          ],
          "hf_energy": -1384.1509783745796,
          "num_basis_fns": 1236,
          "num_iters": 17,
          "schema_version": "0.2.0"
        }
      ]
    ],
    "num_iters": 17,
    "ri_fock_time": 2.890751569,
    "ri_tflops": 0.10910303991190189,
    "scf_tflops": 0.03275094633964175,
    "scf_time": 27.043333257,
    "schema_version": "0.2.0",
    "tflops": 0.3334603467350918,
    "total_time": 27.228197,
    "transforms_time": 0.22190732999999993,
    "xc_tflops": 0.0,
    "xc_time": 17.435920533000004
  },
  "schema_version": "0.2.0"
}
