{
  "calculation_time": 30.299737261,
  "qmmbe": {
    "b_formation_time": 2.192361219,
    "b_tflops": 4.793078043931592,
    "diag_time": 5.612935834,
    "expanded_elec_energy": -5148.098962806238,
    "expanded_hf_energy": -1537.8342529793129,
    "expanded_nuc_repulsion_energy": 3836.065298466372,
    "expanded_xc_energy": -225.80058863944697,
    "homo": -0.18546842296275687,
    "lumo": -0.100931625350925,
    "method": "RestrictedKSDFT",
    "mp2_tflops": 0.0,
    "mp2_time": 6.9533558049544e-310,
    "n_atoms": 62,
    "nmers": [
      [
        {
          "fragments": [
            0
          ],
          "hf_energy": -1537.8342529793129,
          "num_basis_fns": 1372,
          "num_iters": 17,
          "schema_version": "0.2.0"
        }
      ]
    ],
    "num_iters": 17,
    "ri_fock_time": 3.730846025,
    "ri_tflops": 0.11562179584723012,
    "scf_tflops": 0.04004269196434548,
    "scf_time": 30.093597629,
    "schema_version": "0.2.0",
    "tflops": 0.38311461110069345,
    "total_time": 30.295608,
    "transforms_time": 0.213194417,
    "xc_tflops": 0.0,
    "xc_time": 19.305538799
  },
  "schema_version": "0.2.0"
}
