{
  "calculation_time": 34.169664532,
  "qmmbe": {
    "b_formation_time": 2.685565295,
    "b_tflops": 5.351099735953357,
    "diag_time": 7.4525506209999985,
    "expanded_elec_energy": -5880.474512435251,
    "expanded_hf_energy": -1691.4941193455347,
    "expanded_nuc_repulsion_energy": 4437.293894484642,
    "expanded_xc_energy": -248.3135013949253,
    "homo": -0.17884887707063638,
    "lumo": -0.10558897399811336,
    "method": "RestrictedKSDFT",
    "mp2_tflops": 0.0,
    "mp2_time": 6.9533558050034e-310,
    "n_atoms": 68,
    "nmers": [
      [
        {
          "fragments": [
            0
          ],
          "hf_energy": -1691.4941193455347,
          "num_basis_fns": 1508,
          "num_iters": 17,
          "schema_version": "0.2.0"
        }
      ]
    ],
    "num_iters": 17,
    "ri_fock_time": 3.844677961,
    "ri_tflops": 0.14897815984021243,
    "scf_tflops": 0.04731536844375382,
    "scf_time": 33.945891297,
    "schema_version": "0.2.0",
    "tflops": 0.4632636039402231,
    "total_time": 34.164972,
    "transforms_time": 0.34860727599999997,
    "xc_tflops": 0.0,
    "xc_time": 20.529838034
  },
  "schema_version": "0.2.0"
}
