{
  "calculation_time": 40.843258698,
  "qmmbe": {
    "b_formation_time": 2.876921915,
    "b_tflops": 5.388519245880192,
    "diag_time": 6.96917422,
    "expanded_elec_energy": -6040.7546863145235,
    "expanded_hf_energy": -1691.476575245083,
    "expanded_nuc_repulsion_energy": 4597.587239853941,
    "expanded_xc_energy": -248.30912878450087,
    "homo": -0.17635056536451182,
    "lumo": -0.10965785073874265,
    "method": "RestrictedKSDFT",
    "mp2_tflops": 0.0,
    "mp2_time": 6.9533558050113e-310,
    "n_atoms": 68,
    "nmers": [
      [
        {
          "fragments": [
            0
          ],
          "hf_energy": -1691.476575245083,
          "num_basis_fns": 1508,
          "num_iters": 18,
          "schema_version": "0.2.0"
        }
      ]
    ],
    "num_iters": 18,
    "ri_fock_time": 5.218995969000001,
    "ri_tflops": 0.11620349654115625,
    "scf_tflops": 0.04169481881831371,
    "scf_time": 40.60150176,
    "schema_version": "0.2.0",
    "tflops": 0.4173705289965234,
    "total_time": 40.838624,
    "transforms_time": 0.3953466709999999,
    "xc_tflops": 0.0,
    "xc_time": 26.984368755000002
  },
  "schema_version": "0.2.0"
}
