{
  "calculation_time": 41.683397691,
  "qmmbe": {
    "b_formation_time": 2.958832568,
    "b_tflops": 5.348451224818342,
    "diag_time": 8.046120207000001,
    "expanded_elec_energy": -6094.402634181218,
    "expanded_hf_energy": -1691.4519630977948,
    "expanded_nuc_repulsion_energy": 4651.266364398396,
    "expanded_xc_energy": -248.31569331497292,
    "homo": -0.17924399774780567,
    "lumo": -0.10109287094120055,
    "method": "RestrictedKSDFT",
    "mp2_tflops": 0.0,
    "mp2_time": 6.9533558050034e-310,
    "n_atoms": 68,
    "nmers": [
      [
        {
          "fragments": [
            0
          ],
          "hf_energy": -1691.4519630977948,
          "num_basis_fns": 1508,
          "num_iters": 17,
          "schema_version": "0.2.0"
        }
      ]
    ],
    "num_iters": 17,
    "ri_fock_time": 4.016945575,
    "ri_tflops": 0.1425891979649239,
    "scf_tflops": 0.038546342419287435,
    "scf_time": 41.426426083,
    "schema_version": "0.2.0",
    "tflops": 0.4146412204736304,
    "total_time": 41.679001,
    "transforms_time": 0.5089658,
    "xc_tflops": 0.0,
    "xc_time": 26.245485464999998
  },
  "schema_version": "0.2.0"
}
