{
  "calculation_time": 42.901629885,
  "qmmbe": {
    "b_formation_time": 4.911559005,
    "b_tflops": 3.0821752038986245,
    "diag_time": 8.171130243999999,
    "expanded_elec_energy": -5989.864201360522,
    "expanded_hf_energy": -1691.4538693868267,
    "expanded_nuc_repulsion_energy": 4546.716514782065,
    "expanded_xc_energy": -248.30618280836973,
    "homo": -0.16992525921947962,
    "lumo": -0.11506694266365843,
    "method": "RestrictedKSDFT",
    "mp2_tflops": 0.0,
    "mp2_time": 6.9533558050113e-310,
    "n_atoms": 68,
    "nmers": [
      [
        {
          "fragments": [
            0
          ],
          "hf_energy": -1691.4538693868267,
          "num_basis_fns": 1508,
          "num_iters": 18,
          "schema_version": "0.2.0"
        }
      ]
    ],
    "num_iters": 18,
    "ri_fock_time": 4.676879964,
    "ri_tflops": 0.12967311213891142,
    "scf_tflops": 0.04365951341306585,
    "scf_time": 40.979169629,
    "schema_version": "0.2.0",
    "tflops": 0.39895111099059155,
    "total_time": 41.220638,
    "transforms_time": 0.6016795520000002,
    "xc_tflops": 0.0,
    "xc_time": 23.901670576
  },
  "schema_version": "0.2.0"
}
