{
  "calculation_time": 34.770448562,
  "qmmbe": {
    "b_formation_time": 2.576641816,
    "b_tflops": 4.082971745792703,
    "diag_time": 5.6863759819999995,
    "expanded_elec_energy": -5156.27351632287,
    "expanded_hf_energy": -1537.8372085823826,
    "expanded_nuc_repulsion_energy": 3844.236438984706,
    "expanded_xc_energy": -225.80013124421885,
    "homo": -0.17955292076195628,
    "lumo": -0.10669105865856905,
    "method": "RestrictedKSDFT",
    "mp2_tflops": 0.0,
    "mp2_time": 6.9533558049544e-310,
    "n_atoms": 62,
    "nmers": [
      [
        {
          "fragments": [
            0
          ],
          "hf_energy": -1537.8372085823826,
          "num_basis_fns": 1372,
          "num_iters": 17,
          "schema_version": "0.2.0"
        }
      ]
    ],
    "num_iters": 17,
    "ri_fock_time": 4.229140771,
    "ri_tflops": 0.10199876069341651,
    "scf_tflops": 0.034889520101986024,
    "scf_time": 34.566132812,
    "schema_version": "0.2.0",
    "tflops": 0.3341983959183501,
    "total_time": 34.766434,
    "transforms_time": 0.096164543,
    "xc_tflops": 0.0,
    "xc_time": 22.634686458
  },
  "schema_version": "0.2.0"
}
