{
  "calculation_time": 35.254600817,
  "qmmbe": {
    "b_formation_time": 2.803529508,
    "b_tflops": 5.599954322275676,
    "diag_time": 6.061354363,
    "expanded_elec_energy": -6078.566643587792,
    "expanded_hf_energy": -1691.4753589250972,
    "expanded_nuc_repulsion_energy": 4635.4084258819485,
    "expanded_xc_energy": -248.3171412192537,
    "homo": -0.17739217074147468,
    "lumo": -0.10244458590324954,
    "method": "RestrictedKSDFT",
    "mp2_tflops": 0.0,
    "mp2_time": 6.9533558050034e-310,
    "n_atoms": 68,
    "nmers": [
      [
        {
          "fragments": [
            0
          ],
          "hf_energy": -1691.4753589250972,
          "num_basis_fns": 1508,
          "num_iters": 17,
          "schema_version": "0.2.0"
        }
      ]
    ],
    "num_iters": 17,
    "ri_fock_time": 3.8822516520000003,
    "ri_tflops": 0.1475363008765615,
    "scf_tflops": 0.0460698728676258,
    "scf_time": 34.998585646,
    "schema_version": "0.2.0",
    "tflops": 0.4867017237283477,
    "total_time": 35.250128,
    "transforms_time": 0.09780693700000005,
    "xc_tflops": 0.0,
    "xc_time": 22.105269723999996
  },
  "schema_version": "0.2.0"
}
