{
  "calculation_time": 36.345771084,
  "qmmbe": {
    "b_formation_time": 2.757523474,
    "b_tflops": 5.351686590322023,
    "diag_time": 6.620451085,
    "expanded_elec_energy": -5918.688125255236,
    "expanded_hf_energy": -1691.4635470510382,
    "expanded_nuc_repulsion_energy": 4475.530964171478,
    "expanded_xc_energy": -248.30638596728096,
    "homo": -0.1705926453652917,
    "lumo": -0.11573247783239296,
    "method": "RestrictedKSDFT",
    "mp2_tflops": 0.0,
    "mp2_time": 6.9533558050034e-310,
    "n_atoms": 68,
    "nmers": [
      [
        {
          "fragments": [
            0
          ],
          "hf_energy": -1691.4635470510382,
          "num_basis_fns": 1508,
          "num_iters": 18,
          "schema_version": "0.2.0"
        }
      ]
    ],
    "num_iters": 18,
    "ri_fock_time": 4.3772560050000004,
    "ri_tflops": 0.13854925993345002,
    "scf_tflops": 0.04688413461278655,
    "scf_time": 36.132295393,
    "schema_version": "0.2.0",
    "tflops": 0.44852440718138153,
    "total_time": 36.341145,
    "transforms_time": 0.103115151,
    "xc_tflops": 0.0,
    "xc_time": 22.761397538000004
  },
  "schema_version": "0.2.0"
}
