{
  "calculation_time": 37.704048726,
  "qmmbe": {
    "b_formation_time": 2.928609691,
    "b_tflops": 4.179409285153526,
    "diag_time": 6.084993744999999,
    "expanded_elec_energy": -5450.374358475878,
    "expanded_hf_energy": -1537.7976604558173,
    "expanded_nuc_repulsion_energy": 4138.392544378588,
    "expanded_xc_energy": -225.81584635852806,
    "homo": -0.17950900013803217,
    "lumo": -0.10589458410632661,
    "method": "RestrictedKSDFT",
    "mp2_tflops": 0.0,
    "mp2_time": 6.9533558049544e-310,
    "n_atoms": 62,
    "nmers": [
      [
        {
          "fragments": [
            0
          ],
          "hf_energy": -1537.7976604558173,
          "num_basis_fns": 1372,
          "num_iters": 17,
          "schema_version": "0.2.0"
        }
      ]
    ],
    "num_iters": 17,
    "ri_fock_time": 4.1222987390000005,
    "ri_tflops": 0.10464237182981123,
    "scf_tflops": 0.03233289069688717,
    "scf_time": 37.462661247,
    "schema_version": "0.2.0",
    "tflops": 0.35380574866958003,
    "total_time": 37.699755,
    "transforms_time": 0.09653024699999999,
    "xc_tflops": 0.0,
    "xc_time": 24.731052621000003
  },
  "schema_version": "0.2.0"
}
