{
  "calculation_time": 37.391386984,
  "qmmbe": {
    "b_formation_time": 2.579552267,
    "b_tflops": 5.43169016556469,
    "diag_time": 7.294262226,
    "expanded_elec_energy": -5808.1138825202115,
    "expanded_hf_energy": -1691.4910858488824,
    "expanded_nuc_repulsion_energy": 4364.934381443856,
    "expanded_xc_energy": -248.31158477252703,
    "homo": -0.17271876346811393,
    "lumo": -0.11261572542809101,
    "method": "RestrictedKSDFT",
    "mp2_tflops": 0.0,
    "mp2_time": 6.9533558050224e-310,
    "n_atoms": 68,
    "nmers": [
      [
        {
          "fragments": [
            0
          ],
          "hf_energy": -1691.4910858488824,
          "num_basis_fns": 1508,
          "num_iters": 18,
          "schema_version": "0.2.0"
        }
      ]
    ],
    "num_iters": 18,
    "ri_fock_time": 4.425975532000001,
    "ri_tflops": 0.13702416013085178,
    "scf_tflops": 0.04521026588024668,
    "scf_time": 37.175294758,
    "schema_version": "0.2.0",
    "tflops": 0.4160234864603536,
    "total_time": 37.386875,
    "transforms_time": 0.347183696,
    "xc_tflops": 0.0,
    "xc_time": 23.508660496
  },
  "schema_version": "0.2.0"
}
