{
  "calculation_time": 31.529594263,
  "qmmbe": {
    "b_formation_time": 2.470963141,
    "b_tflops": 5.159160159705515,
    "diag_time": 6.461688346,
    "expanded_elec_energy": -5594.953552530221,
    "expanded_hf_energy": -1614.0589103300251,
    "expanded_nuc_repulsion_energy": 4217.592400214769,
    "expanded_xc_energy": -236.69775801457385,
    "homo": -0.17235707627601643,
    "lumo": -0.11349240819995064,
    "method": "RestrictedKSDFT",
    "mp2_tflops": 0.0,
    "mp2_time": 6.9533558049718e-310,
    "n_atoms": 64,
    "nmers": [
      [
        {
          "fragments": [
            0
          ],
          "hf_energy": -1614.0589103300251,
          "num_basis_fns": 1434,
          "num_iters": 17,
          "schema_version": "0.2.0"
        }
      ]
    ],
    "num_iters": 17,
    "ri_fock_time": 3.22320836,
    "ri_tflops": 0.15279466344397294,
    "scf_tflops": 0.044140155613387085,
    "scf_time": 31.291717944,
    "schema_version": "0.2.0",
    "tflops": 0.44413858323998756,
    "total_time": 31.525269,
    "transforms_time": 0.13801978999999998,
    "xc_tflops": 0.0,
    "xc_time": 19.023616807000003
  },
  "schema_version": "0.2.0"
}
