{
  "calculation_time": 45.843741404,
  "qmmbe": {
    "b_formation_time": 2.977578913,
    "b_tflops": 4.377154620937498,
    "diag_time": 9.583597701999999,
    "expanded_elec_energy": -5637.029793455638,
    "expanded_hf_energy": -1614.0555418392946,
    "expanded_nuc_repulsion_energy": 4259.666511040358,
    "expanded_xc_energy": -236.69225942401465,
    "homo": -0.16802319250824535,
    "lumo": -0.11714787794254654,
    "method": "RestrictedKSDFT",
    "mp2_tflops": 0.0,
    "mp2_time": 6.9533558049718e-310,
    "n_atoms": 64,
    "nmers": [
      [
        {
          "fragments": [
            0
          ],
          "hf_energy": -1614.0555418392946,
          "num_basis_fns": 1434,
          "num_iters": 17,
          "schema_version": "0.2.0"
        }
      ]
    ],
    "num_iters": 17,
    "ri_fock_time": 4.1695484050000005,
    "ri_tflops": 0.11811567794378441,
    "scf_tflops": 0.029806709078602917,
    "scf_time": 45.631497045,
    "schema_version": "0.2.0",
    "tflops": 0.3116721334568316,
    "total_time": 45.839246,
    "transforms_time": 0.21720616299999995,
    "xc_tflops": 0.0,
    "xc_time": 28.769277888999998
  },
  "schema_version": "0.2.0"
}
