{
  "calculation_time": 39.595199366,
  "qmmbe": {
    "b_formation_time": 2.897104218,
    "b_tflops": 4.612428877907905,
    "diag_time": 7.231742566999999,
    "expanded_elec_energy": -5695.533684133206,
    "expanded_hf_energy": -1614.0488012306334,
    "expanded_nuc_repulsion_energy": 4318.1873765292,
    "expanded_xc_energy": -236.70249362662736,
    "homo": -0.17941283801622226,
    "lumo": -0.1050599184960764,
    "method": "RestrictedKSDFT",
    "mp2_tflops": 0.0,
    "mp2_time": 6.95335580501764e-310,
    "n_atoms": 64,
    "nmers": [
      [
        {
          "fragments": [
            0
          ],
          "hf_energy": -1614.0488012306334,
          "num_basis_fns": 1434,
          "num_iters": 17,
          "schema_version": "0.2.0"
        }
      ]
    ],
    "num_iters": 17,
    "ri_fock_time": 3.8201524960000004,
    "ri_tflops": 0.1289186850764923,
    "scf_tflops": 0.03493930236553326,
    "scf_time": 39.373033992,
    "schema_version": "0.2.0",
    "tflops": 0.3691817102132183,
    "total_time": 39.59075,
    "transforms_time": 0.46396800000000005,
    "xc_tflops": 0.0,
    "xc_time": 25.705141514
  },
  "schema_version": "0.2.0"
}
