{
  "calculation_time": 46.3479975,
  "qmmbe": {
    "b_formation_time": 3.356809319,
    "b_tflops": 5.457858220575322,
    "diag_time": 7.947840014999999,
    "expanded_elec_energy": -6435.309433406908,
    "expanded_hf_energy": -1691.4545457195825,
    "expanded_nuc_repulsion_energy": 4992.196283385502,
    "expanded_xc_energy": -248.34139569817654,
    "homo": -0.1703894366246033,
    "lumo": -0.11029692789686013,
    "method": "RestrictedKSDFT",
    "mp2_tflops": 0.0,
    "mp2_time": 6.95335580501764e-310,
    "n_atoms": 68,
    "nmers": [
      [
        {
          "fragments": [
            0
          ],
          "hf_energy": -1691.4545457195825,
          "num_basis_fns": 1508,
          "num_iters": 18,
          "schema_version": "0.2.0"
        }
      ]
    ],
    "num_iters": 18,
    "ri_fock_time": 5.151822089,
    "ri_tflops": 0.11771865750700228,
    "scf_tflops": 0.0368233590493226,
    "scf_time": 46.041046626,
    "schema_version": "0.2.0",
    "tflops": 0.4286160971858661,
    "total_time": 46.343286,
    "transforms_time": 0.152241076,
    "xc_tflops": 0.0,
    "xc_time": 30.283221267
  },
  "schema_version": "0.2.0"
}
