{
  "calculation_time": 41.877239644,
  "qmmbe": {
    "b_formation_time": 3.111156943,
    "b_tflops": 4.9830626519878525,
    "diag_time": 8.793520052,
    "expanded_elec_energy": -6046.226602097282,
    "expanded_hf_energy": -1691.4855429034799,
    "expanded_nuc_repulsion_energy": 4603.061457631314,
    "expanded_xc_energy": -248.32039843751153,
    "homo": -0.18047233822598915,
    "lumo": -0.10580211192155121,
    "method": "RestrictedKSDFT",
    "mp2_tflops": 0.0,
    "mp2_time": 6.9533558050224e-310,
    "n_atoms": 68,
    "nmers": [
      [
        {
          "fragments": [
            0
          ],
          "hf_energy": -1691.4855429034799,
          "num_basis_fns": 1508,
          "num_iters": 17,
          "schema_version": "0.2.0"
        }
      ]
    ],
    "num_iters": 17,
    "ri_fock_time": 4.971310354,
    "ri_tflops": 0.11521570914339258,
    "scf_tflops": 0.0384694094007165,
    "scf_time": 41.643146419,
    "schema_version": "0.2.0",
    "tflops": 0.40503144613322023,
    "total_time": 41.872678,
    "transforms_time": 0.58581573,
    "xc_tflops": 0.0,
    "xc_time": 25.421664892
  },
  "schema_version": "0.2.0"
}
