{
  "calculation_time": 57.072831642,
  "qmmbe": {
    "b_formation_time": 3.888100386,
    "b_tflops": 4.651233600316821,
    "diag_time": 10.282614140999998,
    "expanded_elec_energy": -6407.386891915203,
    "expanded_hf_energy": -1691.4536715942966,
    "expanded_nuc_repulsion_energy": 4964.274163056974,
    "expanded_xc_energy": -248.34094273606823,
    "homo": -0.17259804637942944,
    "lumo": -0.10750571073830012,
    "method": "RestrictedKSDFT",
    "mp2_tflops": 0.0,
    "mp2_time": 6.9533558050224e-310,
    "n_atoms": 68,
    "nmers": [
      [
        {
          "fragments": [
            0
          ],
          "hf_energy": -1691.4536715942966,
          "num_basis_fns": 1508,
          "num_iters": 19,
          "schema_version": "0.2.0"
        }
      ]
    ],
    "num_iters": 19,
    "ri_fock_time": 6.827112527000001,
    "ri_tflops": 0.0937670369023932,
    "scf_tflops": 0.03123481644345662,
    "scf_time": 56.775350349,
    "schema_version": "0.2.0",
    "tflops": 0.34542407462508856,
    "total_time": 57.068345,
    "transforms_time": 0.22361836500000004,
    "xc_tflops": 0.0,
    "xc_time": 38.299267952
  },
  "schema_version": "0.2.0"
}
