{
  "calculation_time": 31.593268618,
  "qmmbe": {
    "b_formation_time": 2.490245901,
    "b_tflops": 5.165955003013174,
    "diag_time": 6.011994271999999,
    "expanded_elec_energy": -5607.023283104225,
    "expanded_hf_energy": -1614.055564023878,
    "expanded_nuc_repulsion_energy": 4229.66171530338,
    "expanded_xc_energy": -236.69399622303354,
    "homo": -0.17520161627538972,
    "lumo": -0.1084602245537836,
    "method": "RestrictedKSDFT",
    "mp2_tflops": 0.0,
    "mp2_time": 6.95335580501764e-310,
    "n_atoms": 64,
    "nmers": [
      [
        {
          "fragments": [
            0
          ],
          "hf_energy": -1614.055564023878,
          "num_basis_fns": 1434,
          "num_iters": 17,
          "schema_version": "0.2.0"
        }
      ]
    ],
    "num_iters": 17,
    "ri_fock_time": 3.2939075480000004,
    "ri_tflops": 0.14951513647522688,
    "scf_tflops": 0.044308927354116116,
    "scf_time": 31.369184041,
    "schema_version": "0.2.0",
    "tflops": 0.44692846527295454,
    "total_time": 31.58893,
    "transforms_time": 0.091495752,
    "xc_tflops": 0.0,
    "xc_time": 19.327917775
  },
  "schema_version": "0.2.0"
}
