{
  "calculation_time": 33.082096163,
  "qmmbe": {
    "b_formation_time": 2.545133824,
    "b_tflops": 5.3550071796287595,
    "diag_time": 5.9232156940000005,
    "expanded_elec_energy": -5729.008329245273,
    "expanded_hf_energy": -1614.0583640475309,
    "expanded_nuc_repulsion_energy": 4351.643361259805,
    "expanded_xc_energy": -236.693396062063,
    "homo": -0.17531211122051812,
    "lumo": -0.10739298179276957,
    "method": "RestrictedKSDFT",
    "mp2_tflops": 0.0,
    "mp2_time": 6.9533558049718e-310,
    "n_atoms": 64,
    "nmers": [
      [
        {
          "fragments": [
            0
          ],
          "hf_energy": -1614.0583640475309,
          "num_basis_fns": 1434,
          "num_iters": 18,
          "schema_version": "0.2.0"
        }
      ]
    ],
    "num_iters": 18,
    "ri_fock_time": 3.521793584,
    "ri_tflops": 0.1480663098124379,
    "scf_tflops": 0.04449081623552601,
    "scf_time": 32.838829718,
    "schema_version": "0.2.0",
    "tflops": 0.4521621256053254,
    "total_time": 33.077871,
    "transforms_time": 0.14455554300000004,
    "xc_tflops": 0.0,
    "xc_time": 21.085603619
  },
  "schema_version": "0.2.0"
}
