{
  "calculation_time": 38.012934647,
  "qmmbe": {
    "b_formation_time": 2.575511966,
    "b_tflops": 4.252538208552823,
    "diag_time": 6.691985474000002,
    "expanded_elec_energy": -5252.906340147797,
    "expanded_hf_energy": -1536.6366899573954,
    "expanded_nuc_repulsion_energy": 3941.3423619733835,
    "expanded_xc_energy": -225.07271178298194,
    "homo": -0.16828414905508265,
    "lumo": -0.1172005784087664,
    "method": "RestrictedKSDFT",
    "mp2_tflops": 0.0,
    "mp2_time": 6.9533558049544e-310,
    "n_atoms": 60,
    "nmers": [
      [
        {
          "fragments": [
            0
          ],
          "hf_energy": -1536.6366899573954,
          "num_basis_fns": 1360,
          "num_iters": 18,
          "schema_version": "0.2.0"
        }
      ]
    ],
    "num_iters": 18,
    "ri_fock_time": 3.9837222729999993,
    "ri_tflops": 0.11165231346939332,
    "scf_tflops": 0.032735393770970525,
    "scf_time": 37.815750876,
    "schema_version": "0.2.0",
    "tflops": 0.3179713049118299,
    "total_time": 38.00869,
    "transforms_time": 0.095817438,
    "xc_tflops": 0.0,
    "xc_time": 24.750794104
  },
  "schema_version": "0.2.0"
}
