{
  "calculation_time": 37.199766208,
  "qmmbe": {
    "b_formation_time": 2.872263892,
    "b_tflops": 5.011854311642755,
    "diag_time": 8.155734268,
    "expanded_elec_energy": -5866.766396315286,
    "expanded_hf_energy": -1691.4796580886152,
    "expanded_nuc_repulsion_energy": 4423.5985376716235,
    "expanded_xc_energy": -248.31179944495236,
    "homo": -0.17940251350855219,
    "lumo": -0.10537596952069787,
    "method": "RestrictedKSDFT",
    "mp2_tflops": 0.0,
    "mp2_time": 6.9533558050034e-310,
    "n_atoms": 68,
    "nmers": [
      [
        {
          "fragments": [
            0
          ],
          "hf_energy": -1691.4796580886152,
          "num_basis_fns": 1508,
          "num_iters": 17,
          "schema_version": "0.2.0"
        }
      ]
    ],
    "num_iters": 17,
    "ri_fock_time": 4.401055339000001,
    "ri_tflops": 0.13014447756027178,
    "scf_tflops": 0.04353482795192862,
    "scf_time": 36.985692389,
    "schema_version": "0.2.0",
    "tflops": 0.42618303357226106,
    "total_time": 37.195074,
    "transforms_time": 0.41794322100000003,
    "xc_tflops": 0.0,
    "xc_time": 22.180865159
  },
  "schema_version": "0.2.0"
}
