{
  "calculation_time": 36.260428295,
  "qmmbe": {
    "b_formation_time": 2.673915934,
    "b_tflops": 5.319984025508261,
    "diag_time": 7.374298452000001,
    "expanded_elec_energy": -5862.56904935959,
    "expanded_hf_energy": -1691.4918951312493,
    "expanded_nuc_repulsion_energy": 4419.379243778974,
    "expanded_xc_energy": -248.30208955063347,
    "homo": -0.16945624628939784,
    "lumo": -0.11632744202077026,
    "method": "RestrictedKSDFT",
    "mp2_tflops": 0.0,
    "mp2_time": 6.9533558050224e-310,
    "n_atoms": 68,
    "nmers": [
      [
        {
          "fragments": [
            0
          ],
          "hf_energy": -1691.4918951312493,
          "num_basis_fns": 1508,
          "num_iters": 18,
          "schema_version": "0.2.0"
        }
      ]
    ],
    "num_iters": 18,
    "ri_fock_time": 4.03269744,
    "ri_tflops": 0.15038707690205494,
    "scf_tflops": 0.04699998976791988,
    "scf_time": 36.04242155,
    "schema_version": "0.2.0",
    "tflops": 0.4348983193226811,
    "total_time": 36.256015,
    "transforms_time": 0.108979785,
    "xc_tflops": 0.0,
    "xc_time": 22.301674139000003
  },
  "schema_version": "0.2.0"
}
