{
  "calculation_time": 29.563210084,
  "qmmbe": {
    "b_formation_time": 2.221202394,
    "b_tflops": 5.5068573719698595,
    "diag_time": 5.805001532,
    "expanded_elec_energy": -5497.540428533974,
    "expanded_hf_energy": -1614.0586409194007,
    "expanded_nuc_repulsion_energy": 4120.16836570074,
    "expanded_xc_energy": -236.68657808616683,
    "homo": -0.16804146431663236,
    "lumo": -0.11879801817922611,
    "method": "RestrictedKSDFT",
    "mp2_tflops": 0.0,
    "mp2_time": 6.9533558049718e-310,
    "n_atoms": 64,
    "nmers": [
      [
        {
          "fragments": [
            0
          ],
          "hf_energy": -1614.0586409194007,
          "num_basis_fns": 1434,
          "num_iters": 18,
          "schema_version": "0.2.0"
        }
      ]
    ],
    "num_iters": 18,
    "ri_fock_time": 3.2154528740000003,
    "ri_tflops": 0.1621727950424939,
    "scf_tflops": 0.04977970725991009,
    "scf_time": 29.342176133,
    "schema_version": "0.2.0",
    "tflops": 0.45871972316192816,
    "total_time": 29.558778,
    "transforms_time": 0.18016719400000009,
    "xc_tflops": 0.0,
    "xc_time": 18.226964397000003
  },
  "schema_version": "0.2.0"
}
