{
  "calculation_time": 21.358264086,
  "qmmbe": {
    "b_formation_time": 1.837971024,
    "b_tflops": 3.000742907043784,
    "diag_time": 3.548964420000001,
    "expanded_elec_energy": -3914.2367017749443,
    "expanded_hf_energy": -1230.4970039607324,
    "expanded_nuc_repulsion_energy": 2864.5254186632947,
    "expanded_xc_energy": -180.78572084908262,
    "homo": -0.18464572246613956,
    "lumo": -0.09995879524532081,
    "method": "RestrictedKSDFT",
    "mp2_tflops": 0.0,
    "mp2_time": 6.953355804956e-310,
    "n_atoms": 50,
    "nmers": [
      [
        {
          "fragments": [
            0
          ],
          "hf_energy": -1230.4970039607324,
          "num_basis_fns": 1100,
          "num_iters": 17,
          "schema_version": "0.2.0"
        }
      ]
    ],
    "num_iters": 17,
    "ri_fock_time": 1.38141101,
    "ri_tflops": 0.1609373013466861,
    "scf_tflops": 0.029942520971262383,
    "scf_time": 21.188195997,
    "schema_version": "0.2.0",
    "tflops": 0.2848777395772716,
    "total_time": 21.354945,
    "transforms_time": 0.07828116100000002,
    "xc_tflops": 0.0,
    "xc_time": 13.677808743999998
  },
  "schema_version": "0.2.0"
}
