{
  "calculation_time": 39.299530182,
  "qmmbe": {
    "b_formation_time": 3.019862002,
    "b_tflops": 5.149454559808723,
    "diag_time": 7.401301699999999,
    "expanded_elec_energy": -6057.158191933424,
    "expanded_hf_energy": -1691.481022478809,
    "expanded_nuc_repulsion_energy": 4613.993908249208,
    "expanded_xc_energy": -248.31673879459348,
    "homo": -0.17725060353986302,
    "lumo": -0.1079462317105976,
    "method": "RestrictedKSDFT",
    "mp2_tflops": 0.0,
    "mp2_time": 6.9533558050113e-310,
    "n_atoms": 68,
    "nmers": [
      [
        {
          "fragments": [
            0
          ],
          "hf_energy": -1691.481022478809,
          "num_basis_fns": 1508,
          "num_iters": 17,
          "schema_version": "0.2.0"
        }
      ]
    ],
    "num_iters": 17,
    "ri_fock_time": 4.213436652,
    "ri_tflops": 0.13593963671819312,
    "scf_tflops": 0.04121403344462497,
    "scf_time": 39.040341684,
    "schema_version": "0.2.0",
    "tflops": 0.43281217250477716,
    "total_time": 39.294881,
    "transforms_time": 0.22585445400000007,
    "xc_tflops": 0.0,
    "xc_time": 24.618641612
  },
  "schema_version": "0.2.0"
}
