{
  "calculation_time": 34.142942668,
  "qmmbe": {
    "b_formation_time": 2.291168075,
    "b_tflops": 5.555753630411423,
    "diag_time": 7.006806655000001,
    "expanded_elec_energy": -5574.946246776701,
    "expanded_hf_energy": -1614.043074171819,
    "expanded_nuc_repulsion_energy": 4197.588695017148,
    "expanded_xc_energy": -236.68552241226612,
    "homo": -0.16707368203179937,
    "lumo": -0.11899311651517329,
    "method": "RestrictedKSDFT",
    "mp2_tflops": 0.0,
    "mp2_time": 6.9533558049718e-310,
    "n_atoms": 64,
    "nmers": [
      [
        {
          "fragments": [
            0
          ],
          "hf_energy": -1614.043074171819,
          "num_basis_fns": 1434,
          "num_iters": 19,
          "schema_version": "0.2.0"
        }
      ]
    ],
    "num_iters": 19,
    "ri_fock_time": 3.7308361590000003,
    "ri_tflops": 0.14753500281811757,
    "scf_tflops": 0.04502875962188936,
    "scf_time": 33.933742533,
    "schema_version": "0.2.0",
    "tflops": 0.4139086415687787,
    "total_time": 34.138603,
    "transforms_time": 0.4665413920000001,
    "xc_tflops": 0.0,
    "xc_time": 21.173717389000004
  },
  "schema_version": "0.2.0"
}
