{
  "calculation_time": 30.853428529,
  "qmmbe": {
    "b_formation_time": 2.306865992,
    "b_tflops": 5.146597174509823,
    "diag_time": 4.893776344,
    "expanded_elec_energy": -5410.354766672268,
    "expanded_hf_energy": -1536.6256624884945,
    "expanded_nuc_repulsion_energy": 4098.813205427071,
    "expanded_xc_energy": -225.08410124329748,
    "homo": -0.16712479750018905,
    "lumo": -0.11650613139251123,
    "method": "RestrictedKSDFT",
    "mp2_tflops": 0.0,
    "mp2_time": 6.9533558049544e-310,
    "n_atoms": 60,
    "nmers": [
      [
        {
          "fragments": [
            0
          ],
          "hf_energy": -1536.6256624884945,
          "num_basis_fns": 1360,
          "num_iters": 17,
          "schema_version": "0.2.0"
        }
      ]
    ],
    "num_iters": 17,
    "ri_fock_time": 3.8306743240000003,
    "ri_tflops": 0.10966245534581236,
    "scf_tflops": 0.038671728510599024,
    "scf_time": 30.624340174,
    "schema_version": "0.2.0",
    "tflops": 0.41954531583575816,
    "total_time": 30.849269,
    "transforms_time": 0.172894871,
    "xc_tflops": 0.0,
    "xc_time": 19.951967485
  },
  "schema_version": "0.2.0"
}
