{
  "calculation_time": 40.291469852,
  "qmmbe": {
    "b_formation_time": 2.91569657,
    "b_tflops": 4.9210478884584345,
    "diag_time": 7.806194195000002,
    "expanded_elec_energy": -5882.5017738823335,
    "expanded_hf_energy": -1691.480029208812,
    "expanded_nuc_repulsion_energy": 4439.331732394108,
    "expanded_xc_energy": -248.30998772058683,
    "homo": -0.17463451400557445,
    "lumo": -0.10985933136773253,
    "method": "RestrictedKSDFT",
    "mp2_tflops": 0.0,
    "mp2_time": 6.9533558050113e-310,
    "n_atoms": 68,
    "nmers": [
      [
        {
          "fragments": [
            0
          ],
          "hf_energy": -1691.480029208812,
          "num_basis_fns": 1508,
          "num_iters": 17,
          "schema_version": "0.2.0"
        }
      ]
    ],
    "num_iters": 17,
    "ri_fock_time": 4.014638599,
    "ri_tflops": 0.14267113556639222,
    "scf_tflops": 0.03990534661502417,
    "scf_time": 40.051280335,
    "schema_version": "0.2.0",
    "tflops": 0.3923102773925679,
    "total_time": 40.286844,
    "transforms_time": 1.0439153760000004,
    "xc_tflops": 0.0,
    "xc_time": 25.232284459
  },
  "schema_version": "0.2.0"
}
