{
  "calculation_time": 30.828050309,
  "qmmbe": {
    "b_formation_time": 2.513614391,
    "b_tflops": 5.562069751826146,
    "diag_time": 6.160887045999999,
    "expanded_elec_energy": -5824.004477584905,
    "expanded_hf_energy": -1691.504161157941,
    "expanded_nuc_repulsion_energy": 4380.806899207349,
    "expanded_xc_energy": -248.30658278038504,
    "homo": -0.1784186607893298,
    "lumo": -0.10872281767768353,
    "method": "RestrictedKSDFT",
    "mp2_tflops": 0.0,
    "mp2_time": 6.9533558050224e-310,
    "n_atoms": 68,
    "nmers": [
      [
        {
          "fragments": [
            0
          ],
          "hf_energy": -1691.504161157941,
          "num_basis_fns": 1508,
          "num_iters": 17,
          "schema_version": "0.2.0"
        }
      ]
    ],
    "num_iters": 17,
    "ri_fock_time": 3.5987939509999998,
    "ri_tflops": 0.15915694413369877,
    "scf_tflops": 0.05258613781471649,
    "scf_time": 30.618629314,
    "schema_version": "0.2.0",
    "tflops": 0.5008400454870401,
    "total_time": 30.823333,
    "transforms_time": 0.176471193,
    "xc_tflops": 0.0,
    "xc_time": 18.889028208000003
  },
  "schema_version": "0.2.0"
}
