{
  "calculation_time": 38.001572768,
  "qmmbe": {
    "b_formation_time": 2.751297896,
    "b_tflops": 5.2199827920284205,
    "diag_time": 7.681518503,
    "expanded_elec_energy": -5877.869970683007,
    "expanded_hf_energy": -1691.4808857149806,
    "expanded_nuc_repulsion_energy": 4434.6935446468215,
    "expanded_xc_energy": -248.30445967879538,
    "homo": -0.16767944114925162,
    "lumo": -0.11864791028439818,
    "method": "RestrictedKSDFT",
    "mp2_tflops": 0.0,
    "mp2_time": 6.9533558050113e-310,
    "n_atoms": 68,
    "nmers": [
      [
        {
          "fragments": [
            0
          ],
          "hf_energy": -1691.4808857149806,
          "num_basis_fns": 1508,
          "num_iters": 18,
          "schema_version": "0.2.0"
        }
      ]
    ],
    "num_iters": 18,
    "ri_fock_time": 4.2126703270000005,
    "ri_tflops": 0.1439622692867796,
    "scf_tflops": 0.04490990233964105,
    "scf_time": 37.764414705,
    "schema_version": "0.2.0",
    "tflops": 0.4185654258178476,
    "total_time": 37.996965,
    "transforms_time": 0.18593336700000002,
    "xc_tflops": 0.0,
    "xc_time": 23.681365262000003
  },
  "schema_version": "0.2.0"
}
