{
  "calculation_time": 37.858691438,
  "qmmbe": {
    "b_formation_time": 2.944596758,
    "b_tflops": 5.056640850065081,
    "diag_time": 8.055128272000001,
    "expanded_elec_energy": -5963.233135902578,
    "expanded_hf_energy": -1691.4979023807828,
    "expanded_nuc_repulsion_energy": 4520.052329442604,
    "expanded_xc_energy": -248.3170959208082,
    "homo": -0.1845081109862648,
    "lumo": -0.10125033207808996,
    "method": "RestrictedKSDFT",
    "mp2_tflops": 0.0,
    "mp2_time": 6.95335580502397e-310,
    "n_atoms": 68,
    "nmers": [
      [
        {
          "fragments": [
            0
          ],
          "hf_energy": -1691.4979023807828,
          "num_basis_fns": 1508,
          "num_iters": 17,
          "schema_version": "0.2.0"
        }
      ]
    ],
    "num_iters": 17,
    "ri_fock_time": 4.06721588,
    "ri_tflops": 0.14082681242088385,
    "scf_tflops": 0.0427693771356164,
    "scf_time": 37.639477832,
    "schema_version": "0.2.0",
    "tflops": 0.431828094852237,
    "total_time": 37.854019,
    "transforms_time": 0.5868394680000001,
    "xc_tflops": 0.0,
    "xc_time": 23.168983985999997
  },
  "schema_version": "0.2.0"
}
