{
  "calculation_time": 28.631101344,
  "qmmbe": {
    "b_formation_time": 2.186914042,
    "b_tflops": 5.015078241541603,
    "diag_time": 5.562636670000001,
    "expanded_elec_energy": -5226.180766411635,
    "expanded_hf_energy": -1537.8206591816827,
    "expanded_nuc_repulsion_energy": 3914.159027297227,
    "expanded_xc_energy": -225.79892006727482,
    "homo": -0.1807761177185726,
    "lumo": -0.10284082081834496,
    "method": "RestrictedKSDFT",
    "mp2_tflops": 0.0,
    "mp2_time": 6.9533558049544e-310,
    "n_atoms": 62,
    "nmers": [
      [
        {
          "fragments": [
            0
          ],
          "hf_energy": -1537.8206591816827,
          "num_basis_fns": 1372,
          "num_iters": 17,
          "schema_version": "0.2.0"
        }
      ]
    ],
    "num_iters": 17,
    "ri_fock_time": 2.732386899,
    "ri_tflops": 0.157871902254352,
    "scf_tflops": 0.04274054547963392,
    "scf_time": 28.41577431,
    "schema_version": "0.2.0",
    "tflops": 0.4214950954744052,
    "total_time": 28.626848,
    "transforms_time": 0.17161892700000006,
    "xc_tflops": 0.0,
    "xc_time": 17.510261111
  },
  "schema_version": "0.2.0"
}
