{
  "calculation_time": 24.920881643,
  "qmmbe": {
    "b_formation_time": 1.804406917,
    "b_tflops": 4.032783573152307,
    "diag_time": 4.135671416999998,
    "expanded_elec_energy": -4402.846569020596,
    "expanded_hf_energy": -1384.1661036187957,
    "expanded_nuc_repulsion_energy": 3221.967161795164,
    "expanded_xc_energy": -203.28669639336383,
    "homo": -0.17317641364789962,
    "lumo": -0.11353116677896315,
    "method": "RestrictedKSDFT",
    "mp2_tflops": 0.0,
    "mp2_time": 6.953355804956e-310,
    "n_atoms": 56,
    "nmers": [
      [
        {
          "fragments": [
            0
          ],
          "hf_energy": -1384.1661036187957,
          "num_basis_fns": 1236,
          "num_iters": 17,
          "schema_version": "0.2.0"
        }
      ]
    ],
    "num_iters": 17,
    "ri_fock_time": 2.384953500999999,
    "ri_tflops": 0.1322414813017355,
    "scf_tflops": 0.0357943190802835,
    "scf_time": 24.758004371,
    "schema_version": "0.2.0",
    "tflops": 0.32432796051335167,
    "total_time": 24.917033,
    "transforms_time": 0.07933436199999998,
    "xc_tflops": 0.0,
    "xc_time": 16.103652454
  },
  "schema_version": "0.2.0"
}
