{
  "calculation_time": 40.817212598,
  "qmmbe": {
    "b_formation_time": 2.731198752,
    "b_tflops": 4.77851950897933,
    "diag_time": 7.172238706000001,
    "expanded_elec_energy": -5636.120479874977,
    "expanded_hf_energy": -1614.0329172850093,
    "expanded_nuc_repulsion_energy": 4258.781328786567,
    "expanded_xc_energy": -236.6937661966,
    "homo": -0.1755270393426557,
    "lumo": -0.10646384801264351,
    "method": "RestrictedKSDFT",
    "mp2_tflops": 0.0,
    "mp2_time": 6.95335580501764e-310,
    "n_atoms": 64,
    "nmers": [
      [
        {
          "fragments": [
            0
          ],
          "hf_energy": -1614.0329172850093,
          "num_basis_fns": 1434,
          "num_iters": 18,
          "schema_version": "0.2.0"
        }
      ]
    ],
    "num_iters": 18,
    "ri_fock_time": 3.953301794,
    "ri_tflops": 0.13190467287254112,
    "scf_tflops": 0.03560743191654485,
    "scf_time": 40.595325293,
    "schema_version": "0.2.0",
    "tflops": 0.35230292685796694,
    "total_time": 40.812706,
    "transforms_time": 0.18308254100000004,
    "xc_tflops": 0.0,
    "xc_time": 26.887091257
  },
  "schema_version": "0.2.0"
}
