{
  "calculation_time": 35.072971104,
  "qmmbe": {
    "b_formation_time": 2.401005279,
    "b_tflops": 5.2327070802562785,
    "diag_time": 6.291659676,
    "expanded_elec_energy": -5496.371247422367,
    "expanded_hf_energy": -1537.8049776091211,
    "expanded_nuc_repulsion_energy": 4184.380745752897,
    "expanded_xc_energy": -225.8144759396518,
    "homo": -0.1816573071065146,
    "lumo": -0.09754225422704614,
    "method": "RestrictedKSDFT",
    "mp2_tflops": 0.0,
    "mp2_time": 6.9533558049544e-310,
    "n_atoms": 62,
    "nmers": [
      [
        {
          "fragments": [
            0
          ],
          "hf_energy": -1537.8049776091211,
          "num_basis_fns": 1372,
          "num_iters": 18,
          "schema_version": "0.2.0"
        }
      ]
    ],
    "num_iters": 18,
    "ri_fock_time": 2.9911035509999997,
    "ri_tflops": 0.1527000473144101,
    "scf_tflops": 0.03653883488358197,
    "scf_time": 34.8581672,
    "schema_version": "0.2.0",
    "tflops": 0.39142216797775053,
    "total_time": 35.068746,
    "transforms_time": 0.13512385999999996,
    "xc_tflops": 0.0,
    "xc_time": 22.372145164
  },
  "schema_version": "0.2.0"
}
