{
  "calculation_time": 24.803099627,
  "qmmbe": {
    "b_formation_time": 1.986908829,
    "b_tflops": 3.177198201560762,
    "diag_time": 4.63524033,
    "expanded_elec_energy": -4168.266528668402,
    "expanded_hf_energy": -1306.7408088801194,
    "expanded_nuc_repulsion_energy": 3053.2023896793075,
    "expanded_xc_energy": -191.67666989102457,
    "homo": -0.1733400265739393,
    "lumo": -0.11109968731489767,
    "method": "RestrictedKSDFT",
    "mp2_tflops": 0.0,
    "mp2_time": 6.953355804956e-310,
    "n_atoms": 52,
    "nmers": [
      [
        {
          "fragments": [
            0
          ],
          "hf_energy": -1306.7408088801194,
          "num_basis_fns": 1162,
          "num_iters": 17,
          "schema_version": "0.2.0"
        }
      ]
    ],
    "num_iters": 17,
    "ri_fock_time": 2.1983527510000003,
    "ri_tflops": 0.11920041196700555,
    "scf_tflops": 0.030084990107863335,
    "scf_time": 24.630899099,
    "schema_version": "0.2.0",
    "tflops": 0.28153958197288387,
    "total_time": 24.799467,
    "transforms_time": 0.123704648,
    "xc_tflops": 0.0,
    "xc_time": 15.665660305000001
  },
  "schema_version": "0.2.0"
}
