{
  "calculation_time": 35.569350475,
  "qmmbe": {
    "b_formation_time": 2.526363163,
    "b_tflops": 5.134524284846058,
    "diag_time": 7.2192435580000005,
    "expanded_elec_energy": -5632.43378403646,
    "expanded_hf_energy": -1614.0483273922514,
    "expanded_nuc_repulsion_energy": 4255.075161016019,
    "expanded_xc_energy": -236.68970437181048,
    "homo": -0.17237659928146126,
    "lumo": -0.11151584395651819,
    "method": "RestrictedKSDFT",
    "mp2_tflops": 0.0,
    "mp2_time": 6.95335580501764e-310,
    "n_atoms": 64,
    "nmers": [
      [
        {
          "fragments": [
            0
          ],
          "hf_energy": -1614.0483273922514,
          "num_basis_fns": 1434,
          "num_iters": 18,
          "schema_version": "0.2.0"
        }
      ]
    ],
    "num_iters": 18,
    "ri_fock_time": 3.3669774759999997,
    "ri_tflops": 0.15487450795884092,
    "scf_tflops": 0.04098596206653882,
    "scf_time": 35.371991295,
    "schema_version": "0.2.0",
    "tflops": 0.40205232979450567,
    "total_time": 35.56508,
    "transforms_time": 0.14063942199999996,
    "xc_tflops": 0.0,
    "xc_time": 22.199032886999998
  },
  "schema_version": "0.2.0"
}
