{
  "calculation_time": 44.3341335,
  "qmmbe": {
    "b_formation_time": 3.070879288,
    "b_tflops": 5.171638311696477,
    "diag_time": 8.809207124,
    "expanded_elec_energy": -6097.888058370268,
    "expanded_hf_energy": -1691.461630763799,
    "expanded_nuc_repulsion_energy": 4654.737256198699,
    "expanded_xc_energy": -248.31082859223,
    "homo": -0.17099994377492433,
    "lumo": -0.11178217798396242,
    "method": "RestrictedKSDFT",
    "mp2_tflops": 0.0,
    "mp2_time": 6.9533558050113e-310,
    "n_atoms": 68,
    "nmers": [
      [
        {
          "fragments": [
            0
          ],
          "hf_energy": -1691.461630763799,
          "num_basis_fns": 1508,
          "num_iters": 18,
          "schema_version": "0.2.0"
        }
      ]
    ],
    "num_iters": 18,
    "ri_fock_time": 4.219579261999999,
    "ri_tflops": 0.1437265524299091,
    "scf_tflops": 0.03835862694736844,
    "scf_time": 44.084928252,
    "schema_version": "0.2.0",
    "tflops": 0.39305383972096003,
    "total_time": 44.329719,
    "transforms_time": 0.348593027,
    "xc_tflops": 0.0,
    "xc_time": 27.586726964999997
  },
  "schema_version": "0.2.0"
}
