{
  "calculation_time": 40.583476472,
  "qmmbe": {
    "b_formation_time": 4.93404111,
    "b_tflops": 3.000540251268397,
    "diag_time": 7.753626859,
    "expanded_elec_energy": -5935.0385948555595,
    "expanded_hf_energy": -1691.4795783270438,
    "expanded_nuc_repulsion_energy": 4491.870551314829,
    "expanded_xc_energy": -248.31153478631313,
    "homo": -0.18057378405870378,
    "lumo": -0.10361589285229057,
    "method": "RestrictedKSDFT",
    "mp2_tflops": 0.0,
    "mp2_time": 6.95335580502397e-310,
    "n_atoms": 68,
    "nmers": [
      [
        {
          "fragments": [
            0
          ],
          "hf_energy": -1691.4795783270438,
          "num_basis_fns": 1508,
          "num_iters": 17,
          "schema_version": "0.2.0"
        }
      ]
    ],
    "num_iters": 17,
    "ri_fock_time": 4.226244282,
    "ri_tflops": 0.1355276717551558,
    "scf_tflops": 0.044146457510205156,
    "scf_time": 38.683332186,
    "schema_version": "0.2.0",
    "tflops": 0.411983588158234,
    "total_time": 38.906381,
    "transforms_time": 0.9323188749999999,
    "xc_tflops": 0.0,
    "xc_time": 22.084557938999993
  },
  "schema_version": "0.2.0"
}
