{
  "calculation_time": 44.835095693,
  "qmmbe": {
    "b_formation_time": 3.42276843,
    "b_tflops": 4.383320866855138,
    "diag_time": 7.166303105,
    "expanded_elec_energy": -5980.803468445316,
    "expanded_hf_energy": -1691.48149312507,
    "expanded_nuc_repulsion_energy": 4537.632469198633,
    "expanded_xc_energy": -248.31049387838698,
    "homo": -0.17792589321375807,
    "lumo": -0.10741307375952633,
    "method": "RestrictedKSDFT",
    "mp2_tflops": 0.0,
    "mp2_time": 6.9533558050113e-310,
    "n_atoms": 68,
    "nmers": [
      [
        {
          "fragments": [
            0
          ],
          "hf_energy": -1691.48149312507,
          "num_basis_fns": 1508,
          "num_iters": 17,
          "schema_version": "0.2.0"
        }
      ]
    ],
    "num_iters": 17,
    "ri_fock_time": 5.862598836999999,
    "ri_tflops": 0.0976995124061906,
    "scf_tflops": 0.03597743457882877,
    "scf_time": 44.598781431,
    "schema_version": "0.2.0",
    "tflops": 0.367155994741292,
    "total_time": 44.830406,
    "transforms_time": 0.4232493210000001,
    "xc_tflops": 0.0,
    "xc_time": 30.466995501999996
  },
  "schema_version": "0.2.0"
}
