{
  "calculation_time": 34.347402251,
  "qmmbe": {
    "b_formation_time": 2.568602079,
    "b_tflops": 4.70852560904277,
    "diag_time": 7.394905026,
    "expanded_elec_energy": -5472.970809957471,
    "expanded_hf_energy": -1614.0674777920756,
    "expanded_nuc_repulsion_energy": 4095.593832829099,
    "expanded_xc_energy": -236.69050066370374,
    "homo": -0.17509492980042665,
    "lumo": -0.10968044575504612,
    "method": "RestrictedKSDFT",
    "mp2_tflops": 0.0,
    "mp2_time": 6.95335580501764e-310,
    "n_atoms": 64,
    "nmers": [
      [
        {
          "fragments": [
            0
          ],
          "hf_energy": -1614.0674777920756,
          "num_basis_fns": 1434,
          "num_iters": 18,
          "schema_version": "0.2.0"
        }
      ]
    ],
    "num_iters": 18,
    "ri_fock_time": 2.825420926,
    "ri_tflops": 0.1845597500554507,
    "scf_tflops": 0.042601691557560654,
    "scf_time": 34.141832754,
    "schema_version": "0.2.0",
    "tflops": 0.39081372035157197,
    "total_time": 34.342904,
    "transforms_time": 0.223874147,
    "xc_tflops": 0.0,
    "xc_time": 20.751512641999998
  },
  "schema_version": "0.2.0"
}
