{
  "calculation_time": 41.747218508,
  "qmmbe": {
    "b_formation_time": 2.634853593,
    "b_tflops": 4.601676728980972,
    "diag_time": 8.079000577999999,
    "expanded_elec_energy": -5472.542413126766,
    "expanded_hf_energy": -1614.0642591326773,
    "expanded_nuc_repulsion_energy": 4095.1611080309,
    "expanded_xc_energy": -236.68295403681088,
    "homo": -0.16957751768072848,
    "lumo": -0.11463228258881848,
    "method": "RestrictedKSDFT",
    "mp2_tflops": 0.0,
    "mp2_time": 6.9533558049718e-310,
    "n_atoms": 64,
    "nmers": [
      [
        {
          "fragments": [
            0
          ],
          "hf_energy": -1614.0642591326773,
          "num_basis_fns": 1434,
          "num_iters": 18,
          "schema_version": "0.2.0"
        }
      ]
    ],
    "num_iters": 18,
    "ri_fock_time": 4.505474273,
    "ri_tflops": 0.11573897625583002,
    "scf_tflops": 0.03472947189390144,
    "scf_time": 41.526016674,
    "schema_version": "0.2.0",
    "tflops": 0.3222618581327847,
    "total_time": 41.742742,
    "transforms_time": 0.33951849799999995,
    "xc_tflops": 0.0,
    "xc_time": 26.858933097
  },
  "schema_version": "0.2.0"
}
