{
  "calculation_time": 49.986412937,
  "qmmbe": {
    "b_formation_time": 2.982058488,
    "b_tflops": 4.590794156551097,
    "diag_time": 10.016231269,
    "expanded_elec_energy": -5742.459212507227,
    "expanded_hf_energy": -1614.0389239035014,
    "expanded_nuc_repulsion_energy": 4365.118902111582,
    "expanded_xc_energy": -236.69861350785706,
    "homo": -0.16722674522121217,
    "lumo": -0.1165710015837584,
    "method": "RestrictedKSDFT",
    "mp2_tflops": 0.0,
    "mp2_time": 6.9533558049718e-310,
    "n_atoms": 64,
    "nmers": [
      [
        {
          "fragments": [
            0
          ],
          "hf_energy": -1614.0389239035014,
          "num_basis_fns": 1434,
          "num_iters": 18,
          "schema_version": "0.2.0"
        }
      ]
    ],
    "num_iters": 18,
    "ri_fock_time": 4.729858404,
    "ri_tflops": 0.110248327827955,
    "scf_tflops": 0.028733530841274783,
    "scf_time": 49.751226177,
    "schema_version": "0.2.0",
    "tflops": 0.3004541741569946,
    "total_time": 49.982217,
    "transforms_time": 0.22281841100000005,
    "xc_tflops": 0.0,
    "xc_time": 32.096185556
  },
  "schema_version": "0.2.0"
}
