{
  "calculation_time": 35.766321345,
  "qmmbe": {
    "b_formation_time": 2.667607566,
    "b_tflops": 4.566398252656628,
    "diag_time": 7.431266777000001,
    "expanded_elec_energy": -5489.960196204653,
    "expanded_hf_energy": -1614.0672979068247,
    "expanded_nuc_repulsion_energy": 4112.583615582586,
    "expanded_xc_energy": -236.69071728475842,
    "homo": -0.177620682170918,
    "lumo": -0.107708873508389,
    "method": "RestrictedKSDFT",
    "mp2_tflops": 0.0,
    "mp2_time": 6.9533558049718e-310,
    "n_atoms": 64,
    "nmers": [
      [
        {
          "fragments": [
            0
          ],
          "hf_energy": -1614.0672979068247,
          "num_basis_fns": 1434,
          "num_iters": 18,
          "schema_version": "0.2.0"
        }
      ]
    ],
    "num_iters": 18,
    "ri_fock_time": 3.9499382929999993,
    "ri_tflops": 0.13201699399408823,
    "scf_tflops": 0.040952995077492116,
    "scf_time": 35.575632373,
    "schema_version": "0.2.0",
    "tflops": 0.37773901345047445,
    "total_time": 35.762015,
    "transforms_time": 0.10106822600000004,
    "xc_tflops": 0.0,
    "xc_time": 22.599934331
  },
  "schema_version": "0.2.0"
}
