{
  "calculation_time": 42.855424184,
  "qmmbe": {
    "b_formation_time": 2.896271853,
    "b_tflops": 4.975772062649673,
    "diag_time": 7.294892276999999,
    "expanded_elec_energy": -5847.883574523385,
    "expanded_hf_energy": -1614.0337168220383,
    "expanded_nuc_repulsion_energy": 4470.554626155404,
    "expanded_xc_energy": -236.70476845405727,
    "homo": -0.17333062255274426,
    "lumo": -0.10824227140968509,
    "method": "RestrictedKSDFT",
    "mp2_tflops": 0.0,
    "mp2_time": 6.95335580501764e-310,
    "n_atoms": 64,
    "nmers": [
      [
        {
          "fragments": [
            0
          ],
          "hf_energy": -1614.0337168220383,
          "num_basis_fns": 1434,
          "num_iters": 18,
          "schema_version": "0.2.0"
        }
      ]
    ],
    "num_iters": 18,
    "ri_fock_time": 4.490599775,
    "ri_tflops": 0.11612234579600228,
    "scf_tflops": 0.033915672051989885,
    "scf_time": 42.621604145,
    "schema_version": "0.2.0",
    "tflops": 0.36728389214323964,
    "total_time": 42.851153,
    "transforms_time": 0.42827821899999996,
    "xc_tflops": 0.0,
    "xc_time": 28.005775825999994
  },
  "schema_version": "0.2.0"
}
