{
  "calculation_time": 40.383758269,
  "qmmbe": {
    "b_formation_time": 2.933917907,
    "b_tflops": 6.2398430982793,
    "diag_time": 7.237532768,
    "expanded_elec_energy": -6443.933070867898,
    "expanded_hf_energy": -1691.4512628510945,
    "expanded_nuc_repulsion_energy": 5000.825094643994,
    "expanded_xc_energy": -248.34328662719037,
    "homo": -0.1785254352497588,
    "lumo": -0.10462775865625887,
    "method": "RestrictedKSDFT",
    "mp2_tflops": 0.0,
    "mp2_time": 6.9533558050224e-310,
    "n_atoms": 68,
    "nmers": [
      [
        {
          "fragments": [
            0
          ],
          "hf_energy": -1691.4512628510945,
          "num_basis_fns": 1508,
          "num_iters": 18,
          "schema_version": "0.2.0"
        }
      ]
    ],
    "num_iters": 18,
    "ri_fock_time": 4.453048429000001,
    "ri_tflops": 0.13619110362296039,
    "scf_tflops": 0.042277711035745354,
    "scf_time": 40.089270257,
    "schema_version": "0.2.0",
    "tflops": 0.4915804199970465,
    "total_time": 40.379309,
    "transforms_time": 0.27196933000000006,
    "xc_tflops": 0.0,
    "xc_time": 25.743706474000003
  },
  "schema_version": "0.2.0"
}
