{
  "calculation_time": 32.845639057,
  "qmmbe": {
    "b_formation_time": 2.536041254,
    "b_tflops": 5.533407933686554,
    "diag_time": 6.8119055049999995,
    "expanded_elec_energy": -5801.852360147306,
    "expanded_hf_energy": -1691.4940345043717,
    "expanded_nuc_repulsion_energy": 4358.672531530196,
    "expanded_xc_energy": -248.3142058872611,
    "homo": -0.19087316884246006,
    "lumo": -0.09748243425597723,
    "method": "RestrictedKSDFT",
    "mp2_tflops": 0.0,
    "mp2_time": 6.95335580502397e-310,
    "n_atoms": 68,
    "nmers": [
      [
        {
          "fragments": [
            0
          ],
          "hf_energy": -1691.4940345043717,
          "num_basis_fns": 1508,
          "num_iters": 17,
          "schema_version": "0.2.0"
        }
      ]
    ],
    "num_iters": 17,
    "ri_fock_time": 4.234034568999999,
    "ri_tflops": 0.135278311613615,
    "scf_tflops": 0.0491821651382501,
    "scf_time": 32.630505817,
    "schema_version": "0.2.0",
    "tflops": 0.4716551044774656,
    "total_time": 32.840973,
    "transforms_time": 0.180876715,
    "xc_tflops": 0.0,
    "xc_time": 19.90120013
  },
  "schema_version": "0.2.0"
}
