{
  "calculation_time": 39.792709685,
  "qmmbe": {
    "b_formation_time": 2.888834115,
    "b_tflops": 4.7165617575088765,
    "diag_time": 7.370182689,
    "expanded_elec_energy": -5730.196184854388,
    "expanded_hf_energy": -1614.0433784511947,
    "expanded_nuc_repulsion_energy": 4352.851275399709,
    "expanded_xc_energy": -236.69846899651623,
    "homo": -0.17338333691808902,
    "lumo": -0.1092195079948872,
    "method": "RestrictedKSDFT",
    "mp2_tflops": 0.0,
    "mp2_time": 6.95335580501764e-310,
    "n_atoms": 64,
    "nmers": [
      [
        {
          "fragments": [
            0
          ],
          "hf_energy": -1614.0433784511947,
          "num_basis_fns": 1434,
          "num_iters": 17,
          "schema_version": "0.2.0"
        }
      ]
    ],
    "num_iters": 17,
    "ri_fock_time": 3.9397673099999997,
    "ri_tflops": 0.12500459997369745,
    "scf_tflops": 0.034743376113235865,
    "scf_time": 39.557364567,
    "schema_version": "0.2.0",
    "tflops": 0.37394900904903056,
    "total_time": 39.788465,
    "transforms_time": 0.303763817,
    "xc_tflops": 0.0,
    "xc_time": 25.411589761
  },
  "schema_version": "0.2.0"
}
