{
  "calculation_time": 38.029160525,
  "qmmbe": {
    "b_formation_time": 2.704506343,
    "b_tflops": 5.142302182209377,
    "diag_time": 8.710229221,
    "expanded_elec_energy": -5781.292079628265,
    "expanded_hf_energy": -1691.4829165511096,
    "expanded_nuc_repulsion_energy": 4338.1170844415765,
    "expanded_xc_energy": -248.30792136442102,
    "homo": -0.1710257210648243,
    "lumo": -0.11574219684146575,
    "method": "RestrictedKSDFT",
    "mp2_tflops": 0.0,
    "mp2_time": 6.9533558050113e-310,
    "n_atoms": 68,
    "nmers": [
      [
        {
          "fragments": [
            0
          ],
          "hf_energy": -1691.4829165511096,
          "num_basis_fns": 1508,
          "num_iters": 17,
          "schema_version": "0.2.0"
        }
      ]
    ],
    "num_iters": 17,
    "ri_fock_time": 3.716538051,
    "ri_tflops": 0.1541146733729486,
    "scf_tflops": 0.04192939369948738,
    "scf_time": 37.821657026,
    "schema_version": "0.2.0",
    "tflops": 0.4040492264204979,
    "total_time": 38.024657,
    "transforms_time": 0.34648672599999997,
    "xc_tflops": 0.0,
    "xc_time": 22.813562272000006
  },
  "schema_version": "0.2.0"
}
