{
  "calculation_time": 34.753575623,
  "qmmbe": {
    "b_formation_time": 2.305444334,
    "b_tflops": 5.433249523667744,
    "diag_time": 7.527185356000001,
    "expanded_elec_energy": -5558.975649247177,
    "expanded_hf_energy": -1614.0595492638813,
    "expanded_nuc_repulsion_energy": 4181.609630137172,
    "expanded_xc_energy": -236.693530153876,
    "homo": -0.1729278658151401,
    "lumo": -0.11319724690938716,
    "method": "RestrictedKSDFT",
    "mp2_tflops": 0.0,
    "mp2_time": 6.95335580501764e-310,
    "n_atoms": 64,
    "nmers": [
      [
        {
          "fragments": [
            0
          ],
          "hf_energy": -1614.0595492638813,
          "num_basis_fns": 1434,
          "num_iters": 18,
          "schema_version": "0.2.0"
        }
      ]
    ],
    "num_iters": 18,
    "ri_fock_time": 3.533552555,
    "ri_tflops": 0.1475735741261672,
    "scf_tflops": 0.0418578479513843,
    "scf_time": 34.547465805,
    "schema_version": "0.2.0",
    "tflops": 0.3986672238521261,
    "total_time": 34.749292,
    "transforms_time": 0.098831269,
    "xc_tflops": 0.0,
    "xc_time": 21.191420433999994
  },
  "schema_version": "0.2.0"
}
