{
  "calculation_time": 31.538432317,
  "qmmbe": {
    "b_formation_time": 2.430967433,
    "b_tflops": 5.280709663530898,
    "diag_time": 5.748595366,
    "expanded_elec_energy": -5611.505583181213,
    "expanded_hf_energy": -1614.0718119297992,
    "expanded_nuc_repulsion_energy": 4234.1323714352475,
    "expanded_xc_energy": -236.69860018383338,
    "homo": -0.1769141881935804,
    "lumo": -0.10769012775669741,
    "method": "RestrictedKSDFT",
    "mp2_tflops": 0.0,
    "mp2_time": 6.95335580501764e-310,
    "n_atoms": 64,
    "nmers": [
      [
        {
          "fragments": [
            0
          ],
          "hf_energy": -1614.0718119297992,
          "num_basis_fns": 1434,
          "num_iters": 17,
          "schema_version": "0.2.0"
        }
      ]
    ],
    "num_iters": 17,
    "ri_fock_time": 3.340444188,
    "ri_tflops": 0.1474322002879696,
    "scf_tflops": 0.04414209686793155,
    "scf_time": 31.327228403,
    "schema_version": "0.2.0",
    "tflops": 0.44683803711989917,
    "total_time": 31.534077,
    "transforms_time": 0.091724884,
    "xc_tflops": 0.0,
    "xc_time": 20.147875
  },
  "schema_version": "0.2.0"
}
