{
  "calculation_time": 30.982116597,
  "qmmbe": {
    "b_formation_time": 2.445578039,
    "b_tflops": 5.296931211723234,
    "diag_time": 5.732610180999999,
    "expanded_elec_energy": -5635.8926617045545,
    "expanded_hf_energy": -1614.0624813946044,
    "expanded_nuc_repulsion_energy": 4258.524929024104,
    "expanded_xc_energy": -236.69474871415358,
    "homo": -0.1741365240721768,
    "lumo": -0.10928323064948386,
    "method": "RestrictedKSDFT",
    "mp2_tflops": 0.0,
    "mp2_time": 6.9533558049718e-310,
    "n_atoms": 64,
    "nmers": [
      [
        {
          "fragments": [
            0
          ],
          "hf_energy": -1614.0624813946044,
          "num_basis_fns": 1434,
          "num_iters": 17,
          "schema_version": "0.2.0"
        }
      ]
    ],
    "num_iters": 17,
    "ri_fock_time": 3.042535568,
    "ri_tflops": 0.16186796360107497,
    "scf_tflops": 0.04504810832753187,
    "scf_time": 30.765177502,
    "schema_version": "0.2.0",
    "tflops": 0.458639399529544,
    "total_time": 30.977608,
    "transforms_time": 0.09364880099999999,
    "xc_tflops": 0.0,
    "xc_time": 19.456646351
  },
  "schema_version": "0.2.0"
}
