{
  "calculation_time": 36.049316754,
  "qmmbe": {
    "b_formation_time": 2.851904498,
    "b_tflops": 5.174471858051679,
    "diag_time": 7.321865454000001,
    "expanded_elec_energy": -5943.432014813392,
    "expanded_hf_energy": -1691.4854804597953,
    "expanded_nuc_repulsion_energy": 4500.259367543109,
    "expanded_xc_energy": -248.31283318951233,
    "homo": -0.17708052253630427,
    "lumo": -0.10772619306252451,
    "method": "RestrictedKSDFT",
    "mp2_tflops": 0.0,
    "mp2_time": 6.9533558050034e-310,
    "n_atoms": 68,
    "nmers": [
      [
        {
          "fragments": [
            0
          ],
          "hf_energy": -1691.4854804597953,
          "num_basis_fns": 1508,
          "num_iters": 17,
          "schema_version": "0.2.0"
        }
      ]
    ],
    "num_iters": 17,
    "ri_fock_time": 4.253020391,
    "ri_tflops": 0.13467441844860886,
    "scf_tflops": 0.04504480985811765,
    "scf_time": 35.805981449,
    "schema_version": "0.2.0",
    "tflops": 0.44982186475990477,
    "total_time": 36.044847,
    "transforms_time": 0.265927569,
    "xc_tflops": 0.0,
    "xc_time": 22.127638341999997
  },
  "schema_version": "0.2.0"
}
