{
  "calculation_time": 41.912662575,
  "qmmbe": {
    "b_formation_time": 2.616677724,
    "b_tflops": 5.474708590617405,
    "diag_time": 6.914779351999999,
    "expanded_elec_energy": -5837.646373835419,
    "expanded_hf_energy": -1614.0495639210678,
    "expanded_nuc_repulsion_energy": 4460.3109627948315,
    "expanded_xc_energy": -236.7141528804807,
    "homo": -0.18401407422780705,
    "lumo": -0.09769600083491443,
    "method": "RestrictedKSDFT",
    "mp2_tflops": 0.0,
    "mp2_time": 6.95335580501764e-310,
    "n_atoms": 64,
    "nmers": [
      [
        {
          "fragments": [
            0
          ],
          "hf_energy": -1614.0495639210678,
          "num_basis_fns": 1434,
          "num_iters": 18,
          "schema_version": "0.2.0"
        }
      ]
    ],
    "num_iters": 18,
    "ri_fock_time": 4.657731531,
    "ri_tflops": 0.11195556816303762,
    "scf_tflops": 0.03453419640387347,
    "scf_time": 41.668306512,
    "schema_version": "0.2.0",
    "tflops": 0.37350355953932846,
    "total_time": 41.908295,
    "transforms_time": 0.13889913499999998,
    "xc_tflops": 0.0,
    "xc_time": 27.736032727
  },
  "schema_version": "0.2.0"
}
