{
  "calculation_time": 36.017258708,
  "qmmbe": {
    "b_formation_time": 2.947601272,
    "b_tflops": 4.771760313958773,
    "diag_time": 6.6725936300000015,
    "expanded_elec_energy": -5828.670606786856,
    "expanded_hf_energy": -1691.4836914559746,
    "expanded_nuc_repulsion_energy": 4385.491379487288,
    "expanded_xc_energy": -248.3044641564065,
    "homo": -0.17246883646491568,
    "lumo": -0.11352002870193251,
    "method": "RestrictedKSDFT",
    "mp2_tflops": 0.0,
    "mp2_time": 6.9533558050113e-310,
    "n_atoms": 68,
    "nmers": [
      [
        {
          "fragments": [
            0
          ],
          "hf_energy": -1691.4836914559746,
          "num_basis_fns": 1508,
          "num_iters": 17,
          "schema_version": "0.2.0"
        }
      ]
    ],
    "num_iters": 17,
    "ri_fock_time": 3.9145200519999994,
    "ri_tflops": 0.14632012103638603,
    "scf_tflops": 0.045095808870725236,
    "scf_time": 35.794062007,
    "schema_version": "0.2.0",
    "tflops": 0.43101119382440123,
    "total_time": 36.012771,
    "transforms_time": 0.7990891999999999,
    "xc_tflops": 0.0,
    "xc_time": 22.801734302
  },
  "schema_version": "0.2.0"
}
