{
  "calculation_time": 30.385188553,
  "qmmbe": {
    "b_formation_time": 2.58463459,
    "b_tflops": 4.626727653884721,
    "diag_time": 6.029741411,
    "expanded_elec_energy": -5454.168100149092,
    "expanded_hf_energy": -1614.0815074108623,
    "expanded_nuc_repulsion_energy": 4076.7769811833587,
    "expanded_xc_energy": -236.69038844512855,
    "homo": -0.1786245886285078,
    "lumo": -0.10853184418427166,
    "method": "RestrictedKSDFT",
    "mp2_tflops": 0.0,
    "mp2_time": 6.95335580501764e-310,
    "n_atoms": 64,
    "nmers": [
      [
        {
          "fragments": [
            0
          ],
          "hf_energy": -1614.0815074108623,
          "num_basis_fns": 1434,
          "num_iters": 17,
          "schema_version": "0.2.0"
        }
      ]
    ],
    "num_iters": 17,
    "ri_fock_time": 2.8844577620000003,
    "ri_tflops": 0.17073886227910035,
    "scf_tflops": 0.0465925732860506,
    "scf_time": 30.173867255,
    "schema_version": "0.2.0",
    "tflops": 0.4348759625496699,
    "total_time": 30.380831,
    "transforms_time": 0.09399789800000001,
    "xc_tflops": 0.0,
    "xc_time": 18.181761925
  },
  "schema_version": "0.2.0"
}
