{
  "calculation_time": 42.885175272,
  "qmmbe": {
    "b_formation_time": 3.030102418,
    "b_tflops": 4.849880848836708,
    "diag_time": 8.25443971,
    "expanded_elec_energy": -5927.388119020623,
    "expanded_hf_energy": -1691.4769985682362,
    "expanded_nuc_repulsion_energy": 4484.2173696072,
    "expanded_xc_energy": -248.3062491548138,
    "homo": -0.17300740345896248,
    "lumo": -0.11358728546721517,
    "method": "RestrictedKSDFT",
    "mp2_tflops": 0.0,
    "mp2_time": 6.9533558050113e-310,
    "n_atoms": 68,
    "nmers": [
      [
        {
          "fragments": [
            0
          ],
          "hf_energy": -1691.4769985682362,
          "num_basis_fns": 1508,
          "num_iters": 17,
          "schema_version": "0.2.0"
        }
      ]
    ],
    "num_iters": 17,
    "ri_fock_time": 5.330235973000001,
    "ri_tflops": 0.10745735286567958,
    "scf_tflops": 0.03730965449967313,
    "scf_time": 42.649660493,
    "schema_version": "0.2.0",
    "tflops": 0.37668076590167493,
    "total_time": 42.880598,
    "transforms_time": 0.3819303730000002,
    "xc_tflops": 0.0,
    "xc_time": 27.341995980999997
  },
  "schema_version": "0.2.0"
}
