{
  "calculation_time": 45.584168687,
  "qmmbe": {
    "b_formation_time": 3.53751339,
    "b_tflops": 3.6745101747303917,
    "diag_time": 6.136825677,
    "expanded_elec_energy": -5626.507209268131,
    "expanded_hf_energy": -1691.4979459454237,
    "expanded_nuc_repulsion_energy": 4183.305414360157,
    "expanded_xc_energy": -248.2961510374492,
    "homo": -0.17091420863412862,
    "lumo": -0.1176316544442893,
    "method": "RestrictedKSDFT",
    "mp2_tflops": 0.0,
    "mp2_time": 6.9533558050224e-310,
    "n_atoms": 68,
    "nmers": [
      [
        {
          "fragments": [
            0
          ],
          "hf_energy": -1691.4979459454237,
          "num_basis_fns": 1508,
          "num_iters": 18,
          "schema_version": "0.2.0"
        }
      ]
    ],
    "num_iters": 18,
    "ri_fock_time": 5.92974738,
    "ri_tflops": 0.10227511244028746,
    "scf_tflops": 0.03782343719377685,
    "scf_time": 45.383490441,
    "schema_version": "0.2.0",
    "tflops": 0.31902665528152185,
    "total_time": 45.579631,
    "transforms_time": 0.10236300400000004,
    "xc_tflops": 0.0,
    "xc_time": 32.051442952
  },
  "schema_version": "0.2.0"
}
