{
  "calculation_time": 31.127028105,
  "qmmbe": {
    "b_formation_time": 2.238316639,
    "b_tflops": 4.978390171970659,
    "diag_time": 5.166592638999999,
    "expanded_elec_energy": -5261.361515957591,
    "expanded_hf_energy": -1537.8128953879618,
    "expanded_nuc_repulsion_energy": 3949.3447894604883,
    "expanded_xc_energy": -225.796168890859,
    "homo": -0.16770176124537764,
    "lumo": -0.11715022727342983,
    "method": "RestrictedKSDFT",
    "mp2_tflops": 0.0,
    "mp2_time": 6.9533558049544e-310,
    "n_atoms": 62,
    "nmers": [
      [
        {
          "fragments": [
            0
          ],
          "hf_energy": -1537.8128953879618,
          "num_basis_fns": 1372,
          "num_iters": 18,
          "schema_version": "0.2.0"
        }
      ]
    ],
    "num_iters": 18,
    "ri_fock_time": 3.4079963449999995,
    "ri_tflops": 0.1340205820437874,
    "scf_tflops": 0.04144394252393573,
    "scf_time": 30.927204692,
    "schema_version": "0.2.0",
    "tflops": 0.39541560383566143,
    "total_time": 31.122875,
    "transforms_time": 0.098854642,
    "xc_tflops": 0.0,
    "xc_time": 19.946605974
  },
  "schema_version": "0.2.0"
}
