{
  "calculation_time": 21.469568936,
  "qmmbe": {
    "b_formation_time": 1.93742194,
    "b_tflops": 2.7323569565006576,
    "diag_time": 3.3729471429999998,
    "expanded_elec_energy": -3859.106612474782,
    "expanded_hf_energy": -1230.5065448436242,
    "expanded_nuc_repulsion_energy": 2809.389921260627,
    "expanded_xc_energy": -180.78985362946906,
    "homo": -0.18265199665933768,
    "lumo": -0.09961070494117197,
    "method": "RestrictedKSDFT",
    "mp2_tflops": 0.0,
    "mp2_time": 6.953355804956e-310,
    "n_atoms": 50,
    "nmers": [
      [
        {
          "fragments": [
            0
          ],
          "hf_energy": -1230.5065448436242,
          "num_basis_fns": 1100,
          "num_iters": 17,
          "schema_version": "0.2.0"
        }
      ]
    ],
    "num_iters": 17,
    "ri_fock_time": 1.7021760890000002,
    "ri_tflops": 0.1306096128577447,
    "scf_tflops": 0.029874066887836066,
    "scf_time": 21.32149924,
    "schema_version": "0.2.0",
    "tflops": 0.2730803239335176,
    "total_time": 21.466205,
    "transforms_time": 0.15768397,
    "xc_tflops": 0.0,
    "xc_time": 13.951304515
  },
  "schema_version": "0.2.0"
}
