{
  "calculation_time": 33.918505548,
  "qmmbe": {
    "b_formation_time": 2.549067831,
    "b_tflops": 5.187612353002152,
    "diag_time": 7.083815344000001,
    "expanded_elec_energy": -5649.319155168155,
    "expanded_hf_energy": -1691.5050936669359,
    "expanded_nuc_repulsion_energy": 4206.117253794708,
    "expanded_xc_energy": -248.30319229348873,
    "homo": -0.1754075285072687,
    "lumo": -0.111782426864283,
    "method": "RestrictedKSDFT",
    "mp2_tflops": 0.0,
    "mp2_time": 6.9533558050224e-310,
    "n_atoms": 68,
    "nmers": [
      [
        {
          "fragments": [
            0
          ],
          "hf_energy": -1691.5050936669359,
          "num_basis_fns": 1508,
          "num_iters": 17,
          "schema_version": "0.2.0"
        }
      ]
    ],
    "num_iters": 17,
    "ri_fock_time": 3.9304998320000006,
    "ri_tflops": 0.1457252441902661,
    "scf_tflops": 0.04755222668119402,
    "scf_time": 33.697042306,
    "schema_version": "0.2.0",
    "tflops": 0.4328656128628029,
    "total_time": 33.914074,
    "transforms_time": 0.18019403800000008,
    "xc_tflops": 0.0,
    "xc_time": 20.775893219
  },
  "schema_version": "0.2.0"
}
