{
  "calculation_time": 37.372385482,
  "qmmbe": {
    "b_formation_time": 2.502026869,
    "b_tflops": 4.871898086119234,
    "diag_time": 7.245114280999999,
    "expanded_elec_energy": -5476.547035646905,
    "expanded_hf_energy": -1614.0512212379147,
    "expanded_nuc_repulsion_energy": 4099.180245238257,
    "expanded_xc_energy": -236.6844308292669,
    "homo": -0.1703444814293948,
    "lumo": -0.11651971994134759,
    "method": "RestrictedKSDFT",
    "mp2_tflops": 0.0,
    "mp2_time": 6.95335580501764e-310,
    "n_atoms": 64,
    "nmers": [
      [
        {
          "fragments": [
            0
          ],
          "hf_energy": -1614.0512212379147,
          "num_basis_fns": 1434,
          "num_iters": 18,
          "schema_version": "0.2.0"
        }
      ]
    ],
    "num_iters": 18,
    "ri_fock_time": 4.158160422000001,
    "ri_tflops": 0.1254061717159983,
    "scf_tflops": 0.039028238643610595,
    "scf_time": 37.16401677,
    "schema_version": "0.2.0",
    "tflops": 0.3617264259152166,
    "total_time": 37.367934,
    "transforms_time": 0.099214883,
    "xc_tflops": 0.0,
    "xc_time": 23.170834595000002
  },
  "schema_version": "0.2.0"
}
