{
  "calculation_time": 28.478090334,
  "qmmbe": {
    "b_formation_time": 2.361329914,
    "b_tflops": 5.017889909299646,
    "diag_time": 5.681730982,
    "expanded_elec_energy": -5428.964663498493,
    "expanded_hf_energy": -1614.0749805642913,
    "expanded_nuc_repulsion_energy": 4051.574011253869,
    "expanded_xc_energy": -236.6843283196671,
    "homo": -0.17097165241093326,
    "lumo": -0.11491814404249803,
    "method": "RestrictedKSDFT",
    "mp2_tflops": 0.0,
    "mp2_time": 6.9533558049718e-310,
    "n_atoms": 64,
    "nmers": [
      [
        {
          "fragments": [
            0
          ],
          "hf_energy": -1614.0749805642913,
          "num_basis_fns": 1434,
          "num_iters": 17,
          "schema_version": "0.2.0"
        }
      ]
    ],
    "num_iters": 17,
    "ri_fock_time": 2.7292390289999995,
    "ri_tflops": 0.18044921362437402,
    "scf_tflops": 0.04924268132443293,
    "scf_time": 28.269122294,
    "schema_version": "0.2.0",
    "tflops": 0.4601589970868106,
    "total_time": 28.473606,
    "transforms_time": 0.091269344,
    "xc_tflops": 0.0,
    "xc_time": 17.469770978999996
  },
  "schema_version": "0.2.0"
}
