{
  "calculation_time": 41.43618008,
  "qmmbe": {
    "b_formation_time": 2.808632445,
    "b_tflops": 4.829401705554961,
    "diag_time": 8.916466513999998,
    "expanded_elec_energy": -5741.45362358814,
    "expanded_hf_energy": -1691.4891080424559,
    "expanded_nuc_repulsion_energy": 4298.266575593847,
    "expanded_xc_energy": -248.30206004816318,
    "homo": -0.17138192898115157,
    "lumo": -0.11781870086111097,
    "method": "RestrictedKSDFT",
    "mp2_tflops": 0.0,
    "mp2_time": 6.9533558050224e-310,
    "n_atoms": 68,
    "nmers": [
      [
        {
          "fragments": [
            0
          ],
          "hf_energy": -1691.4891080424559,
          "num_basis_fns": 1508,
          "num_iters": 18,
          "schema_version": "0.2.0"
        }
      ]
    ],
    "num_iters": 18,
    "ri_fock_time": 4.0505548319999995,
    "ri_tflops": 0.14972407612923289,
    "scf_tflops": 0.04078407548965691,
    "scf_time": 41.223277887,
    "schema_version": "0.2.0",
    "tflops": 0.36461240678812096,
    "total_time": 41.431677,
    "transforms_time": 0.23867473900000005,
    "xc_tflops": 0.0,
    "xc_time": 25.832675578000007
  },
  "schema_version": "0.2.0"
}
