{
  "calculation_time": 42.636543513,
  "qmmbe": {
    "b_formation_time": 3.057315768,
    "b_tflops": 4.906970848339275,
    "diag_time": 8.064324567,
    "expanded_elec_energy": -5975.633606130403,
    "expanded_hf_energy": -1691.4805046735023,
    "expanded_nuc_repulsion_energy": 4532.46957812498,
    "expanded_xc_energy": -248.3164766680797,
    "homo": -0.18028494536340736,
    "lumo": -0.103713416319617,
    "method": "RestrictedKSDFT",
    "mp2_tflops": 0.0,
    "mp2_time": 6.9533558050224e-310,
    "n_atoms": 68,
    "nmers": [
      [
        {
          "fragments": [
            0
          ],
          "hf_energy": -1691.4805046735023,
          "num_basis_fns": 1508,
          "num_iters": 17,
          "schema_version": "0.2.0"
        }
      ]
    ],
    "num_iters": 17,
    "ri_fock_time": 5.367384477,
    "ri_tflops": 0.10671362378872119,
    "scf_tflops": 0.03757418152781762,
    "scf_time": 42.393617757,
    "schema_version": "0.2.0",
    "tflops": 0.3860670518129331,
    "total_time": 42.632027,
    "transforms_time": 0.66843144,
    "xc_tflops": 0.0,
    "xc_time": 27.221307832
  },
  "schema_version": "0.2.0"
}
