{
  "calculation_time": 33.749698828,
  "qmmbe": {
    "b_formation_time": 2.703248283,
    "b_tflops": 3.785127836722647,
    "diag_time": 5.741920205000001,
    "expanded_elec_energy": -5092.933231730985,
    "expanded_hf_energy": -1537.8240865545667,
    "expanded_nuc_repulsion_energy": 3780.9043488429356,
    "expanded_xc_energy": -225.79520366651684,
    "homo": -0.16842547464672128,
    "lumo": -0.1179476859494856,
    "method": "RestrictedKSDFT",
    "mp2_tflops": 0.0,
    "mp2_time": 6.9533558049544e-310,
    "n_atoms": 62,
    "nmers": [
      [
        {
          "fragments": [
            0
          ],
          "hf_energy": -1537.8240865545667,
          "num_basis_fns": 1372,
          "num_iters": 18,
          "schema_version": "0.2.0"
        }
      ]
    ],
    "num_iters": 18,
    "ri_fock_time": 3.2063607629999997,
    "ri_tflops": 0.14244861621019034,
    "scf_tflops": 0.03839635433116016,
    "scf_time": 33.555048389,
    "schema_version": "0.2.0",
    "tflops": 0.3376859373046131,
    "total_time": 33.745551,
    "transforms_time": 0.18293767700000002,
    "xc_tflops": 0.0,
    "xc_time": 21.955298065
  },
  "schema_version": "0.2.0"
}
