{
  "calculation_time": 36.472160309,
  "qmmbe": {
    "b_formation_time": 2.844681174,
    "b_tflops": 5.439009619700882,
    "diag_time": 6.869889752000001,
    "expanded_elec_energy": -6051.0690284887905,
    "expanded_hf_energy": -1691.4682946017847,
    "expanded_nuc_repulsion_energy": 4607.91494269312,
    "expanded_xc_energy": -248.31420880611404,
    "homo": -0.17983086520637892,
    "lumo": -0.10275013127182632,
    "method": "RestrictedKSDFT",
    "mp2_tflops": 0.0,
    "mp2_time": 6.9533558050034e-310,
    "n_atoms": 68,
    "nmers": [
      [
        {
          "fragments": [
            0
          ],
          "hf_energy": -1691.4682946017847,
          "num_basis_fns": 1508,
          "num_iters": 17,
          "schema_version": "0.2.0"
        }
      ]
    ],
    "num_iters": 17,
    "ri_fock_time": 4.429207614,
    "ri_tflops": 0.12931727246145747,
    "scf_tflops": 0.044556054068588744,
    "scf_time": 36.237926518,
    "schema_version": "0.2.0",
    "tflops": 0.4642182585523682,
    "total_time": 36.467563,
    "transforms_time": 0.30113980100000004,
    "xc_tflops": 0.0,
    "xc_time": 22.749181711000002
  },
  "schema_version": "0.2.0"
}
