{
  "calculation_time": 31.495563066,
  "qmmbe": {
    "b_formation_time": 2.395199553,
    "b_tflops": 4.371622305139935,
    "diag_time": 6.166360908000001,
    "expanded_elec_energy": -5155.05509823548,
    "expanded_hf_energy": -1537.5007175540443,
    "expanded_nuc_repulsion_energy": 3843.1393840801816,
    "expanded_xc_energy": -225.58500339874612,
    "homo": -0.16783251842221042,
    "lumo": -0.09544311245783489,
    "method": "RestrictedKSDFT",
    "mp2_tflops": 0.0,
    "mp2_time": 6.9533558049734e-310,
    "n_atoms": 62,
    "nmers": [
      [
        {
          "fragments": [
            0
          ],
          "hf_energy": -1537.5007175540443,
          "num_basis_fns": 1372,
          "num_iters": 17,
          "schema_version": "0.2.0"
        }
      ]
    ],
    "num_iters": 17,
    "ri_fock_time": 3.9507514960000005,
    "ri_tflops": 0.10918609228566876,
    "scf_tflops": 0.03872382169195579,
    "scf_time": 31.29842449,
    "schema_version": "0.2.0",
    "tflops": 0.36738451107829295,
    "total_time": 31.491363,
    "transforms_time": 0.13148740799999997,
    "xc_tflops": 0.0,
    "xc_time": 19.452452949999998
  },
  "schema_version": "0.2.0"
}
