{
  "calculation_time": 22.338256893,
  "qmmbe": {
    "b_formation_time": 1.627558479,
    "b_tflops": 4.900901863510859,
    "diag_time": 3.9755158240000004,
    "expanded_elec_energy": -4569.5693785064195,
    "expanded_hf_energy": -1383.8348568086058,
    "expanded_nuc_repulsion_energy": 3388.8196136973165,
    "expanded_xc_energy": -203.08509199950277,
    "homo": -0.15801989027439498,
    "lumo": -0.10527031147865158,
    "method": "RestrictedKSDFT",
    "mp2_tflops": 0.0,
    "mp2_time": 6.95335580496863e-310,
    "n_atoms": 56,
    "nmers": [
      [
        {
          "fragments": [
            0
          ],
          "hf_energy": -1383.8348568086058,
          "num_basis_fns": 1236,
          "num_iters": 17,
          "schema_version": "0.2.0"
        }
      ]
    ],
    "num_iters": 17,
    "ri_fock_time": 2.1969404089999998,
    "ri_tflops": 0.14355864297273255,
    "scf_tflops": 0.03999818788380194,
    "scf_time": 22.164005684,
    "schema_version": "0.2.0",
    "tflops": 0.39315944332052694,
    "total_time": 22.334482,
    "transforms_time": 0.167827697,
    "xc_tflops": 0.0,
    "xc_time": 14.142010647
  },
  "schema_version": "0.2.0"
}
