{
  "calculation_time": 40.302131983,
  "qmmbe": {
    "b_formation_time": 3.251927638,
    "b_tflops": 4.859064757499379,
    "diag_time": 7.9892403970000005,
    "expanded_elec_energy": -6092.429554679231,
    "expanded_hf_energy": -1691.085843762059,
    "expanded_nuc_repulsion_energy": 4649.427994224899,
    "expanded_xc_energy": -248.08428330772665,
    "homo": -0.17019856725844923,
    "lumo": -0.09167517842846072,
    "method": "RestrictedKSDFT",
    "mp2_tflops": 0.0,
    "mp2_time": 6.95335580496073e-310,
    "n_atoms": 68,
    "nmers": [
      [
        {
          "fragments": [
            0
          ],
          "hf_energy": -1691.085843762059,
          "num_basis_fns": 1508,
          "num_iters": 17,
          "schema_version": "0.2.0"
        }
      ]
    ],
    "num_iters": 17,
    "ri_fock_time": 5.2841639,
    "ri_tflops": 0.10839426229909332,
    "scf_tflops": 0.040348633932875605,
    "scf_time": 40.075887297,
    "schema_version": "0.2.0",
    "tflops": 0.42826409086864187,
    "total_time": 40.297536,
    "transforms_time": 0.09717709599999998,
    "xc_tflops": 0.0,
    "xc_time": 25.089348980999997
  },
  "schema_version": "0.2.0"
}
