{
  "calculation_time": 40.209722387,
  "qmmbe": {
    "b_formation_time": 3.368470288,
    "b_tflops": 4.498975886231714,
    "diag_time": 7.337591393,
    "expanded_elec_energy": -6002.290290251676,
    "expanded_hf_energy": -1691.1113380126699,
    "expanded_nuc_repulsion_energy": 4559.260949956871,
    "expanded_xc_energy": -248.0819977178644,
    "homo": -0.16935972742695665,
    "lumo": -0.09200483685237272,
    "method": "RestrictedKSDFT",
    "mp2_tflops": 0.0,
    "mp2_time": 6.95335580497654e-310,
    "n_atoms": 68,
    "nmers": [
      [
        {
          "fragments": [
            0
          ],
          "hf_energy": -1691.1113380126699,
          "num_basis_fns": 1508,
          "num_iters": 17,
          "schema_version": "0.2.0"
        }
      ]
    ],
    "num_iters": 17,
    "ri_fock_time": 4.876701930999999,
    "ri_tflops": 0.11745090348192538,
    "scf_tflops": 0.04051851355017072,
    "scf_time": 39.971284394,
    "schema_version": "0.2.0",
    "tflops": 0.4131641226481184,
    "total_time": 40.205154,
    "transforms_time": 0.17620983499999995,
    "xc_tflops": 0.0,
    "xc_time": 25.173943189000003
  },
  "schema_version": "0.2.0"
}
