{
  "calculation_time": 38.140110717,
  "qmmbe": {
    "b_formation_time": 2.828395705,
    "b_tflops": 4.926051197995296,
    "diag_time": 6.190569109999998,
    "expanded_elec_energy": -5783.737423080752,
    "expanded_hf_energy": -1613.6915215075066,
    "expanded_nuc_repulsion_energy": 4406.533881982111,
    "expanded_xc_energy": -236.48798040886578,
    "homo": -0.16856562141618328,
    "lumo": -0.09178555766567223,
    "method": "RestrictedKSDFT",
    "mp2_tflops": 0.0,
    "mp2_time": 6.95335580495124e-310,
    "n_atoms": 64,
    "nmers": [
      [
        {
          "fragments": [
            0
          ],
          "hf_energy": -1613.6915215075066,
          "num_basis_fns": 1434,
          "num_iters": 17,
          "schema_version": "0.2.0"
        }
      ]
    ],
    "num_iters": 17,
    "ri_fock_time": 4.100470853999999,
    "ri_tflops": 0.12010548400693499,
    "scf_tflops": 0.03631406627400364,
    "scf_time": 37.888911647,
    "schema_version": "0.2.0",
    "tflops": 0.39821739643827503,
    "total_time": 38.135738,
    "transforms_time": 0.17515566300000002,
    "xc_tflops": 0.0,
    "xc_time": 24.722443369999997
  },
  "schema_version": "0.2.0"
}
