{
  "calculation_time": 36.36265133,
  "qmmbe": {
    "b_formation_time": 2.920005942,
    "b_tflops": 5.559198009549804,
    "diag_time": 7.238948072999999,
    "expanded_elec_energy": -6157.82955867837,
    "expanded_hf_energy": -1691.0840776505138,
    "expanded_nuc_repulsion_energy": 4714.827988616813,
    "expanded_xc_energy": -248.08250758895696,
    "homo": -0.17131661149279634,
    "lumo": -0.09046858459829903,
    "method": "RestrictedKSDFT",
    "mp2_tflops": 0.0,
    "mp2_time": 6.95335580496073e-310,
    "n_atoms": 68,
    "nmers": [
      [
        {
          "fragments": [
            0
          ],
          "hf_energy": -1691.0840776505138,
          "num_basis_fns": 1508,
          "num_iters": 18,
          "schema_version": "0.2.0"
        }
      ]
    ],
    "num_iters": 18,
    "ri_fock_time": 4.273558245,
    "ri_tflops": 0.14191115348469996,
    "scf_tflops": 0.04732619557266127,
    "scf_time": 36.125922469,
    "schema_version": "0.2.0",
    "tflops": 0.4888997784954634,
    "total_time": 36.357923,
    "transforms_time": 0.102801639,
    "xc_tflops": 0.0,
    "xc_time": 22.148892119000003
  },
  "schema_version": "0.2.0"
}
