{
  "calculation_time": 35.574013067,
  "qmmbe": {
    "b_formation_time": 2.829030205,
    "b_tflops": 5.209976804845037,
    "diag_time": 7.408495577,
    "expanded_elec_energy": -5951.785727449815,
    "expanded_hf_energy": -1691.101510404771,
    "expanded_nuc_repulsion_energy": 4508.753373620728,
    "expanded_xc_energy": -248.0691565756842,
    "homo": -0.16188020121056335,
    "lumo": -0.09870383303161592,
    "method": "RestrictedKSDFT",
    "mp2_tflops": 0.0,
    "mp2_time": 6.95335580498444e-310,
    "n_atoms": 68,
    "nmers": [
      [
        {
          "fragments": [
            0
          ],
          "hf_energy": -1691.101510404771,
          "num_basis_fns": 1508,
          "num_iters": 17,
          "schema_version": "0.2.0"
        }
      ]
    ],
    "num_iters": 17,
    "ri_fock_time": 4.415603063000001,
    "ri_tflops": 0.12971570126116652,
    "scf_tflops": 0.04588546021101937,
    "scf_time": 35.332461228,
    "schema_version": "0.2.0",
    "tflops": 0.4553313262330636,
    "total_time": 35.569357,
    "transforms_time": 0.21819254999999996,
    "xc_tflops": 0.0,
    "xc_time": 20.910680716999998
  },
  "schema_version": "0.2.0"
}
