{
  "calculation_time": 37.927623333,
  "qmmbe": {
    "b_formation_time": 2.860442847,
    "b_tflops": 5.237609194327664,
    "diag_time": 7.7227270899999985,
    "expanded_elec_energy": -5969.422199446135,
    "expanded_hf_energy": -1691.0998856509823,
    "expanded_nuc_repulsion_energy": 4526.397148959571,
    "expanded_xc_energy": -248.07483516441778,
    "homo": -0.1690196769598591,
    "lumo": -0.09283596234891939,
    "method": "RestrictedKSDFT",
    "mp2_tflops": 0.0,
    "mp2_time": 6.95335580496073e-310,
    "n_atoms": 68,
    "nmers": [
      [
        {
          "fragments": [
            0
          ],
          "hf_energy": -1691.0998856509823,
          "num_basis_fns": 1508,
          "num_iters": 17,
          "schema_version": "0.2.0"
        }
      ]
    ],
    "num_iters": 17,
    "ri_fock_time": 5.223457005,
    "ri_tflops": 0.1096540178773808,
    "scf_tflops": 0.04243534859007603,
    "scf_time": 37.701920415,
    "schema_version": "0.2.0",
    "tflops": 0.43347185751300976,
    "total_time": 37.922975,
    "transforms_time": 0.17972656100000003,
    "xc_tflops": 0.0,
    "xc_time": 23.632047728000003
  },
  "schema_version": "0.2.0"
}
