{
  "calculation_time": 27.972411082,
  "qmmbe": {
    "b_formation_time": 2.117215996,
    "b_tflops": 5.203693922781036,
    "diag_time": 5.435225258000001,
    "expanded_elec_energy": -5262.53448866642,
    "expanded_hf_energy": -1536.3134217495103,
    "expanded_nuc_repulsion_energy": 3951.110696469136,
    "expanded_xc_energy": -224.88962955222686,
    "homo": -0.16886931500019497,
    "lumo": -0.09275748928525157,
    "method": "RestrictedKSDFT",
    "mp2_tflops": 0.0,
    "mp2_time": 6.95335580496863e-310,
    "n_atoms": 60,
    "nmers": [
      [
        {
          "fragments": [
            0
          ],
          "hf_energy": -1536.3134217495103,
          "num_basis_fns": 1360,
          "num_iters": 17,
          "schema_version": "0.2.0"
        }
      ]
    ],
    "num_iters": 17,
    "ri_fock_time": 3.0835205060000006,
    "ri_tflops": 0.13623426573054867,
    "scf_tflops": 0.04254321900103899,
    "scf_time": 27.762163496,
    "schema_version": "0.2.0",
    "tflops": 0.43218555240903384,
    "total_time": 27.968314,
    "transforms_time": 0.091492306,
    "xc_tflops": 0.0,
    "xc_time": 17.167968915
  },
  "schema_version": "0.2.0"
}
