{
  "calculation_time": 39.209578379,
  "qmmbe": {
    "b_formation_time": 2.843092235,
    "b_tflops": 5.07791949501772,
    "diag_time": 8.988586933,
    "expanded_elec_energy": -5892.61717158849,
    "expanded_hf_energy": -1691.1145319769894,
    "expanded_nuc_repulsion_energy": 4449.578654815008,
    "expanded_xc_energy": -248.0760152035072,
    "homo": -0.16552205533525285,
    "lumo": -0.09655325245382254,
    "method": "RestrictedKSDFT",
    "mp2_tflops": 0.0,
    "mp2_time": 6.95335580497654e-310,
    "n_atoms": 68,
    "nmers": [
      [
        {
          "fragments": [
            0
          ],
          "hf_energy": -1691.1145319769894,
          "num_basis_fns": 1508,
          "num_iters": 17,
          "schema_version": "0.2.0"
        }
      ]
    ],
    "num_iters": 17,
    "ri_fock_time": 4.232202815,
    "ri_tflops": 0.13533686187673877,
    "scf_tflops": 0.04110898562139603,
    "scf_time": 38.991559644,
    "schema_version": "0.2.0",
    "tflops": 0.40539572267107193,
    "total_time": 39.205054,
    "transforms_time": 0.095797532,
    "xc_tflops": 0.0,
    "xc_time": 23.141255283000003
  },
  "schema_version": "0.2.0"
}
