{
  "calculation_time": 42.152159681,
  "qmmbe": {
    "b_formation_time": 3.093231817,
    "b_tflops": 5.052221250848462,
    "diag_time": 7.705387528000001,
    "expanded_elec_energy": -6060.942558139544,
    "expanded_hf_energy": -1691.0930502395513,
    "expanded_nuc_repulsion_energy": 4617.9265076818965,
    "expanded_xc_energy": -248.07699978190348,
    "homo": -0.1685991350102634,
    "lumo": -0.09424455422579761,
    "method": "RestrictedKSDFT",
    "mp2_tflops": 0.0,
    "mp2_time": 6.95335580495915e-310,
    "n_atoms": 68,
    "nmers": [
      [
        {
          "fragments": [
            0
          ],
          "hf_energy": -1691.0930502395513,
          "num_basis_fns": 1508,
          "num_iters": 17,
          "schema_version": "0.2.0"
        }
      ]
    ],
    "num_iters": 17,
    "ri_fock_time": 5.724324496000001,
    "ri_tflops": 0.10005950015730902,
    "scf_tflops": 0.03797456175697113,
    "scf_time": 41.899054558,
    "schema_version": "0.2.0",
    "tflops": 0.4053466615908581,
    "total_time": 42.147509,
    "transforms_time": 0.22702526699999998,
    "xc_tflops": 0.0,
    "xc_time": 27.52761861
  },
  "schema_version": "0.2.0"
}
