{
  "calculation_time": 36.959521975,
  "qmmbe": {
    "b_formation_time": 2.809973813,
    "b_tflops": 4.792098791232401,
    "diag_time": 7.748249841,
    "expanded_elec_energy": -5698.962006498128,
    "expanded_hf_energy": -1691.1286313900296,
    "expanded_nuc_repulsion_energy": 4255.9062326606745,
    "expanded_xc_energy": -248.0728575525759,
    "homo": -0.16501917908055436,
    "lumo": -0.09866428776724852,
    "method": "RestrictedKSDFT",
    "mp2_tflops": 0.0,
    "mp2_time": 6.953355804956e-310,
    "n_atoms": 68,
    "nmers": [
      [
        {
          "fragments": [
            0
          ],
          "hf_energy": -1691.1286313900296,
          "num_basis_fns": 1508,
          "num_iters": 17,
          "schema_version": "0.2.0"
        }
      ]
    ],
    "num_iters": 17,
    "ri_fock_time": 3.730731841,
    "ri_tflops": 0.15352833498064328,
    "scf_tflops": 0.0436922493123115,
    "scf_time": 36.747646042,
    "schema_version": "0.2.0",
    "tflops": 0.4037985729833088,
    "total_time": 36.954892,
    "transforms_time": 0.14344161400000002,
    "xc_tflops": 0.0,
    "xc_time": 22.552161499
  },
  "schema_version": "0.2.0"
}
