{
  "calculation_time": 32.867908707,
  "qmmbe": {
    "b_formation_time": 2.544977977,
    "b_tflops": 5.366779497702507,
    "diag_time": 6.181972868999999,
    "expanded_elec_energy": -5736.634963476021,
    "expanded_hf_energy": -1613.7076059601395,
    "expanded_nuc_repulsion_energy": 4359.413610128958,
    "expanded_xc_energy": -236.48625261307654,
    "homo": -0.16586229734856967,
    "lumo": -0.0964587213296614,
    "method": "RestrictedKSDFT",
    "mp2_tflops": 0.0,
    "mp2_time": 6.95335580495124e-310,
    "n_atoms": 64,
    "nmers": [
      [
        {
          "fragments": [
            0
          ],
          "hf_energy": -1613.7076059601395,
          "num_basis_fns": 1434,
          "num_iters": 17,
          "schema_version": "0.2.0"
        }
      ]
    ],
    "num_iters": 17,
    "ri_fock_time": 3.430638386,
    "ri_tflops": 0.14355609107208303,
    "scf_tflops": 0.04266712112600544,
    "scf_time": 32.63191054,
    "schema_version": "0.2.0",
    "tflops": 0.4537487280314994,
    "total_time": 32.863627,
    "transforms_time": 0.09505832599999997,
    "xc_tflops": 0.0,
    "xc_time": 19.993599307000004
  },
  "schema_version": "0.2.0"
}
