{
  "calculation_time": 42.80004574,
  "qmmbe": {
    "b_formation_time": 3.053081371,
    "b_tflops": 5.37298712789008,
    "diag_time": 7.516243654,
    "expanded_elec_energy": -6178.042249574253,
    "expanded_hf_energy": -1691.0856563023508,
    "expanded_nuc_repulsion_energy": 4735.045459739207,
    "expanded_xc_energy": -248.0888664673049,
    "homo": -0.16553408424037552,
    "lumo": -0.09350487312479498,
    "method": "RestrictedKSDFT",
    "mp2_tflops": 0.0,
    "mp2_time": 6.95335580496073e-310,
    "n_atoms": 68,
    "nmers": [
      [
        {
          "fragments": [
            0
          ],
          "hf_energy": -1691.0856563023508,
          "num_basis_fns": 1508,
          "num_iters": 17,
          "schema_version": "0.2.0"
        }
      ]
    ],
    "num_iters": 17,
    "ri_fock_time": 5.467589543999999,
    "ri_tflops": 0.10475787240403724,
    "scf_tflops": 0.03757141375697045,
    "scf_time": 42.53075985,
    "schema_version": "0.2.0",
    "tflops": 0.41735191038139646,
    "total_time": 42.795606,
    "transforms_time": 0.09788720800000003,
    "xc_tflops": 0.0,
    "xc_time": 27.016816522
  },
  "schema_version": "0.2.0"
}
