{
  "calculation_time": 37.807437976,
  "qmmbe": {
    "b_formation_time": 2.755494372,
    "b_tflops": 5.871442286753472,
    "diag_time": 6.547899467000001,
    "expanded_elec_energy": -6142.835857952766,
    "expanded_hf_energy": -1691.0897405987357,
    "expanded_nuc_repulsion_energy": 4699.822506910565,
    "expanded_xc_energy": -248.07638955653468,
    "homo": -0.15987655365144327,
    "lumo": -0.10419230582422895,
    "method": "RestrictedKSDFT",
    "mp2_tflops": 0.0,
    "mp2_time": 6.953355804956e-310,
    "n_atoms": 68,
    "nmers": [
      [
        {
          "fragments": [
            0
          ],
          "hf_energy": -1691.0897405987357,
          "num_basis_fns": 1508,
          "num_iters": 18,
          "schema_version": "0.2.0"
        }
      ]
    ],
    "num_iters": 18,
    "ri_fock_time": 5.3674365690000005,
    "ri_tflops": 0.11298979917800682,
    "scf_tflops": 0.044992538260298386,
    "scf_time": 37.56497253,
    "schema_version": "0.2.0",
    "tflops": 0.4687814395812788,
    "total_time": 37.802725,
    "transforms_time": 0.10378807400000004,
    "xc_tflops": 0.0,
    "xc_time": 24.654544358000006
  },
  "schema_version": "0.2.0"
}
