{
  "calculation_time": 42.219772247,
  "qmmbe": {
    "b_formation_time": 3.147913524,
    "b_tflops": 4.764300010431926,
    "diag_time": 8.58426336,
    "expanded_elec_energy": -5967.599205745935,
    "expanded_hf_energy": -1691.0976292017003,
    "expanded_nuc_repulsion_energy": 4524.576230946228,
    "expanded_xc_energy": -248.07465440199303,
    "homo": -0.16343295459275642,
    "lumo": -0.09715432764864969,
    "method": "RestrictedKSDFT",
    "mp2_tflops": 0.0,
    "mp2_time": 6.953355804956e-310,
    "n_atoms": 68,
    "nmers": [
      [
        {
          "fragments": [
            0
          ],
          "hf_energy": -1691.0976292017003,
          "num_basis_fns": 1508,
          "num_iters": 17,
          "schema_version": "0.2.0"
        }
      ]
    ],
    "num_iters": 17,
    "ri_fock_time": 5.163149658,
    "ri_tflops": 0.11093481416338988,
    "scf_tflops": 0.03815438472172018,
    "scf_time": 41.980162459,
    "schema_version": "0.2.0",
    "tflops": 0.38977109952818884,
    "total_time": 42.215199,
    "transforms_time": 0.8305522830000002,
    "xc_tflops": 0.0,
    "xc_time": 25.463225597
  },
  "schema_version": "0.2.0"
}
