{
  "calculation_time": 33.808834861,
  "qmmbe": {
    "b_formation_time": 2.745987203,
    "b_tflops": 5.483787308583463,
    "diag_time": 7.471519549,
    "expanded_elec_energy": -5973.442146365263,
    "expanded_hf_energy": -1691.0831953715513,
    "expanded_nuc_repulsion_energy": 4530.4301177651305,
    "expanded_xc_energy": -248.07116677141835,
    "homo": -0.16180315113153865,
    "lumo": -0.09957505635030664,
    "method": "RestrictedKSDFT",
    "mp2_tflops": 0.0,
    "mp2_time": 6.95335580497654e-310,
    "n_atoms": 68,
    "nmers": [
      [
        {
          "fragments": [
            0
          ],
          "hf_energy": -1691.0831953715513,
          "num_basis_fns": 1508,
          "num_iters": 17,
          "schema_version": "0.2.0"
        }
      ]
    ],
    "num_iters": 17,
    "ri_fock_time": 4.16860139,
    "ri_tflops": 0.13740173123341015,
    "scf_tflops": 0.04821486914782304,
    "scf_time": 33.562282372,
    "schema_version": "0.2.0",
    "tflops": 0.48854751183417494,
    "total_time": 33.804431,
    "transforms_time": 0.17746529000000003,
    "xc_tflops": 0.0,
    "xc_time": 19.661428714
  },
  "schema_version": "0.2.0"
}
