{
  "calculation_time": 44.535815644,
  "qmmbe": {
    "b_formation_time": 3.147389354,
    "b_tflops": 5.770280827352637,
    "diag_time": 9.040231847000001,
    "expanded_elec_energy": -6417.597987006084,
    "expanded_hf_energy": -1691.072122410905,
    "expanded_nuc_repulsion_energy": 4974.617330152413,
    "expanded_xc_energy": -248.09146555723436,
    "homo": -0.15776541412878353,
    "lumo": -0.10680293263689507,
    "method": "RestrictedKSDFT",
    "mp2_tflops": 0.0,
    "mp2_time": 6.95335580498444e-310,
    "n_atoms": 68,
    "nmers": [
      [
        {
          "fragments": [
            0
          ],
          "hf_energy": -1691.072122410905,
          "num_basis_fns": 1508,
          "num_iters": 19,
          "schema_version": "0.2.0"
        }
      ]
    ],
    "num_iters": 19,
    "ri_fock_time": 5.799097406,
    "ri_tflops": 0.11038926705967457,
    "scf_tflops": 0.040295318620277014,
    "scf_time": 44.290974834,
    "schema_version": "0.2.0",
    "tflops": 0.44439844812818136,
    "total_time": 44.531293,
    "transforms_time": 0.26652780800000003,
    "xc_tflops": 0.0,
    "xc_time": 27.728835117000003
  },
  "schema_version": "0.2.0"
}
