{
  "calculation_time": 40.327526758,
  "qmmbe": {
    "b_formation_time": 2.733257784,
    "b_tflops": 4.909093525905056,
    "diag_time": 10.372315867000001,
    "expanded_elec_energy": -5697.809690434282,
    "expanded_hf_energy": -1691.1322501297655,
    "expanded_nuc_repulsion_energy": 4254.744342480811,
    "expanded_xc_energy": -248.06690217629432,
    "homo": -0.16238864618574675,
    "lumo": -0.1007991492525458,
    "method": "RestrictedKSDFT",
    "mp2_tflops": 0.0,
    "mp2_time": 6.95335580497654e-310,
    "n_atoms": 68,
    "nmers": [
      [
        {
          "fragments": [
            0
          ],
          "hf_energy": -1691.1322501297655,
          "num_basis_fns": 1508,
          "num_iters": 18,
          "schema_version": "0.2.0"
        }
      ]
    ],
    "num_iters": 18,
    "ri_fock_time": 4.659179901000001,
    "ri_tflops": 0.1301657357986615,
    "scf_tflops": 0.04179592161973028,
    "scf_time": 40.121403378,
    "schema_version": "0.2.0",
    "tflops": 0.37100971921659925,
    "total_time": 40.322826,
    "transforms_time": 0.09848772100000001,
    "xc_tflops": 0.0,
    "xc_time": 23.590560869999997
  },
  "schema_version": "0.2.0"
}
