{
  "calculation_time": 31.156442902,
  "qmmbe": {
    "b_formation_time": 2.521143818,
    "b_tflops": 5.480552826628156,
    "diag_time": 5.906861309,
    "expanded_elec_energy": -5762.473473721937,
    "expanded_hf_energy": -1613.676556895017,
    "expanded_nuc_repulsion_energy": 4385.28783924696,
    "expanded_xc_energy": -236.4909224200404,
    "homo": -0.16888781072526354,
    "lumo": -0.09044199682448738,
    "method": "RestrictedKSDFT",
    "mp2_tflops": 0.0,
    "mp2_time": 6.95335580496073e-310,
    "n_atoms": 64,
    "nmers": [
      [
        {
          "fragments": [
            0
          ],
          "hf_energy": -1613.676556895017,
          "num_basis_fns": 1434,
          "num_iters": 17,
          "schema_version": "0.2.0"
        }
      ]
    ],
    "num_iters": 17,
    "ri_fock_time": 3.286481764,
    "ri_tflops": 0.14985296494589037,
    "scf_tflops": 0.044860151023448626,
    "scf_time": 30.924634545,
    "schema_version": "0.2.0",
    "tflops": 0.48378224113577534,
    "total_time": 31.151939,
    "transforms_time": 0.13544642600000004,
    "xc_tflops": 0.0,
    "xc_time": 19.243003565000006
  },
  "schema_version": "0.2.0"
}
