{
  "calculation_time": 26.542385927,
  "qmmbe": {
    "b_formation_time": 2.30636773,
    "b_tflops": 4.611350190958491,
    "diag_time": 5.047919321,
    "expanded_elec_energy": -5173.839772166877,
    "expanded_hf_energy": -1537.4807099163509,
    "expanded_nuc_repulsion_energy": 3861.944630900092,
    "expanded_xc_energy": -225.58556864956563,
    "homo": -0.17012454088949566,
    "lumo": -0.09299868945250037,
    "method": "RestrictedKSDFT",
    "mp2_tflops": 0.0,
    "mp2_time": 6.95335580496863e-310,
    "n_atoms": 62,
    "nmers": [
      [
        {
          "fragments": [
            0
          ],
          "hf_energy": -1537.4807099163509,
          "num_basis_fns": 1372,
          "num_iters": 17,
          "schema_version": "0.2.0"
        }
      ]
    ],
    "num_iters": 17,
    "ri_fock_time": 3.011603336,
    "ri_tflops": 0.14323503772344076,
    "scf_tflops": 0.04668990475687776,
    "scf_time": 26.360362419,
    "schema_version": "0.2.0",
    "tflops": 0.4421535953095239,
    "total_time": 26.53829,
    "transforms_time": 0.08986726499999999,
    "xc_tflops": 0.0,
    "xc_time": 16.145384094
  },
  "schema_version": "0.2.0"
}
