{
  "calculation_time": 29.58277367,
  "qmmbe": {
    "b_formation_time": 2.361788695,
    "b_tflops": 4.6430557986898995,
    "diag_time": 5.0894388159999995,
    "expanded_elec_energy": -5253.35181695057,
    "expanded_hf_energy": -1536.3223154543086,
    "expanded_nuc_repulsion_energy": 3941.9219707857164,
    "expanded_xc_energy": -224.89246928945545,
    "homo": -0.16746364834827596,
    "lumo": -0.09341885611031059,
    "method": "RestrictedKSDFT",
    "mp2_tflops": 0.0,
    "mp2_time": 6.95335580496863e-310,
    "n_atoms": 60,
    "nmers": [
      [
        {
          "fragments": [
            0
          ],
          "hf_energy": -1536.3223154543086,
          "num_basis_fns": 1360,
          "num_iters": 17,
          "schema_version": "0.2.0"
        }
      ]
    ],
    "num_iters": 17,
    "ri_fock_time": 3.678428266000001,
    "ri_tflops": 0.11420126250193399,
    "scf_tflops": 0.040551402033303964,
    "scf_time": 29.368125829,
    "schema_version": "0.2.0",
    "tflops": 0.40691919895428197,
    "total_time": 29.578533,
    "transforms_time": 0.08847186299999998,
    "xc_tflops": 0.0,
    "xc_time": 18.662794738000002
  },
  "schema_version": "0.2.0"
}
