{
  "calculation_time": 36.429197692,
  "qmmbe": {
    "b_formation_time": 2.626365861,
    "b_tflops": 5.094663533817538,
    "diag_time": 7.167708300000002,
    "expanded_elec_energy": -5689.702961225052,
    "expanded_hf_energy": -1613.6946265877295,
    "expanded_nuc_repulsion_energy": 4312.485494691627,
    "expanded_xc_energy": -236.4771600543046,
    "homo": -0.15966263608934303,
    "lumo": -0.09979815477161921,
    "method": "RestrictedKSDFT",
    "mp2_tflops": 0.0,
    "mp2_time": 6.95335580495124e-310,
    "n_atoms": 64,
    "nmers": [
      [
        {
          "fragments": [
            0
          ],
          "hf_energy": -1613.6946265877295,
          "num_basis_fns": 1434,
          "num_iters": 18,
          "schema_version": "0.2.0"
        }
      ]
    ],
    "num_iters": 18,
    "ri_fock_time": 3.6003149740000007,
    "ri_tflops": 0.14483704444465637,
    "scf_tflops": 0.040180852554941936,
    "scf_time": 36.204933611,
    "schema_version": "0.2.0",
    "tflops": 0.4037846303468189,
    "total_time": 36.424863,
    "transforms_time": 0.22433614800000004,
    "xc_tflops": 0.0,
    "xc_time": 22.710164898000006
  },
  "schema_version": "0.2.0"
}
