{
  "calculation_time": 38.080065717,
  "qmmbe": {
    "b_formation_time": 2.91750191,
    "b_tflops": 5.222829621913084,
    "diag_time": 7.75276134,
    "expanded_elec_energy": -5997.559779575411,
    "expanded_hf_energy": -1691.0777886880342,
    "expanded_nuc_repulsion_energy": 4554.55582986987,
    "expanded_xc_energy": -248.07383898249273,
    "homo": -0.15764679297709733,
    "lumo": -0.10352917618436636,
    "method": "RestrictedKSDFT",
    "mp2_tflops": 0.0,
    "mp2_time": 6.953355804956e-310,
    "n_atoms": 68,
    "nmers": [
      [
        {
          "fragments": [
            0
          ],
          "hf_energy": -1691.0777886880342,
          "num_basis_fns": 1508,
          "num_iters": 18,
          "schema_version": "0.2.0"
        }
      ]
    ],
    "num_iters": 18,
    "ri_fock_time": 5.133936798,
    "ri_tflops": 0.11812875847405398,
    "scf_tflops": 0.044722808327375956,
    "scf_time": 37.872271163,
    "schema_version": "0.2.0",
    "tflops": 0.44070346775176056,
    "total_time": 38.075414,
    "transforms_time": 0.22184758800000004,
    "xc_tflops": 0.0,
    "xc_time": 23.753590673999998
  },
  "schema_version": "0.2.0"
}
