{
  "calculation_time": 36.052152628,
  "qmmbe": {
    "b_formation_time": 2.851955316,
    "b_tflops": 5.456184598942713,
    "diag_time": 8.212804140000001,
    "expanded_elec_energy": -6051.247712805148,
    "expanded_hf_energy": -1691.0827818108985,
    "expanded_nuc_repulsion_energy": 4608.2434586475665,
    "expanded_xc_energy": -248.07852765331717,
    "homo": -0.1685421614355527,
    "lumo": -0.09168211569502999,
    "method": "RestrictedKSDFT",
    "mp2_tflops": 0.0,
    "mp2_time": 6.95335580495915e-310,
    "n_atoms": 68,
    "nmers": [
      [
        {
          "fragments": [
            0
          ],
          "hf_energy": -1691.0827818108985,
          "num_basis_fns": 1508,
          "num_iters": 18,
          "schema_version": "0.2.0"
        }
      ]
    ],
    "num_iters": 18,
    "ri_fock_time": 4.095322115,
    "ri_tflops": 0.14808739410526195,
    "scf_tflops": 0.047425271877253636,
    "scf_time": 35.823982837,
    "schema_version": "0.2.0",
    "tflops": 0.4744591737857625,
    "total_time": 36.047407,
    "transforms_time": 0.098050175,
    "xc_tflops": 0.0,
    "xc_time": 21.087342740000004
  },
  "schema_version": "0.2.0"
}
