{
  "calculation_time": 31.552571875,
  "qmmbe": {
    "b_formation_time": 2.594781181,
    "b_tflops": 4.940912355739796,
    "diag_time": 6.022457678,
    "expanded_elec_energy": -5608.85057505069,
    "expanded_hf_energy": -1613.7248094416152,
    "expanded_nuc_repulsion_energy": 4231.618167696341,
    "expanded_xc_energy": -236.49240208726565,
    "homo": -0.1708818286459589,
    "lumo": -0.08981186412314568,
    "method": "RestrictedKSDFT",
    "mp2_tflops": 0.0,
    "mp2_time": 6.95335580495124e-310,
    "n_atoms": 64,
    "nmers": [
      [
        {
          "fragments": [
            0
          ],
          "hf_energy": -1613.7248094416152,
          "num_basis_fns": 1434,
          "num_iters": 17,
          "schema_version": "0.2.0"
        }
      ]
    ],
    "num_iters": 17,
    "ri_fock_time": 3.5870241529999993,
    "ri_tflops": 0.13729738512190054,
    "scf_tflops": 0.044561514547607976,
    "scf_time": 31.326934644,
    "schema_version": "0.2.0",
    "tflops": 0.4461132870971396,
    "total_time": 31.548219,
    "transforms_time": 0.4681994920000001,
    "xc_tflops": 0.0,
    "xc_time": 19.492032545999997
  },
  "schema_version": "0.2.0"
}
