{
  "calculation_time": 35.530060775,
  "qmmbe": {
    "b_formation_time": 2.942833211,
    "b_tflops": 5.292456283749614,
    "diag_time": 7.282836776,
    "expanded_elec_energy": -6066.63639916418,
    "expanded_hf_energy": -1691.1027300156131,
    "expanded_nuc_repulsion_energy": 4623.62180430406,
    "expanded_xc_energy": -248.08813515549278,
    "homo": -0.1732215784241354,
    "lumo": -0.08684970316489528,
    "method": "RestrictedKSDFT",
    "mp2_tflops": 0.0,
    "mp2_time": 6.95335580496073e-310,
    "n_atoms": 68,
    "nmers": [
      [
        {
          "fragments": [
            0
          ],
          "hf_energy": -1691.1027300156131,
          "num_basis_fns": 1508,
          "num_iters": 17,
          "schema_version": "0.2.0"
        }
      ]
    ],
    "num_iters": 17,
    "ri_fock_time": 4.417843725,
    "ri_tflops": 0.1296499114639914,
    "scf_tflops": 0.045957094845687274,
    "scf_time": 35.273450998,
    "schema_version": "0.2.0",
    "tflops": 0.47941512721458013,
    "total_time": 35.525531,
    "transforms_time": 0.26416075200000005,
    "xc_tflops": 0.0,
    "xc_time": 21.488999407999998
  },
  "schema_version": "0.2.0"
}
