{
  "calculation_time": 36.445923107,
  "qmmbe": {
    "b_formation_time": 2.775819143,
    "b_tflops": 5.1862956647561385,
    "diag_time": 7.0785479449999995,
    "expanded_elec_energy": -5874.136609460166,
    "expanded_hf_energy": -1691.1016461686609,
    "expanded_nuc_repulsion_energy": 4431.108653978734,
    "expanded_xc_energy": -248.07369068722844,
    "homo": -0.1692903946085553,
    "lumo": -0.0936921438550172,
    "method": "RestrictedKSDFT",
    "mp2_tflops": 0.0,
    "mp2_time": 6.95335580496073e-310,
    "n_atoms": 68,
    "nmers": [
      [
        {
          "fragments": [
            0
          ],
          "hf_energy": -1691.1016461686609,
          "num_basis_fns": 1508,
          "num_iters": 17,
          "schema_version": "0.2.0"
        }
      ]
    ],
    "num_iters": 17,
    "ri_fock_time": 4.199554101,
    "ri_tflops": 0.13638901512701335,
    "scf_tflops": 0.04439275499196997,
    "scf_time": 36.225675216,
    "schema_version": "0.2.0",
    "tflops": 0.43502494885746,
    "total_time": 36.441311,
    "transforms_time": 0.9206196580000002,
    "xc_tflops": 0.0,
    "xc_time": 22.727027213999996
  },
  "schema_version": "0.2.0"
}
