{
  "calculation_time": 26.053821144,
  "qmmbe": {
    "b_formation_time": 2.052038644,
    "b_tflops": 5.176813867914663,
    "diag_time": 4.598463768999999,
    "expanded_elec_energy": -5168.524587153974,
    "expanded_hf_energy": -1537.5038411508147,
    "expanded_nuc_repulsion_energy": 3856.6179610222703,
    "expanded_xc_energy": -225.59721501911122,
    "homo": -0.17345835538237206,
    "lumo": -0.08790466696569942,
    "method": "RestrictedKSDFT",
    "mp2_tflops": 0.0,
    "mp2_time": 6.9533558049734e-310,
    "n_atoms": 62,
    "nmers": [
      [
        {
          "fragments": [
            0
          ],
          "hf_energy": -1537.5038411508147,
          "num_basis_fns": 1372,
          "num_iters": 17,
          "schema_version": "0.2.0"
        }
      ]
    ],
    "num_iters": 17,
    "ri_fock_time": 2.835286149,
    "ri_tflops": 0.15214235698648704,
    "scf_tflops": 0.04698123603184611,
    "scf_time": 25.861177226,
    "schema_version": "0.2.0",
    "tflops": 0.44996766181982834,
    "total_time": 26.049773,
    "transforms_time": 0.13201447000000002,
    "xc_tflops": 0.0,
    "xc_time": 16.701838621
  },
  "schema_version": "0.2.0"
}
