{
  "calculation_time": 33.483442249,
  "qmmbe": {
    "b_formation_time": 2.629036303,
    "b_tflops": 4.491673740480867,
    "diag_time": 5.174206086,
    "expanded_elec_energy": -5378.252547002143,
    "expanded_hf_energy": -1537.4598248114844,
    "expanded_nuc_repulsion_energy": 4066.3909649194297,
    "expanded_xc_energy": -225.5982427287712,
    "homo": -0.16625652941216693,
    "lumo": -0.09150634349955414,
    "method": "RestrictedKSDFT",
    "mp2_tflops": 0.0,
    "mp2_time": 6.95335580496863e-310,
    "n_atoms": 62,
    "nmers": [
      [
        {
          "fragments": [
            0
          ],
          "hf_energy": -1537.4598248114844,
          "num_basis_fns": 1372,
          "num_iters": 17,
          "schema_version": "0.2.0"
        }
      ]
    ],
    "num_iters": 17,
    "ri_fock_time": 3.9940096049999996,
    "ri_tflops": 0.1080035253044916,
    "scf_tflops": 0.036635811064136034,
    "scf_time": 33.26979473,
    "schema_version": "0.2.0",
    "tflops": 0.3855327869075578,
    "total_time": 33.479138,
    "transforms_time": 0.13316687100000002,
    "xc_tflops": 0.0,
    "xc_time": 22.061097592999996
  },
  "schema_version": "0.2.0"
}
