{
  "calculation_time": 36.765700153,
  "qmmbe": {
    "b_formation_time": 2.850002643,
    "b_tflops": 4.4358241957784745,
    "diag_time": 6.561326039,
    "expanded_elec_energy": -5580.159809867202,
    "expanded_hf_energy": -1613.7196840853442,
    "expanded_nuc_repulsion_energy": 4202.914498967963,
    "expanded_xc_energy": -236.47437318610463,
    "homo": -0.16357151310018503,
    "lumo": -0.09865423496405612,
    "method": "RestrictedKSDFT",
    "mp2_tflops": 0.0,
    "mp2_time": 6.95335580495124e-310,
    "n_atoms": 64,
    "nmers": [
      [
        {
          "fragments": [
            0
          ],
          "hf_energy": -1613.7196840853442,
          "num_basis_fns": 1434,
          "num_iters": 17,
          "schema_version": "0.2.0"
        }
      ]
    ],
    "num_iters": 17,
    "ri_fock_time": 3.8469011140000005,
    "ri_tflops": 0.12802227610782302,
    "scf_tflops": 0.03788280977571118,
    "scf_time": 36.552981675,
    "schema_version": "0.2.0",
    "tflops": 0.3779938731408478,
    "total_time": 36.761453,
    "transforms_time": 0.214763303,
    "xc_tflops": 0.0,
    "xc_time": 22.927886645999997
  },
  "schema_version": "0.2.0"
}
