{
  "calculation_time": 34.199886203,
  "qmmbe": {
    "b_formation_time": 2.948959064,
    "b_tflops": 3.9554002967862156,
    "diag_time": 5.4447233069999985,
    "expanded_elec_energy": -5351.403260018957,
    "expanded_hf_energy": -1537.4526162250106,
    "expanded_nuc_repulsion_energy": 4039.539305946729,
    "expanded_xc_energy": -225.58866215278312,
    "homo": -0.16954713747711359,
    "lumo": -0.0920682338511368,
    "method": "RestrictedKSDFT",
    "mp2_tflops": 0.0,
    "mp2_time": 6.95335580496863e-310,
    "n_atoms": 62,
    "nmers": [
      [
        {
          "fragments": [
            0
          ],
          "hf_energy": -1537.4526162250106,
          "num_basis_fns": 1372,
          "num_iters": 17,
          "schema_version": "0.2.0"
        }
      ]
    ],
    "num_iters": 17,
    "ri_fock_time": 4.5108731980000005,
    "ri_tflops": 0.0956282960095745,
    "scf_tflops": 0.03602626449896969,
    "scf_time": 34.003331978,
    "schema_version": "0.2.0",
    "tflops": 0.3732282020109653,
    "total_time": 34.19582,
    "transforms_time": 0.13498041700000002,
    "xc_tflops": 0.0,
    "xc_time": 21.918498067
  },
  "schema_version": "0.2.0"
}
