{
  "calculation_time": 37.643881316,
  "qmmbe": {
    "b_formation_time": 2.775106663,
    "b_tflops": 5.484592316506575,
    "diag_time": 7.699180478999998,
    "expanded_elec_energy": -5992.819553141448,
    "expanded_hf_energy": -1691.095207846231,
    "expanded_nuc_repulsion_energy": 4549.795190926444,
    "expanded_xc_energy": -248.07084563122734,
    "homo": -0.16207833004419667,
    "lumo": -0.1006784015262866,
    "method": "RestrictedKSDFT",
    "mp2_tflops": 0.0,
    "mp2_time": 6.95335580497654e-310,
    "n_atoms": 68,
    "nmers": [
      [
        {
          "fragments": [
            0
          ],
          "hf_energy": -1691.095207846231,
          "num_basis_fns": 1508,
          "num_iters": 18,
          "schema_version": "0.2.0"
        }
      ]
    ],
    "num_iters": 18,
    "ri_fock_time": 4.803000633,
    "ri_tflops": 0.1262680616498682,
    "scf_tflops": 0.04513960053858587,
    "scf_time": 37.409038027,
    "schema_version": "0.2.0",
    "tflops": 0.44535245203161644,
    "total_time": 37.639441,
    "transforms_time": 0.232663193,
    "xc_tflops": 0.0,
    "xc_time": 22.951937063000003
  },
  "schema_version": "0.2.0"
}
