{
  "calculation_time": 36.762067189,
  "qmmbe": {
    "b_formation_time": 2.816743873,
    "b_tflops": 4.5083786812376605,
    "diag_time": 6.283739004,
    "expanded_elec_energy": -5578.400025776681,
    "expanded_hf_energy": -1613.72077998417,
    "expanded_nuc_repulsion_energy": 4201.163862961319,
    "expanded_xc_energy": -236.48461716880774,
    "homo": -0.16789210951667977,
    "lumo": -0.09333593109492953,
    "method": "RestrictedKSDFT",
    "mp2_tflops": 0.0,
    "mp2_time": 6.95335580495124e-310,
    "n_atoms": 64,
    "nmers": [
      [
        {
          "fragments": [
            0
          ],
          "hf_energy": -1613.72077998417,
          "num_basis_fns": 1434,
          "num_iters": 17,
          "schema_version": "0.2.0"
        }
      ]
    ],
    "num_iters": 17,
    "ri_fock_time": 3.7801861500000005,
    "ri_tflops": 0.13028168905809043,
    "scf_tflops": 0.03784937955535653,
    "scf_time": 36.556323389,
    "schema_version": "0.2.0",
    "tflops": 0.3795795945356732,
    "total_time": 36.757615,
    "transforms_time": 0.17331431300000003,
    "xc_tflops": 0.0,
    "xc_time": 22.855955891
  },
  "schema_version": "0.2.0"
}
