{
  "calculation_time": 31.887267064,
  "qmmbe": {
    "b_formation_time": 2.492903467,
    "b_tflops": 5.386274900174464,
    "diag_time": 5.509794964999999,
    "expanded_elec_energy": -5699.213043786489,
    "expanded_hf_energy": -1613.7032824950024,
    "expanded_nuc_repulsion_energy": 4321.996391511425,
    "expanded_xc_energy": -236.4866302199385,
    "homo": -0.16220428553626767,
    "lumo": -0.09957922564087737,
    "method": "RestrictedKSDFT",
    "mp2_tflops": 0.0,
    "mp2_time": 6.95335580496073e-310,
    "n_atoms": 64,
    "nmers": [
      [
        {
          "fragments": [
            0
          ],
          "hf_energy": -1613.7032824950024,
          "num_basis_fns": 1434,
          "num_iters": 18,
          "schema_version": "0.2.0"
        }
      ]
    ],
    "num_iters": 18,
    "ri_fock_time": 3.704080571,
    "ri_tflops": 0.1407795996627634,
    "scf_tflops": 0.04629278456173344,
    "scf_time": 31.654162447,
    "schema_version": "0.2.0",
    "tflops": 0.46278225557876174,
    "total_time": 31.882844,
    "transforms_time": 0.5074256680000001,
    "xc_tflops": 0.0,
    "xc_time": 20.270748692999998
  },
  "schema_version": "0.2.0"
}
