{
  "calculation_time": 31.22191099,
  "qmmbe": {
    "b_formation_time": 2.718101393,
    "b_tflops": 4.91224919308814,
    "diag_time": 6.181914699,
    "expanded_elec_energy": -5671.806249293028,
    "expanded_hf_energy": -1691.13505743458,
    "expanded_nuc_repulsion_energy": 4228.739327901111,
    "expanded_xc_energy": -248.06813604266364,
    "homo": -0.16574611057020333,
    "lumo": -0.09607838583829904,
    "method": "RestrictedKSDFT",
    "mp2_tflops": 0.0,
    "mp2_time": 6.95335580497654e-310,
    "n_atoms": 68,
    "nmers": [
      [
        {
          "fragments": [
            0
          ],
          "hf_energy": -1691.13505743458,
          "num_basis_fns": 1508,
          "num_iters": 17,
          "schema_version": "0.2.0"
        }
      ]
    ],
    "num_iters": 17,
    "ri_fock_time": 3.380448968,
    "ri_tflops": 0.16943697515625383,
    "scf_tflops": 0.052461761116633275,
    "scf_time": 30.993951276,
    "schema_version": "0.2.0",
    "tflops": 0.4743722060136081,
    "total_time": 31.217368,
    "transforms_time": 0.18306808300000002,
    "xc_tflops": 0.0,
    "xc_time": 18.593379996
  },
  "schema_version": "0.2.0"
}
