{
  "calculation_time": 33.979872465,
  "qmmbe": {
    "b_formation_time": 2.801916756,
    "b_tflops": 4.926264337471987,
    "diag_time": 7.352917386,
    "expanded_elec_energy": -5768.746113062627,
    "expanded_hf_energy": -1691.1289873772803,
    "expanded_nuc_repulsion_energy": 4325.694712784517,
    "expanded_xc_energy": -248.07758709917022,
    "homo": -0.16412406652261086,
    "lumo": -0.0983784402387508,
    "method": "RestrictedKSDFT",
    "mp2_tflops": 0.0,
    "mp2_time": 6.95335580498444e-310,
    "n_atoms": 68,
    "nmers": [
      [
        {
          "fragments": [
            0
          ],
          "hf_energy": -1691.1289873772803,
          "num_basis_fns": 1508,
          "num_iters": 17,
          "schema_version": "0.2.0"
        }
      ]
    ],
    "num_iters": 17,
    "ri_fock_time": 4.265409065,
    "ri_tflops": 0.13428326312426028,
    "scf_tflops": 0.04784943234753157,
    "scf_time": 33.764626128,
    "schema_version": "0.2.0",
    "tflops": 0.4491399464985231,
    "total_time": 33.975254,
    "transforms_time": 0.7605028250000002,
    "xc_tflops": 0.0,
    "xc_time": 20.264464552
  },
  "schema_version": "0.2.0"
}
