{
  "calculation_time": 31.348776968,
  "qmmbe": {
    "b_formation_time": 2.374728315,
    "b_tflops": 5.455779367749695,
    "diag_time": 6.3284983100000005,
    "expanded_elec_energy": -5627.774331676487,
    "expanded_hf_energy": -1613.7034979891544,
    "expanded_nuc_repulsion_energy": 4250.5450008751495,
    "expanded_xc_energy": -236.4741671878166,
    "homo": -0.1582728669353944,
    "lumo": -0.10508966909159931,
    "method": "RestrictedKSDFT",
    "mp2_tflops": 0.0,
    "mp2_time": 6.95335580495124e-310,
    "n_atoms": 64,
    "nmers": [
      [
        {
          "fragments": [
            0
          ],
          "hf_energy": -1613.7034979891544,
          "num_basis_fns": 1434,
          "num_iters": 19,
          "schema_version": "0.2.0"
        }
      ]
    ],
    "num_iters": 19,
    "ri_fock_time": 3.499011317999999,
    "ri_tflops": 0.15730984361222924,
    "scf_tflops": 0.04948253988750695,
    "scf_time": 31.107149221,
    "schema_version": "0.2.0",
    "tflops": 0.4580482446851808,
    "total_time": 31.344296,
    "transforms_time": 0.23054952700000003,
    "xc_tflops": 0.0,
    "xc_time": 19.074699483
  },
  "schema_version": "0.2.0"
}
