{
  "calculation_time": 36.861599105,
  "qmmbe": {
    "b_formation_time": 2.575073815,
    "b_tflops": 4.273028845488066,
    "diag_time": 6.955668878999999,
    "expanded_elec_energy": -5237.852856221645,
    "expanded_hf_energy": -1537.4816782190876,
    "expanded_nuc_repulsion_energy": 3925.954816054085,
    "expanded_xc_energy": -225.58363805152732,
    "homo": -0.15893998090162464,
    "lumo": -0.10310507439014487,
    "method": "RestrictedKSDFT",
    "mp2_tflops": 0.0,
    "mp2_time": 6.9533558049734e-310,
    "n_atoms": 62,
    "nmers": [
      [
        {
          "fragments": [
            0
          ],
          "hf_energy": -1537.4816782190876,
          "num_basis_fns": 1372,
          "num_iters": 18,
          "schema_version": "0.2.0"
        }
      ]
    ],
    "num_iters": 18,
    "ri_fock_time": 4.603403598,
    "ri_tflops": 0.09921825102592276,
    "scf_tflops": 0.03458753461300054,
    "scf_time": 36.664094223,
    "schema_version": "0.2.0",
    "tflops": 0.33009983554942407,
    "total_time": 36.857399,
    "transforms_time": 0.21365884499999996,
    "xc_tflops": 0.0,
    "xc_time": 23.752111897000002
  },
  "schema_version": "0.2.0"
}
