{
  "calculation_time": 34.874506492,
  "qmmbe": {
    "b_formation_time": 2.866225813,
    "b_tflops": 5.223815467086508,
    "diag_time": 7.223848416,
    "expanded_elec_energy": -5965.980001384943,
    "expanded_hf_energy": -1691.114698168919,
    "expanded_nuc_repulsion_energy": 4522.950064891239,
    "expanded_xc_energy": -248.0847616752152,
    "homo": -0.1708650839168818,
    "lumo": -0.09003257187212192,
    "method": "RestrictedKSDFT",
    "mp2_tflops": 0.0,
    "mp2_time": 6.95335580496073e-310,
    "n_atoms": 68,
    "nmers": [
      [
        {
          "fragments": [
            0
          ],
          "hf_energy": -1691.114698168919,
          "num_basis_fns": 1508,
          "num_iters": 17,
          "schema_version": "0.2.0"
        }
      ]
    ],
    "num_iters": 17,
    "ri_fock_time": 4.315424756,
    "ri_tflops": 0.13272692265382185,
    "scf_tflops": 0.04652931428108596,
    "scf_time": 34.666734218,
    "schema_version": "0.2.0",
    "tflops": 0.4711582045662441,
    "total_time": 34.870019,
    "transforms_time": 0.095334626,
    "xc_tflops": 0.0,
    "xc_time": 21.047897856
  },
  "schema_version": "0.2.0"
}
