{
  "calculation_time": 41.240077848,
  "qmmbe": {
    "b_formation_time": 4.707670942,
    "b_tflops": 3.322845969412277,
    "diag_time": 8.670852581,
    "expanded_elec_energy": -6067.533705953065,
    "expanded_hf_energy": -1691.0872248443866,
    "expanded_nuc_repulsion_energy": 4624.526046205813,
    "expanded_xc_energy": -248.0795650971349,
    "homo": -0.16855163233989676,
    "lumo": -0.09227861231166662,
    "method": "RestrictedKSDFT",
    "mp2_tflops": 0.0,
    "mp2_time": 6.95335580496073e-310,
    "n_atoms": 68,
    "nmers": [
      [
        {
          "fragments": [
            0
          ],
          "hf_energy": -1691.0872248443866,
          "num_basis_fns": 1508,
          "num_iters": 18,
          "schema_version": "0.2.0"
        }
      ]
    ],
    "num_iters": 18,
    "ri_fock_time": 4.415228612999999,
    "ri_tflops": 0.13735768477454377,
    "scf_tflops": 0.04547476987616255,
    "scf_time": 39.336812368,
    "schema_version": "0.2.0",
    "tflops": 0.42770873356736827,
    "total_time": 39.586813,
    "transforms_time": 0.6492978600000002,
    "xc_tflops": 0.0,
    "xc_time": 22.025902361000004
  },
  "schema_version": "0.2.0"
}
