{
  "calculation_time": 34.23912979,
  "qmmbe": {
    "b_formation_time": 2.766160353,
    "b_tflops": 4.941852767171087,
    "diag_time": 8.799745418,
    "expanded_elec_energy": -5762.350113539345,
    "expanded_hf_energy": -1691.1347075349508,
    "expanded_nuc_repulsion_energy": 4319.293477118946,
    "expanded_xc_energy": -248.0780711145513,
    "homo": -0.1710346871480874,
    "lumo": -0.0959670555945604,
    "method": "RestrictedKSDFT",
    "mp2_tflops": 0.0,
    "mp2_time": 6.95335580495915e-310,
    "n_atoms": 68,
    "nmers": [
      [
        {
          "fragments": [
            0
          ],
          "hf_energy": -1691.1347075349508,
          "num_basis_fns": 1508,
          "num_iters": 17,
          "schema_version": "0.2.0"
        }
      ]
    ],
    "num_iters": 17,
    "ri_fock_time": 3.6312367000000005,
    "ri_tflops": 0.1577349798783428,
    "scf_tflops": 0.047255974828938146,
    "scf_time": 34.030705023,
    "schema_version": "0.2.0",
    "tflops": 0.44184427628595446,
    "total_time": 34.234655,
    "transforms_time": 0.5053522899999999,
    "xc_tflops": 0.0,
    "xc_time": 19.020491919
  },
  "schema_version": "0.2.0"
}
