{
  "calculation_time": 28.639612126,
  "qmmbe": {
    "b_formation_time": 2.156451405,
    "b_tflops": 5.163761160737123,
    "diag_time": 5.203145202000001,
    "expanded_elec_energy": -5261.655506018312,
    "expanded_hf_energy": -1537.482176612441,
    "expanded_nuc_repulsion_energy": 3949.7573889173163,
    "expanded_xc_energy": -225.5840595114455,
    "homo": -0.15767436412901756,
    "lumo": -0.1050258749801335,
    "method": "RestrictedKSDFT",
    "mp2_tflops": 0.0,
    "mp2_time": 6.9533558049734e-310,
    "n_atoms": 62,
    "nmers": [
      [
        {
          "fragments": [
            0
          ],
          "hf_energy": -1537.482176612441,
          "num_basis_fns": 1372,
          "num_iters": 18,
          "schema_version": "0.2.0"
        }
      ]
    ],
    "num_iters": 18,
    "ri_fock_time": 3.1154249579999997,
    "ri_tflops": 0.14660653359251932,
    "scf_tflops": 0.0449782073662973,
    "scf_time": 28.432810908,
    "schema_version": "0.2.0",
    "tflops": 0.4294917376236635,
    "total_time": 28.635376,
    "transforms_time": 0.10231469900000001,
    "xc_tflops": 0.0,
    "xc_time": 18.068207722999997
  },
  "schema_version": "0.2.0"
}
