{
  "calculation_time": 29.136977379,
  "qmmbe": {
    "b_formation_time": 2.021081101,
    "b_tflops": 4.267208749058507,
    "diag_time": 5.250163134000001,
    "expanded_elec_energy": -4749.767062071747,
    "expanded_hf_energy": -1460.092855244813,
    "expanded_nuc_repulsion_energy": 3503.6555703525164,
    "expanded_xc_energy": -213.9813635255823,
    "homo": -0.15928146450112537,
    "lumo": -0.1043256889790643,
    "method": "RestrictedKSDFT",
    "mp2_tflops": 0.0,
    "mp2_time": 6.95335580496863e-310,
    "n_atoms": 58,
    "nmers": [
      [
        {
          "fragments": [
            0
          ],
          "hf_energy": -1460.092855244813,
          "num_basis_fns": 1298,
          "num_iters": 18,
          "schema_version": "0.2.0"
        }
      ]
    ],
    "num_iters": 18,
    "ri_fock_time": 3.102807445,
    "ri_tflops": 0.12463653571773611,
    "scf_tflops": 0.03728614016342708,
    "scf_time": 28.971638651,
    "schema_version": "0.2.0",
    "tflops": 0.3298761296157482,
    "total_time": 29.132929,
    "transforms_time": 0.13038197500000004,
    "xc_tflops": 0.0,
    "xc_time": 18.836972606000003
  },
  "schema_version": "0.2.0"
}
