{
  "calculation_time": 31.345279254,
  "qmmbe": {
    "b_formation_time": 2.215504469,
    "b_tflops": 4.293801221836308,
    "diag_time": 5.451014744999999,
    "expanded_elec_energy": -4931.421137516631,
    "expanded_hf_energy": -1460.0870657859314,
    "expanded_nuc_repulsion_energy": 3685.3362795455623,
    "expanded_xc_energy": -214.00220781486314,
    "homo": -0.17153084232988947,
    "lumo": -0.08988142815850572,
    "method": "RestrictedKSDFT",
    "mp2_tflops": 0.0,
    "mp2_time": 6.95335580496863e-310,
    "n_atoms": 58,
    "nmers": [
      [
        {
          "fragments": [
            0
          ],
          "hf_energy": -1460.0870657859314,
          "num_basis_fns": 1298,
          "num_iters": 17,
          "schema_version": "0.2.0"
        }
      ]
    ],
    "num_iters": 17,
    "ri_fock_time": 3.861149807,
    "ri_tflops": 0.09459320891249741,
    "scf_tflops": 0.03271290022309408,
    "scf_time": 31.148209145,
    "schema_version": "0.2.0",
    "tflops": 0.3332340324850767,
    "total_time": 31.341226,
    "transforms_time": 0.130213853,
    "xc_tflops": 0.0,
    "xc_time": 19.79172695
  },
  "schema_version": "0.2.0"
}
