{
  "calculation_time": 41.41184094,
  "qmmbe": {
    "b_formation_time": 3.065033926,
    "b_tflops": 4.870452080136616,
    "diag_time": 9.246236951000002,
    "expanded_elec_energy": -5977.633729568797,
    "expanded_hf_energy": -1691.1068267363385,
    "expanded_nuc_repulsion_energy": 4534.604672484473,
    "expanded_xc_energy": -248.07776965201396,
    "homo": -0.16210689592287297,
    "lumo": -0.09895292839103839,
    "method": "RestrictedKSDFT",
    "mp2_tflops": 0.0,
    "mp2_time": 6.95335580498444e-310,
    "n_atoms": 68,
    "nmers": [
      [
        {
          "fragments": [
            0
          ],
          "hf_energy": -1691.1068267363385,
          "num_basis_fns": 1508,
          "num_iters": 18,
          "schema_version": "0.2.0"
        }
      ]
    ],
    "num_iters": 18,
    "ri_fock_time": 4.839208605,
    "ri_tflops": 0.12532329757501745,
    "scf_tflops": 0.04122675897469718,
    "scf_time": 41.172884818,
    "schema_version": "0.2.0",
    "tflops": 0.39776977187117074,
    "total_time": 41.407344,
    "transforms_time": 0.46648745100000005,
    "xc_tflops": 0.0,
    "xc_time": 24.710228098999995
  },
  "schema_version": "0.2.0"
}
