{
  "calculation_time": 29.993501986,
  "qmmbe": {
    "b_formation_time": 2.271273317,
    "b_tflops": 5.098531665599627,
    "diag_time": 5.1317595449999995,
    "expanded_elec_energy": -5344.3377200530595,
    "expanded_hf_energy": -1537.4539053275246,
    "expanded_nuc_repulsion_energy": 4032.4715286226588,
    "expanded_xc_energy": -225.5877138971239,
    "homo": -0.15918540408802612,
    "lumo": -0.10370501870902506,
    "method": "RestrictedKSDFT",
    "mp2_tflops": 0.0,
    "mp2_time": 6.9533558049734e-310,
    "n_atoms": 62,
    "nmers": [
      [
        {
          "fragments": [
            0
          ],
          "hf_energy": -1537.4539053275246,
          "num_basis_fns": 1372,
          "num_iters": 17,
          "schema_version": "0.2.0"
        }
      ]
    ],
    "num_iters": 17,
    "ri_fock_time": 3.3015331470000002,
    "ri_tflops": 0.1306566065623087,
    "scf_tflops": 0.040600339958847605,
    "scf_time": 29.786906256,
    "schema_version": "0.2.0",
    "tflops": 0.4227709817532779,
    "total_time": 29.989436,
    "transforms_time": 0.21374686500000004,
    "xc_tflops": 0.0,
    "xc_time": 19.294319664
  },
  "schema_version": "0.2.0"
}
