{
  "calculation_time": 37.762863133,
  "qmmbe": {
    "b_formation_time": 2.914819263,
    "b_tflops": 4.757779882269153,
    "diag_time": 8.07578404,
    "expanded_elec_energy": -5784.341675630434,
    "expanded_hf_energy": -1691.1212154005734,
    "expanded_nuc_repulsion_energy": 4341.292339336262,
    "expanded_xc_energy": -248.07187910640096,
    "homo": -0.16756076325798178,
    "lumo": -0.09583602116146177,
    "method": "RestrictedKSDFT",
    "mp2_tflops": 0.0,
    "mp2_time": 6.95335580497654e-310,
    "n_atoms": 68,
    "nmers": [
      [
        {
          "fragments": [
            0
          ],
          "hf_energy": -1691.1212154005734,
          "num_basis_fns": 1508,
          "num_iters": 17,
          "schema_version": "0.2.0"
        }
      ]
    ],
    "num_iters": 17,
    "ri_fock_time": 3.8763463060000003,
    "ri_tflops": 0.1477610622460211,
    "scf_tflops": 0.0427976968829024,
    "scf_time": 37.529561384,
    "schema_version": "0.2.0",
    "tflops": 0.40586302212857533,
    "total_time": 37.758379,
    "transforms_time": 0.5948475889999998,
    "xc_tflops": 0.0,
    "xc_time": 22.664269997
  },
  "schema_version": "0.2.0"
}
