{
  "calculation_time": 33.368151746,
  "qmmbe": {
    "b_formation_time": 2.724933383,
    "b_tflops": 5.741235520557311,
    "diag_time": 7.022319048,
    "expanded_elec_energy": -6068.067031058628,
    "expanded_hf_energy": -1691.0917875459968,
    "expanded_nuc_repulsion_energy": 4625.052280285838,
    "expanded_xc_energy": -248.07703677320603,
    "homo": -0.166014835993244,
    "lumo": -0.09462493082226583,
    "method": "RestrictedKSDFT",
    "mp2_tflops": 0.0,
    "mp2_time": 6.95335580495915e-310,
    "n_atoms": 68,
    "nmers": [
      [
        {
          "fragments": [
            0
          ],
          "hf_energy": -1691.0917875459968,
          "num_basis_fns": 1508,
          "num_iters": 17,
          "schema_version": "0.2.0"
        }
      ]
    ],
    "num_iters": 17,
    "ri_fock_time": 3.792785519,
    "ri_tflops": 0.15101646136821795,
    "scf_tflops": 0.048707468245684005,
    "scf_time": 33.120783238,
    "schema_version": "0.2.0",
    "tflops": 0.5125693767560472,
    "total_time": 33.363574,
    "transforms_time": 0.14356069899999999,
    "xc_tflops": 0.0,
    "xc_time": 20.103043483999997
  },
  "schema_version": "0.2.0"
}
