{
  "calculation_time": 29.829793759,
  "qmmbe": {
    "b_formation_time": 2.102688384,
    "b_tflops": 5.204080610052013,
    "diag_time": 5.093061269,
    "expanded_elec_energy": -5229.480579393799,
    "expanded_hf_energy": -1537.481840474536,
    "expanded_nuc_repulsion_energy": 3917.583934154747,
    "expanded_xc_energy": -225.5851952354837,
    "homo": -0.17075978328366787,
    "lumo": -0.09088749286141712,
    "method": "RestrictedKSDFT",
    "mp2_tflops": 0.0,
    "mp2_time": 6.9533558049734e-310,
    "n_atoms": 62,
    "nmers": [
      [
        {
          "fragments": [
            0
          ],
          "hf_energy": -1537.481840474536,
          "num_basis_fns": 1372,
          "num_iters": 17,
          "schema_version": "0.2.0"
        }
      ]
    ],
    "num_iters": 17,
    "ri_fock_time": 3.7033388850000004,
    "ri_tflops": 0.11648059516972883,
    "scf_tflops": 0.0405182216798058,
    "scf_time": 29.633092675,
    "schema_version": "0.2.0",
    "tflops": 0.4037172823342162,
    "total_time": 29.825552,
    "transforms_time": 0.16802040999999998,
    "xc_tflops": 0.0,
    "xc_time": 19.376592289999998
  },
  "schema_version": "0.2.0"
}
