{
  "calculation_time": 37.522655538,
  "qmmbe": {
    "b_formation_time": 2.557715667,
    "b_tflops": 5.274919172220874,
    "diag_time": 7.339920143,
    "expanded_elec_energy": -5709.838338274649,
    "expanded_hf_energy": -1613.704861042028,
    "expanded_nuc_repulsion_energy": 4332.622288800893,
    "expanded_xc_energy": -236.4888115682725,
    "homo": -0.17079807635754285,
    "lumo": -0.08914683972086014,
    "method": "RestrictedKSDFT",
    "mp2_tflops": 0.0,
    "mp2_time": 6.95335580496073e-310,
    "n_atoms": 64,
    "nmers": [
      [
        {
          "fragments": [
            0
          ],
          "hf_energy": -1613.704861042028,
          "num_basis_fns": 1434,
          "num_iters": 17,
          "schema_version": "0.2.0"
        }
      ]
    ],
    "num_iters": 17,
    "ri_fock_time": 4.020617392999999,
    "ri_tflops": 0.12249089839621059,
    "scf_tflops": 0.03663608729149572,
    "scf_time": 37.303806397,
    "schema_version": "0.2.0",
    "tflops": 0.39300548412876124,
    "total_time": 37.51849,
    "transforms_time": 0.125550233,
    "xc_tflops": 0.0,
    "xc_time": 23.205305001000003
  },
  "schema_version": "0.2.0"
}
