{
  "calculation_time": 31.01427659,
  "qmmbe": {
    "b_formation_time": 2.364284011,
    "b_tflops": 5.070239213048588,
    "diag_time": 6.07175327,
    "expanded_elec_energy": -5408.085625816143,
    "expanded_hf_energy": -1537.4519037147325,
    "expanded_nuc_repulsion_energy": 4096.22301444289,
    "expanded_xc_energy": -225.5892923414798,
    "homo": -0.16007399928854338,
    "lumo": -0.10354531481305941,
    "method": "RestrictedKSDFT",
    "mp2_tflops": 0.0,
    "mp2_time": 6.9533558049734e-310,
    "n_atoms": 62,
    "nmers": [
      [
        {
          "fragments": [
            0
          ],
          "hf_energy": -1537.4519037147325,
          "num_basis_fns": 1372,
          "num_iters": 17,
          "schema_version": "0.2.0"
        }
      ]
    ],
    "num_iters": 17,
    "ri_fock_time": 3.42378685,
    "ri_tflops": 0.12599123027766757,
    "scf_tflops": 0.039207852139750116,
    "scf_time": 30.800860385,
    "schema_version": "0.2.0",
    "tflops": 0.42199145104251856,
    "total_time": 31.010147,
    "transforms_time": 0.16955454199999995,
    "xc_tflops": 0.0,
    "xc_time": 19.324134443000002
  },
  "schema_version": "0.2.0"
}
