{
  "calculation_time": 29.469653795,
  "qmmbe": {
    "b_formation_time": 1.90799196,
    "b_tflops": 4.596437655621988,
    "diag_time": 4.54257001,
    "expanded_elec_energy": -4725.22591925405,
    "expanded_hf_energy": -1383.8423626428903,
    "expanded_nuc_repulsion_energy": 3544.4907924981976,
    "expanded_xc_energy": -203.1072358870383,
    "homo": -0.16939374436502755,
    "lumo": -0.08947276788581152,
    "method": "RestrictedKSDFT",
    "mp2_tflops": 0.0,
    "mp2_time": 6.95335580496863e-310,
    "n_atoms": 56,
    "nmers": [
      [
        {
          "fragments": [
            0
          ],
          "hf_energy": -1383.8423626428903,
          "num_basis_fns": 1236,
          "num_iters": 17,
          "schema_version": "0.2.0"
        }
      ]
    ],
    "num_iters": 17,
    "ri_fock_time": 3.110552776,
    "ri_tflops": 0.10139348421973213,
    "scf_tflops": 0.029988085181378826,
    "scf_time": 29.269915113,
    "schema_version": "0.2.0",
    "tflops": 0.3249344508987011,
    "total_time": 29.465866,
    "transforms_time": 0.30092008500000006,
    "xc_tflops": 0.0,
    "xc_time": 19.957788479999998
  },
  "schema_version": "0.2.0"
}
