{
  "calculation_time": 38.046710693,
  "qmmbe": {
    "b_formation_time": 3.269309359,
    "b_tflops": 4.942096168885681,
    "diag_time": 7.57921735,
    "expanded_elec_energy": -6151.762538212079,
    "expanded_hf_energy": -1691.0919231039056,
    "expanded_nuc_repulsion_energy": 4708.761195637581,
    "expanded_xc_energy": -248.09058052940833,
    "homo": -0.17033311922229818,
    "lumo": -0.09220548029139197,
    "method": "RestrictedKSDFT",
    "mp2_tflops": 0.0,
    "mp2_time": 6.95335580498444e-310,
    "n_atoms": 68,
    "nmers": [
      [
        {
          "fragments": [
            0
          ],
          "hf_energy": -1691.0919231039056,
          "num_basis_fns": 1508,
          "num_iters": 17,
          "schema_version": "0.2.0"
        }
      ]
    ],
    "num_iters": 17,
    "ri_fock_time": 4.502926916,
    "ri_tflops": 0.12720016524647498,
    "scf_tflops": 0.042993835652245155,
    "scf_time": 37.797260783,
    "schema_version": "0.2.0",
    "tflops": 0.46301169560664757,
    "total_time": 38.042024,
    "transforms_time": 0.139300984,
    "xc_tflops": 0.0,
    "xc_time": 23.120840017
  },
  "schema_version": "0.2.0"
}
