{
  "calculation_time": 30.028321099,
  "qmmbe": {
    "b_formation_time": 2.420393362,
    "b_tflops": 4.7300933067093744,
    "diag_time": 5.555757912,
    "expanded_elec_energy": -5343.4816645735245,
    "expanded_hf_energy": -1536.3122341903118,
    "expanded_nuc_repulsion_energy": 4032.065721304685,
    "expanded_xc_energy": -224.8962909214723,
    "homo": -0.16810438749511808,
    "lumo": -0.0924974825339446,
    "method": "RestrictedKSDFT",
    "mp2_tflops": 0.0,
    "mp2_time": 6.95335580496863e-310,
    "n_atoms": 60,
    "nmers": [
      [
        {
          "fragments": [
            0
          ],
          "hf_energy": -1536.3122341903118,
          "num_basis_fns": 1360,
          "num_iters": 17,
          "schema_version": "0.2.0"
        }
      ]
    ],
    "num_iters": 17,
    "ri_fock_time": 3.540017996,
    "ri_tflops": 0.11866638883606398,
    "scf_tflops": 0.03965988657933144,
    "scf_time": 29.816617832,
    "schema_version": "0.2.0",
    "tflops": 0.41695778662734556,
    "total_time": 30.024245,
    "transforms_time": 0.12973682100000003,
    "xc_tflops": 0.0,
    "xc_time": 18.936125544000003
  },
  "schema_version": "0.2.0"
}
