{
  "calculation_time": 31.716509986,
  "qmmbe": {
    "b_formation_time": 2.611034114,
    "b_tflops": 4.866591827058756,
    "diag_time": 6.549035964000001,
    "expanded_elec_energy": -5589.223451966308,
    "expanded_hf_energy": -1613.7182456726434,
    "expanded_nuc_repulsion_energy": 4211.983037843832,
    "expanded_xc_energy": -236.4778315501673,
    "homo": -0.1616062974491201,
    "lumo": -0.10125618939414824,
    "method": "RestrictedKSDFT",
    "mp2_tflops": 0.0,
    "mp2_time": 6.95335580495124e-310,
    "n_atoms": 64,
    "nmers": [
      [
        {
          "fragments": [
            0
          ],
          "hf_energy": -1613.7182456726434,
          "num_basis_fns": 1434,
          "num_iters": 18,
          "schema_version": "0.2.0"
        }
      ]
    ],
    "num_iters": 18,
    "ri_fock_time": 3.497700048,
    "ri_tflops": 0.1490862488915173,
    "scf_tflops": 0.046750018390206344,
    "scf_time": 31.504049914,
    "schema_version": "0.2.0",
    "tflops": 0.44254930667445674,
    "total_time": 31.712142,
    "transforms_time": 0.26202857800000007,
    "xc_tflops": 0.0,
    "xc_time": 18.964610989999997
  },
  "schema_version": "0.2.0"
}
