{
  "calculation_time": 37.480762641,
  "qmmbe": {
    "b_formation_time": 2.7874493,
    "b_tflops": 4.774643404508918,
    "diag_time": 8.457587509,
    "expanded_elec_energy": -5678.789731027806,
    "expanded_hf_energy": -1691.1336493426754,
    "expanded_nuc_repulsion_energy": 4235.7237658607755,
    "expanded_xc_energy": -248.06768417564513,
    "homo": -0.1640928705645862,
    "lumo": -0.0996012876318688,
    "method": "RestrictedKSDFT",
    "mp2_tflops": 0.0,
    "mp2_time": 6.95335580497654e-310,
    "n_atoms": 68,
    "nmers": [
      [
        {
          "fragments": [
            0
          ],
          "hf_energy": -1691.1336493426754,
          "num_basis_fns": 1508,
          "num_iters": 18,
          "schema_version": "0.2.0"
        }
      ]
    ],
    "num_iters": 18,
    "ri_fock_time": 3.9316459339999996,
    "ri_tflops": 0.15425233864204824,
    "scf_tflops": 0.045488400909552536,
    "scf_time": 37.276166233,
    "schema_version": "0.2.0",
    "tflops": 0.3962951595672283,
    "total_time": 37.47602,
    "transforms_time": 0.10589529500000001,
    "xc_tflops": 0.0,
    "xc_time": 22.206656336
  },
  "schema_version": "0.2.0"
}
