{
  "calculation_time": 35.574139788,
  "qmmbe": {
    "b_formation_time": 2.621929115,
    "b_tflops": 5.35287985513674,
    "diag_time": 7.472500947000001,
    "expanded_elec_energy": -5838.311265648414,
    "expanded_hf_energy": -1691.126849760942,
    "expanded_nuc_repulsion_energy": 4395.252437812823,
    "expanded_xc_energy": -248.06802192535108,
    "homo": -0.16570645824886976,
    "lumo": -0.09628375745856019,
    "method": "RestrictedKSDFT",
    "mp2_tflops": 0.0,
    "mp2_time": 6.95335580497654e-310,
    "n_atoms": 68,
    "nmers": [
      [
        {
          "fragments": [
            0
          ],
          "hf_energy": -1691.126849760942,
          "num_basis_fns": 1508,
          "num_iters": 17,
          "schema_version": "0.2.0"
        }
      ]
    ],
    "num_iters": 17,
    "ri_fock_time": 5.005115021999999,
    "ri_tflops": 0.11443753945521216,
    "scf_tflops": 0.04558772419674825,
    "scf_time": 35.354807478,
    "schema_version": "0.2.0",
    "tflops": 0.4355292080009354,
    "total_time": 35.569445,
    "transforms_time": 0.5048942570000001,
    "xc_tflops": 0.0,
    "xc_time": 21.282433765999997
  },
  "schema_version": "0.2.0"
}
