{
  "calculation_time": 43.886868128,
  "qmmbe": {
    "b_formation_time": 2.946431107,
    "b_tflops": 6.143954169595997,
    "diag_time": 7.9183880879999995,
    "expanded_elec_energy": -6406.861111757633,
    "expanded_hf_energy": -1691.0835241450527,
    "expanded_nuc_repulsion_energy": 4963.877440404687,
    "expanded_xc_energy": -248.09985279210701,
    "homo": -0.16786588964473054,
    "lumo": -0.09179215621540758,
    "method": "RestrictedKSDFT",
    "mp2_tflops": 0.0,
    "mp2_time": 6.95335580496073e-310,
    "n_atoms": 68,
    "nmers": [
      [
        {
          "fragments": [
            0
          ],
          "hf_energy": -1691.0835241450527,
          "num_basis_fns": 1508,
          "num_iters": 19,
          "schema_version": "0.2.0"
        }
      ]
    ],
    "num_iters": 19,
    "ri_fock_time": 5.172302823,
    "ri_tflops": 0.12376655701776958,
    "scf_tflops": 0.0406968019896238,
    "scf_time": 43.614842698,
    "schema_version": "0.2.0",
    "tflops": 0.44963461922483944,
    "total_time": 43.88242,
    "transforms_time": 0.114029617,
    "xc_tflops": 0.0,
    "xc_time": 28.331451567000006
  },
  "schema_version": "0.2.0"
}
