{
  "calculation_time": 35.42984748,
  "qmmbe": {
    "b_formation_time": 2.838639108,
    "b_tflops": 5.429175666626516,
    "diag_time": 6.927603029000001,
    "expanded_elec_energy": -6043.532207195431,
    "expanded_hf_energy": -1691.1134512363997,
    "expanded_nuc_repulsion_energy": 4600.497677378415,
    "expanded_xc_energy": -248.0789214193838,
    "homo": -0.16503686538205262,
    "lumo": -0.0972974921901512,
    "method": "RestrictedKSDFT",
    "mp2_tflops": 0.0,
    "mp2_time": 6.95335580497654e-310,
    "n_atoms": 68,
    "nmers": [
      [
        {
          "fragments": [
            0
          ],
          "hf_energy": -1691.1134512363997,
          "num_basis_fns": 1508,
          "num_iters": 18,
          "schema_version": "0.2.0"
        }
      ]
    ],
    "num_iters": 18,
    "ri_fock_time": 4.57008554,
    "ri_tflops": 0.13270333229517625,
    "scf_tflops": 0.04836837818290668,
    "scf_time": 35.173719979,
    "schema_version": "0.2.0",
    "tflops": 0.47858298255567167,
    "total_time": 35.425328,
    "transforms_time": 0.10704032399999996,
    "xc_tflops": 0.0,
    "xc_time": 21.991265776
  },
  "schema_version": "0.2.0"
}
