{
  "calculation_time": 23.396670764,
  "qmmbe": {
    "b_formation_time": 1.725450119,
    "b_tflops": 4.348046190738939,
    "diag_time": 4.228883575,
    "expanded_elec_energy": -4490.585760004334,
    "expanded_hf_energy": -1382.6912940924642,
    "expanded_nuc_repulsion_energy": 3310.2855353217333,
    "expanded_xc_energy": -202.3910694098639,
    "homo": -0.15297101086190382,
    "lumo": -0.1100192040863799,
    "method": "RestrictedKSDFT",
    "mp2_tflops": 0.0,
    "mp2_time": 6.95335580496073e-310,
    "n_atoms": 54,
    "nmers": [
      [
        {
          "fragments": [
            0
          ],
          "hf_energy": -1382.6912940924642,
          "num_basis_fns": 1224,
          "num_iters": 18,
          "schema_version": "0.2.0"
        }
      ]
    ],
    "num_iters": 18,
    "ri_fock_time": 1.934597668,
    "ri_tflops": 0.1676075772215807,
    "scf_tflops": 0.03914630451042213,
    "scf_time": 23.219872651,
    "schema_version": "0.2.0",
    "tflops": 0.35608389849022215,
    "total_time": 23.392982,
    "transforms_time": 0.08836027,
    "xc_tflops": 0.0,
    "xc_time": 14.815570227999999
  },
  "schema_version": "0.2.0"
}
