{
  "calculation_time": 35.880638678,
  "qmmbe": {
    "b_formation_time": 2.823813815,
    "b_tflops": 5.801090773968043,
    "diag_time": 7.77071864,
    "expanded_elec_energy": -6175.666220655737,
    "expanded_hf_energy": -1691.087349142663,
    "expanded_nuc_repulsion_energy": 4732.671028751275,
    "expanded_xc_energy": -248.09215723820154,
    "homo": -0.17128381877876386,
    "lumo": -0.08742470329618328,
    "method": "RestrictedKSDFT",
    "mp2_tflops": 0.0,
    "mp2_time": 6.95335580498444e-310,
    "n_atoms": 68,
    "nmers": [
      [
        {
          "fragments": [
            0
          ],
          "hf_energy": -1691.087349142663,
          "num_basis_fns": 1508,
          "num_iters": 17,
          "schema_version": "0.2.0"
        }
      ]
    ],
    "num_iters": 17,
    "ri_fock_time": 4.293960008,
    "ri_tflops": 0.1333904011078065,
    "scf_tflops": 0.04503323683944233,
    "scf_time": 35.659809556,
    "schema_version": "0.2.0",
    "tflops": 0.4971995081060354,
    "total_time": 35.876039,
    "transforms_time": 0.09285524099999998,
    "xc_tflops": 0.0,
    "xc_time": 21.520616052
  },
  "schema_version": "0.2.0"
}
