{
  "calculation_time": 32.809262168,
  "qmmbe": {
    "b_formation_time": 2.984563513,
    "b_tflops": 4.977140239551002,
    "diag_time": 6.28685211,
    "expanded_elec_energy": -5948.168947994547,
    "expanded_hf_energy": -1691.114253993258,
    "expanded_nuc_repulsion_energy": 4505.1317924647155,
    "expanded_xc_energy": -248.0770984634264,
    "homo": -0.1676032635002447,
    "lumo": -0.09407523111286381,
    "method": "RestrictedKSDFT",
    "mp2_tflops": 0.0,
    "mp2_time": 6.95335580498444e-310,
    "n_atoms": 68,
    "nmers": [
      [
        {
          "fragments": [
            0
          ],
          "hf_energy": -1691.114253993258,
          "num_basis_fns": 1508,
          "num_iters": 17,
          "schema_version": "0.2.0"
        }
      ]
    ],
    "num_iters": 17,
    "ri_fock_time": 3.6551661849999997,
    "ri_tflops": 0.15670232728638578,
    "scf_tflops": 0.05015153410825328,
    "scf_time": 32.572960344,
    "schema_version": "0.2.0",
    "tflops": 0.49722197627491005,
    "total_time": 32.804769,
    "transforms_time": 0.099472963,
    "xc_tflops": 0.0,
    "xc_time": 19.584422186999998
  },
  "schema_version": "0.2.0"
}
