{
  "calculation_time": 33.712274187,
  "qmmbe": {
    "b_formation_time": 2.446860138,
    "b_tflops": 4.353753969878928,
    "diag_time": 5.757008293,
    "expanded_elec_energy": -5162.699709077776,
    "expanded_hf_energy": -1537.4790773879179,
    "expanded_nuc_repulsion_energy": 3850.804345958062,
    "expanded_xc_energy": -225.5837142682042,
    "homo": -0.16494565888360213,
    "lumo": -0.09643462479998419,
    "method": "RestrictedKSDFT",
    "mp2_tflops": 0.0,
    "mp2_time": 6.95335580496863e-310,
    "n_atoms": 62,
    "nmers": [
      [
        {
          "fragments": [
            0
          ],
          "hf_energy": -1537.4790773879179,
          "num_basis_fns": 1372,
          "num_iters": 17,
          "schema_version": "0.2.0"
        }
      ]
    ],
    "num_iters": 17,
    "ri_fock_time": 4.013974709,
    "ri_tflops": 0.10746632669926968,
    "scf_tflops": 0.03604477167219395,
    "scf_time": 33.515876595,
    "schema_version": "0.2.0",
    "tflops": 0.3486286300168764,
    "total_time": 33.707955,
    "transforms_time": 0.09561459999999997,
    "xc_tflops": 0.0,
    "xc_time": 21.972540656
  },
  "schema_version": "0.2.0"
}
