{
  "calculation_time": 26.578202086,
  "qmmbe": {
    "b_formation_time": 2.157853494,
    "b_tflops": 4.964494018867808,
    "diag_time": 4.867955559,
    "expanded_elec_energy": -5181.793702808358,
    "expanded_hf_energy": -1537.4864542997766,
    "expanded_nuc_repulsion_energy": 3869.892371534215,
    "expanded_xc_energy": -225.5851230256334,
    "homo": -0.16164244438614567,
    "lumo": -0.09961532701488243,
    "method": "RestrictedKSDFT",
    "mp2_tflops": 0.0,
    "mp2_time": 6.9533558049734e-310,
    "n_atoms": 62,
    "nmers": [
      [
        {
          "fragments": [
            0
          ],
          "hf_energy": -1537.4864542997766,
          "num_basis_fns": 1372,
          "num_iters": 17,
          "schema_version": "0.2.0"
        }
      ]
    ],
    "num_iters": 17,
    "ri_fock_time": 2.8927382130000003,
    "ri_tflops": 0.14912068969858075,
    "scf_tflops": 0.0464842827244264,
    "scf_time": 26.368811289,
    "schema_version": "0.2.0",
    "tflops": 0.44446344598242943,
    "total_time": 26.574024,
    "transforms_time": 0.10008971300000002,
    "xc_tflops": 0.0,
    "xc_time": 16.356960807
  },
  "schema_version": "0.2.0"
}
