{
  "calculation_time": 36.568718774,
  "qmmbe": {
    "b_formation_time": 2.91679029,
    "b_tflops": 4.985759540355574,
    "diag_time": 7.711817646999998,
    "expanded_elec_energy": -5904.013205757666,
    "expanded_hf_energy": -1691.1087685715752,
    "expanded_nuc_repulsion_energy": 4460.976868461472,
    "expanded_xc_energy": -248.0724312753813,
    "homo": -0.1581720156206389,
    "lumo": -0.10448693830718693,
    "method": "RestrictedKSDFT",
    "mp2_tflops": 0.0,
    "mp2_time": 6.9533558049781e-310,
    "n_atoms": 68,
    "nmers": [
      [
        {
          "fragments": [
            0
          ],
          "hf_energy": -1691.1087685715752,
          "num_basis_fns": 1508,
          "num_iters": 18,
          "schema_version": "0.2.0"
        }
      ]
    ],
    "num_iters": 18,
    "ri_fock_time": 4.094867757,
    "ri_tflops": 0.1481038255741649,
    "scf_tflops": 0.046868307747343345,
    "scf_time": 36.332367342,
    "schema_version": "0.2.0",
    "tflops": 0.43990911262832894,
    "total_time": 36.564153,
    "transforms_time": 0.5554794799999999,
    "xc_tflops": 0.0,
    "xc_time": 22.161211628000004
  },
  "schema_version": "0.2.0"
}
