{
  "calculation_time": 31.116766466,
  "qmmbe": {
    "b_formation_time": 2.633178026,
    "b_tflops": 5.401028630397662,
    "diag_time": 6.479819321000001,
    "expanded_elec_energy": -5843.18931277878,
    "expanded_hf_energy": -1691.120381747811,
    "expanded_nuc_repulsion_energy": 4400.146916218121,
    "expanded_xc_energy": -248.07798518715236,
    "homo": -0.16638759070409617,
    "lumo": -0.09698149404952751,
    "method": "RestrictedKSDFT",
    "mp2_tflops": 0.0,
    "mp2_time": 6.95335580497654e-310,
    "n_atoms": 68,
    "nmers": [
      [
        {
          "fragments": [
            0
          ],
          "hf_energy": -1691.120381747811,
          "num_basis_fns": 1508,
          "num_iters": 17,
          "schema_version": "0.2.0"
        }
      ]
    ],
    "num_iters": 17,
    "ri_fock_time": 3.8185103199999997,
    "ri_tflops": 0.14999908336191167,
    "scf_tflops": 0.0524349217247191,
    "scf_time": 30.901418079,
    "schema_version": "0.2.0",
    "tflops": 0.5039365325542369,
    "total_time": 31.112113,
    "transforms_time": 0.09823683099999994,
    "xc_tflops": 0.0,
    "xc_time": 18.702955159
  },
  "schema_version": "0.2.0"
}
