{
  "calculation_time": 30.196302439,
  "qmmbe": {
    "b_formation_time": 2.38284568,
    "b_tflops": 5.248954100774163,
    "diag_time": 6.542734703000001,
    "expanded_elec_energy": -5562.3597569202,
    "expanded_hf_energy": -1613.724807789119,
    "expanded_nuc_repulsion_energy": 4185.1152397357155,
    "expanded_xc_energy": -236.48029060463423,
    "homo": -0.16508916448523522,
    "lumo": -0.09638213287903047,
    "method": "RestrictedKSDFT",
    "mp2_tflops": 0.0,
    "mp2_time": 6.95335580495124e-310,
    "n_atoms": 64,
    "nmers": [
      [
        {
          "fragments": [
            0
          ],
          "hf_energy": -1613.724807789119,
          "num_basis_fns": 1434,
          "num_iters": 17,
          "schema_version": "0.2.0"
        }
      ]
    ],
    "num_iters": 17,
    "ri_fock_time": 3.199396726,
    "ri_tflops": 0.15393184364220044,
    "scf_tflops": 0.04602680912998583,
    "scf_time": 29.989585914,
    "schema_version": "0.2.0",
    "tflops": 0.45576797479563047,
    "total_time": 30.191989,
    "transforms_time": 0.09256304500000002,
    "xc_tflops": 0.0,
    "xc_time": 18.109925879000002
  },
  "schema_version": "0.2.0"
}
