{
  "calculation_time": 45.155540076,
  "qmmbe": {
    "b_formation_time": 3.00630146,
    "b_tflops": 5.3515487384608464,
    "diag_time": 9.562461242,
    "expanded_elec_energy": -6135.544718213208,
    "expanded_hf_energy": -1691.1011854830992,
    "expanded_nuc_repulsion_energy": 4692.525318932086,
    "expanded_xc_energy": -248.08178620197643,
    "homo": -0.16985662074090743,
    "lumo": -0.09193948237027216,
    "method": "RestrictedKSDFT",
    "mp2_tflops": 0.0,
    "mp2_time": 6.95335580496073e-310,
    "n_atoms": 68,
    "nmers": [
      [
        {
          "fragments": [
            0
          ],
          "hf_energy": -1691.1011854830992,
          "num_basis_fns": 1508,
          "num_iters": 17,
          "schema_version": "0.2.0"
        }
      ]
    ],
    "num_iters": 17,
    "ri_fock_time": 5.262516270000001,
    "ri_tflops": 0.10884014764442712,
    "scf_tflops": 0.03544556255655488,
    "scf_time": 44.914865188,
    "schema_version": "0.2.0",
    "tflops": 0.3885853087960868,
    "total_time": 45.151037,
    "transforms_time": 0.42417134900000003,
    "xc_tflops": 0.0,
    "xc_time": 27.753838842000004
  },
  "schema_version": "0.2.0"
}
