{
  "calculation_time": 31.559027134,
  "qmmbe": {
    "b_formation_time": 2.576315932,
    "b_tflops": 5.131237245269653,
    "diag_time": 5.931264669999999,
    "expanded_elec_energy": -5670.1892440412375,
    "expanded_hf_energy": -1613.7059047454543,
    "expanded_nuc_repulsion_energy": 4292.97436569613,
    "expanded_xc_energy": -236.49102640034667,
    "homo": -0.16827803107243489,
    "lumo": -0.09446729311030057,
    "method": "RestrictedKSDFT",
    "mp2_tflops": 0.0,
    "mp2_time": 6.95335580495124e-310,
    "n_atoms": 64,
    "nmers": [
      [
        {
          "fragments": [
            0
          ],
          "hf_energy": -1613.7059047454543,
          "num_basis_fns": 1434,
          "num_iters": 17,
          "schema_version": "0.2.0"
        }
      ]
    ],
    "num_iters": 17,
    "ri_fock_time": 3.475967835999999,
    "ri_tflops": 0.1416840027906404,
    "scf_tflops": 0.04426808720555193,
    "scf_time": 31.323138686,
    "schema_version": "0.2.0",
    "tflops": 0.4586695849581311,
    "total_time": 31.5547,
    "transforms_time": 0.13874190900000002,
    "xc_tflops": 0.0,
    "xc_time": 19.814739504000002
  },
  "schema_version": "0.2.0"
}
