{
  "calculation_time": 31.824981951,
  "qmmbe": {
    "b_formation_time": 2.401466696,
    "b_tflops": 5.256911479911691,
    "diag_time": 6.619133592,
    "expanded_elec_energy": -5557.70479917125,
    "expanded_hf_energy": -1613.7157635101958,
    "expanded_nuc_repulsion_energy": 4180.47831916908,
    "expanded_xc_energy": -236.4892835080264,
    "homo": -0.16901729506085358,
    "lumo": -0.09283122084213888,
    "method": "RestrictedKSDFT",
    "mp2_tflops": 0.0,
    "mp2_time": 6.95335580495124e-310,
    "n_atoms": 64,
    "nmers": [
      [
        {
          "fragments": [
            0
          ],
          "hf_energy": -1613.7157635101958,
          "num_basis_fns": 1434,
          "num_iters": 17,
          "schema_version": "0.2.0"
        }
      ]
    ],
    "num_iters": 17,
    "ri_fock_time": 3.218125053,
    "ri_tflops": 0.15303601583688986,
    "scf_tflops": 0.04355285641885802,
    "scf_time": 31.617816115,
    "schema_version": "0.2.0",
    "tflops": 0.436127003031817,
    "total_time": 31.820525,
    "transforms_time": 0.09384254199999999,
    "xc_tflops": 0.0,
    "xc_time": 19.174884663
  },
  "schema_version": "0.2.0"
}
