{
  "calculation_time": 39.047583499,
  "qmmbe": {
    "b_formation_time": 3.064236337,
    "b_tflops": 4.640438534320533,
    "diag_time": 8.49758858,
    "expanded_elec_energy": -5867.018262114833,
    "expanded_hf_energy": -1691.121959776016,
    "expanded_nuc_repulsion_energy": 4423.969434495702,
    "expanded_xc_energy": -248.07313215688515,
    "homo": -0.1667108487248595,
    "lumo": -0.09588745473694228,
    "method": "RestrictedKSDFT",
    "mp2_tflops": 0.0,
    "mp2_time": 6.9533558049781e-310,
    "n_atoms": 68,
    "nmers": [
      [
        {
          "fragments": [
            0
          ],
          "hf_energy": -1691.121959776016,
          "num_basis_fns": 1508,
          "num_iters": 17,
          "schema_version": "0.2.0"
        }
      ]
    ],
    "num_iters": 17,
    "ri_fock_time": 4.284272696,
    "ri_tflops": 0.1336920145962623,
    "scf_tflops": 0.04142703298774016,
    "scf_time": 38.826929574,
    "schema_version": "0.2.0",
    "tflops": 0.40150735533453497,
    "total_time": 39.043024,
    "transforms_time": 1.076117933,
    "xc_tflops": 0.0,
    "xc_time": 22.841619257999994
  },
  "schema_version": "0.2.0"
}
