{
  "calculation_time": 30.250116811,
  "qmmbe": {
    "b_formation_time": 1.921004297,
    "b_tflops": 6.5959195763631335,
    "diag_time": 4.136662137,
    "expanded_elec_energy": -5575.786642598154,
    "expanded_hf_energy": -1613.80834581857,
    "expanded_nuc_repulsion_energy": 4198.373810770357,
    "expanded_xc_energy": -236.3955139907727,
    "homo": -0.16436348401560594,
    "lumo": -0.11962374435876488,
    "method": "RestrictedKSDFT",
    "mp2_tflops": 0.0,
    "mp2_time": 6.95335580496547e-310,
    "n_atoms": 64,
    "nmers": [
      [
        {
          "fragments": [
            0
          ],
          "hf_energy": -1613.80834581857,
          "num_basis_fns": 1434,
          "num_iters": 18,
          "schema_version": "0.2.0"
        }
      ]
    ],
    "num_iters": 18,
    "ri_fock_time": 0.2586563,
    "ri_tflops": 2.0160304616744305,
    "scf_tflops": 35.499453529587846,
    "scf_time": 30.057954728,
    "schema_version": "0.2.0",
    "tflops": 33.167272385307825,
    "total_time": 30.245702,
    "transforms_time": 0.09357229699999998,
    "xc_tflops": 44.42347913114873,
    "xc_time": 22.266871785
  },
  "schema_version": "0.2.0"
}
