{
  "calculation_time": 35.03284332,
  "qmmbe": {
    "b_formation_time": 2.23986285,
    "b_tflops": 6.71528398794953,
    "diag_time": 4.7807488309999995,
    "expanded_elec_energy": -5984.248390091418,
    "expanded_hf_energy": -1691.212422012615,
    "expanded_nuc_repulsion_energy": 4541.032661573187,
    "expanded_xc_energy": -247.99669349438483,
    "homo": -0.175559961268961,
    "lumo": -0.10374392995054249,
    "method": "RestrictedKSDFT",
    "mp2_tflops": 0.0,
    "mp2_time": 6.95335580495124e-310,
    "n_atoms": 68,
    "nmers": [
      [
        {
          "fragments": [
            0
          ],
          "hf_energy": -1691.212422012615,
          "num_basis_fns": 1508,
          "num_iters": 18,
          "schema_version": "0.2.0"
        }
      ]
    ],
    "num_iters": 18,
    "ri_fock_time": 0.291454575,
    "ri_tflops": 2.0808236756345306,
    "scf_tflops": 35.96192663460237,
    "scf_time": 34.823622031,
    "schema_version": "0.2.0",
    "tflops": 33.620631828625264,
    "total_time": 35.028337,
    "transforms_time": 0.097699525,
    "xc_tflops": 44.87996439579361,
    "xc_time": 25.870950306000005
  },
  "schema_version": "0.2.0"
}
