{
  "calculation_time": 22.838462072,
  "qmmbe": {
    "b_formation_time": 1.604512283,
    "b_tflops": 5.567446138412641,
    "diag_time": 3.313586012,
    "expanded_elec_energy": -4815.294176251502,
    "expanded_hf_energy": -1460.1866669301498,
    "expanded_nuc_repulsion_energy": 3569.022821522567,
    "expanded_xc_energy": -213.915312201215,
    "homo": -0.17483925752298649,
    "lumo": -0.10853905982351399,
    "method": "RestrictedKSDFT",
    "mp2_tflops": 0.0,
    "mp2_time": 6.95335580496073e-310,
    "n_atoms": 58,
    "nmers": [
      [
        {
          "fragments": [
            0
          ],
          "hf_energy": -1460.1866669301498,
          "num_basis_fns": 1298,
          "num_iters": 18,
          "schema_version": "0.2.0"
        }
      ]
    ],
    "num_iters": 18,
    "ri_fock_time": 0.190684958,
    "ri_tflops": 2.0280738187225027,
    "scf_tflops": 35.26654408109411,
    "scf_time": 22.685824785,
    "schema_version": "0.2.0",
    "tflops": 32.64884398768092,
    "total_time": 22.834168,
    "transforms_time": 0.08387379200000002,
    "xc_tflops": 44.94237461362006,
    "xc_time": 16.368025842
  },
  "schema_version": "0.2.0"
}
