{
  "calculation_time": 33.709464982,
  "qmmbe": {
    "b_formation_time": 2.203025877,
    "b_tflops": 6.764011665266517,
    "diag_time": 5.086187162,
    "expanded_elec_energy": -5975.867082770492,
    "expanded_hf_energy": -1691.231052169657,
    "expanded_nuc_repulsion_energy": 4532.638218288028,
    "expanded_xc_energy": -248.00218768719301,
    "homo": -0.18609512940826806,
    "lumo": -0.09706427224020536,
    "method": "RestrictedKSDFT",
    "mp2_tflops": 0.0,
    "mp2_time": 6.95335580494966e-310,
    "n_atoms": 68,
    "nmers": [
      [
        {
          "fragments": [
            0
          ],
          "hf_energy": -1691.231052169657,
          "num_basis_fns": 1508,
          "num_iters": 17,
          "schema_version": "0.2.0"
        }
      ]
    ],
    "num_iters": 17,
    "ri_fock_time": 0.27452977900000003,
    "ri_tflops": 2.0863785702752486,
    "scf_tflops": 35.4612487509299,
    "scf_time": 33.503237533,
    "schema_version": "0.2.0",
    "tflops": 33.11325079959318,
    "total_time": 33.705035,
    "transforms_time": 0.08948306099999997,
    "xc_tflops": 45.13868883036758,
    "xc_time": 24.363389561000005
  },
  "schema_version": "0.2.0"
}
