{
  "calculation_time": 35.292012991,
  "qmmbe": {
    "b_formation_time": 2.189313356,
    "b_tflops": 6.746455788177268,
    "diag_time": 5.368852726999999,
    "expanded_elec_energy": -5925.965843507713,
    "expanded_hf_energy": -1691.2239437930166,
    "expanded_nuc_repulsion_energy": 4482.737918181084,
    "expanded_xc_energy": -247.99601846638782,
    "homo": -0.1763353817528018,
    "lumo": -0.10894872850839242,
    "method": "RestrictedKSDFT",
    "mp2_tflops": 0.0,
    "mp2_time": 6.95335580495124e-310,
    "n_atoms": 68,
    "nmers": [
      [
        {
          "fragments": [
            0
          ],
          "hf_energy": -1691.2239437930166,
          "num_basis_fns": 1508,
          "num_iters": 18,
          "schema_version": "0.2.0"
        }
      ]
    ],
    "num_iters": 18,
    "ri_fock_time": 0.28774003299999995,
    "ri_tflops": 2.1076857943920517,
    "scf_tflops": 35.59269436805161,
    "scf_time": 35.087439343,
    "schema_version": "0.2.0",
    "tflops": 33.36593795475194,
    "total_time": 35.287556,
    "transforms_time": 0.09410807700000001,
    "xc_tflops": 45.31135483204552,
    "xc_time": 25.624996175
  },
  "schema_version": "0.2.0"
}
