{
  "calculation_time": 25.74371689,
  "qmmbe": {
    "b_formation_time": 1.745829402,
    "b_tflops": 5.84461610983683,
    "diag_time": 3.694619113,
    "expanded_elec_energy": -5096.48390017744,
    "expanded_hf_energy": -1537.597148647738,
    "expanded_nuc_repulsion_energy": 3784.3974323435104,
    "expanded_xc_energy": -225.51068081380873,
    "homo": -0.17948593731321585,
    "lumo": -0.10323595985749917,
    "method": "RestrictedKSDFT",
    "mp2_tflops": 0.0,
    "mp2_time": 6.9533558049639e-310,
    "n_atoms": 62,
    "nmers": [
      [
        {
          "fragments": [
            0
          ],
          "hf_energy": -1537.597148647738,
          "num_basis_fns": 1372,
          "num_iters": 18,
          "schema_version": "0.2.0"
        }
      ]
    ],
    "num_iters": 18,
    "ri_fock_time": 0.221657534,
    "ri_tflops": 2.060573559209587,
    "scf_tflops": 37.19621448395771,
    "scf_time": 25.572225682,
    "schema_version": "0.2.0",
    "tflops": 34.52201833508594,
    "total_time": 25.73945,
    "transforms_time": 0.088813841,
    "xc_tflops": 47.27288733736904,
    "xc_time": 18.556534002000003
  },
  "schema_version": "0.2.0"
}
