{
  "calculation_time": 39.030949577,
  "qmmbe": {
    "b_formation_time": 4.20068612,
    "b_tflops": 3.4145304878565885,
    "diag_time": 5.283153133,
    "expanded_elec_energy": -5854.446066114087,
    "expanded_hf_energy": -1691.2164841307326,
    "expanded_nuc_repulsion_energy": 4411.218156380978,
    "expanded_xc_energy": -247.98857439762338,
    "homo": -0.167378545019076,
    "lumo": -0.1184142117707047,
    "method": "RestrictedKSDFT",
    "mp2_tflops": 0.0,
    "mp2_time": 6.95335580495124e-310,
    "n_atoms": 68,
    "nmers": [
      [
        {
          "fragments": [
            0
          ],
          "hf_energy": -1691.2164841307326,
          "num_basis_fns": 1508,
          "num_iters": 18,
          "schema_version": "0.2.0"
        }
      ]
    ],
    "num_iters": 18,
    "ri_fock_time": 0.328153259,
    "ri_tflops": 1.8481168886760928,
    "scf_tflops": 35.58364255784066,
    "scf_time": 37.170157697,
    "schema_version": "0.2.0",
    "tflops": 30.955903432331993,
    "total_time": 37.474795,
    "transforms_time": 0.283931277,
    "xc_tflops": 45.48227652945359,
    "xc_time": 25.536080429000002
  },
  "schema_version": "0.2.0"
}
