{
  "calculation_time": 34.657037902,
  "qmmbe": {
    "b_formation_time": 2.159542009,
    "b_tflops": 6.60799614636068,
    "diag_time": 4.777116927,
    "expanded_elec_energy": -5858.353733785894,
    "expanded_hf_energy": -1691.216624934155,
    "expanded_nuc_repulsion_energy": 4415.120920367535,
    "expanded_xc_energy": -247.9838115157961,
    "homo": -0.16858511749844615,
    "lumo": -0.11703378440454727,
    "method": "RestrictedKSDFT",
    "mp2_tflops": 0.0,
    "mp2_time": 6.95335580494966e-310,
    "n_atoms": 68,
    "nmers": [
      [
        {
          "fragments": [
            0
          ],
          "hf_energy": -1691.216624934155,
          "num_basis_fns": 1508,
          "num_iters": 18,
          "schema_version": "0.2.0"
        }
      ]
    ],
    "num_iters": 18,
    "ri_fock_time": 0.28803834300000003,
    "ri_tflops": 2.1055029469878597,
    "scf_tflops": 36.309500496911006,
    "scf_time": 34.458518586,
    "schema_version": "0.2.0",
    "tflops": 34.000350652449434,
    "total_time": 34.652622,
    "transforms_time": 0.097626241,
    "xc_tflops": 45.383592047744244,
    "xc_time": 25.612572105
  },
  "schema_version": "0.2.0"
}
