{
  "calculation_time": 25.827438595,
  "qmmbe": {
    "b_formation_time": 1.759031849,
    "b_tflops": 6.0086432397256715,
    "diag_time": 3.6517672539999997,
    "expanded_elec_energy": -5154.110891379152,
    "expanded_hf_energy": -1537.5823541287261,
    "expanded_nuc_repulsion_energy": 3842.0345688717125,
    "expanded_xc_energy": -225.50603162128633,
    "homo": -0.1740781034811776,
    "lumo": -0.10994164771578274,
    "method": "RestrictedKSDFT",
    "mp2_tflops": 0.0,
    "mp2_time": 6.9533558049639e-310,
    "n_atoms": 62,
    "nmers": [
      [
        {
          "fragments": [
            0
          ],
          "hf_energy": -1537.5823541287261,
          "num_basis_fns": 1372,
          "num_iters": 18,
          "schema_version": "0.2.0"
        }
      ]
    ],
    "num_iters": 18,
    "ri_fock_time": 0.23032811200000003,
    "ri_tflops": 1.983004374906698,
    "scf_tflops": 37.027698390346835,
    "scf_time": 25.666936798,
    "schema_version": "0.2.0",
    "tflops": 34.364127977541116,
    "total_time": 25.82316,
    "transforms_time": 0.09171857600000001,
    "xc_tflops": 46.91136011024078,
    "xc_time": 18.666574761999996
  },
  "schema_version": "0.2.0"
}
