{
  "calculation_time": 34.441662336,
  "qmmbe": {
    "b_formation_time": 2.098002,
    "b_tflops": 6.710798282678471,
    "diag_time": 4.752204641000001,
    "expanded_elec_energy": -5811.903574952983,
    "expanded_hf_energy": -1691.210600469427,
    "expanded_nuc_repulsion_energy": 4368.677785478173,
    "expanded_xc_energy": -247.98481099461685,
    "homo": -0.17182003604560872,
    "lumo": -0.11271254753523154,
    "method": "RestrictedKSDFT",
    "mp2_tflops": 0.0,
    "mp2_time": 6.95335580496547e-310,
    "n_atoms": 68,
    "nmers": [
      [
        {
          "fragments": [
            0
          ],
          "hf_energy": -1691.210600469427,
          "num_basis_fns": 1508,
          "num_iters": 18,
          "schema_version": "0.2.0"
        }
      ]
    ],
    "num_iters": 18,
    "ri_fock_time": 0.289455954,
    "ri_tflops": 2.095191242920503,
    "scf_tflops": 36.48977299802532,
    "scf_time": 34.25761185,
    "schema_version": "0.2.0",
    "tflops": 34.218737189178015,
    "total_time": 34.437033,
    "transforms_time": 0.10045296799999999,
    "xc_tflops": 45.59902737398811,
    "xc_time": 25.499868650999996
  },
  "schema_version": "0.2.0"
}
