{
  "calculation_time": 34.48027904,
  "qmmbe": {
    "b_formation_time": 2.184536789,
    "b_tflops": 6.879227148869041,
    "diag_time": 4.798291174,
    "expanded_elec_energy": -5976.316444500917,
    "expanded_hf_energy": -1691.2066864860965,
    "expanded_nuc_repulsion_energy": 4533.108927937589,
    "expanded_xc_energy": -247.99916992276871,
    "homo": -0.1798326464743827,
    "lumo": -0.10140569348972231,
    "method": "RestrictedKSDFT",
    "mp2_tflops": 0.0,
    "mp2_time": 6.95335580496547e-310,
    "n_atoms": 68,
    "nmers": [
      [
        {
          "fragments": [
            0
          ],
          "hf_energy": -1691.2066864860965,
          "num_basis_fns": 1508,
          "num_iters": 18,
          "schema_version": "0.2.0"
        }
      ]
    ],
    "num_iters": 18,
    "ri_fock_time": 0.291115911,
    "ri_tflops": 2.083244361150703,
    "scf_tflops": 36.40355731474432,
    "scf_time": 34.287671487,
    "schema_version": "0.2.0",
    "tflops": 34.07840756434267,
    "total_time": 34.475718,
    "transforms_time": 0.09283897699999999,
    "xc_tflops": 45.60457106470183,
    "xc_time": 25.398908206999998
  },
  "schema_version": "0.2.0"
}
