{
  "calculation_time": 35.533249653,
  "qmmbe": {
    "b_formation_time": 2.232694839,
    "b_tflops": 7.066257345496556,
    "diag_time": 5.3325719209999995,
    "expanded_elec_energy": -6088.33223612473,
    "expanded_hf_energy": -1691.2352880838093,
    "expanded_nuc_repulsion_energy": 4645.104552603566,
    "expanded_xc_energy": -248.00760456264507,
    "homo": -0.17819764145998718,
    "lumo": -0.10346659589797887,
    "method": "RestrictedKSDFT",
    "mp2_tflops": 0.0,
    "mp2_time": 6.95335580495124e-310,
    "n_atoms": 68,
    "nmers": [
      [
        {
          "fragments": [
            0
          ],
          "hf_energy": -1691.2352880838093,
          "num_basis_fns": 1508,
          "num_iters": 18,
          "schema_version": "0.2.0"
        }
      ]
    ],
    "num_iters": 18,
    "ri_fock_time": 0.29101454000000004,
    "ri_tflops": 2.0839700312980924,
    "scf_tflops": 35.27832036833402,
    "scf_time": 35.332710246,
    "schema_version": "0.2.0",
    "tflops": 33.045056994508485,
    "total_time": 35.528643,
    "transforms_time": 0.09630348700000002,
    "xc_tflops": 44.79622800262269,
    "xc_time": 25.822133906999998
  },
  "schema_version": "0.2.0"
}
