{
  "calculation_time": 30.038965139,
  "qmmbe": {
    "b_formation_time": 3.81963337,
    "b_tflops": 2.9169115611103793,
    "diag_time": 4.123939300000001,
    "expanded_elec_energy": -5266.022693162846,
    "expanded_hf_energy": -1537.5787359205324,
    "expanded_nuc_repulsion_energy": 3953.961033853045,
    "expanded_xc_energy": -225.51707661073164,
    "homo": -0.16994076498964086,
    "lumo": -0.11498670711181218,
    "method": "RestrictedKSDFT",
    "mp2_tflops": 0.0,
    "mp2_time": 6.9533558049639e-310,
    "n_atoms": 62,
    "nmers": [
      [
        {
          "fragments": [
            0
          ],
          "hf_energy": -1537.5787359205324,
          "num_basis_fns": 1372,
          "num_iters": 18,
          "schema_version": "0.2.0"
        }
      ]
    ],
    "num_iters": 18,
    "ri_fock_time": 0.26703680799999996,
    "ri_tflops": 1.710407105225734,
    "scf_tflops": 36.17608841859475,
    "scf_time": 28.292851456,
    "schema_version": "0.2.0",
    "tflops": 30.538515811637023,
    "total_time": 28.485615,
    "transforms_time": 0.27499100899999995,
    "xc_tflops": 47.30698132668417,
    "xc_time": 18.489405086999994
  },
  "schema_version": "0.2.0"
}
