{
  "calculation_time": 34.776064728,
  "qmmbe": {
    "b_formation_time": 2.237734663,
    "b_tflops": 6.760246961272549,
    "diag_time": 4.819422828999999,
    "expanded_elec_energy": -5995.139446053543,
    "expanded_hf_energy": -1691.2153089716307,
    "expanded_nuc_repulsion_energy": 4551.918043643727,
    "expanded_xc_energy": -247.993906561815,
    "homo": -0.1750737871406354,
    "lumo": -0.11040294843744708,
    "method": "RestrictedKSDFT",
    "mp2_tflops": 0.0,
    "mp2_time": 6.9533558049528e-310,
    "n_atoms": 68,
    "nmers": [
      [
        {
          "fragments": [
            0
          ],
          "hf_energy": -1691.2153089716307,
          "num_basis_fns": 1508,
          "num_iters": 18,
          "schema_version": "0.2.0"
        }
      ]
    ],
    "num_iters": 18,
    "ri_fock_time": 0.290248787,
    "ri_tflops": 2.089468094941599,
    "scf_tflops": 36.22873161740399,
    "scf_time": 34.582574412,
    "schema_version": "0.2.0",
    "tflops": 33.862665516510326,
    "total_time": 34.771407,
    "transforms_time": 0.095193635,
    "xc_tflops": 45.38406591002593,
    "xc_time": 25.577235667
  },
  "schema_version": "0.2.0"
}
