{
  "calculation_time": 30.126154294,
  "qmmbe": {
    "b_formation_time": 1.923412656,
    "b_tflops": 6.4326733271593906,
    "diag_time": 4.111072792,
    "expanded_elec_energy": -5525.534264238109,
    "expanded_hf_energy": -1613.81738844164,
    "expanded_nuc_repulsion_energy": 4148.107428361733,
    "expanded_xc_energy": -236.39055256526365,
    "homo": -0.17186350202550144,
    "lumo": -0.11167373068425339,
    "method": "RestrictedKSDFT",
    "mp2_tflops": 0.0,
    "mp2_time": 6.95335580496705e-310,
    "n_atoms": 64,
    "nmers": [
      [
        {
          "fragments": [
            0
          ],
          "hf_energy": -1613.81738844164,
          "num_basis_fns": 1434,
          "num_iters": 18,
          "schema_version": "0.2.0"
        }
      ]
    ],
    "num_iters": 18,
    "ri_fock_time": 0.25878861599999997,
    "ri_tflops": 2.014999685704877,
    "scf_tflops": 35.65195955697503,
    "scf_time": 29.949885641,
    "schema_version": "0.2.0",
    "tflops": 33.305120546705574,
    "total_time": 30.121929,
    "transforms_time": 0.09401778699999998,
    "xc_tflops": 44.61009470732674,
    "xc_time": 22.181367001
  },
  "schema_version": "0.2.0"
}
