{
  "calculation_time": 32.876794933,
  "qmmbe": {
    "b_formation_time": 2.04976458,
    "b_tflops": 6.68227694487725,
    "diag_time": 4.553356571,
    "expanded_elec_energy": -5770.040537542054,
    "expanded_hf_energy": -1691.2431350319607,
    "expanded_nuc_repulsion_energy": 4326.7875730288315,
    "expanded_xc_energy": -247.99017051873815,
    "homo": -0.17292017511171295,
    "lumo": -0.11412997150156845,
    "method": "RestrictedKSDFT",
    "mp2_tflops": 0.0,
    "mp2_time": 6.95335580495124e-310,
    "n_atoms": 68,
    "nmers": [
      [
        {
          "fragments": [
            0
          ],
          "hf_energy": -1691.2431350319607,
          "num_basis_fns": 1508,
          "num_iters": 17,
          "schema_version": "0.2.0"
        }
      ]
    ],
    "num_iters": 17,
    "ri_fock_time": 0.269780521,
    "ri_tflops": 2.1231075011824148,
    "scf_tflops": 36.30400354280676,
    "scf_time": 32.697150634,
    "schema_version": "0.2.0",
    "tflops": 33.99561016003427,
    "total_time": 32.872226,
    "transforms_time": 0.09166895899999998,
    "xc_tflops": 45.446855263953,
    "xc_time": 24.255734466999996
  },
  "schema_version": "0.2.0"
}
