{
  "calculation_time": 34.879152529,
  "qmmbe": {
    "b_formation_time": 2.223397012,
    "b_tflops": 7.287748699030814,
    "diag_time": 4.805776852999999,
    "expanded_elec_energy": -6150.356124967653,
    "expanded_hf_energy": -1691.1955553522141,
    "expanded_nuc_repulsion_energy": 4707.1603129331725,
    "expanded_xc_energy": -247.99974331773348,
    "homo": -0.17815763329511533,
    "lumo": -0.10254514565932087,
    "method": "RestrictedKSDFT",
    "mp2_tflops": 0.0,
    "mp2_time": 6.95335580494966e-310,
    "n_atoms": 68,
    "nmers": [
      [
        {
          "fragments": [
            0
          ],
          "hf_energy": -1691.1955553522141,
          "num_basis_fns": 1508,
          "num_iters": 18,
          "schema_version": "0.2.0"
        }
      ]
    ],
    "num_iters": 18,
    "ri_fock_time": 0.28738135000000004,
    "ri_tflops": 2.1103164141723183,
    "scf_tflops": 35.914537604609684,
    "scf_time": 34.671991389,
    "schema_version": "0.2.0",
    "tflops": 33.62166127215612,
    "total_time": 34.874741,
    "transforms_time": 0.09279612200000001,
    "xc_tflops": 44.91264122993782,
    "xc_time": 25.711878759
  },
  "schema_version": "0.2.0"
}
