{
  "calculation_time": 32.848767061,
  "qmmbe": {
    "b_formation_time": 2.246706018,
    "b_tflops": 6.945100849394708,
    "diag_time": 4.529094382,
    "expanded_elec_energy": -6054.126180150168,
    "expanded_hf_energy": -1691.2226038122644,
    "expanded_nuc_repulsion_energy": 4610.904523662254,
    "expanded_xc_energy": -248.0009473243507,
    "homo": -0.18104377381084943,
    "lumo": -0.10258624161883348,
    "method": "RestrictedKSDFT",
    "mp2_tflops": 0.0,
    "mp2_time": 6.95335580496547e-310,
    "n_atoms": 68,
    "nmers": [
      [
        {
          "fragments": [
            0
          ],
          "hf_energy": -1691.2226038122644,
          "num_basis_fns": 1508,
          "num_iters": 17,
          "schema_version": "0.2.0"
        }
      ]
    ],
    "num_iters": 17,
    "ri_fock_time": 0.27496994599999997,
    "ri_tflops": 2.0830387325602486,
    "scf_tflops": 36.46392661604021,
    "scf_time": 32.648131695,
    "schema_version": "0.2.0",
    "tflops": 33.931231012472075,
    "total_time": 32.844139,
    "transforms_time": 0.09071121200000003,
    "xc_tflops": 45.64041392781207,
    "xc_time": 24.044170086000005
  },
  "schema_version": "0.2.0"
}
