{
  "calculation_time": 28.06110799,
  "qmmbe": {
    "b_formation_time": 2.044453753,
    "b_tflops": 6.878049196737198,
    "diag_time": 3.958255501,
    "expanded_elec_energy": -5794.648932407286,
    "expanded_hf_energy": -1613.802090747169,
    "expanded_nuc_repulsion_energy": 4417.252726740483,
    "expanded_xc_energy": -236.40588508036564,
    "homo": -0.17861554651029685,
    "lumo": -0.10133523816056048,
    "method": "RestrictedKSDFT",
    "mp2_tflops": 0.0,
    "mp2_time": 6.95335580496547e-310,
    "n_atoms": 64,
    "nmers": [
      [
        {
          "fragments": [
            0
          ],
          "hf_energy": -1613.802090747169,
          "num_basis_fns": 1434,
          "num_iters": 17,
          "schema_version": "0.2.0"
        }
      ]
    ],
    "num_iters": 17,
    "ri_fock_time": 0.24403976300000005,
    "ri_tflops": 2.018068820104533,
    "scf_tflops": 36.4375771064914,
    "scf_time": 27.864722047,
    "schema_version": "0.2.0",
    "tflops": 33.69860045253184,
    "total_time": 28.056597,
    "transforms_time": 0.08559410899999999,
    "xc_tflops": 46.045118870111054,
    "xc_time": 20.201333647
  },
  "schema_version": "0.2.0"
}
