{
  "calculation_time": 32.722185094,
  "qmmbe": {
    "b_formation_time": 2.203808781,
    "b_tflops": 6.914828569196085,
    "diag_time": 4.550751439999999,
    "expanded_elec_energy": -6007.1738657101605,
    "expanded_hf_energy": -1691.2179034593375,
    "expanded_nuc_repulsion_energy": 4563.950578326898,
    "expanded_xc_energy": -247.9946160760749,
    "homo": -0.17982731341277594,
    "lumo": -0.10131240302368462,
    "method": "RestrictedKSDFT",
    "mp2_tflops": 0.0,
    "mp2_time": 6.95335580494966e-310,
    "n_atoms": 68,
    "nmers": [
      [
        {
          "fragments": [
            0
          ],
          "hf_energy": -1691.2179034593375,
          "num_basis_fns": 1508,
          "num_iters": 17,
          "schema_version": "0.2.0"
        }
      ]
    ],
    "num_iters": 17,
    "ri_fock_time": 0.274905748,
    "ri_tflops": 2.083525178993347,
    "scf_tflops": 36.54007411029494,
    "scf_time": 32.509815402,
    "schema_version": "0.2.0",
    "tflops": 34.03498258994338,
    "total_time": 32.717481,
    "transforms_time": 0.09261806800000001,
    "xc_tflops": 45.86120026011268,
    "xc_time": 23.916216898000002
  },
  "schema_version": "0.2.0"
}
