{
  "calculation_time": 32.943432768,
  "qmmbe": {
    "b_formation_time": 2.206005973,
    "b_tflops": 7.040883216828896,
    "diag_time": 4.529939266,
    "expanded_elec_energy": -6056.310688073817,
    "expanded_hf_energy": -1691.2129151672614,
    "expanded_nuc_repulsion_energy": 4613.103667495191,
    "expanded_xc_energy": -248.0058945886356,
    "homo": -0.18738384075388037,
    "lumo": -0.09406231404316022,
    "method": "RestrictedKSDFT",
    "mp2_tflops": 0.0,
    "mp2_time": 6.95335580494966e-310,
    "n_atoms": 68,
    "nmers": [
      [
        {
          "fragments": [
            0
          ],
          "hf_energy": -1691.2129151672614,
          "num_basis_fns": 1508,
          "num_iters": 17,
          "schema_version": "0.2.0"
        }
      ]
    ],
    "num_iters": 17,
    "ri_fock_time": 0.272026387,
    "ri_tflops": 2.1055789996137397,
    "scf_tflops": 36.277083244975,
    "scf_time": 32.745659148,
    "schema_version": "0.2.0",
    "tflops": 33.80042896712699,
    "total_time": 32.939012,
    "transforms_time": 0.09224893900000002,
    "xc_tflops": 45.385791273848135,
    "xc_time": 24.156501308999996
  },
  "schema_version": "0.2.0"
}
