{
  "calculation_time": 34.394009595,
  "qmmbe": {
    "b_formation_time": 2.337286246,
    "b_tflops": 8.06358961321334,
    "diag_time": 4.793392347999999,
    "expanded_elec_energy": -6515.840819936569,
    "expanded_hf_energy": -1691.188249919519,
    "expanded_nuc_repulsion_energy": 5072.672985404101,
    "expanded_xc_energy": -248.0204153870518,
    "homo": -0.1782190847115932,
    "lumo": -0.0997673974274644,
    "method": "RestrictedKSDFT",
    "mp2_tflops": 0.0,
    "mp2_time": 6.95335580496547e-310,
    "n_atoms": 68,
    "nmers": [
      [
        {
          "fragments": [
            0
          ],
          "hf_energy": -1691.188249919519,
          "num_basis_fns": 1508,
          "num_iters": 18,
          "schema_version": "0.2.0"
        }
      ]
    ],
    "num_iters": 18,
    "ri_fock_time": 0.288046438,
    "ri_tflops": 2.1054437758122875,
    "scf_tflops": 36.36116177996722,
    "scf_time": 34.158290116,
    "schema_version": "0.2.0",
    "tflops": 33.89401141086669,
    "total_time": 34.389559,
    "transforms_time": 0.09530644100000003,
    "xc_tflops": 45.67435658026485,
    "xc_time": 25.073194344999997
  },
  "schema_version": "0.2.0"
}
