{
  "calculation_time": 29.901757024,
  "qmmbe": {
    "b_formation_time": 1.920419471,
    "b_tflops": 6.494295905607385,
    "diag_time": 4.081657896,
    "expanded_elec_energy": -5541.0289377554,
    "expanded_hf_energy": -1613.8181075012226,
    "expanded_nuc_repulsion_energy": 4163.605021513218,
    "expanded_xc_energy": -236.39419125904067,
    "homo": -0.16988405725657632,
    "lumo": -0.11392446860138286,
    "method": "RestrictedKSDFT",
    "mp2_tflops": 0.0,
    "mp2_time": 6.95335580496547e-310,
    "n_atoms": 64,
    "nmers": [
      [
        {
          "fragments": [
            0
          ],
          "hf_energy": -1613.8181075012226,
          "num_basis_fns": 1434,
          "num_iters": 18,
          "schema_version": "0.2.0"
        }
      ]
    ],
    "num_iters": 18,
    "ri_fock_time": 0.24915407300000003,
    "ri_tflops": 2.0929177421233645,
    "scf_tflops": 35.94952704759408,
    "scf_time": 29.714584842,
    "schema_version": "0.2.0",
    "tflops": 33.56343362946935,
    "total_time": 29.897567,
    "transforms_time": 0.09340800700000002,
    "xc_tflops": 44.99912810565494,
    "xc_time": 21.993164029999996
  },
  "schema_version": "0.2.0"
}
