{
  "calculation_time": 21.680642825,
  "qmmbe": {
    "b_formation_time": 1.609872185,
    "b_tflops": 5.8123444951973005,
    "diag_time": 3.053599723,
    "expanded_elec_energy": -4907.057285590142,
    "expanded_hf_energy": -1460.1839011433249,
    "expanded_nuc_repulsion_energy": 3660.7922838069576,
    "expanded_xc_energy": -213.91889936014059,
    "homo": -0.18286065966783288,
    "lumo": -0.09942252890484327,
    "method": "RestrictedKSDFT",
    "mp2_tflops": 0.0,
    "mp2_time": 6.95335580495915e-310,
    "n_atoms": 58,
    "nmers": [
      [
        {
          "fragments": [
            0
          ],
          "hf_energy": -1460.1839011433249,
          "num_basis_fns": 1298,
          "num_iters": 17,
          "schema_version": "0.2.0"
        }
      ]
    ],
    "num_iters": 17,
    "ri_fock_time": 0.18062687300000002,
    "ri_tflops": 2.0220609717137714,
    "scf_tflops": 35.392463514707565,
    "scf_time": 21.508027387,
    "schema_version": "0.2.0",
    "tflops": 32.578604284440125,
    "total_time": 21.67622,
    "transforms_time": 0.08313009600000001,
    "xc_tflops": 44.94812937865939,
    "xc_time": 15.484169943
  },
  "schema_version": "0.2.0"
}
