{
  "calculation_time": 29.490141203,
  "qmmbe": {
    "b_formation_time": 2.113296174,
    "b_tflops": 6.638626363632456,
    "diag_time": 3.9704443809999996,
    "expanded_elec_energy": -5813.254042716978,
    "expanded_hf_energy": -1691.248725283771,
    "expanded_nuc_repulsion_energy": 4370.003562754451,
    "expanded_xc_energy": -247.99824532124416,
    "homo": -0.18944393508705606,
    "lumo": -0.09842698723627114,
    "method": "RestrictedKSDFT",
    "mp2_tflops": 0.0,
    "mp2_time": 6.95335580494966e-310,
    "n_atoms": 68,
    "nmers": [
      [
        {
          "fragments": [
            0
          ],
          "hf_energy": -1691.248725283771,
          "num_basis_fns": 1508,
          "num_iters": 15,
          "schema_version": "0.2.0"
        }
      ]
    ],
    "num_iters": 15,
    "ri_fock_time": 0.24178043500000002,
    "ri_tflops": 2.0902765906596206,
    "scf_tflops": 36.3664350106587,
    "scf_time": 29.295409692,
    "schema_version": "0.2.0",
    "tflops": 33.68534478682115,
    "total_time": 29.485654,
    "transforms_time": 0.08081592900000002,
    "xc_tflops": 45.404501256118884,
    "xc_time": 21.53797889
  },
  "schema_version": "0.2.0"
}
