{
  "calculation_time": 21.6478682,
  "qmmbe": {
    "b_formation_time": 1.627938922,
    "b_tflops": 5.826252573065514,
    "diag_time": 3.123197338,
    "expanded_elec_energy": -4927.0806625329915,
    "expanded_hf_energy": -1460.1788836479463,
    "expanded_nuc_repulsion_energy": 3680.822352438802,
    "expanded_xc_energy": -213.9205735537572,
    "homo": -0.17568840622493004,
    "lumo": -0.10574938664098799,
    "method": "RestrictedKSDFT",
    "mp2_tflops": 0.0,
    "mp2_time": 6.95335580495915e-310,
    "n_atoms": 58,
    "nmers": [
      [
        {
          "fragments": [
            0
          ],
          "hf_energy": -1460.1788836479463,
          "num_basis_fns": 1298,
          "num_iters": 17,
          "schema_version": "0.2.0"
        }
      ]
    ],
    "num_iters": 17,
    "ri_fock_time": 0.18004658999999998,
    "ri_tflops": 2.0285779938181556,
    "scf_tflops": 35.453339560512696,
    "scf_time": 21.487976642,
    "schema_version": "0.2.0",
    "tflops": 32.6341109438604,
    "total_time": 21.64355,
    "transforms_time": 0.08116215500000001,
    "xc_tflops": 45.25002485139392,
    "xc_time": 15.379438925000002
  },
  "schema_version": "0.2.0"
}
