{
  "calculation_time": 22.842256082,
  "qmmbe": {
    "b_formation_time": 1.618247421,
    "b_tflops": 5.753686609617652,
    "diag_time": 3.310470023,
    "expanded_elec_energy": -4894.827692346241,
    "expanded_hf_energy": -1460.1673538124248,
    "expanded_nuc_repulsion_energy": 3648.5724685302434,
    "expanded_xc_energy": -213.91212999642735,
    "homo": -0.17203902512069771,
    "lumo": -0.11149550703773986,
    "method": "RestrictedKSDFT",
    "mp2_tflops": 0.0,
    "mp2_time": 6.95335580495915e-310,
    "n_atoms": 58,
    "nmers": [
      [
        {
          "fragments": [
            0
          ],
          "hf_energy": -1460.1673538124248,
          "num_basis_fns": 1298,
          "num_iters": 18,
          "schema_version": "0.2.0"
        }
      ]
    ],
    "num_iters": 18,
    "ri_fock_time": 0.19100276199999996,
    "ri_tflops": 2.024699365048973,
    "scf_tflops": 35.27457506052908,
    "scf_time": 22.686293243,
    "schema_version": "0.2.0",
    "tflops": 32.60322386618225,
    "total_time": 22.838058,
    "transforms_time": 0.08351326799999997,
    "xc_tflops": 45.013057403650855,
    "xc_time": 16.313478483
  },
  "schema_version": "0.2.0"
}
