{
  "calculation_time": 34.478283659,
  "qmmbe": {
    "b_formation_time": 2.355078538,
    "b_tflops": 8.144242705668953,
    "diag_time": 4.789720517000001,
    "expanded_elec_energy": -6561.441204463383,
    "expanded_hf_energy": -1691.1918953696993,
    "expanded_nuc_repulsion_energy": 5118.27801619027,
    "expanded_xc_energy": -248.02870709658677,
    "homo": -0.17949407002129963,
    "lumo": -0.09991354136834475,
    "method": "RestrictedKSDFT",
    "mp2_tflops": 0.0,
    "mp2_time": 6.95335580496547e-310,
    "n_atoms": 68,
    "nmers": [
      [
        {
          "fragments": [
            0
          ],
          "hf_energy": -1691.1918953696993,
          "num_basis_fns": 1508,
          "num_iters": 18,
          "schema_version": "0.2.0"
        }
      ]
    ],
    "num_iters": 18,
    "ri_fock_time": 0.290884847,
    "ri_tflops": 2.084899183600306,
    "scf_tflops": 36.212639224170886,
    "scf_time": 34.240223483,
    "schema_version": "0.2.0",
    "tflops": 33.75128524121905,
    "total_time": 34.4739,
    "transforms_time": 0.09569672800000004,
    "xc_tflops": 45.46810645787595,
    "xc_time": 25.134061696999996
  },
  "schema_version": "0.2.0"
}
