{
  "calculation_time": 21.637545984,
  "qmmbe": {
    "b_formation_time": 1.620488694,
    "b_tflops": 6.1021162401963664,
    "diag_time": 3.0665747189999997,
    "expanded_elec_energy": -5000.44788102125,
    "expanded_hf_energy": -1460.1732984753874,
    "expanded_nuc_repulsion_energy": 3754.1957528642624,
    "expanded_xc_energy": -213.9211703183994,
    "homo": -0.17984761094358223,
    "lumo": -0.10015485396049044,
    "method": "RestrictedKSDFT",
    "mp2_tflops": 0.0,
    "mp2_time": 6.95335580495915e-310,
    "n_atoms": 58,
    "nmers": [
      [
        {
          "fragments": [
            0
          ],
          "hf_energy": -1460.1732984753874,
          "num_basis_fns": 1298,
          "num_iters": 17,
          "schema_version": "0.2.0"
        }
      ]
    ],
    "num_iters": 17,
    "ri_fock_time": 0.18040679600000004,
    "ri_tflops": 2.0245276698778016,
    "scf_tflops": 35.390392809978025,
    "scf_time": 21.472552848,
    "schema_version": "0.2.0",
    "tflops": 32.54515692222205,
    "total_time": 21.633291,
    "transforms_time": 0.08553349,
    "xc_tflops": 44.99779986297736,
    "xc_time": 15.406200124
  },
  "schema_version": "0.2.0"
}
