{
  "calculation_time": 24.391993473,
  "qmmbe": {
    "b_formation_time": 1.850466824,
    "b_tflops": 6.286013783166317,
    "diag_time": 3.525373758,
    "expanded_elec_energy": -5347.164658634921,
    "expanded_hf_energy": -1537.5505848760647,
    "expanded_nuc_repulsion_energy": 4035.131538516692,
    "expanded_xc_energy": -225.51746475783628,
    "homo": -0.1790420578681364,
    "lumo": -0.10111377033815863,
    "method": "RestrictedKSDFT",
    "mp2_tflops": 0.0,
    "mp2_time": 6.9533558049639e-310,
    "n_atoms": 62,
    "nmers": [
      [
        {
          "fragments": [
            0
          ],
          "hf_energy": -1537.5505848760647,
          "num_basis_fns": 1372,
          "num_iters": 17,
          "schema_version": "0.2.0"
        }
      ]
    ],
    "num_iters": 17,
    "ri_fock_time": 0.209068889,
    "ri_tflops": 2.0632774178084428,
    "scf_tflops": 37.32090015874549,
    "scf_time": 24.217938497,
    "schema_version": "0.2.0",
    "tflops": 34.35656689115013,
    "total_time": 24.387755,
    "transforms_time": 0.085004694,
    "xc_tflops": 47.570355991883666,
    "xc_time": 17.347594314000002
  },
  "schema_version": "0.2.0"
}
