{
  "calculation_time": 38.728655784,
  "qmmbe": {
    "b_formation_time": 4.388821168,
    "b_tflops": 3.761642640629918,
    "diag_time": 5.279477160000001,
    "expanded_elec_energy": -6193.162954189179,
    "expanded_hf_energy": -1691.2105134787994,
    "expanded_nuc_repulsion_energy": 4749.958612416275,
    "expanded_xc_energy": -248.0061717058956,
    "homo": -0.17607332864179462,
    "lumo": -0.10855727986038045,
    "method": "RestrictedKSDFT",
    "mp2_tflops": 0.0,
    "mp2_time": 6.9533558049528e-310,
    "n_atoms": 68,
    "nmers": [
      [
        {
          "fragments": [
            0
          ],
          "hf_energy": -1691.2105134787994,
          "num_basis_fns": 1508,
          "num_iters": 18,
          "schema_version": "0.2.0"
        }
      ]
    ],
    "num_iters": 18,
    "ri_fock_time": 0.32817606,
    "ri_tflops": 1.8479884853026758,
    "scf_tflops": 35.929206907135175,
    "scf_time": 36.900703283,
    "schema_version": "0.2.0",
    "tflops": 31.14956847386021,
    "total_time": 37.12678,
    "transforms_time": 0.2889892710000001,
    "xc_tflops": 46.14788001021064,
    "xc_time": 25.030515028999996
  },
  "schema_version": "0.2.0"
}
