{
  "calculation_time": 29.912472971,
  "qmmbe": {
    "b_formation_time": 1.993755002,
    "b_tflops": 6.570707998528698,
    "diag_time": 4.119755091999999,
    "expanded_elec_energy": -5650.007168979729,
    "expanded_hf_energy": -1613.8041008659793,
    "expanded_nuc_repulsion_energy": 4272.599825470026,
    "expanded_xc_energy": -236.3967573562769,
    "homo": -0.1687757890088469,
    "lumo": -0.11514907337069871,
    "method": "RestrictedKSDFT",
    "mp2_tflops": 0.0,
    "mp2_time": 6.95335580496547e-310,
    "n_atoms": 64,
    "nmers": [
      [
        {
          "fragments": [
            0
          ],
          "hf_energy": -1613.8041008659793,
          "num_basis_fns": 1434,
          "num_iters": 18,
          "schema_version": "0.2.0"
        }
      ]
    ],
    "num_iters": 18,
    "ri_fock_time": 0.25066187700000003,
    "ri_tflops": 2.080328233973928,
    "scf_tflops": 35.975254645008235,
    "scf_time": 29.729273332,
    "schema_version": "0.2.0",
    "tflops": 33.500849430459326,
    "total_time": 29.908201,
    "transforms_time": 0.08866614999999999,
    "xc_tflops": 45.102423777350694,
    "xc_time": 21.895172068
  },
  "schema_version": "0.2.0"
}
