{
  "calculation_time": 31.140899359,
  "qmmbe": {
    "b_formation_time": 2.132341524,
    "b_tflops": 6.726543730224708,
    "diag_time": 4.244235365,
    "expanded_elec_energy": -5864.581209654487,
    "expanded_hf_energy": -1691.2311210810874,
    "expanded_nuc_repulsion_energy": 4421.343619105727,
    "expanded_xc_energy": -247.99353053232775,
    "homo": -0.17863091395946412,
    "lumo": -0.1071695800071598,
    "method": "RestrictedKSDFT",
    "mp2_tflops": 0.0,
    "mp2_time": 6.95335580494966e-310,
    "n_atoms": 68,
    "nmers": [
      [
        {
          "fragments": [
            0
          ],
          "hf_energy": -1691.2311210810874,
          "num_basis_fns": 1508,
          "num_iters": 16,
          "schema_version": "0.2.0"
        }
      ]
    ],
    "num_iters": 16,
    "ri_fock_time": 0.256055511,
    "ri_tflops": 2.105326745277511,
    "scf_tflops": 36.446554630489096,
    "scf_time": 30.942516848,
    "schema_version": "0.2.0",
    "tflops": 33.89935020450127,
    "total_time": 31.136432,
    "transforms_time": 0.087230119,
    "xc_tflops": 45.55644570836031,
    "xc_time": 22.824163318000004
  },
  "schema_version": "0.2.0"
}
