{
  "calculation_time": 34.763597416,
  "qmmbe": {
    "b_formation_time": 2.287191016,
    "b_tflops": 7.243294993271345,
    "diag_time": 4.785123897999999,
    "expanded_elec_energy": -6199.848897094529,
    "expanded_hf_energy": -1691.206258077017,
    "expanded_nuc_repulsion_energy": 4756.64452353559,
    "expanded_xc_energy": -248.00188451807847,
    "homo": -0.18148995795097184,
    "lumo": -0.10199161087085162,
    "method": "RestrictedKSDFT",
    "mp2_tflops": 0.0,
    "mp2_time": 6.95335580496547e-310,
    "n_atoms": 68,
    "nmers": [
      [
        {
          "fragments": [
            0
          ],
          "hf_energy": -1691.206258077017,
          "num_basis_fns": 1508,
          "num_iters": 18,
          "schema_version": "0.2.0"
        }
      ]
    ],
    "num_iters": 18,
    "ri_fock_time": 0.29132427999999994,
    "ri_tflops": 2.0817543255646256,
    "scf_tflops": 36.16646326520101,
    "scf_time": 34.554355741,
    "schema_version": "0.2.0",
    "tflops": 33.749039293902996,
    "total_time": 34.759035,
    "transforms_time": 0.098367429,
    "xc_tflops": 45.20763936580402,
    "xc_time": 25.548181787999997
  },
  "schema_version": "0.2.0"
}
