{
  "calculation_time": 34.32405689,
  "qmmbe": {
    "b_formation_time": 2.174969996,
    "b_tflops": 6.894321695152248,
    "diag_time": 4.789339451999999,
    "expanded_elec_energy": -5979.891104706132,
    "expanded_hf_energy": -1691.2171858142594,
    "expanded_nuc_repulsion_energy": 4536.665754076624,
    "expanded_xc_energy": -247.99183518475124,
    "homo": -0.1664547642874109,
    "lumo": -0.11808815469892156,
    "method": "RestrictedKSDFT",
    "mp2_tflops": 0.0,
    "mp2_time": 6.95335580496547e-310,
    "n_atoms": 68,
    "nmers": [
      [
        {
          "fragments": [
            0
          ],
          "hf_energy": -1691.2171858142594,
          "num_basis_fns": 1508,
          "num_iters": 18,
          "schema_version": "0.2.0"
        }
      ]
    ],
    "num_iters": 18,
    "ri_fock_time": 0.288182766,
    "ri_tflops": 2.1044477726749284,
    "scf_tflops": 36.680438062399894,
    "scf_time": 34.114511732,
    "schema_version": "0.2.0",
    "tflops": 34.304572670165996,
    "total_time": 34.319535,
    "transforms_time": 0.098610739,
    "xc_tflops": 45.98057566307697,
    "xc_time": 25.244953521000003
  },
  "schema_version": "0.2.0"
}
