{
  "calculation_time": 34.612443721,
  "qmmbe": {
    "b_formation_time": 2.151298039,
    "b_tflops": 6.674376074761997,
    "diag_time": 4.773159241999999,
    "expanded_elec_energy": -5873.224355322418,
    "expanded_hf_energy": -1691.2190888773425,
    "expanded_nuc_repulsion_energy": 4429.996543799814,
    "expanded_xc_energy": -247.991277354739,
    "homo": -0.17104899623291892,
    "lumo": -0.11291621418806772,
    "method": "RestrictedKSDFT",
    "mp2_tflops": 0.0,
    "mp2_time": 6.95335580496547e-310,
    "n_atoms": 68,
    "nmers": [
      [
        {
          "fragments": [
            0
          ],
          "hf_energy": -1691.2190888773425,
          "num_basis_fns": 1508,
          "num_iters": 18,
          "schema_version": "0.2.0"
        }
      ]
    ],
    "num_iters": 18,
    "ri_fock_time": 0.285698018,
    "ri_tflops": 2.1227503931511347,
    "scf_tflops": 36.33582753260169,
    "scf_time": 34.42750243,
    "schema_version": "0.2.0",
    "tflops": 34.02706044358031,
    "total_time": 34.608066,
    "transforms_time": 0.09872416199999996,
    "xc_tflops": 45.44929999339393,
    "xc_time": 25.560086422999998
  },
  "schema_version": "0.2.0"
}
