{
  "calculation_time": 24.924852651,
  "qmmbe": {
    "b_formation_time": 1.770909201,
    "b_tflops": 6.3425299743529875,
    "diag_time": 3.692529718,
    "expanded_elec_energy": -5304.131144029029,
    "expanded_hf_energy": -1536.3965867918855,
    "expanded_nuc_repulsion_energy": 3992.5283673836766,
    "expanded_xc_energy": -224.793810146533,
    "homo": -0.17344342229376986,
    "lumo": -0.1096629103678701,
    "method": "RestrictedKSDFT",
    "mp2_tflops": 0.0,
    "mp2_time": 6.95335580495915e-310,
    "n_atoms": 60,
    "nmers": [
      [
        {
          "fragments": [
            0
          ],
          "hf_energy": -1536.3965867918855,
          "num_basis_fns": 1360,
          "num_iters": 18,
          "schema_version": "0.2.0"
        }
      ]
    ],
    "num_iters": 18,
    "ri_fock_time": 0.204240172,
    "ri_tflops": 2.1777880602254878,
    "scf_tflops": 36.66727108412485,
    "scf_time": 24.749089364,
    "schema_version": "0.2.0",
    "tflops": 33.952179878370025,
    "total_time": 24.920104,
    "transforms_time": 0.08732342600000001,
    "xc_tflops": 46.90845483109388,
    "xc_time": 17.774229385
  },
  "schema_version": "0.2.0"
}
