{
  "calculation_time": 34.788808381,
  "qmmbe": {
    "b_formation_time": 2.17062926,
    "b_tflops": 6.7857045040809965,
    "diag_time": 4.8236598829999995,
    "expanded_elec_energy": -5946.884798342994,
    "expanded_hf_energy": -1691.228639588481,
    "expanded_nuc_repulsion_energy": 4503.650805117745,
    "expanded_xc_energy": -247.9946463632321,
    "homo": -0.1739966592683477,
    "lumo": -0.11027662432854939,
    "method": "RestrictedKSDFT",
    "mp2_tflops": 0.0,
    "mp2_time": 6.95335580496547e-310,
    "n_atoms": 68,
    "nmers": [
      [
        {
          "fragments": [
            0
          ],
          "hf_energy": -1691.228639588481,
          "num_basis_fns": 1508,
          "num_iters": 18,
          "schema_version": "0.2.0"
        }
      ]
    ],
    "num_iters": 18,
    "ri_fock_time": 0.291141162,
    "ri_tflops": 2.083063679027289,
    "scf_tflops": 36.145475473021854,
    "scf_time": 34.598670673,
    "schema_version": "0.2.0",
    "tflops": 33.84950415732185,
    "total_time": 34.784164,
    "transforms_time": 0.09596362399999996,
    "xc_tflops": 45.239305944641956,
    "xc_time": 25.666998068
  },
  "schema_version": "0.2.0"
}
