{
  "calculation_time": 29.83144943,
  "qmmbe": {
    "b_formation_time": 1.933288426,
    "b_tflops": 6.537301109629671,
    "diag_time": 4.123895227,
    "expanded_elec_energy": -5578.599709848918,
    "expanded_hf_energy": -1613.8144161967732,
    "expanded_nuc_repulsion_energy": 4201.173028594937,
    "expanded_xc_energy": -236.38773494279235,
    "homo": -0.16975598604636985,
    "lumo": -0.1127263303186293,
    "method": "RestrictedKSDFT",
    "mp2_tflops": 0.0,
    "mp2_time": 6.95335580496705e-310,
    "n_atoms": 64,
    "nmers": [
      [
        {
          "fragments": [
            0
          ],
          "hf_energy": -1613.8144161967732,
          "num_basis_fns": 1434,
          "num_iters": 18,
          "schema_version": "0.2.0"
        }
      ]
    ],
    "num_iters": 18,
    "ri_fock_time": 0.249887845,
    "ri_tflops": 2.086772087309809,
    "scf_tflops": 36.02369092080088,
    "scf_time": 29.654207016,
    "schema_version": "0.2.0",
    "tflops": 33.63573181015732,
    "total_time": 29.82727,
    "transforms_time": 0.09125443999999999,
    "xc_tflops": 45.16393089995882,
    "xc_time": 21.904551631999997
  },
  "schema_version": "0.2.0"
}
