{
  "calculation_time": 24.580607687,
  "qmmbe": {
    "b_formation_time": 1.816332923,
    "b_tflops": 6.414649762397111,
    "diag_time": 3.4521102009999995,
    "expanded_elec_energy": -5351.753443066814,
    "expanded_hf_energy": -1537.565274768744,
    "expanded_nuc_repulsion_energy": 4039.7082351530503,
    "expanded_xc_energy": -225.52006685498063,
    "homo": -0.1704538992265452,
    "lumo": -0.11301699134513374,
    "method": "RestrictedKSDFT",
    "mp2_tflops": 0.0,
    "mp2_time": 6.9533558049639e-310,
    "n_atoms": 62,
    "nmers": [
      [
        {
          "fragments": [
            0
          ],
          "hf_energy": -1537.565274768744,
          "num_basis_fns": 1372,
          "num_iters": 17,
          "schema_version": "0.2.0"
        }
      ]
    ],
    "num_iters": 17,
    "ri_fock_time": 0.209905622,
    "ri_tflops": 2.055052710498626,
    "scf_tflops": 37.052692285757374,
    "scf_time": 24.391112756,
    "schema_version": "0.2.0",
    "tflops": 34.15352970870949,
    "total_time": 24.576531,
    "transforms_time": 0.089223467,
    "xc_tflops": 46.997321804266434,
    "xc_time": 17.588904012
  },
  "schema_version": "0.2.0"
}
