{
  "calculation_time": 34.825966764,
  "qmmbe": {
    "b_formation_time": 2.189670638,
    "b_tflops": 6.656909678698446,
    "diag_time": 4.773280914999999,
    "expanded_elec_energy": -5924.005210563504,
    "expanded_hf_energy": -1691.2277793176418,
    "expanded_nuc_repulsion_energy": 4480.769460108656,
    "expanded_xc_energy": -247.99202886279363,
    "homo": -0.1726144364771555,
    "lumo": -0.11230559924076533,
    "method": "RestrictedKSDFT",
    "mp2_tflops": 0.0,
    "mp2_time": 6.95335580494966e-310,
    "n_atoms": 68,
    "nmers": [
      [
        {
          "fragments": [
            0
          ],
          "hf_energy": -1691.2277793176418,
          "num_basis_fns": 1508,
          "num_iters": 18,
          "schema_version": "0.2.0"
        }
      ]
    ],
    "num_iters": 18,
    "ri_fock_time": 0.287891115,
    "ri_tflops": 2.1065797047331594,
    "scf_tflops": 36.13283288592004,
    "scf_time": 34.635526022,
    "schema_version": "0.2.0",
    "tflops": 33.818919077192774,
    "total_time": 34.821568,
    "transforms_time": 0.09652704100000002,
    "xc_tflops": 45.16316620938729,
    "xc_time": 25.718124131999996
  },
  "schema_version": "0.2.0"
}
