{
  "calculation_time": 29.652207957,
  "qmmbe": {
    "b_formation_time": 1.910782021,
    "b_tflops": 6.48924286311777,
    "diag_time": 4.090728735,
    "expanded_elec_energy": -5537.274141167841,
    "expanded_hf_energy": -1613.8158537271697,
    "expanded_nuc_repulsion_energy": 4159.848585393959,
    "expanded_xc_energy": -236.39029795328804,
    "homo": -0.1715120776785658,
    "lumo": -0.1137334654098269,
    "method": "RestrictedKSDFT",
    "mp2_tflops": 0.0,
    "mp2_time": 6.95335580496547e-310,
    "n_atoms": 64,
    "nmers": [
      [
        {
          "fragments": [
            0
          ],
          "hf_energy": -1613.8158537271697,
          "num_basis_fns": 1434,
          "num_iters": 18,
          "schema_version": "0.2.0"
        }
      ]
    ],
    "num_iters": 18,
    "ri_fock_time": 0.24939951600000004,
    "ri_tflops": 2.0908580267814147,
    "scf_tflops": 36.24799939577536,
    "scf_time": 29.477279505,
    "schema_version": "0.2.0",
    "tflops": 33.83333972660976,
    "total_time": 29.647677,
    "transforms_time": 0.092392645,
    "xc_tflops": 45.49291294064964,
    "xc_time": 21.74728054
  },
  "schema_version": "0.2.0"
}
