{
  "calculation_time": 34.61930768,
  "qmmbe": {
    "b_formation_time": 2.059998835,
    "b_tflops": 6.687840073695964,
    "diag_time": 4.806605654,
    "expanded_elec_energy": -5749.53912066384,
    "expanded_hf_energy": -1691.235140972966,
    "expanded_nuc_repulsion_energy": 4306.295365572104,
    "expanded_xc_energy": -247.99138588123043,
    "homo": -0.17361199788077344,
    "lumo": -0.1107374582080196,
    "method": "RestrictedKSDFT",
    "mp2_tflops": 0.0,
    "mp2_time": 6.95335580495124e-310,
    "n_atoms": 68,
    "nmers": [
      [
        {
          "fragments": [
            0
          ],
          "hf_energy": -1691.235140972966,
          "num_basis_fns": 1508,
          "num_iters": 18,
          "schema_version": "0.2.0"
        }
      ]
    ],
    "num_iters": 18,
    "ri_fock_time": 0.2901798769999999,
    "ri_tflops": 2.089964288019876,
    "scf_tflops": 36.258467544019496,
    "scf_time": 34.441293951,
    "schema_version": "0.2.0",
    "tflops": 34.060824022011765,
    "total_time": 34.614987,
    "transforms_time": 0.09903887800000001,
    "xc_tflops": 45.341100193113334,
    "xc_time": 25.665053111
  },
  "schema_version": "0.2.0"
}
