{
  "calculation_time": 31.24873669,
  "qmmbe": {
    "b_formation_time": 2.02574933,
    "b_tflops": 6.64987424812921,
    "diag_time": 4.329577636999999,
    "expanded_elec_energy": -5707.299869840216,
    "expanded_hf_energy": -1613.809192625063,
    "expanded_nuc_repulsion_energy": 4329.885201969654,
    "expanded_xc_energy": -236.39452475450088,
    "homo": -0.1695627284772872,
    "lumo": -0.11211413071901791,
    "method": "RestrictedKSDFT",
    "mp2_tflops": 0.0,
    "mp2_time": 6.95335580496705e-310,
    "n_atoms": 64,
    "nmers": [
      [
        {
          "fragments": [
            0
          ],
          "hf_energy": -1613.809192625063,
          "num_basis_fns": 1434,
          "num_iters": 19,
          "schema_version": "0.2.0"
        }
      ]
    ],
    "num_iters": 19,
    "ri_fock_time": 0.265183233,
    "ri_tflops": 2.075655074436776,
    "scf_tflops": 36.104963325550905,
    "scf_time": 31.046769204,
    "schema_version": "0.2.0",
    "tflops": 33.690039748811046,
    "total_time": 31.244545,
    "transforms_time": 0.09587052000000003,
    "xc_tflops": 45.28489939178998,
    "xc_time": 22.916443819999998
  },
  "schema_version": "0.2.0"
}
