{
  "calculation_time": 30.154620455,
  "qmmbe": {
    "b_formation_time": 1.947186186,
    "b_tflops": 6.172985135561145,
    "diag_time": 4.602072531,
    "expanded_elec_energy": -5457.086651804431,
    "expanded_hf_energy": -1613.8170911610762,
    "expanded_nuc_repulsion_energy": 4079.6523690018626,
    "expanded_xc_energy": -236.3828083585074,
    "homo": -0.17003583234018171,
    "lumo": -0.11434926122176192,
    "method": "RestrictedKSDFT",
    "mp2_tflops": 0.0,
    "mp2_time": 6.95335580496705e-310,
    "n_atoms": 64,
    "nmers": [
      [
        {
          "fragments": [
            0
          ],
          "hf_energy": -1613.8170911610762,
          "num_basis_fns": 1434,
          "num_iters": 18,
          "schema_version": "0.2.0"
        }
      ]
    ],
    "num_iters": 18,
    "ri_fock_time": 0.250221592,
    "ri_tflops": 2.083988738685669,
    "scf_tflops": 35.65417010544552,
    "scf_time": 29.967075121,
    "schema_version": "0.2.0",
    "tflops": 33.27890416597406,
    "total_time": 30.15029,
    "transforms_time": 0.08974531399999999,
    "xc_tflops": 45.558587589368756,
    "xc_time": 21.731038042999998
  },
  "schema_version": "0.2.0"
}
