{
  "calculation_time": 34.516158055,
  "qmmbe": {
    "b_formation_time": 2.13698129,
    "b_tflops": 6.789493917487691,
    "diag_time": 4.812522757,
    "expanded_elec_energy": -5891.903060629616,
    "expanded_hf_energy": -1691.2146363938796,
    "expanded_nuc_repulsion_energy": 4448.676631629024,
    "expanded_xc_energy": -247.9882073932872,
    "homo": -0.17378598392772926,
    "lumo": -0.11087427365417828,
    "method": "RestrictedKSDFT",
    "mp2_tflops": 0.0,
    "mp2_time": 6.9533558049528e-310,
    "n_atoms": 68,
    "nmers": [
      [
        {
          "fragments": [
            0
          ],
          "hf_energy": -1691.2146363938796,
          "num_basis_fns": 1508,
          "num_iters": 18,
          "schema_version": "0.2.0"
        }
      ]
    ],
    "num_iters": 18,
    "ri_fock_time": 0.29154534299999996,
    "ri_tflops": 2.08017584431798,
    "scf_tflops": 36.41873797267407,
    "scf_time": 34.329865857,
    "schema_version": "0.2.0",
    "tflops": 34.13168295976521,
    "total_time": 34.511652,
    "transforms_time": 0.095131907,
    "xc_tflops": 45.63193029617634,
    "xc_time": 25.462063696999998
  },
  "schema_version": "0.2.0"
}
