{
  "calculation_time": 34.598086941,
  "qmmbe": {
    "b_formation_time": 2.284913579,
    "b_tflops": 7.541717695580293,
    "diag_time": 4.794374808000001,
    "expanded_elec_energy": -6279.028331499802,
    "expanded_hf_energy": -1691.2195319015884,
    "expanded_nuc_repulsion_energy": 4835.81783359235,
    "expanded_xc_energy": -248.0090339941364,
    "homo": -0.17969280358843334,
    "lumo": -0.10290086910858587,
    "method": "RestrictedKSDFT",
    "mp2_tflops": 0.0,
    "mp2_time": 6.95335580494966e-310,
    "n_atoms": 68,
    "nmers": [
      [
        {
          "fragments": [
            0
          ],
          "hf_energy": -1691.2195319015884,
          "num_basis_fns": 1508,
          "num_iters": 18,
          "schema_version": "0.2.0"
        }
      ]
    ],
    "num_iters": 18,
    "ri_fock_time": 0.288117876,
    "ri_tflops": 2.10492173707403,
    "scf_tflops": 36.20197725080047,
    "scf_time": 34.362938161,
    "schema_version": "0.2.0",
    "tflops": 33.80723902791639,
    "total_time": 34.593674,
    "transforms_time": 0.09425218599999999,
    "xc_tflops": 45.343570319258134,
    "xc_time": 25.378131937
  },
  "schema_version": "0.2.0"
}
