{
  "calculation_time": 34.691374176,
  "qmmbe": {
    "b_formation_time": 2.218440103,
    "b_tflops": 6.969891956173315,
    "diag_time": 4.802701349,
    "expanded_elec_energy": -6047.819903877586,
    "expanded_hf_energy": -1691.2163623118176,
    "expanded_nuc_repulsion_energy": 4604.599858722706,
    "expanded_xc_energy": -247.9963171569379,
    "homo": -0.17653293138811715,
    "lumo": -0.10539888285152955,
    "method": "RestrictedKSDFT",
    "mp2_tflops": 0.0,
    "mp2_time": 6.95335580495124e-310,
    "n_atoms": 68,
    "nmers": [
      [
        {
          "fragments": [
            0
          ],
          "hf_energy": -1691.2163623118176,
          "num_basis_fns": 1508,
          "num_iters": 18,
          "schema_version": "0.2.0"
        }
      ]
    ],
    "num_iters": 18,
    "ri_fock_time": 0.29098477199999995,
    "ri_tflops": 2.084183223278777,
    "scf_tflops": 36.23116198653861,
    "scf_time": 34.492255652,
    "schema_version": "0.2.0",
    "tflops": 33.86550629087016,
    "total_time": 34.686987,
    "transforms_time": 0.09923494800000002,
    "xc_tflops": 45.337487790534205,
    "xc_time": 25.534700322999996
  },
  "schema_version": "0.2.0"
}
