{
  "calculation_time": 29.914416282,
  "qmmbe": {
    "b_formation_time": 2.025837772,
    "b_tflops": 6.328449845325522,
    "diag_time": 4.086944117,
    "expanded_elec_energy": -5599.804733224246,
    "expanded_hf_energy": -1613.7989633227824,
    "expanded_nuc_repulsion_energy": 4222.394234441218,
    "expanded_xc_energy": -236.38846453975452,
    "homo": -0.16778672234260464,
    "lumo": -0.11528568247064644,
    "method": "RestrictedKSDFT",
    "mp2_tflops": 0.0,
    "mp2_time": 6.95335580496705e-310,
    "n_atoms": 64,
    "nmers": [
      [
        {
          "fragments": [
            0
          ],
          "hf_energy": -1613.7989633227824,
          "num_basis_fns": 1434,
          "num_iters": 18,
          "schema_version": "0.2.0"
        }
      ]
    ],
    "num_iters": 18,
    "ri_fock_time": 0.259185229,
    "ri_tflops": 2.0119162728366744,
    "scf_tflops": 36.011638150956685,
    "scf_time": 29.734936101,
    "schema_version": "0.2.0",
    "tflops": 33.48411720718311,
    "total_time": 29.910062,
    "transforms_time": 0.08982347900000001,
    "xc_tflops": 45.08874188253417,
    "xc_time": 21.898330411999996
  },
  "schema_version": "0.2.0"
}
