{
  "calculation_time": 30.377809647,
  "qmmbe": {
    "b_formation_time": 2.017799476,
    "b_tflops": 6.605352651402909,
    "diag_time": 4.6716106,
    "expanded_elec_energy": -5689.5037164850055,
    "expanded_hf_energy": -1613.8087566166173,
    "expanded_nuc_repulsion_energy": 4312.099071520904,
    "expanded_xc_energy": -236.40411165251533,
    "homo": -0.1779873104451291,
    "lumo": -0.10146254051215024,
    "method": "RestrictedKSDFT",
    "mp2_tflops": 0.0,
    "mp2_time": 6.95335580496705e-310,
    "n_atoms": 64,
    "nmers": [
      [
        {
          "fragments": [
            0
          ],
          "hf_energy": -1613.8087566166173,
          "num_basis_fns": 1434,
          "num_iters": 18,
          "schema_version": "0.2.0"
        }
      ]
    ],
    "num_iters": 18,
    "ri_fock_time": 0.250103586,
    "ri_tflops": 2.084972023967701,
    "scf_tflops": 35.319704332030966,
    "scf_time": 30.192697577,
    "schema_version": "0.2.0",
    "tflops": 32.93724939717118,
    "total_time": 30.37357,
    "transforms_time": 0.08777369399999999,
    "xc_tflops": 45.203025845707046,
    "xc_time": 21.808098378
  },
  "schema_version": "0.2.0"
}
