{
  "calculation_time": 32.718981606,
  "qmmbe": {
    "b_formation_time": 2.199411757,
    "b_tflops": 7.165840842910435,
    "diag_time": 4.5455570970000005,
    "expanded_elec_energy": -6090.007945515434,
    "expanded_hf_energy": -1691.2160802878086,
    "expanded_nuc_repulsion_energy": 4646.795035416434,
    "expanded_xc_energy": -248.003170188809,
    "homo": -0.1791335504800035,
    "lumo": -0.10226350723688778,
    "method": "RestrictedKSDFT",
    "mp2_tflops": 0.0,
    "mp2_time": 6.95335580496547e-310,
    "n_atoms": 68,
    "nmers": [
      [
        {
          "fragments": [
            0
          ],
          "hf_energy": -1691.2160802878086,
          "num_basis_fns": 1508,
          "num_iters": 17,
          "schema_version": "0.2.0"
        }
      ]
    ],
    "num_iters": 17,
    "ri_fock_time": 0.274529648,
    "ri_tflops": 2.0863795658529383,
    "scf_tflops": 36.53819865479443,
    "scf_time": 32.517721412,
    "schema_version": "0.2.0",
    "tflops": 34.06655240900928,
    "total_time": 32.714486,
    "transforms_time": 0.09032155100000004,
    "xc_tflops": 45.856146552522006,
    "xc_time": 23.928250247
  },
  "schema_version": "0.2.0"
}
