{
  "calculation_time": 36.334154575,
  "qmmbe": {
    "b_formation_time": 2.313021284,
    "b_tflops": 8.014782683042531,
    "diag_time": 5.081783147,
    "expanded_elec_energy": -6461.081851255209,
    "expanded_hf_energy": -1691.1924705729086,
    "expanded_nuc_repulsion_energy": 5017.9084105189995,
    "expanded_xc_energy": -248.01902983669945,
    "homo": -0.16877447600281079,
    "lumo": -0.11405013254374863,
    "method": "RestrictedKSDFT",
    "mp2_tflops": 0.0,
    "mp2_time": 6.95335580496547e-310,
    "n_atoms": 68,
    "nmers": [
      [
        {
          "fragments": [
            0
          ],
          "hf_energy": -1691.1924705729086,
          "num_basis_fns": 1508,
          "num_iters": 19,
          "schema_version": "0.2.0"
        }
      ]
    ],
    "num_iters": 19,
    "ri_fock_time": 0.305917039,
    "ri_tflops": 2.092587305200741,
    "scf_tflops": 36.09544725384846,
    "scf_time": 36.102116986,
    "schema_version": "0.2.0",
    "tflops": 33.77554996332265,
    "total_time": 36.329526,
    "transforms_time": 0.10468158700000003,
    "xc_tflops": 45.303367993166134,
    "xc_time": 26.640015003999995
  },
  "schema_version": "0.2.0"
}
