{
  "calculation_time": 34.63519989,
  "qmmbe": {
    "b_formation_time": 2.1535951,
    "b_tflops": 6.779901389679054,
    "diag_time": 4.779875896,
    "expanded_elec_energy": -5932.19395785148,
    "expanded_hf_energy": -1691.223903269608,
    "expanded_nuc_repulsion_energy": 4488.955912453141,
    "expanded_xc_energy": -247.9858578712682,
    "homo": -0.17153081144931978,
    "lumo": -0.11189750236894046,
    "method": "RestrictedKSDFT",
    "mp2_tflops": 0.0,
    "mp2_time": 6.95335580495124e-310,
    "n_atoms": 68,
    "nmers": [
      [
        {
          "fragments": [
            0
          ],
          "hf_energy": -1691.223903269608,
          "num_basis_fns": 1508,
          "num_iters": 18,
          "schema_version": "0.2.0"
        }
      ]
    ],
    "num_iters": 18,
    "ri_fock_time": 0.29052554999999997,
    "ri_tflops": 2.087477607501303,
    "scf_tflops": 36.25647582208453,
    "scf_time": 34.446576446,
    "schema_version": "0.2.0",
    "tflops": 33.95538490357804,
    "total_time": 34.63056,
    "transforms_time": 0.100817597,
    "xc_tflops": 45.386931024793576,
    "xc_time": 25.552404428
  },
  "schema_version": "0.2.0"
}
