{
  "calculation_time": 34.578222616,
  "qmmbe": {
    "b_formation_time": 2.190787287,
    "b_tflops": 6.6445488612843135,
    "diag_time": 4.7915107400000005,
    "expanded_elec_energy": -5905.498023840803,
    "expanded_hf_energy": -1691.2273573979492,
    "expanded_nuc_repulsion_energy": 4462.260270161639,
    "expanded_xc_energy": -247.98960371878465,
    "homo": -0.16781312099352752,
    "lumo": -0.11572936064874732,
    "method": "RestrictedKSDFT",
    "mp2_tflops": 0.0,
    "mp2_time": 6.95335580495124e-310,
    "n_atoms": 68,
    "nmers": [
      [
        {
          "fragments": [
            0
          ],
          "hf_energy": -1691.2273573979492,
          "num_basis_fns": 1508,
          "num_iters": 18,
          "schema_version": "0.2.0"
        }
      ]
    ],
    "num_iters": 18,
    "ri_fock_time": 0.290257695,
    "ri_tflops": 2.0894039692281026,
    "scf_tflops": 36.37941091320781,
    "scf_time": 34.388710506,
    "schema_version": "0.2.0",
    "tflops": 34.030461923314476,
    "total_time": 34.573852,
    "transforms_time": 0.09766692899999999,
    "xc_tflops": 45.57832598057911,
    "xc_time": 25.460964971999996
  },
  "schema_version": "0.2.0"
}
