{
  "calculation_time": 24.597207883,
  "qmmbe": {
    "b_formation_time": 1.783530681,
    "b_tflops": 6.184952650644085,
    "diag_time": 3.5228304009999998,
    "expanded_elec_energy": -5247.041171921235,
    "expanded_hf_energy": -1537.5833114341663,
    "expanded_nuc_repulsion_energy": 3934.976478718531,
    "expanded_xc_energy": -225.51861823146186,
    "homo": -0.18049522188135647,
    "lumo": -0.10252086120529263,
    "method": "RestrictedKSDFT",
    "mp2_tflops": 0.0,
    "mp2_time": 6.9533558049639e-310,
    "n_atoms": 62,
    "nmers": [
      [
        {
          "fragments": [
            0
          ],
          "hf_energy": -1537.5833114341663,
          "num_basis_fns": 1372,
          "num_iters": 17,
          "schema_version": "0.2.0"
        }
      ]
    ],
    "num_iters": 17,
    "ri_fock_time": 0.216685905,
    "ri_tflops": 1.9907483942714224,
    "scf_tflops": 37.01406648311107,
    "scf_time": 24.427774218,
    "schema_version": "0.2.0",
    "tflops": 34.21530340659307,
    "total_time": 24.593056,
    "transforms_time": 0.08449509400000002,
    "xc_tflops": 47.05331056607914,
    "xc_time": 17.62565948
  },
  "schema_version": "0.2.0"
}
