{
  "calculation_time": 25.938350447,
  "qmmbe": {
    "b_formation_time": 1.879121228,
    "b_tflops": 7.184389144879587,
    "diag_time": 3.7241432190000006,
    "expanded_elec_energy": -5661.020205587414,
    "expanded_hf_energy": -1537.557141832315,
    "expanded_nuc_repulsion_energy": 4349.0036953344725,
    "expanded_xc_energy": -225.54063157937327,
    "homo": -0.179141484189738,
    "lumo": -0.0991239784246093,
    "method": "RestrictedKSDFT",
    "mp2_tflops": 0.0,
    "mp2_time": 6.95335580496547e-310,
    "n_atoms": 62,
    "nmers": [
      [
        {
          "fragments": [
            0
          ],
          "hf_energy": -1537.557141832315,
          "num_basis_fns": 1372,
          "num_iters": 18,
          "schema_version": "0.2.0"
        }
      ]
    ],
    "num_iters": 18,
    "ri_fock_time": 0.221312291,
    "ri_tflops": 2.0637880150994414,
    "scf_tflops": 36.70053612377289,
    "scf_time": 25.7392689,
    "schema_version": "0.2.0",
    "tflops": 33.90943623548769,
    "total_time": 25.934261,
    "transforms_time": 0.08951987199999997,
    "xc_tflops": 46.67782086960652,
    "xc_time": 18.526415677
  },
  "schema_version": "0.2.0"
}
