{
  "calculation_time": 30.206720841,
  "qmmbe": {
    "b_formation_time": 2.034553724,
    "b_tflops": 6.889495387628309,
    "diag_time": 4.174541262,
    "expanded_elec_energy": -5786.7616423234995,
    "expanded_hf_energy": -1613.8148229118635,
    "expanded_nuc_repulsion_energy": 4409.352258206994,
    "expanded_xc_energy": -236.40543879535767,
    "homo": -0.17702536750780595,
    "lumo": -0.1060977412349398,
    "method": "RestrictedKSDFT",
    "mp2_tflops": 0.0,
    "mp2_time": 6.95335580496547e-310,
    "n_atoms": 64,
    "nmers": [
      [
        {
          "fragments": [
            0
          ],
          "hf_energy": -1613.8148229118635,
          "num_basis_fns": 1434,
          "num_iters": 18,
          "schema_version": "0.2.0"
        }
      ]
    ],
    "num_iters": 18,
    "ri_fock_time": 0.25788341500000006,
    "ri_tflops": 2.0220725706769467,
    "scf_tflops": 35.554637729941476,
    "scf_time": 30.012144576,
    "schema_version": "0.2.0",
    "tflops": 33.09125727079601,
    "total_time": 30.202225,
    "transforms_time": 0.09168091399999996,
    "xc_tflops": 44.59752878106273,
    "xc_time": 22.066322432
  },
  "schema_version": "0.2.0"
}
