{
  "calculation_time": 34.482545765,
  "qmmbe": {
    "b_formation_time": 2.146511206,
    "b_tflops": 6.872839485160368,
    "diag_time": 4.764555937,
    "expanded_elec_energy": -5950.449200261538,
    "expanded_hf_energy": -1691.2402221305567,
    "expanded_nuc_repulsion_energy": 4507.208774825679,
    "expanded_xc_energy": -247.9997966946979,
    "homo": -0.18405697064917986,
    "lumo": -0.09884364369142724,
    "method": "RestrictedKSDFT",
    "mp2_tflops": 0.0,
    "mp2_time": 6.95335580494966e-310,
    "n_atoms": 68,
    "nmers": [
      [
        {
          "fragments": [
            0
          ],
          "hf_energy": -1691.2402221305567,
          "num_basis_fns": 1508,
          "num_iters": 18,
          "schema_version": "0.2.0"
        }
      ]
    ],
    "num_iters": 18,
    "ri_fock_time": 0.29032822099999994,
    "ri_tflops": 2.0888964150405487,
    "scf_tflops": 36.44805562082694,
    "scf_time": 34.292801733,
    "schema_version": "0.2.0",
    "tflops": 34.12997976566407,
    "total_time": 34.478145,
    "transforms_time": 0.09842001400000004,
    "xc_tflops": 45.67726088906045,
    "xc_time": 25.405074903999996
  },
  "schema_version": "0.2.0"
}
