{
  "calculation_time": 32.859483973,
  "qmmbe": {
    "b_formation_time": 2.204828966,
    "b_tflops": 7.195650237392608,
    "diag_time": 4.520079485999999,
    "expanded_elec_energy": -6105.272771638898,
    "expanded_hf_energy": -1691.2115693786727,
    "expanded_nuc_repulsion_energy": 4662.064900557653,
    "expanded_xc_energy": -248.003698297428,
    "homo": -0.1746508716494649,
    "lumo": -0.10604312287871338,
    "method": "RestrictedKSDFT",
    "mp2_tflops": 0.0,
    "mp2_time": 6.9533558049528e-310,
    "n_atoms": 68,
    "nmers": [
      [
        {
          "fragments": [
            0
          ],
          "hf_energy": -1691.2115693786727,
          "num_basis_fns": 1508,
          "num_iters": 17,
          "schema_version": "0.2.0"
        }
      ]
    ],
    "num_iters": 17,
    "ri_fock_time": 0.27403066300000006,
    "ri_tflops": 2.090178673939127,
    "scf_tflops": 36.34049100979834,
    "scf_time": 32.641338765,
    "schema_version": "0.2.0",
    "tflops": 33.88527683963041,
    "total_time": 32.854816,
    "transforms_time": 0.08836507400000002,
    "xc_tflops": 45.53040263777917,
    "xc_time": 24.071038288999997
  },
  "schema_version": "0.2.0"
}
