{
  "calculation_time": 34.332240422,
  "qmmbe": {
    "b_formation_time": 2.068015508,
    "b_tflops": 6.70044602499567,
    "diag_time": 4.788625506,
    "expanded_elec_energy": -5791.19730245139,
    "expanded_hf_energy": -1691.2397255387637,
    "expanded_nuc_repulsion_energy": 4347.949461275482,
    "expanded_xc_energy": -247.99188436285527,
    "homo": -0.17599339938598674,
    "lumo": -0.10801713322256071,
    "method": "RestrictedKSDFT",
    "mp2_tflops": 0.0,
    "mp2_time": 6.9533558049528e-310,
    "n_atoms": 68,
    "nmers": [
      [
        {
          "fragments": [
            0
          ],
          "hf_energy": -1691.2397255387637,
          "num_basis_fns": 1508,
          "num_iters": 18,
          "schema_version": "0.2.0"
        }
      ]
    ],
    "num_iters": 18,
    "ri_fock_time": 0.28988090699999997,
    "ri_tflops": 2.09211978225251,
    "scf_tflops": 36.561824446123794,
    "scf_time": 34.137334501,
    "schema_version": "0.2.0",
    "tflops": 34.34033188364548,
    "total_time": 34.327882,
    "transforms_time": 0.093955401,
    "xc_tflops": 45.839043038693646,
    "xc_time": 25.380891415999997
  },
  "schema_version": "0.2.0"
}
