{
  "calculation_time": 34.98911318,
  "qmmbe": {
    "b_formation_time": 2.225037494,
    "b_tflops": 6.883643999113662,
    "diag_time": 4.79916362,
    "expanded_elec_energy": -6024.740300874421,
    "expanded_hf_energy": -1691.228080087989,
    "expanded_nuc_repulsion_energy": 4581.517006510228,
    "expanded_xc_energy": -248.00478572379595,
    "homo": -0.17810901756177247,
    "lumo": -0.10323964798282428,
    "method": "RestrictedKSDFT",
    "mp2_tflops": 0.0,
    "mp2_time": 6.95335580496547e-310,
    "n_atoms": 68,
    "nmers": [
      [
        {
          "fragments": [
            0
          ],
          "hf_energy": -1691.228080087989,
          "num_basis_fns": 1508,
          "num_iters": 18,
          "schema_version": "0.2.0"
        }
      ]
    ],
    "num_iters": 18,
    "ri_fock_time": 0.288213738,
    "ri_tflops": 2.1042216246888272,
    "scf_tflops": 35.96612235037639,
    "scf_time": 34.793062647,
    "schema_version": "0.2.0",
    "tflops": 33.64311354657502,
    "total_time": 34.984707,
    "transforms_time": 0.09574588300000002,
    "xc_tflops": 44.89897943920541,
    "xc_time": 25.838913939999998
  },
  "schema_version": "0.2.0"
}
