{
  "calculation_time": 26.354213031,
  "qmmbe": {
    "b_formation_time": 1.845551126,
    "b_tflops": 6.28932953502801,
    "diag_time": 4.175566740000001,
    "expanded_elec_energy": -5343.06106099185,
    "expanded_hf_energy": -1537.5689436799653,
    "expanded_nuc_repulsion_energy": 4031.013099237275,
    "expanded_xc_energy": -225.5209819253901,
    "homo": -0.17976533830403896,
    "lumo": -0.10282770782307697,
    "method": "RestrictedKSDFT",
    "mp2_tflops": 0.0,
    "mp2_time": 6.9533558049639e-310,
    "n_atoms": 62,
    "nmers": [
      [
        {
          "fragments": [
            0
          ],
          "hf_energy": -1537.5689436799653,
          "num_basis_fns": 1372,
          "num_iters": 18,
          "schema_version": "0.2.0"
        }
      ]
    ],
    "num_iters": 18,
    "ri_fock_time": 0.230478365,
    "ri_tflops": 1.9817116186154826,
    "scf_tflops": 36.23819646655724,
    "scf_time": 26.178343301,
    "schema_version": "0.2.0",
    "tflops": 33.59350043862723,
    "total_time": 26.34994,
    "transforms_time": 0.08849965300000004,
    "xc_tflops": 47.01860987884689,
    "xc_time": 18.555331629999998
  },
  "schema_version": "0.2.0"
}
