{
  "calculation_time": 21.515113925,
  "qmmbe": {
    "b_formation_time": 1.613579267,
    "b_tflops": 6.21390721867276,
    "diag_time": 3.0393030629999997,
    "expanded_elec_energy": -5029.296120328669,
    "expanded_hf_energy": -1460.1645719776361,
    "expanded_nuc_repulsion_energy": 3783.055903015969,
    "expanded_xc_energy": -213.92435466493635,
    "homo": -0.180472482975325,
    "lumo": -0.10181032943278465,
    "method": "RestrictedKSDFT",
    "mp2_tflops": 0.0,
    "mp2_time": 6.95335580495915e-310,
    "n_atoms": 58,
    "nmers": [
      [
        {
          "fragments": [
            0
          ],
          "hf_energy": -1460.1645719776361,
          "num_basis_fns": 1298,
          "num_iters": 17,
          "schema_version": "0.2.0"
        }
      ]
    ],
    "num_iters": 17,
    "ri_fock_time": 0.18075623900000004,
    "ri_tflops": 2.0206137965506126,
    "scf_tflops": 35.59457234386236,
    "scf_time": 21.344737919,
    "schema_version": "0.2.0",
    "tflops": 32.738498525443575,
    "total_time": 21.510962,
    "transforms_time": 0.08233512899999998,
    "xc_tflops": 45.22309542200349,
    "xc_time": 15.330417078999998
  },
  "schema_version": "0.2.0"
}
