{
  "calculation_time": 34.349819556999996,
  "qmmbe": {
    "b_formation_time": 2.178345852,
    "b_tflops": 6.728198230502104,
    "diag_time": 4.826328898,
    "expanded_elec_energy": -5938.00432049657,
    "expanded_hf_energy": -1691.2176215287213,
    "expanded_nuc_repulsion_energy": 4494.774556747918,
    "expanded_xc_energy": -247.98785778006965,
    "homo": -0.16765001766344328,
    "lumo": -0.11620161859939515,
    "method": "RestrictedKSDFT",
    "mp2_tflops": 0.0,
    "mp2_time": 6.95335580495124e-310,
    "n_atoms": 68,
    "nmers": [
      [
        {
          "fragments": [
            0
          ],
          "hf_energy": -1691.2176215287213,
          "num_basis_fns": 1508,
          "num_iters": 18,
          "schema_version": "0.2.0"
        }
      ]
    ],
    "num_iters": 18,
    "ri_fock_time": 0.290511962,
    "ri_tflops": 2.0875752442579283,
    "scf_tflops": 36.65488848902451,
    "scf_time": 34.142413465,
    "schema_version": "0.2.0",
    "tflops": 34.284843376954136,
    "total_time": 34.345331,
    "transforms_time": 0.09542031500000002,
    "xc_tflops": 46.01001372363372,
    "xc_time": 25.241054893
  },
  "schema_version": "0.2.0"
}
