{
  "calculation_time": 35.091193051,
  "qmmbe": {
    "b_formation_time": 2.152109632,
    "b_tflops": 6.688459466570521,
    "diag_time": 5.294544711,
    "expanded_elec_energy": -5868.255419237419,
    "expanded_hf_energy": -1691.2187576102024,
    "expanded_nuc_repulsion_energy": 4425.028748024953,
    "expanded_xc_energy": -247.99208639773593,
    "homo": -0.1708574600104392,
    "lumo": -0.11349783198903952,
    "method": "RestrictedKSDFT",
    "mp2_tflops": 0.0,
    "mp2_time": 6.9533558049528e-310,
    "n_atoms": 68,
    "nmers": [
      [
        {
          "fragments": [
            0
          ],
          "hf_energy": -1691.2187576102024,
          "num_basis_fns": 1508,
          "num_iters": 18,
          "schema_version": "0.2.0"
        }
      ]
    ],
    "num_iters": 18,
    "ri_fock_time": 0.28828782900000005,
    "ri_tflops": 2.103680832228265,
    "scf_tflops": 35.782565463721184,
    "scf_time": 34.904884575,
    "schema_version": "0.2.0",
    "tflops": 33.55736853175532,
    "total_time": 35.086709,
    "transforms_time": 0.09404193,
    "xc_tflops": 45.43976318548607,
    "xc_time": 25.561498143
  },
  "schema_version": "0.2.0"
}
