{
  "calculation_time": 35.277217031,
  "qmmbe": {
    "b_formation_time": 2.228564041,
    "b_tflops": 6.883893940715343,
    "diag_time": 5.30998192,
    "expanded_elec_energy": -6023.388294194892,
    "expanded_hf_energy": -1691.2154105347072,
    "expanded_nuc_repulsion_energy": 4580.16742896852,
    "expanded_xc_energy": -247.9945453083347,
    "homo": -0.17103834406295457,
    "lumo": -0.11081523482916415,
    "method": "RestrictedKSDFT",
    "mp2_tflops": 0.0,
    "mp2_time": 6.95335580496547e-310,
    "n_atoms": 68,
    "nmers": [
      [
        {
          "fragments": [
            0
          ],
          "hf_energy": -1691.2154105347072,
          "num_basis_fns": 1508,
          "num_iters": 18,
          "schema_version": "0.2.0"
        }
      ]
    ],
    "num_iters": 18,
    "ri_fock_time": 0.29104216699999996,
    "ri_tflops": 2.0837722117152877,
    "scf_tflops": 35.6191791021545,
    "scf_time": 35.082405835,
    "schema_version": "0.2.0",
    "tflops": 33.33788742356018,
    "total_time": 35.272777,
    "transforms_time": 0.09298962499999999,
    "xc_tflops": 45.24957204529258,
    "xc_time": 25.614534421
  },
  "schema_version": "0.2.0"
}
