{
  "calculation_time": 26.244369407,
  "qmmbe": {
    "b_formation_time": 1.872912608,
    "b_tflops": 6.5034016534080585,
    "diag_time": 3.7822296969999996,
    "expanded_elec_energy": -5435.053952168233,
    "expanded_hf_energy": -1537.5628822693625,
    "expanded_nuc_repulsion_energy": 4123.013483797151,
    "expanded_xc_energy": -225.52241389828023,
    "homo": -0.17944211180410127,
    "lumo": -0.1014914102188424,
    "method": "RestrictedKSDFT",
    "mp2_tflops": 0.0,
    "mp2_time": 6.9533558049639e-310,
    "n_atoms": 62,
    "nmers": [
      [
        {
          "fragments": [
            0
          ],
          "hf_energy": -1537.5628822693625,
          "num_basis_fns": 1372,
          "num_iters": 18,
          "schema_version": "0.2.0"
        }
      ]
    ],
    "num_iters": 18,
    "ri_fock_time": 0.221661483,
    "ri_tflops": 2.0605368491557012,
    "scf_tflops": 36.37578863031929,
    "scf_time": 26.063213009,
    "schema_version": "0.2.0",
    "tflops": 33.668088159325976,
    "total_time": 26.240227,
    "transforms_time": 0.08896799799999996,
    "xc_tflops": 46.233686938045686,
    "xc_time": 18.819983484999998
  },
  "schema_version": "0.2.0"
}
