{
  "calculation_time": 34.379503382,
  "qmmbe": {
    "b_formation_time": 2.164181097,
    "b_tflops": 6.8436038759911595,
    "diag_time": 4.75481423,
    "expanded_elec_energy": -5944.731621659325,
    "expanded_hf_energy": -1691.2237066714006,
    "expanded_nuc_repulsion_energy": 4501.506943906831,
    "expanded_xc_energy": -247.99902891890645,
    "homo": -0.17781025808301357,
    "lumo": -0.10506294937729642,
    "method": "RestrictedKSDFT",
    "mp2_tflops": 0.0,
    "mp2_time": 6.95335580496547e-310,
    "n_atoms": 68,
    "nmers": [
      [
        {
          "fragments": [
            0
          ],
          "hf_energy": -1691.2237066714006,
          "num_basis_fns": 1508,
          "num_iters": 18,
          "schema_version": "0.2.0"
        }
      ]
    ],
    "num_iters": 18,
    "ri_fock_time": 0.289482074,
    "ri_tflops": 2.0950021935796967,
    "scf_tflops": 36.581688080481435,
    "scf_time": 34.190499877,
    "schema_version": "0.2.0",
    "tflops": 34.238169988497525,
    "total_time": 34.375034,
    "transforms_time": 0.096646265,
    "xc_tflops": 45.83646070692035,
    "xc_time": 25.320288171999998
  },
  "schema_version": "0.2.0"
}
