{
  "calculation_time": 34.683653351,
  "qmmbe": {
    "b_formation_time": 2.090995024,
    "b_tflops": 6.376811674983689,
    "diag_time": 5.328391459,
    "expanded_elec_energy": -5671.93530333903,
    "expanded_hf_energy": -1691.2417943437358,
    "expanded_nuc_repulsion_energy": 4228.679137829029,
    "expanded_xc_energy": -247.98562883373495,
    "homo": -0.17584180646907274,
    "lumo": -0.10800254590656348,
    "method": "RestrictedKSDFT",
    "mp2_tflops": 0.0,
    "mp2_time": 6.95335580495124e-310,
    "n_atoms": 68,
    "nmers": [
      [
        {
          "fragments": [
            0
          ],
          "hf_energy": -1691.2417943437358,
          "num_basis_fns": 1508,
          "num_iters": 18,
          "schema_version": "0.2.0"
        }
      ]
    ],
    "num_iters": 18,
    "ri_fock_time": 0.289679455,
    "ri_tflops": 2.0935747066770753,
    "scf_tflops": 36.201656718597604,
    "scf_time": 34.508712166,
    "schema_version": "0.2.0",
    "tflops": 33.98825402835399,
    "total_time": 34.679206,
    "transforms_time": 0.09551013500000001,
    "xc_tflops": 46.26342126296011,
    "xc_time": 25.156417555
  },
  "schema_version": "0.2.0"
}
