{
  "calculation_time": 34.609225016,
  "qmmbe": {
    "b_formation_time": 2.311218812,
    "b_tflops": 7.23527226230971,
    "diag_time": 4.772213085999999,
    "expanded_elec_energy": -6228.317900829728,
    "expanded_hf_energy": -1691.1698049536171,
    "expanded_nuc_repulsion_energy": 4785.1526270159,
    "expanded_xc_energy": -248.00453113978892,
    "homo": -0.18297136251994348,
    "lumo": -0.09911528662092181,
    "method": "RestrictedKSDFT",
    "mp2_tflops": 0.0,
    "mp2_time": 6.95335580494966e-310,
    "n_atoms": 68,
    "nmers": [
      [
        {
          "fragments": [
            0
          ],
          "hf_energy": -1691.1698049536171,
          "num_basis_fns": 1508,
          "num_iters": 18,
          "schema_version": "0.2.0"
        }
      ]
    ],
    "num_iters": 18,
    "ri_fock_time": 0.2905892670000001,
    "ri_tflops": 2.0870198899397057,
    "scf_tflops": 36.31174336293373,
    "scf_time": 34.378915629,
    "schema_version": "0.2.0",
    "tflops": 33.848329354605156,
    "total_time": 34.604643,
    "transforms_time": 0.09655922799999997,
    "xc_tflops": 45.44314923691057,
    "xc_time": 25.373420439000004
  },
  "schema_version": "0.2.0"
}
