{
  "calculation_time": 29.716607739,
  "qmmbe": {
    "b_formation_time": 1.963366429,
    "b_tflops": 6.049115335164977,
    "diag_time": 4.143465357,
    "expanded_elec_energy": -5440.006068682593,
    "expanded_hf_energy": -1613.8298184622895,
    "expanded_nuc_repulsion_energy": 4062.5590158224513,
    "expanded_xc_energy": -236.3827656021482,
    "homo": -0.1717439104587382,
    "lumo": -0.11269159261312693,
    "method": "RestrictedKSDFT",
    "mp2_tflops": 0.0,
    "mp2_time": 6.95335580496705e-310,
    "n_atoms": 64,
    "nmers": [
      [
        {
          "fragments": [
            0
          ],
          "hf_energy": -1613.8298184622895,
          "num_basis_fns": 1434,
          "num_iters": 18,
          "schema_version": "0.2.0"
        }
      ]
    ],
    "num_iters": 18,
    "ri_fock_time": 0.24930767800000003,
    "ri_tflops": 2.091628240603163,
    "scf_tflops": 36.28666277603172,
    "scf_time": 29.536047255,
    "schema_version": "0.2.0",
    "tflops": 33.80566853284987,
    "total_time": 29.712476,
    "transforms_time": 0.091275268,
    "xc_tflops": 45.58830930953242,
    "xc_time": 21.743657078999995
  },
  "schema_version": "0.2.0"
}
