{
  "calculation_time": 30.290284206,
  "qmmbe": {
    "b_formation_time": 1.983196603,
    "b_tflops": 6.717775873493668,
    "diag_time": 4.1217531329999995,
    "expanded_elec_energy": -5681.428439509614,
    "expanded_hf_energy": -1613.809336775055,
    "expanded_nuc_repulsion_energy": 4304.0168826884155,
    "expanded_xc_energy": -236.39777995385685,
    "homo": -0.17602817729480233,
    "lumo": -0.1056299501068536,
    "method": "RestrictedKSDFT",
    "mp2_tflops": 0.0,
    "mp2_time": 6.95335580496547e-310,
    "n_atoms": 64,
    "nmers": [
      [
        {
          "fragments": [
            0
          ],
          "hf_energy": -1613.809336775055,
          "num_basis_fns": 1434,
          "num_iters": 18,
          "schema_version": "0.2.0"
        }
      ]
    ],
    "num_iters": 18,
    "ri_fock_time": 0.25032418,
    "ri_tflops": 2.0831346772173585,
    "scf_tflops": 35.43072127410503,
    "scf_time": 30.091567678,
    "schema_version": "0.2.0",
    "tflops": 33.02145161230389,
    "total_time": 30.286005,
    "transforms_time": 0.09258396000000003,
    "xc_tflops": 44.26430546395015,
    "xc_time": 22.262648619
  },
  "schema_version": "0.2.0"
}
