{
  "calculation_time": 23.623767202,
  "qmmbe": {
    "b_formation_time": 1.765271255,
    "b_tflops": 6.450324293305281,
    "diag_time": 3.411345114,
    "expanded_elec_energy": -5335.839708142939,
    "expanded_hf_energy": -1536.406064981026,
    "expanded_nuc_repulsion_energy": 4024.2384803364607,
    "expanded_xc_energy": -224.8048371745475,
    "homo": -0.17586020642160283,
    "lumo": -0.10612934527437401,
    "method": "RestrictedKSDFT",
    "mp2_tflops": 0.0,
    "mp2_time": 6.95335580495915e-310,
    "n_atoms": 60,
    "nmers": [
      [
        {
          "fragments": [
            0
          ],
          "hf_energy": -1536.406064981026,
          "num_basis_fns": 1360,
          "num_iters": 17,
          "schema_version": "0.2.0"
        }
      ]
    ],
    "num_iters": 17,
    "ri_fock_time": 0.193034766,
    "ri_tflops": 2.17619427165778,
    "scf_tflops": 36.88701181083246,
    "scf_time": 23.43589102,
    "schema_version": "0.2.0",
    "tflops": 33.98441653233662,
    "total_time": 23.619326,
    "transforms_time": 0.08174961299999997,
    "xc_tflops": 47.09131345633934,
    "xc_time": 16.781011812
  },
  "schema_version": "0.2.0"
}
