{
  "calculation_time": 19.962336579,
  "qmmbe": {
    "b_formation_time": 1.445752098,
    "b_tflops": 5.030079274716709,
    "diag_time": 2.725979455,
    "expanded_elec_energy": -4416.4983621566535,
    "expanded_hf_energy": -1383.9559544927351,
    "expanded_nuc_repulsion_energy": 3235.5723501670004,
    "expanded_xc_energy": -203.02994250308205,
    "homo": -0.17773241369772583,
    "lumo": -0.10484038204838902,
    "method": "RestrictedKSDFT",
    "mp2_tflops": 0.0,
    "mp2_time": 6.95335580495915e-310,
    "n_atoms": 56,
    "nmers": [
      [
        {
          "fragments": [
            0
          ],
          "hf_energy": -1383.9559544927351,
          "num_basis_fns": 1236,
          "num_iters": 17,
          "schema_version": "0.2.0"
        }
      ]
    ],
    "num_iters": 17,
    "ri_fock_time": 0.156964363,
    "ri_tflops": 2.0093082135337945,
    "scf_tflops": 33.56154593678702,
    "scf_time": 19.827044332,
    "schema_version": "0.2.0",
    "tflops": 30.95811845527947,
    "total_time": 19.958355,
    "transforms_time": 0.07718063000000001,
    "xc_tflops": 42.19305859747156,
    "xc_time": 14.452944716
  },
  "schema_version": "0.2.0"
}
