{
  "calculation_time": 32.840221168,
  "qmmbe": {
    "b_formation_time": 2.154606383,
    "b_tflops": 6.761551623039075,
    "diag_time": 4.488790243,
    "expanded_elec_energy": -5904.075665202925,
    "expanded_hf_energy": -1691.2260123945625,
    "expanded_nuc_repulsion_energy": 4460.8429438009525,
    "expanded_xc_energy": -247.99329099259015,
    "homo": -0.17799287195128868,
    "lumo": -0.10664927471112097,
    "method": "RestrictedKSDFT",
    "mp2_tflops": 0.0,
    "mp2_time": 6.95335580496705e-310,
    "n_atoms": 68,
    "nmers": [
      [
        {
          "fragments": [
            0
          ],
          "hf_energy": -1691.2260123945625,
          "num_basis_fns": 1508,
          "num_iters": 17,
          "schema_version": "0.2.0"
        }
      ]
    ],
    "num_iters": 17,
    "ri_fock_time": 0.27408982800000004,
    "ri_tflops": 2.0897274882014227,
    "scf_tflops": 36.422087765272195,
    "scf_time": 32.63912515,
    "schema_version": "0.2.0",
    "tflops": 33.975270532216456,
    "total_time": 32.83564,
    "transforms_time": 0.09554023500000004,
    "xc_tflops": 45.51188329626303,
    "xc_time": 24.160143664000007
  },
  "schema_version": "0.2.0"
}
