{
  "calculation_time": 34.343823795,
  "qmmbe": {
    "b_formation_time": 2.102886591,
    "b_tflops": 6.455668534718429,
    "diag_time": 4.804540371000001,
    "expanded_elec_energy": -5731.54774722665,
    "expanded_hf_energy": -1691.231871925376,
    "expanded_nuc_repulsion_energy": 4288.301438228614,
    "expanded_xc_energy": -247.98556292733946,
    "homo": -0.16567713073150853,
    "lumo": -0.11845651014524289,
    "method": "RestrictedKSDFT",
    "mp2_tflops": 0.0,
    "mp2_time": 6.95335580496547e-310,
    "n_atoms": 68,
    "nmers": [
      [
        {
          "fragments": [
            0
          ],
          "hf_energy": -1691.231871925376,
          "num_basis_fns": 1508,
          "num_iters": 18,
          "schema_version": "0.2.0"
        }
      ]
    ],
    "num_iters": 18,
    "ri_fock_time": 0.28843036400000005,
    "ri_tflops": 2.102641246300961,
    "scf_tflops": 36.60947809634923,
    "scf_time": 34.153577691,
    "schema_version": "0.2.0",
    "tflops": 34.3213231417965,
    "total_time": 34.339275,
    "transforms_time": 0.09593279300000002,
    "xc_tflops": 45.95310367464989,
    "xc_time": 25.318273269
  },
  "schema_version": "0.2.0"
}
