{
  "calculation_time": 28.105339923,
  "qmmbe": {
    "b_formation_time": 3.867792903,
    "b_tflops": 3.0214794826619498,
    "diag_time": 3.8202367509999995,
    "expanded_elec_energy": -5380.28119887198,
    "expanded_hf_energy": -1536.40047425653,
    "expanded_nuc_repulsion_energy": 4068.6793884870735,
    "expanded_xc_energy": -224.79866387162312,
    "homo": -0.17494173356503803,
    "lumo": -0.1075373503303739,
    "method": "RestrictedKSDFT",
    "mp2_tflops": 0.0,
    "mp2_time": 6.95335580496547e-310,
    "n_atoms": 60,
    "nmers": [
      [
        {
          "fragments": [
            0
          ],
          "hf_energy": -1536.40047425653,
          "num_basis_fns": 1360,
          "num_iters": 17,
          "schema_version": "0.2.0"
        }
      ]
    ],
    "num_iters": 17,
    "ri_fock_time": 0.23021865200000002,
    "ri_tflops": 1.8247051155524963,
    "scf_tflops": 35.6161233260464,
    "scf_time": 26.277552547,
    "schema_version": "0.2.0",
    "tflops": 29.54201482615222,
    "total_time": 26.550491,
    "transforms_time": 0.2756546510000001,
    "xc_tflops": 46.628115736208656,
    "xc_time": 16.897022528
  },
  "schema_version": "0.2.0"
}
