{
  "calculation_time": 34.534795141,
  "qmmbe": {
    "b_formation_time": 2.145741063,
    "b_tflops": 6.886533921745618,
    "diag_time": 4.766892110000001,
    "expanded_elec_energy": -5939.526102402242,
    "expanded_hf_energy": -1691.2193151259603,
    "expanded_nuc_repulsion_energy": 4496.299166468065,
    "expanded_xc_energy": -247.99237919178324,
    "homo": -0.17240953336517165,
    "lumo": -0.1118476142585563,
    "method": "RestrictedKSDFT",
    "mp2_tflops": 0.0,
    "mp2_time": 6.95335580494966e-310,
    "n_atoms": 68,
    "nmers": [
      [
        {
          "fragments": [
            0
          ],
          "hf_energy": -1691.2193151259603,
          "num_basis_fns": 1508,
          "num_iters": 18,
          "schema_version": "0.2.0"
        }
      ]
    ],
    "num_iters": 18,
    "ri_fock_time": 0.29144124099999996,
    "ri_tflops": 2.0809188773389833,
    "scf_tflops": 36.364951890521425,
    "scf_time": 34.329884235,
    "schema_version": "0.2.0",
    "tflops": 34.0716109056795,
    "total_time": 34.530314,
    "transforms_time": 0.09606112699999998,
    "xc_tflops": 45.52790819036453,
    "xc_time": 25.482727798
  },
  "schema_version": "0.2.0"
}
