{
  "calculation_time": 28.610523501,
  "qmmbe": {
    "b_formation_time": 2.043937805,
    "b_tflops": 6.687133786584078,
    "diag_time": 3.879385022,
    "expanded_elec_energy": -5736.462997051227,
    "expanded_hf_energy": -1613.7864734327454,
    "expanded_nuc_repulsion_energy": 4359.071378428648,
    "expanded_xc_energy": -236.39485481016658,
    "homo": -0.17417817392562943,
    "lumo": -0.10787658073972406,
    "method": "RestrictedKSDFT",
    "mp2_tflops": 0.0,
    "mp2_time": 6.95335580496547e-310,
    "n_atoms": 64,
    "nmers": [
      [
        {
          "fragments": [
            0
          ],
          "hf_energy": -1613.7864734327454,
          "num_basis_fns": 1434,
          "num_iters": 17,
          "schema_version": "0.2.0"
        }
      ]
    ],
    "num_iters": 17,
    "ri_fock_time": 0.244540119,
    "ri_tflops": 2.0139396291698053,
    "scf_tflops": 35.75724973649451,
    "scf_time": 28.422428379,
    "schema_version": "0.2.0",
    "tflops": 33.13108220483102,
    "total_time": 28.606213,
    "transforms_time": 0.08584613400000002,
    "xc_tflops": 44.75603389941129,
    "xc_time": 20.842805179999996
  },
  "schema_version": "0.2.0"
}
