{
  "calculation_time": 25.905222924,
  "qmmbe": {
    "b_formation_time": 1.773467453,
    "b_tflops": 6.432179774745491,
    "diag_time": 3.6666635729999992,
    "expanded_elec_energy": -5309.379233293408,
    "expanded_hf_energy": -1537.568509256244,
    "expanded_nuc_repulsion_energy": 3997.326213550783,
    "expanded_xc_energy": -225.5154895136189,
    "homo": -0.16879195354114904,
    "lumo": -0.11374762969231958,
    "method": "RestrictedKSDFT",
    "mp2_tflops": 0.0,
    "mp2_time": 6.9533558049639e-310,
    "n_atoms": 62,
    "nmers": [
      [
        {
          "fragments": [
            0
          ],
          "hf_energy": -1537.568509256244,
          "num_basis_fns": 1372,
          "num_iters": 18,
          "schema_version": "0.2.0"
        }
      ]
    ],
    "num_iters": 18,
    "ri_fock_time": 0.22061271000000002,
    "ri_tflops": 2.070332456185321,
    "scf_tflops": 36.85820195258241,
    "scf_time": 25.73056196,
    "schema_version": "0.2.0",
    "tflops": 34.22022612989402,
    "total_time": 25.901003,
    "transforms_time": 0.08890801000000001,
    "xc_tflops": 46.66467939871273,
    "xc_time": 18.724843977
  },
  "schema_version": "0.2.0"
}
