{
  "calculation_time": 32.759272188,
  "qmmbe": {
    "b_formation_time": 2.204497664,
    "b_tflops": 7.009367968789102,
    "diag_time": 4.494455535999999,
    "expanded_elec_energy": -6042.568444829889,
    "expanded_hf_energy": -1691.2171678243506,
    "expanded_nuc_repulsion_energy": 4599.355963437409,
    "expanded_xc_energy": -248.00468643187043,
    "homo": -0.18361428114096115,
    "lumo": -0.0996746144315299,
    "method": "RestrictedKSDFT",
    "mp2_tflops": 0.0,
    "mp2_time": 6.95335580496547e-310,
    "n_atoms": 68,
    "nmers": [
      [
        {
          "fragments": [
            0
          ],
          "hf_energy": -1691.2171678243506,
          "num_basis_fns": 1508,
          "num_iters": 17,
          "schema_version": "0.2.0"
        }
      ]
    ],
    "num_iters": 17,
    "ri_fock_time": 0.27462735000000005,
    "ri_tflops": 2.0856373110981115,
    "scf_tflops": 36.53773212370375,
    "scf_time": 32.56088917,
    "schema_version": "0.2.0",
    "tflops": 34.036090466030345,
    "total_time": 32.754792,
    "transforms_time": 0.09368796600000003,
    "xc_tflops": 45.74854563206106,
    "xc_time": 23.999031046
  },
  "schema_version": "0.2.0"
}
