{
  "calculation_time": 34.702123297,
  "qmmbe": {
    "b_formation_time": 2.129489988,
    "b_tflops": 6.459353483018114,
    "diag_time": 4.807739361,
    "expanded_elec_energy": -5759.406478284547,
    "expanded_hf_energy": -1691.2278365089865,
    "expanded_nuc_repulsion_energy": 4316.166415930832,
    "expanded_xc_energy": -247.98777415527144,
    "homo": -0.17315448523615992,
    "lumo": -0.11222290218837613,
    "method": "RestrictedKSDFT",
    "mp2_tflops": 0.0,
    "mp2_time": 6.95335580494966e-310,
    "n_atoms": 68,
    "nmers": [
      [
        {
          "fragments": [
            0
          ],
          "hf_energy": -1691.2278365089865,
          "num_basis_fns": 1508,
          "num_iters": 18,
          "schema_version": "0.2.0"
        }
      ]
    ],
    "num_iters": 18,
    "ri_fock_time": 0.292084208,
    "ri_tflops": 2.076338136130934,
    "scf_tflops": 36.23482284297233,
    "scf_time": 34.521957615,
    "schema_version": "0.2.0",
    "tflops": 33.97522988760236,
    "total_time": 34.697608,
    "transforms_time": 0.09660600400000001,
    "xc_tflops": 45.30221119297609,
    "xc_time": 25.684419674
  },
  "schema_version": "0.2.0"
}
