{
  "calculation_time": 32.695738084,
  "qmmbe": {
    "b_formation_time": 2.138982064,
    "b_tflops": 6.637209823283493,
    "diag_time": 4.507220886999999,
    "expanded_elec_energy": -5844.867077764877,
    "expanded_hf_energy": -1691.2367692881446,
    "expanded_nuc_repulsion_energy": 4401.632479778273,
    "expanded_xc_energy": -248.00217130154056,
    "homo": -0.1846683640837669,
    "lumo": -0.09753569611178149,
    "method": "RestrictedKSDFT",
    "mp2_tflops": 0.0,
    "mp2_time": 6.95335580494966e-310,
    "n_atoms": 68,
    "nmers": [
      [
        {
          "fragments": [
            0
          ],
          "hf_energy": -1691.2367692881446,
          "num_basis_fns": 1508,
          "num_iters": 17,
          "schema_version": "0.2.0"
        }
      ]
    ],
    "num_iters": 17,
    "ri_fock_time": 0.274840324,
    "ri_tflops": 2.0840211489781244,
    "scf_tflops": 36.615101627068384,
    "scf_time": 32.496318956,
    "schema_version": "0.2.0",
    "tflops": 34.160811095328874,
    "total_time": 32.691332,
    "transforms_time": 0.09193975100000001,
    "xc_tflops": 45.893053585403564,
    "xc_time": 23.993126309
  },
  "schema_version": "0.2.0"
}
