{
  "calculation_time": 23.734587491,
  "qmmbe": {
    "b_formation_time": 1.781453749,
    "b_tflops": 5.759882423843943,
    "diag_time": 3.294687658,
    "expanded_elec_energy": -5101.18758280437,
    "expanded_hf_energy": -1537.5094825365527,
    "expanded_nuc_repulsion_energy": 3789.0794778652307,
    "expanded_xc_energy": -225.40137759741307,
    "homo": -0.17794639822236966,
    "lumo": -0.10242332679196614,
    "method": "RestrictedKSDFT",
    "mp2_tflops": 0.0,
    "mp2_time": 6.9533558049876e-310,
    "n_atoms": 62,
    "nmers": [
      [
        {
          "fragments": [
            0
          ],
          "hf_energy": -1537.5094825365527,
          "num_basis_fns": 1372,
          "num_iters": 16,
          "schema_version": "0.2.0"
        }
      ]
    ],
    "num_iters": 16,
    "ri_fock_time": 0.196988461,
    "ri_tflops": 2.0609967663029765,
    "scf_tflops": 36.394663620755175,
    "scf_time": 23.565271457,
    "schema_version": "0.2.0",
    "tflops": 33.521162773126825,
    "total_time": 23.730544,
    "transforms_time": 0.080686794,
    "xc_tflops": 45.96814622452102,
    "xc_time": 17.059456215
  },
  "schema_version": "0.2.0"
}
