{
  "calculation_time": 27.194835731,
  "qmmbe": {
    "b_formation_time": 2.023897647,
    "b_tflops": 6.552279988587782,
    "diag_time": 3.6911560320000003,
    "expanded_elec_energy": -5672.043608076123,
    "expanded_hf_energy": -1613.7051433630363,
    "expanded_nuc_repulsion_energy": 4294.630382495147,
    "expanded_xc_energy": -236.2919177820608,
    "homo": -0.17446704135348498,
    "lumo": -0.09980728965123621,
    "method": "RestrictedKSDFT",
    "mp2_tflops": 0.0,
    "mp2_time": 6.9533558049813e-310,
    "n_atoms": 64,
    "nmers": [
      [
        {
          "fragments": [
            0
          ],
          "hf_energy": -1613.7051433630363,
          "num_basis_fns": 1434,
          "num_iters": 16,
          "schema_version": "0.2.0"
        }
      ]
    ],
    "num_iters": 16,
    "ri_fock_time": 0.229961778,
    "ri_tflops": 2.0156353689698814,
    "scf_tflops": 35.6974395376196,
    "scf_time": 26.995185421,
    "schema_version": "0.2.0",
    "tflops": 32.95464764548056,
    "total_time": 27.190513,
    "transforms_time": 0.07760655899999998,
    "xc_tflops": 44.729337687779434,
    "xc_time": 19.710136266
  },
  "schema_version": "0.2.0"
}
