{
  "calculation_time": 22.832487465,
  "qmmbe": {
    "b_formation_time": 1.757085788,
    "b_tflops": 6.095654176903513,
    "diag_time": 3.2331874680000006,
    "expanded_elec_energy": -5209.966256757279,
    "expanded_hf_energy": -1536.3456054639735,
    "expanded_nuc_repulsion_energy": 3898.327474428316,
    "expanded_xc_energy": -224.70682313501064,
    "homo": -0.1778889538427048,
    "lumo": -0.10145233177339685,
    "method": "RestrictedKSDFT",
    "mp2_tflops": 0.0,
    "mp2_time": 6.9533558049876e-310,
    "n_atoms": 60,
    "nmers": [
      [
        {
          "fragments": [
            0
          ],
          "hf_energy": -1536.3456054639735,
          "num_basis_fns": 1360,
          "num_iters": 16,
          "schema_version": "0.2.0"
        }
      ]
    ],
    "num_iters": 16,
    "ri_fock_time": 0.18165467099999996,
    "ri_tflops": 2.1764950706937785,
    "scf_tflops": 36.15535988174073,
    "scf_time": 22.663696577,
    "schema_version": "0.2.0",
    "tflops": 33.22335137455153,
    "total_time": 22.828295,
    "transforms_time": 0.07928524299999998,
    "xc_tflops": 45.939329123103825,
    "xc_time": 16.255031828
  },
  "schema_version": "0.2.0"
}
