{
  "calculation_time": 33.24569498,
  "qmmbe": {
    "b_formation_time": 2.317947085,
    "b_tflops": 7.0908148500999975,
    "diag_time": 4.492105829,
    "expanded_elec_energy": -6186.287676702184,
    "expanded_hf_energy": -1691.099049166741,
    "expanded_nuc_repulsion_energy": 4743.074138787644,
    "expanded_xc_energy": -247.8855112522008,
    "homo": -0.1786648350292718,
    "lumo": -0.09944182059790062,
    "method": "RestrictedKSDFT",
    "mp2_tflops": 0.0,
    "mp2_time": 6.95335580496705e-310,
    "n_atoms": 68,
    "nmers": [
      [
        {
          "fragments": [
            0
          ],
          "hf_energy": -1691.099049166741,
          "num_basis_fns": 1508,
          "num_iters": 17,
          "schema_version": "0.2.0"
        }
      ]
    ],
    "num_iters": 17,
    "ri_fock_time": 0.2721465310000001,
    "ri_tflops": 2.1046494537459304,
    "scf_tflops": 36.00107823488863,
    "scf_time": 33.038350021,
    "schema_version": "0.2.0",
    "tflops": 33.45428058997237,
    "total_time": 33.241121,
    "transforms_time": 0.091655735,
    "xc_tflops": 44.91078782994149,
    "xc_time": 24.362839527
  },
  "schema_version": "0.2.0"
}
