{
  "calculation_time": 25.106244129,
  "qmmbe": {
    "b_formation_time": 3.587667605,
    "b_tflops": 2.482472395213993,
    "diag_time": 3.3092408520000007,
    "expanded_elec_energy": -4809.7124290724905,
    "expanded_hf_energy": -1460.1061361604197,
    "expanded_nuc_repulsion_energy": 3563.4237840104593,
    "expanded_xc_energy": -213.81749109838847,
    "homo": -0.17147019691544851,
    "lumo": -0.10655880491100476,
    "method": "RestrictedKSDFT",
    "mp2_tflops": 0.0,
    "mp2_time": 6.953355804986e-310,
    "n_atoms": 58,
    "nmers": [
      [
        {
          "fragments": [
            0
          ],
          "hf_energy": -1460.1061361604197,
          "num_basis_fns": 1298,
          "num_iters": 16,
          "schema_version": "0.2.0"
        }
      ]
    ],
    "num_iters": 16,
    "ri_fock_time": 0.205555151,
    "ri_tflops": 1.672319706198946,
    "scf_tflops": 33.76599703635087,
    "scf_time": 23.339822886,
    "schema_version": "0.2.0",
    "tflops": 27.698348842999504,
    "total_time": 23.532278,
    "transforms_time": 0.25307988,
    "xc_tflops": 44.071199664252035,
    "xc_time": 14.931562073000002
  },
  "schema_version": "0.2.0"
}
