{
  "calculation_time": 31.497815315,
  "qmmbe": {
    "b_formation_time": 2.157492809,
    "b_tflops": 6.826957424223796,
    "diag_time": 4.230596351,
    "expanded_elec_energy": -5922.116500889155,
    "expanded_hf_energy": -1691.116153757337,
    "expanded_nuc_repulsion_energy": 4478.874071192146,
    "expanded_xc_energy": -247.87372406032864,
    "homo": -0.17627736873459435,
    "lumo": -0.103646434257162,
    "method": "RestrictedKSDFT",
    "mp2_tflops": 0.0,
    "mp2_time": 6.953355805005e-310,
    "n_atoms": 68,
    "nmers": [
      [
        {
          "fragments": [
            0
          ],
          "hf_energy": -1691.116153757337,
          "num_basis_fns": 1508,
          "num_iters": 16,
          "schema_version": "0.2.0"
        }
      ]
    ],
    "num_iters": 16,
    "ri_fock_time": 0.258358319,
    "ri_tflops": 2.0865614765979337,
    "scf_tflops": 35.99040603342578,
    "scf_time": 31.306378092,
    "schema_version": "0.2.0",
    "tflops": 33.47862367806112,
    "total_time": 31.493386,
    "transforms_time": 0.08800716500000004,
    "xc_tflops": 44.85540621484091,
    "xc_time": 23.146398036
  },
  "schema_version": "0.2.0"
}
