{
  "calculation_time": 33.388322661,
  "qmmbe": {
    "b_formation_time": 2.299380023,
    "b_tflops": 7.6100821713436275,
    "diag_time": 4.521606670000001,
    "expanded_elec_energy": -6325.823520260077,
    "expanded_hf_energy": -1691.1003881394277,
    "expanded_nuc_repulsion_energy": 4882.621551222798,
    "expanded_xc_energy": -247.8984191021486,
    "homo": -0.1819334256991148,
    "lumo": -0.09474414037818389,
    "method": "RestrictedKSDFT",
    "mp2_tflops": 0.0,
    "mp2_time": 6.95335580496863e-310,
    "n_atoms": 68,
    "nmers": [
      [
        {
          "fragments": [
            0
          ],
          "hf_energy": -1691.1003881394277,
          "num_basis_fns": 1508,
          "num_iters": 17,
          "schema_version": "0.2.0"
        }
      ]
    ],
    "num_iters": 17,
    "ri_fock_time": 0.275214285,
    "ri_tflops": 2.081189382331662,
    "scf_tflops": 35.732406205331536,
    "scf_time": 33.165913577,
    "schema_version": "0.2.0",
    "tflops": 33.23111372284284,
    "total_time": 33.383824,
    "transforms_time": 0.09306553099999999,
    "xc_tflops": 44.578642444502584,
    "xc_time": 24.460443907000002
  },
  "schema_version": "0.2.0"
}
