{
  "calculation_time": 33.215280411,
  "qmmbe": {
    "b_formation_time": 2.199008279,
    "b_tflops": 6.762780999636245,
    "diag_time": 4.593995508999999,
    "expanded_elec_energy": -5948.4473927283125,
    "expanded_hf_energy": -1691.119769149951,
    "expanded_nuc_repulsion_energy": 4505.200980826052,
    "expanded_xc_energy": -247.87335724769025,
    "homo": -0.171365215443048,
    "lumo": -0.10676692945305291,
    "method": "RestrictedKSDFT",
    "mp2_tflops": 0.0,
    "mp2_time": 6.95335580496547e-310,
    "n_atoms": 68,
    "nmers": [
      [
        {
          "fragments": [
            0
          ],
          "hf_energy": -1691.119769149951,
          "num_basis_fns": 1508,
          "num_iters": 17,
          "schema_version": "0.2.0"
        }
      ]
    ],
    "num_iters": 17,
    "ri_fock_time": 0.275325417,
    "ri_tflops": 2.080349333704995,
    "scf_tflops": 35.987379627916376,
    "scf_time": 33.024307842,
    "schema_version": "0.2.0",
    "tflops": 33.56884960670839,
    "total_time": 33.210753,
    "transforms_time": 0.090914461,
    "xc_tflops": 45.01843274303196,
    "xc_time": 24.401642492000004
  },
  "schema_version": "0.2.0"
}
