{
  "calculation_time": 23.578390091,
  "qmmbe": {
    "b_formation_time": 1.759053518,
    "b_tflops": 6.257587019564461,
    "diag_time": 3.2421724649999994,
    "expanded_elec_energy": -5236.573011511926,
    "expanded_hf_energy": -1537.4910905822878,
    "expanded_nuc_repulsion_energy": 3924.4896486243774,
    "expanded_xc_energy": -225.40772769473938,
    "homo": -0.17745829454615664,
    "lumo": -0.09924022643076634,
    "method": "RestrictedKSDFT",
    "mp2_tflops": 0.0,
    "mp2_time": 6.9533558049876e-310,
    "n_atoms": 62,
    "nmers": [
      [
        {
          "fragments": [
            0
          ],
          "hf_energy": -1537.4910905822878,
          "num_basis_fns": 1372,
          "num_iters": 16,
          "schema_version": "0.2.0"
        }
      ]
    ],
    "num_iters": 16,
    "ri_fock_time": 0.20404384200000003,
    "ri_tflops": 1.9897320945368198,
    "scf_tflops": 36.59150243585929,
    "scf_time": 23.396880231,
    "schema_version": "0.2.0",
    "tflops": 33.707047031767,
    "total_time": 23.574248,
    "transforms_time": 0.082319657,
    "xc_tflops": 46.14692634277905,
    "xc_time": 16.958166677999998
  },
  "schema_version": "0.2.0"
}
