{
  "calculation_time": 35.005021841,
  "qmmbe": {
    "b_formation_time": 2.344064165,
    "b_tflops": 7.612975394236275,
    "diag_time": 4.7741674220000005,
    "expanded_elec_energy": -6360.053994557513,
    "expanded_hf_energy": -1691.1141882337056,
    "expanded_nuc_repulsion_energy": 4916.82692974856,
    "expanded_xc_energy": -247.8871234247531,
    "homo": -0.16984552921125443,
    "lumo": -0.10690173880245574,
    "method": "RestrictedKSDFT",
    "mp2_tflops": 0.0,
    "mp2_time": 6.95335580496547e-310,
    "n_atoms": 68,
    "nmers": [
      [
        {
          "fragments": [
            0
          ],
          "hf_energy": -1691.1141882337056,
          "num_basis_fns": 1508,
          "num_iters": 18,
          "schema_version": "0.2.0"
        }
      ]
    ],
    "num_iters": 18,
    "ri_fock_time": 0.288133948,
    "ri_tflops": 2.1048043253549564,
    "scf_tflops": 35.71391782435092,
    "scf_time": 34.779585108,
    "schema_version": "0.2.0",
    "tflops": 33.31338997615421,
    "total_time": 35.000602,
    "transforms_time": 0.09632588499999997,
    "xc_tflops": 44.59540038629474,
    "xc_time": 25.71101538
  },
  "schema_version": "0.2.0"
}
