{
  "calculation_time": 31.841580198,
  "qmmbe": {
    "b_formation_time": 2.180823815,
    "b_tflops": 6.839554328282131,
    "diag_time": 4.268003129999999,
    "expanded_elec_energy": -5950.148864942108,
    "expanded_hf_energy": -1691.1083615477205,
    "expanded_nuc_repulsion_energy": 4506.913901913829,
    "expanded_xc_energy": -247.87339851944174,
    "homo": -0.173090906070262,
    "lumo": -0.10588849107468638,
    "method": "RestrictedKSDFT",
    "mp2_tflops": 0.0,
    "mp2_time": 6.953355805005e-310,
    "n_atoms": 68,
    "nmers": [
      [
        {
          "fragments": [
            0
          ],
          "hf_energy": -1691.1083615477205,
          "num_basis_fns": 1508,
          "num_iters": 16,
          "schema_version": "0.2.0"
        }
      ]
    ],
    "num_iters": 16,
    "ri_fock_time": 0.25907076100000004,
    "ri_tflops": 2.0808234534193533,
    "scf_tflops": 35.54600619111605,
    "scf_time": 31.648084928,
    "schema_version": "0.2.0",
    "tflops": 33.09719770532286,
    "total_time": 31.836946,
    "transforms_time": 0.083659845,
    "xc_tflops": 44.22418137140035,
    "xc_time": 23.458051003999998
  },
  "schema_version": "0.2.0"
}
