{
  "calculation_time": 33.405473637,
  "qmmbe": {
    "b_formation_time": 2.239563374,
    "b_tflops": 6.837060639803088,
    "diag_time": 4.579303692999999,
    "expanded_elec_energy": -6021.596575801419,
    "expanded_hf_energy": -1691.1120293145118,
    "expanded_nuc_repulsion_energy": 4578.350804540171,
    "expanded_xc_energy": -247.8662580532641,
    "homo": -0.16833390634128034,
    "lumo": -0.11049365426447237,
    "method": "RestrictedKSDFT",
    "mp2_tflops": 0.0,
    "mp2_time": 6.95335580496705e-310,
    "n_atoms": 68,
    "nmers": [
      [
        {
          "fragments": [
            0
          ],
          "hf_energy": -1691.1120293145118,
          "num_basis_fns": 1508,
          "num_iters": 17,
          "schema_version": "0.2.0"
        }
      ]
    ],
    "num_iters": 17,
    "ri_fock_time": 0.273480464,
    "ri_tflops": 2.0943837794863476,
    "scf_tflops": 35.838575041672954,
    "scf_time": 33.209562992,
    "schema_version": "0.2.0",
    "tflops": 33.41146201941571,
    "total_time": 33.400902,
    "transforms_time": 0.08971690099999999,
    "xc_tflops": 44.74234744819685,
    "xc_time": 24.567548683000002
  },
  "schema_version": "0.2.0"
}
