{
  "calculation_time": 33.356316691,
  "qmmbe": {
    "b_formation_time": 2.247491717,
    "b_tflops": 7.213928579977054,
    "diag_time": 4.567462079999999,
    "expanded_elec_energy": -6143.378901066442,
    "expanded_hf_energy": -1691.1192944706559,
    "expanded_nuc_repulsion_energy": 4700.147029778635,
    "expanded_xc_energy": -247.88742318284915,
    "homo": -0.17693507319547255,
    "lumo": -0.09996146881394416,
    "method": "RestrictedKSDFT",
    "mp2_tflops": 0.0,
    "mp2_time": 6.95335580496705e-310,
    "n_atoms": 68,
    "nmers": [
      [
        {
          "fragments": [
            0
          ],
          "hf_energy": -1691.1192944706559,
          "num_basis_fns": 1508,
          "num_iters": 17,
          "schema_version": "0.2.0"
        }
      ]
    ],
    "num_iters": 17,
    "ri_fock_time": 0.274194308,
    "ri_tflops": 2.088931210811276,
    "scf_tflops": 35.78838543167313,
    "scf_time": 33.148840185,
    "schema_version": "0.2.0",
    "tflops": 33.35383719506504,
    "total_time": 33.35178,
    "transforms_time": 0.092170201,
    "xc_tflops": 44.738851539264566,
    "xc_time": 24.469501739
  },
  "schema_version": "0.2.0"
}
