{
  "calculation_time": 33.546492305,
  "qmmbe": {
    "b_formation_time": 2.183890564,
    "b_tflops": 6.626683271757568,
    "diag_time": 4.535593467,
    "expanded_elec_energy": -5898.554611899304,
    "expanded_hf_energy": -1691.1146578594423,
    "expanded_nuc_repulsion_energy": 4455.305007342187,
    "expanded_xc_energy": -247.86505330232532,
    "homo": -0.1713003425615476,
    "lumo": -0.10876935865192376,
    "method": "RestrictedKSDFT",
    "mp2_tflops": 0.0,
    "mp2_time": 6.95335580496547e-310,
    "n_atoms": 68,
    "nmers": [
      [
        {
          "fragments": [
            0
          ],
          "hf_energy": -1691.1146578594423,
          "num_basis_fns": 1508,
          "num_iters": 17,
          "schema_version": "0.2.0"
        }
      ]
    ],
    "num_iters": 17,
    "ri_fock_time": 0.269964637,
    "ri_tflops": 2.1216595409420234,
    "scf_tflops": 35.60692936965869,
    "scf_time": 33.359347849,
    "schema_version": "0.2.0",
    "tflops": 33.27551001614805,
    "total_time": 33.542056,
    "transforms_time": 0.08855886300000003,
    "xc_tflops": 44.327932779095995,
    "xc_time": 24.819228185000007
  },
  "schema_version": "0.2.0"
}
