{
  "calculation_time": 23.466426124,
  "qmmbe": {
    "b_formation_time": 1.760337087,
    "b_tflops": 6.321075164711337,
    "diag_time": 3.251939339,
    "expanded_elec_energy": -5259.005757842411,
    "expanded_hf_energy": -1537.49462051412,
    "expanded_nuc_repulsion_energy": 3946.9207870314535,
    "expanded_xc_energy": -225.40964970316242,
    "homo": -0.178150328405788,
    "lumo": -0.09772756093506743,
    "method": "RestrictedKSDFT",
    "mp2_tflops": 0.0,
    "mp2_time": 6.9533558049876e-310,
    "n_atoms": 62,
    "nmers": [
      [
        {
          "fragments": [
            0
          ],
          "hf_energy": -1537.49462051412,
          "num_basis_fns": 1372,
          "num_iters": 16,
          "schema_version": "0.2.0"
        }
      ]
    ],
    "num_iters": 16,
    "ri_fock_time": 0.20283426699999996,
    "ri_tflops": 2.001597595538431,
    "scf_tflops": 36.80627348075998,
    "scf_time": 23.282562075,
    "schema_version": "0.2.0",
    "tflops": 33.88502166600042,
    "total_time": 23.462233,
    "transforms_time": 0.08413223,
    "xc_tflops": 46.49763089468628,
    "xc_time": 16.836717265
  },
  "schema_version": "0.2.0"
}
