{
  "calculation_time": 28.451660632,
  "qmmbe": {
    "b_formation_time": 1.946993968,
    "b_tflops": 6.353004608686081,
    "diag_time": 3.8946337189999993,
    "expanded_elec_energy": -5529.435364789189,
    "expanded_hf_energy": -1613.7223489889823,
    "expanded_nuc_repulsion_energy": 4151.993442143533,
    "expanded_xc_energy": -236.28042634332573,
    "homo": -0.16753958634317678,
    "lumo": -0.11186129004059743,
    "method": "RestrictedKSDFT",
    "mp2_tflops": 0.0,
    "mp2_time": 6.9533558049813e-310,
    "n_atoms": 64,
    "nmers": [
      [
        {
          "fragments": [
            0
          ],
          "hf_energy": -1613.7223489889823,
          "num_basis_fns": 1434,
          "num_iters": 17,
          "schema_version": "0.2.0"
        }
      ]
    ],
    "num_iters": 17,
    "ri_fock_time": 0.23558048099999998,
    "ri_tflops": 2.090534132902123,
    "scf_tflops": 35.93180677193697,
    "scf_time": 28.278091122,
    "schema_version": "0.2.0",
    "tflops": 33.40281437911843,
    "total_time": 28.447446,
    "transforms_time": 0.08958326799999998,
    "xc_tflops": 45.011905089981234,
    "xc_time": 20.807686276
  },
  "schema_version": "0.2.0"
}
