{
  "calculation_time": 21.104189952,
  "qmmbe": {
    "b_formation_time": 1.612637464,
    "b_tflops": 5.7986467768232375,
    "diag_time": 2.894111838,
    "expanded_elec_energy": -4902.62165057492,
    "expanded_hf_energy": -1460.0899883889115,
    "expanded_nuc_repulsion_energy": 3656.354475165563,
    "expanded_xc_energy": -213.82281297955484,
    "homo": -0.1754641825287887,
    "lumo": -0.10157398402094778,
    "method": "RestrictedKSDFT",
    "mp2_tflops": 0.0,
    "mp2_time": 6.953355804986e-310,
    "n_atoms": 58,
    "nmers": [
      [
        {
          "fragments": [
            0
          ],
          "hf_energy": -1460.0899883889115,
          "num_basis_fns": 1298,
          "num_iters": 16,
          "schema_version": "0.2.0"
        }
      ]
    ],
    "num_iters": 16,
    "ri_fock_time": 0.17019285,
    "ri_tflops": 2.0197906652835296,
    "scf_tflops": 34.374701770128894,
    "scf_time": 20.932798591,
    "schema_version": "0.2.0",
    "tflops": 31.59264476359606,
    "total_time": 21.100458,
    "transforms_time": 0.073417512,
    "xc_tflops": 43.369330658018484,
    "xc_time": 15.134987679999998
  },
  "schema_version": "0.2.0"
}
