{
  "calculation_time": 31.322113078,
  "qmmbe": {
    "b_formation_time": 2.202265541,
    "b_tflops": 6.8690260825472365,
    "diag_time": 4.234887779,
    "expanded_elec_energy": -6005.927555789897,
    "expanded_hf_energy": -1691.1128793252706,
    "expanded_nuc_repulsion_energy": 4562.690445909078,
    "expanded_xc_energy": -247.87576944445158,
    "homo": -0.16775015330980142,
    "lumo": -0.11081357061173244,
    "method": "RestrictedKSDFT",
    "mp2_tflops": 0.0,
    "mp2_time": 6.953355805005e-310,
    "n_atoms": 68,
    "nmers": [
      [
        {
          "fragments": [
            0
          ],
          "hf_energy": -1691.1128793252706,
          "num_basis_fns": 1508,
          "num_iters": 16,
          "schema_version": "0.2.0"
        }
      ]
    ],
    "num_iters": 16,
    "ri_fock_time": 0.26097871699999997,
    "ri_tflops": 2.065611026756638,
    "scf_tflops": 36.24966875200312,
    "scf_time": 31.11201802,
    "schema_version": "0.2.0",
    "tflops": 33.66273544759307,
    "total_time": 31.317539,
    "transforms_time": 0.08911414499999999,
    "xc_tflops": 45.279583410950906,
    "xc_time": 22.918361404000002
  },
  "schema_version": "0.2.0"
}
