{
  "calculation_time": 24.861831597,
  "qmmbe": {
    "b_formation_time": 1.775359358,
    "b_tflops": 5.890219774511702,
    "diag_time": 3.47006033,
    "expanded_elec_energy": -5151.471506752416,
    "expanded_hf_energy": -1537.5011602872657,
    "expanded_nuc_repulsion_energy": 3839.367909961748,
    "expanded_xc_energy": -225.3975634965979,
    "homo": -0.17503684054128102,
    "lumo": -0.10378690762434234,
    "method": "RestrictedKSDFT",
    "mp2_tflops": 0.0,
    "mp2_time": 6.9533558049876e-310,
    "n_atoms": 62,
    "nmers": [
      [
        {
          "fragments": [
            0
          ],
          "hf_energy": -1537.5011602872657,
          "num_basis_fns": 1372,
          "num_iters": 17,
          "schema_version": "0.2.0"
        }
      ]
    ],
    "num_iters": 17,
    "ri_fock_time": 0.21607173799999996,
    "ri_tflops": 1.9964069407355816,
    "scf_tflops": 36.608508159149174,
    "scf_time": 24.688839994,
    "schema_version": "0.2.0",
    "tflops": 33.85304902019723,
    "total_time": 24.857833,
    "transforms_time": 0.08576557900000001,
    "xc_tflops": 46.29031725598297,
    "xc_time": 17.929562468
  },
  "schema_version": "0.2.0"
}
