{
  "calculation_time": 25.008674251,
  "qmmbe": {
    "b_formation_time": 1.757580241,
    "b_tflops": 6.393177156658761,
    "diag_time": 3.437896517000001,
    "expanded_elec_energy": -5282.459010998038,
    "expanded_hf_energy": -1537.4755680387752,
    "expanded_nuc_repulsion_energy": 3970.3805537967773,
    "expanded_xc_energy": -225.39711083751448,
    "homo": -0.16812476432443574,
    "lumo": -0.11191239339340785,
    "method": "RestrictedKSDFT",
    "mp2_tflops": 0.0,
    "mp2_time": 6.9533558049813e-310,
    "n_atoms": 62,
    "nmers": [
      [
        {
          "fragments": [
            0
          ],
          "hf_energy": -1537.4755680387752,
          "num_basis_fns": 1372,
          "num_iters": 17,
          "schema_version": "0.2.0"
        }
      ]
    ],
    "num_iters": 17,
    "ri_fock_time": 0.20895609000000004,
    "ri_tflops": 2.064391219418395,
    "scf_tflops": 36.318362152517906,
    "scf_time": 24.83676441,
    "schema_version": "0.2.0",
    "tflops": 33.62627573132631,
    "total_time": 25.004611,
    "transforms_time": 0.08952941200000002,
    "xc_tflops": 45.71740921674236,
    "xc_time": 18.121696007
  },
  "schema_version": "0.2.0"
}
