{
  "calculation_time": 34.86264813,
  "qmmbe": {
    "b_formation_time": 2.35491814,
    "b_tflops": 8.363969355768774,
    "diag_time": 4.889273852,
    "expanded_elec_energy": -6624.948856830096,
    "expanded_hf_energy": -1691.1024112099292,
    "expanded_nuc_repulsion_energy": 5181.761180542255,
    "expanded_xc_energy": -247.91473492208826,
    "homo": -0.17308448216064223,
    "lumo": -0.09958063734927598,
    "method": "RestrictedKSDFT",
    "mp2_tflops": 0.0,
    "mp2_time": 6.95335580496705e-310,
    "n_atoms": 68,
    "nmers": [
      [
        {
          "fragments": [
            0
          ],
          "hf_energy": -1691.1024112099292,
          "num_basis_fns": 1508,
          "num_iters": 18,
          "schema_version": "0.2.0"
        }
      ]
    ],
    "num_iters": 18,
    "ri_fock_time": 0.289586076,
    "ri_tflops": 2.09424979408195,
    "scf_tflops": 35.78539616617309,
    "scf_time": 34.598867042,
    "schema_version": "0.2.0",
    "tflops": 33.3630754596209,
    "total_time": 34.858154999999996,
    "transforms_time": 0.0938561,
    "xc_tflops": 44.94413893208269,
    "xc_time": 25.403745123
  },
  "schema_version": "0.2.0"
}
