{
  "calculation_time": 31.582438252,
  "qmmbe": {
    "b_formation_time": 2.163538556,
    "b_tflops": 6.762248425294993,
    "diag_time": 4.308308254999999,
    "expanded_elec_energy": -5922.62460716133,
    "expanded_hf_energy": -1691.1306284054303,
    "expanded_nuc_repulsion_energy": 4479.37117655615,
    "expanded_xc_energy": -247.87719780025105,
    "homo": -0.17906350567298848,
    "lumo": -0.09930218776992729,
    "method": "RestrictedKSDFT",
    "mp2_tflops": 0.0,
    "mp2_time": 6.95335580496547e-310,
    "n_atoms": 68,
    "nmers": [
      [
        {
          "fragments": [
            0
          ],
          "hf_energy": -1691.1306284054303,
          "num_basis_fns": 1508,
          "num_iters": 16,
          "schema_version": "0.2.0"
        }
      ]
    ],
    "num_iters": 16,
    "ri_fock_time": 0.257235253,
    "ri_tflops": 2.0956712165109033,
    "scf_tflops": 35.85804810107526,
    "scf_time": 31.394101395,
    "schema_version": "0.2.0",
    "tflops": 33.39118329432008,
    "total_time": 31.577912,
    "transforms_time": 0.08426564300000003,
    "xc_tflops": 44.838369533574635,
    "xc_time": 23.159222169000003
  },
  "schema_version": "0.2.0"
}
