{
  "calculation_time": 27.231292549,
  "qmmbe": {
    "b_formation_time": 1.994326677,
    "b_tflops": 6.486386135731363,
    "diag_time": 3.6515040439999997,
    "expanded_elec_energy": -5614.838352613847,
    "expanded_hf_energy": -1613.7237871807142,
    "expanded_nuc_repulsion_energy": 4237.4067631559765,
    "expanded_xc_energy": -236.2921977228439,
    "homo": -0.17125601302896004,
    "lumo": -0.10742133861824445,
    "method": "RestrictedKSDFT",
    "mp2_tflops": 0.0,
    "mp2_time": 6.95335580496705e-310,
    "n_atoms": 64,
    "nmers": [
      [
        {
          "fragments": [
            0
          ],
          "hf_energy": -1613.7237871807142,
          "num_basis_fns": 1434,
          "num_iters": 16,
          "schema_version": "0.2.0"
        }
      ]
    ],
    "num_iters": 16,
    "ri_fock_time": 0.22979075599999998,
    "ri_tflops": 2.017135507609366,
    "scf_tflops": 35.65669880477392,
    "scf_time": 27.050683867,
    "schema_version": "0.2.0",
    "tflops": 32.94715990085853,
    "total_time": 27.226812,
    "transforms_time": 0.08401343599999998,
    "xc_tflops": 44.60031840032286,
    "xc_time": 19.796298042
  },
  "schema_version": "0.2.0"
}
