{
  "calculation_time": 22.816528824,
  "qmmbe": {
    "b_formation_time": 1.771310358,
    "b_tflops": 6.249508960416749,
    "diag_time": 3.2038510199999997,
    "expanded_elec_energy": -5271.777949545953,
    "expanded_hf_energy": -1536.3372642516658,
    "expanded_nuc_repulsion_energy": 3960.1602093524707,
    "expanded_xc_energy": -224.7195240581838,
    "homo": -0.18183913931773327,
    "lumo": -0.09389579214696593,
    "method": "RestrictedKSDFT",
    "mp2_tflops": 0.0,
    "mp2_time": 6.9533558049876e-310,
    "n_atoms": 60,
    "nmers": [
      [
        {
          "fragments": [
            0
          ],
          "hf_energy": -1536.3372642516658,
          "num_basis_fns": 1360,
          "num_iters": 16,
          "schema_version": "0.2.0"
        }
      ]
    ],
    "num_iters": 16,
    "ri_fock_time": 0.182027453,
    "ri_tflops": 2.1720377310339005,
    "scf_tflops": 36.204029091274386,
    "scf_time": 22.646590876,
    "schema_version": "0.2.0",
    "tflops": 33.260705302669564,
    "total_time": 22.812522,
    "transforms_time": 0.08059396799999999,
    "xc_tflops": 45.90682977754551,
    "xc_time": 16.26535135
  },
  "schema_version": "0.2.0"
}
