{
  "calculation_time": 33.582580069,
  "qmmbe": {
    "b_formation_time": 2.213372387,
    "b_tflops": 7.280279488348022,
    "diag_time": 4.552277609999999,
    "expanded_elec_energy": -6137.851106567307,
    "expanded_hf_energy": -1691.0887845084283,
    "expanded_nuc_repulsion_energy": 4694.649889260142,
    "expanded_xc_energy": -247.887567201263,
    "homo": -0.17743048591636015,
    "lumo": -0.09829203565559853,
    "method": "RestrictedKSDFT",
    "mp2_tflops": 0.0,
    "mp2_time": 6.95335580496863e-310,
    "n_atoms": 68,
    "nmers": [
      [
        {
          "fragments": [
            0
          ],
          "hf_energy": -1691.0887845084283,
          "num_basis_fns": 1508,
          "num_iters": 17,
          "schema_version": "0.2.0"
        }
      ]
    ],
    "num_iters": 17,
    "ri_fock_time": 0.271747294,
    "ri_tflops": 2.107741495332057,
    "scf_tflops": 35.45302815848158,
    "scf_time": 33.376009994,
    "schema_version": "0.2.0",
    "tflops": 33.11187354895384,
    "total_time": 33.578199,
    "transforms_time": 0.08839210200000001,
    "xc_tflops": 44.1670746412155,
    "xc_time": 24.775558496000006
  },
  "schema_version": "0.2.0"
}
