{
  "calculation_time": 28.693138259,
  "qmmbe": {
    "b_formation_time": 1.957213187,
    "b_tflops": 6.465679733638541,
    "diag_time": 3.9280140059999997,
    "expanded_elec_energy": -5573.224171714706,
    "expanded_hf_energy": -1613.7299076528482,
    "expanded_nuc_repulsion_energy": 4195.784402474578,
    "expanded_xc_energy": -236.29013841272007,
    "homo": -0.17462602084250176,
    "lumo": -0.1034923451562035,
    "method": "RestrictedKSDFT",
    "mp2_tflops": 0.0,
    "mp2_time": 6.9533558049813e-310,
    "n_atoms": 64,
    "nmers": [
      [
        {
          "fragments": [
            0
          ],
          "hf_energy": -1613.7299076528482,
          "num_basis_fns": 1434,
          "num_iters": 17,
          "schema_version": "0.2.0"
        }
      ]
    ],
    "num_iters": 17,
    "ri_fock_time": 0.236176049,
    "ri_tflops": 2.085262407688089,
    "scf_tflops": 35.643544115681834,
    "scf_time": 28.512370091,
    "schema_version": "0.2.0",
    "tflops": 33.13895186560389,
    "total_time": 28.688757,
    "transforms_time": 0.08572927600000001,
    "xc_tflops": 44.63201607980386,
    "xc_time": 20.989756595
  },
  "schema_version": "0.2.0"
}
