{
  "calculation_time": 35.989347994,
  "qmmbe": {
    "b_formation_time": 4.206014048,
    "b_tflops": 3.460223207128955,
    "diag_time": 4.766703001,
    "expanded_elec_energy": -5907.314948565367,
    "expanded_hf_energy": -1691.1196014948466,
    "expanded_nuc_repulsion_energy": 4464.070175739059,
    "expanded_xc_energy": -247.8748286685389,
    "homo": -0.17780490926058704,
    "lumo": -0.0980616243923644,
    "method": "RestrictedKSDFT",
    "mp2_tflops": 0.0,
    "mp2_time": 6.95335580496705e-310,
    "n_atoms": 68,
    "nmers": [
      [
        {
          "fragments": [
            0
          ],
          "hf_energy": -1691.1196014948466,
          "num_basis_fns": 1508,
          "num_iters": 16,
          "schema_version": "0.2.0"
        }
      ]
    ],
    "num_iters": 16,
    "ri_fock_time": 0.291977065,
    "ri_tflops": 1.8463111668856593,
    "scf_tflops": 35.15228567222055,
    "scf_time": 34.071356821,
    "schema_version": "0.2.0",
    "tflops": 30.27765481009424,
    "total_time": 34.355283,
    "transforms_time": 0.27016428999999986,
    "xc_tflops": 44.94748143585003,
    "xc_time": 23.076353058
  },
  "schema_version": "0.2.0"
}
