{
  "calculation_time": 31.52399774,
  "qmmbe": {
    "b_formation_time": 2.19245424,
    "b_tflops": 6.840930742614724,
    "diag_time": 4.261794695,
    "expanded_elec_energy": -5971.951982727349,
    "expanded_hf_energy": -1691.12605513779,
    "expanded_nuc_repulsion_energy": 4528.714380021254,
    "expanded_xc_energy": -247.88845243169555,
    "homo": -0.18820906571557938,
    "lumo": -0.08993197175546874,
    "method": "RestrictedKSDFT",
    "mp2_tflops": 0.0,
    "mp2_time": 6.95335580496547e-310,
    "n_atoms": 68,
    "nmers": [
      [
        {
          "fragments": [
            0
          ],
          "hf_energy": -1691.12605513779,
          "num_basis_fns": 1508,
          "num_iters": 16,
          "schema_version": "0.2.0"
        }
      ]
    ],
    "num_iters": 16,
    "ri_fock_time": 0.257439902,
    "ri_tflops": 2.094005285878333,
    "scf_tflops": 35.97576991665309,
    "scf_time": 31.332903878,
    "schema_version": "0.2.0",
    "tflops": 33.42916470698857,
    "total_time": 31.519604,
    "transforms_time": 0.08586397200000002,
    "xc_tflops": 44.91597412477145,
    "xc_time": 23.094070031
  },
  "schema_version": "0.2.0"
}
