{
  "calculation_time": 31.655040966,
  "qmmbe": {
    "b_formation_time": 2.216631131,
    "b_tflops": 6.727954517852523,
    "diag_time": 4.317704943000001,
    "expanded_elec_energy": -5964.389398654712,
    "expanded_hf_energy": -1691.1109440998111,
    "expanded_nuc_repulsion_energy": 4521.159364019041,
    "expanded_xc_energy": -247.88090946414053,
    "homo": -0.18122277074914334,
    "lumo": -0.09632443054768015,
    "method": "RestrictedKSDFT",
    "mp2_tflops": 0.0,
    "mp2_time": 6.95335580496863e-310,
    "n_atoms": 68,
    "nmers": [
      [
        {
          "fragments": [
            0
          ],
          "hf_energy": -1691.1109440998111,
          "num_basis_fns": 1508,
          "num_iters": 16,
          "schema_version": "0.2.0"
        }
      ]
    ],
    "num_iters": 16,
    "ri_fock_time": 0.258043256,
    "ri_tflops": 2.089109104963394,
    "scf_tflops": 35.81563601401522,
    "scf_time": 31.464680131,
    "schema_version": "0.2.0",
    "tflops": 33.30349059903383,
    "total_time": 31.650456,
    "transforms_time": 0.085914201,
    "xc_tflops": 44.75027088087841,
    "xc_time": 23.190719045
  },
  "schema_version": "0.2.0"
}
