{
  "calculation_time": 33.473850798,
  "qmmbe": {
    "b_formation_time": 2.118800341,
    "b_tflops": 6.46197469542129,
    "diag_time": 4.515228639,
    "expanded_elec_energy": -5766.322178186862,
    "expanded_hf_energy": -1691.1259926154294,
    "expanded_nuc_repulsion_energy": 4323.063067178452,
    "expanded_xc_energy": -247.8668816070189,
    "homo": -0.16478138867951625,
    "lumo": -0.11481677980297944,
    "method": "RestrictedKSDFT",
    "mp2_tflops": 0.0,
    "mp2_time": 6.95335580496705e-310,
    "n_atoms": 68,
    "nmers": [
      [
        {
          "fragments": [
            0
          ],
          "hf_energy": -1691.1259926154294,
          "num_basis_fns": 1508,
          "num_iters": 17,
          "schema_version": "0.2.0"
        }
      ]
    ],
    "num_iters": 17,
    "ri_fock_time": 0.27450930300000004,
    "ri_tflops": 2.0865341959212214,
    "scf_tflops": 35.64635698247775,
    "scf_time": 33.293974027,
    "schema_version": "0.2.0",
    "tflops": 33.3790372275994,
    "total_time": 33.469551,
    "transforms_time": 0.08822615100000002,
    "xc_tflops": 44.32274507924546,
    "xc_time": 24.863614575
  },
  "schema_version": "0.2.0"
}
