{
  "calculation_time": 23.484224769,
  "qmmbe": {
    "b_formation_time": 1.786047903,
    "b_tflops": 5.963970372387039,
    "diag_time": 3.2660290790000004,
    "expanded_elec_energy": -5180.4680649062075,
    "expanded_hf_energy": -1537.5042737950862,
    "expanded_nuc_repulsion_energy": 3868.3752988769256,
    "expanded_xc_energy": -225.41150776580443,
    "homo": -0.1906820395082789,
    "lumo": -0.08757805935284901,
    "method": "RestrictedKSDFT",
    "mp2_tflops": 0.0,
    "mp2_time": 6.9533558049876e-310,
    "n_atoms": 62,
    "nmers": [
      [
        {
          "fragments": [
            0
          ],
          "hf_energy": -1537.5042737950862,
          "num_basis_fns": 1372,
          "num_iters": 16,
          "schema_version": "0.2.0"
        }
      ]
    ],
    "num_iters": 16,
    "ri_fock_time": 0.19660919000000002,
    "ri_tflops": 2.064972553521023,
    "scf_tflops": 36.85257056686876,
    "scf_time": 23.321893052,
    "schema_version": "0.2.0",
    "tflops": 33.904239774457686,
    "total_time": 23.480208,
    "transforms_time": 0.08176901900000001,
    "xc_tflops": 46.5673645517784,
    "xc_time": 16.844522103000003
  },
  "schema_version": "0.2.0"
}
