{
  "calculation_time": 19.299403931,
  "qmmbe": {
    "b_formation_time": 1.493582136,
    "b_tflops": 5.273141499983769,
    "diag_time": 2.547781052,
    "expanded_elec_energy": -4546.152110537311,
    "expanded_hf_energy": -1383.8445654170496,
    "expanded_nuc_repulsion_energy": 3365.232837366878,
    "expanded_xc_energy": -202.9252922466161,
    "homo": -0.1668135949802267,
    "lumo": -0.11137071915181176,
    "method": "RestrictedKSDFT",
    "mp2_tflops": 0.0,
    "mp2_time": 6.953355804986e-310,
    "n_atoms": 56,
    "nmers": [
      [
        {
          "fragments": [
            0
          ],
          "hf_energy": -1383.8445654170496,
          "num_basis_fns": 1236,
          "num_iters": 16,
          "schema_version": "0.2.0"
        }
      ]
    ],
    "num_iters": 16,
    "ri_fock_time": 0.14168761900000001,
    "ri_tflops": 2.095013281181611,
    "scf_tflops": 32.957096645268265,
    "scf_time": 19.154727785,
    "schema_version": "0.2.0",
    "tflops": 30.209303968503296,
    "total_time": 19.295608,
    "transforms_time": 0.07418806700000002,
    "xc_tflops": 41.29241616711365,
    "xc_time": 13.907692621999999
  },
  "schema_version": "0.2.0"
}
