{
  "calculation_time": 33.064573369,
  "qmmbe": {
    "b_formation_time": 2.227097254,
    "b_tflops": 6.958384250978921,
    "diag_time": 4.547755137999999,
    "expanded_elec_energy": -6046.100709750634,
    "expanded_hf_energy": -1691.1043759715906,
    "expanded_nuc_repulsion_energy": 4602.860707145834,
    "expanded_xc_energy": -247.86437336678972,
    "homo": -0.16970865437978327,
    "lumo": -0.10899007020861635,
    "method": "RestrictedKSDFT",
    "mp2_tflops": 0.0,
    "mp2_time": 6.95335580496705e-310,
    "n_atoms": 68,
    "nmers": [
      [
        {
          "fragments": [
            0
          ],
          "hf_energy": -1691.1043759715906,
          "num_basis_fns": 1508,
          "num_iters": 17,
          "schema_version": "0.2.0"
        }
      ]
    ],
    "num_iters": 17,
    "ri_fock_time": 0.275315545,
    "ri_tflops": 2.0804239288704167,
    "scf_tflops": 36.169098165394445,
    "scf_time": 32.849580855,
    "schema_version": "0.2.0",
    "tflops": 33.69991899980149,
    "total_time": 33.060081,
    "transforms_time": 0.089636131,
    "xc_tflops": 45.29907096966632,
    "xc_time": 24.220552276
  },
  "schema_version": "0.2.0"
}
