{
  "calculation_time": 31.599928114,
  "qmmbe": {
    "b_formation_time": 2.134649761,
    "b_tflops": 6.76861749622073,
    "diag_time": 4.264990871000001,
    "expanded_elec_energy": -5890.600851327954,
    "expanded_hf_energy": -1691.1173944155694,
    "expanded_nuc_repulsion_energy": 4447.351915943065,
    "expanded_xc_energy": -247.86845903068067,
    "homo": -0.1759531745522631,
    "lumo": -0.10303819747757356,
    "method": "RestrictedKSDFT",
    "mp2_tflops": 0.0,
    "mp2_time": 6.95335580496547e-310,
    "n_atoms": 68,
    "nmers": [
      [
        {
          "fragments": [
            0
          ],
          "hf_energy": -1691.1173944155694,
          "num_basis_fns": 1508,
          "num_iters": 16,
          "schema_version": "0.2.0"
        }
      ]
    ],
    "num_iters": 16,
    "ri_fock_time": 0.258463933,
    "ri_tflops": 2.0857088620716766,
    "scf_tflops": 35.83756182387039,
    "scf_time": 31.398149893,
    "schema_version": "0.2.0",
    "tflops": 33.3721223328205,
    "total_time": 31.595318,
    "transforms_time": 0.08565420599999998,
    "xc_tflops": 44.71447870515387,
    "xc_time": 23.226821700000002
  },
  "schema_version": "0.2.0"
}
