{
  "calculation_time": 35.037372789,
  "qmmbe": {
    "b_formation_time": 2.347061438,
    "b_tflops": 8.338049061466451,
    "diag_time": 4.764842112999999,
    "expanded_elec_energy": -6600.98396706003,
    "expanded_hf_energy": -1691.1030404135267,
    "expanded_nuc_repulsion_energy": 5157.784240477364,
    "expanded_xc_energy": -247.90331383086,
    "homo": -0.1670914026526674,
    "lumo": -0.10382163904092143,
    "method": "RestrictedKSDFT",
    "mp2_tflops": 0.0,
    "mp2_time": 6.95335580496547e-310,
    "n_atoms": 68,
    "nmers": [
      [
        {
          "fragments": [
            0
          ],
          "hf_energy": -1691.1030404135267,
          "num_basis_fns": 1508,
          "num_iters": 18,
          "schema_version": "0.2.0"
        }
      ]
    ],
    "num_iters": 18,
    "ri_fock_time": 0.289535778,
    "ri_tflops": 2.0946136060324814,
    "scf_tflops": 35.631883741646206,
    "scf_time": 34.793718656,
    "schema_version": "0.2.0",
    "tflops": 33.242401607213836,
    "total_time": 35.032855,
    "transforms_time": 0.100175179,
    "xc_tflops": 44.492196289536274,
    "xc_time": 25.700142339000003
  },
  "schema_version": "0.2.0"
}
