{
  "calculation_time": 31.290566149,
  "qmmbe": {
    "b_formation_time": 2.182295799,
    "b_tflops": 6.726607156975974,
    "diag_time": 4.324156976,
    "expanded_elec_energy": -5918.026140482629,
    "expanded_hf_energy": -1691.1149893866063,
    "expanded_nuc_repulsion_energy": 4474.778575842384,
    "expanded_xc_energy": -247.86742474636173,
    "homo": -0.17461526636434446,
    "lumo": -0.10384764771844218,
    "method": "RestrictedKSDFT",
    "mp2_tflops": 0.0,
    "mp2_time": 6.95335580496705e-310,
    "n_atoms": 68,
    "nmers": [
      [
        {
          "fragments": [
            0
          ],
          "hf_energy": -1691.1149893866063,
          "num_basis_fns": 1508,
          "num_iters": 16,
          "schema_version": "0.2.0"
        }
      ]
    ],
    "num_iters": 16,
    "ri_fock_time": 0.25580429499999996,
    "ri_tflops": 2.1073943093254166,
    "scf_tflops": 36.29684794430428,
    "scf_time": 31.102057649,
    "schema_version": "0.2.0",
    "tflops": 33.724354431687004,
    "total_time": 31.286069,
    "transforms_time": 0.08483246600000004,
    "xc_tflops": 45.48686964223074,
    "xc_time": 22.842970929999996
  },
  "schema_version": "0.2.0"
}
