{
  "calculation_time": 31.472635034,
  "qmmbe": {
    "b_formation_time": 2.161948714,
    "b_tflops": 6.713242569397971,
    "diag_time": 4.236750861999999,
    "expanded_elec_energy": -5883.038631339313,
    "expanded_hf_energy": -1691.110048712453,
    "expanded_nuc_repulsion_energy": 4439.803011406673,
    "expanded_xc_energy": -247.87442877981334,
    "homo": -0.17713068577313312,
    "lumo": -0.09880700647804411,
    "method": "RestrictedKSDFT",
    "mp2_tflops": 0.0,
    "mp2_time": 6.95335580496705e-310,
    "n_atoms": 68,
    "nmers": [
      [
        {
          "fragments": [
            0
          ],
          "hf_energy": -1691.110048712453,
          "num_basis_fns": 1508,
          "num_iters": 16,
          "schema_version": "0.2.0"
        }
      ]
    ],
    "num_iters": 16,
    "ri_fock_time": 0.258128091,
    "ri_tflops": 2.0884225095206705,
    "scf_tflops": 36.003687039727026,
    "scf_time": 31.272020697,
    "schema_version": "0.2.0",
    "tflops": 33.48207035337523,
    "total_time": 31.468253,
    "transforms_time": 0.08656470799999999,
    "xc_tflops": 44.88727496409553,
    "xc_time": 23.118614954999998
  },
  "schema_version": "0.2.0"
}
