{
  "calculation_time": 27.124578576,
  "qmmbe": {
    "b_formation_time": 1.941931195,
    "b_tflops": 6.496286705657458,
    "diag_time": 3.6516235620000006,
    "expanded_elec_energy": -5570.675952633113,
    "expanded_hf_energy": -1613.7328874668797,
    "expanded_nuc_repulsion_energy": 4193.235575076103,
    "expanded_xc_energy": -236.29250990986884,
    "homo": -0.17567374838456945,
    "lumo": -0.10317485185105708,
    "method": "RestrictedKSDFT",
    "mp2_tflops": 0.0,
    "mp2_time": 6.9533558049813e-310,
    "n_atoms": 64,
    "nmers": [
      [
        {
          "fragments": [
            0
          ],
          "hf_energy": -1613.7328874668797,
          "num_basis_fns": 1434,
          "num_iters": 16,
          "schema_version": "0.2.0"
        }
      ]
    ],
    "num_iters": 16,
    "ri_fock_time": 0.22246650900000003,
    "ri_tflops": 2.083545497843902,
    "scf_tflops": 35.70183601354037,
    "scf_time": 26.934954349,
    "schema_version": "0.2.0",
    "tflops": 33.0932250189078,
    "total_time": 27.120356,
    "transforms_time": 0.07878996099999999,
    "xc_tflops": 44.619667410379904,
    "xc_time": 19.805107573999997
  },
  "schema_version": "0.2.0"
}
