{
  "calculation_time": 33.290690321,
  "qmmbe": {
    "b_formation_time": 2.249493424,
    "b_tflops": 7.186004276361911,
    "diag_time": 4.527385964,
    "expanded_elec_energy": -6142.7761905005245,
    "expanded_hf_energy": -1691.1031232901114,
    "expanded_nuc_repulsion_energy": 4699.550136218445,
    "expanded_xc_energy": -247.87706900803187,
    "homo": -0.16849259300703728,
    "lumo": -0.10801401863915736,
    "method": "RestrictedKSDFT",
    "mp2_tflops": 0.0,
    "mp2_time": 6.95335580496547e-310,
    "n_atoms": 68,
    "nmers": [
      [
        {
          "fragments": [
            0
          ],
          "hf_energy": -1691.1031232901114,
          "num_basis_fns": 1508,
          "num_iters": 17,
          "schema_version": "0.2.0"
        }
      ]
    ],
    "num_iters": 17,
    "ri_fock_time": 0.275351405,
    "ri_tflops": 2.0801529878084333,
    "scf_tflops": 35.87751377684066,
    "scf_time": 33.070038161,
    "schema_version": "0.2.0",
    "tflops": 33.425969183092036,
    "total_time": 33.286127,
    "transforms_time": 0.09190250299999997,
    "xc_tflops": 44.787949971158525,
    "xc_time": 24.448606422
  },
  "schema_version": "0.2.0"
}
