{
  "calculation_time": 35.268154685,
  "qmmbe": {
    "b_formation_time": 2.335747377,
    "b_tflops": 7.889717300817502,
    "diag_time": 4.813152919999999,
    "expanded_elec_energy": -6454.320032659152,
    "expanded_hf_energy": -1691.107544244987,
    "expanded_nuc_repulsion_energy": 5011.112219551483,
    "expanded_xc_energy": -247.8997311373173,
    "homo": -0.1702448015597639,
    "lumo": -0.1028665854769202,
    "method": "RestrictedKSDFT",
    "mp2_tflops": 0.0,
    "mp2_time": 6.95335580496547e-310,
    "n_atoms": 68,
    "nmers": [
      [
        {
          "fragments": [
            0
          ],
          "hf_energy": -1691.107544244987,
          "num_basis_fns": 1508,
          "num_iters": 18,
          "schema_version": "0.2.0"
        }
      ]
    ],
    "num_iters": 18,
    "ri_fock_time": 0.29099439599999993,
    "ri_tflops": 2.084114293500003,
    "scf_tflops": 35.34545184978523,
    "scf_time": 35.033436428,
    "schema_version": "0.2.0",
    "tflops": 33.017040049693186,
    "total_time": 35.263606,
    "transforms_time": 0.09568112700000002,
    "xc_tflops": 44.139048439210256,
    "xc_time": 25.925138340999997
  },
  "schema_version": "0.2.0"
}
