{
  "calculation_time": 31.434575321,
  "qmmbe": {
    "b_formation_time": 2.121833425,
    "b_tflops": 6.395113212244735,
    "diag_time": 4.3295826260000005,
    "expanded_elec_energy": -5742.049189575737,
    "expanded_hf_energy": -1691.1325690533426,
    "expanded_nuc_repulsion_energy": 4298.784802551774,
    "expanded_xc_energy": -247.86818202938014,
    "homo": -0.1814054423463584,
    "lumo": -0.09595509394650224,
    "method": "RestrictedKSDFT",
    "mp2_tflops": 0.0,
    "mp2_time": 6.95335580496863e-310,
    "n_atoms": 68,
    "nmers": [
      [
        {
          "fragments": [
            0
          ],
          "hf_energy": -1691.1325690533426,
          "num_basis_fns": 1508,
          "num_iters": 16,
          "schema_version": "0.2.0"
        }
      ]
    ],
    "num_iters": 16,
    "ri_fock_time": 0.256787849,
    "ri_tflops": 2.0993225251246215,
    "scf_tflops": 36.02114015172979,
    "scf_time": 31.254484179,
    "schema_version": "0.2.0",
    "tflops": 33.55954104040561,
    "total_time": 31.430042,
    "transforms_time": 0.08466070100000003,
    "xc_tflops": 45.056916549677005,
    "xc_time": 23.078523112
  },
  "schema_version": "0.2.0"
}
