{
  "calculation_time": 26.189404825,
  "qmmbe": {
    "b_formation_time": 1.780282886,
    "b_tflops": 6.090454939730292,
    "diag_time": 3.7124362529999995,
    "expanded_elec_energy": -5206.105702067289,
    "expanded_hf_energy": -1537.4775095571558,
    "expanded_nuc_repulsion_energy": 3894.0242250461206,
    "expanded_xc_energy": -225.3960325359876,
    "homo": -0.1663461753098543,
    "lumo": -0.11254332385222511,
    "method": "RestrictedKSDFT",
    "mp2_tflops": 0.0,
    "mp2_time": 6.9533558049876e-310,
    "n_atoms": 62,
    "nmers": [
      [
        {
          "fragments": [
            0
          ],
          "hf_energy": -1537.4775095571558,
          "num_basis_fns": 1372,
          "num_iters": 18,
          "schema_version": "0.2.0"
        }
      ]
    ],
    "num_iters": 18,
    "ri_fock_time": 0.22149654399999993,
    "ri_tflops": 2.0620712427910393,
    "scf_tflops": 36.498408418588085,
    "scf_time": 26.025309151,
    "schema_version": "0.2.0",
    "tflops": 33.903219972411335,
    "total_time": 26.185339,
    "transforms_time": 0.09060073300000003,
    "xc_tflops": 46.1928662658483,
    "xc_time": 18.959252017000004
  },
  "schema_version": "0.2.0"
}
