{
  "calculation_time": 31.47285112,
  "qmmbe": {
    "b_formation_time": 2.205018359,
    "b_tflops": 6.848815429705908,
    "diag_time": 4.259789531,
    "expanded_elec_energy": -5999.709302191366,
    "expanded_hf_energy": -1691.1222128200618,
    "expanded_nuc_repulsion_energy": 4556.460127969349,
    "expanded_xc_energy": -247.87303859804462,
    "homo": -0.17551953852105823,
    "lumo": -0.10108192748453541,
    "method": "RestrictedKSDFT",
    "mp2_tflops": 0.0,
    "mp2_time": 6.95335580496547e-310,
    "n_atoms": 68,
    "nmers": [
      [
        {
          "fragments": [
            0
          ],
          "hf_energy": -1691.1222128200618,
          "num_basis_fns": 1508,
          "num_iters": 16,
          "schema_version": "0.2.0"
        }
      ]
    ],
    "num_iters": 16,
    "ri_fock_time": 0.25970646300000005,
    "ri_tflops": 2.075730073702478,
    "scf_tflops": 36.011219470564704,
    "scf_time": 31.277898463,
    "schema_version": "0.2.0",
    "tflops": 33.47551013916664,
    "total_time": 31.468296,
    "transforms_time": 0.08389925500000002,
    "xc_tflops": 44.956684993659444,
    "xc_time": 23.065129188
  },
  "schema_version": "0.2.0"
}
