{
  "calculation_time": 24.800481889,
  "qmmbe": {
    "b_formation_time": 1.784203461,
    "b_tflops": 6.501150264698428,
    "diag_time": 3.5114468690000007,
    "expanded_elec_energy": -5340.870588029256,
    "expanded_hf_energy": -1537.454337769397,
    "expanded_nuc_repulsion_energy": 4028.817236823519,
    "expanded_xc_energy": -225.40098656365961,
    "homo": -0.1630092391497442,
    "lumo": -0.11418660710576255,
    "method": "RestrictedKSDFT",
    "mp2_tflops": 0.0,
    "mp2_time": 6.9533558049813e-310,
    "n_atoms": 62,
    "nmers": [
      [
        {
          "fragments": [
            0
          ],
          "hf_energy": -1537.454337769397,
          "num_basis_fns": 1372,
          "num_iters": 17,
          "schema_version": "0.2.0"
        }
      ]
    ],
    "num_iters": 17,
    "ri_fock_time": 0.209111209,
    "ri_tflops": 2.0628598509991876,
    "scf_tflops": 36.59597848192785,
    "scf_time": 24.612557499,
    "schema_version": "0.2.0",
    "tflops": 33.82284280060286,
    "total_time": 24.796335,
    "transforms_time": 0.08509420399999999,
    "xc_tflops": 46.390901228163955,
    "xc_time": 17.805050120000004
  },
  "schema_version": "0.2.0"
}
