{
  "calculation_time": 33.265826221,
  "qmmbe": {
    "b_formation_time": 2.23373861,
    "b_tflops": 6.871042617112662,
    "diag_time": 4.583859503999999,
    "expanded_elec_energy": -6036.635453483537,
    "expanded_hf_energy": -1691.1027304432264,
    "expanded_nuc_repulsion_energy": 4593.410116710367,
    "expanded_xc_energy": -247.87739367005625,
    "homo": -0.1671289025771043,
    "lumo": -0.11090522381212947,
    "method": "RestrictedKSDFT",
    "mp2_tflops": 0.0,
    "mp2_time": 6.953355805005e-310,
    "n_atoms": 68,
    "nmers": [
      [
        {
          "fragments": [
            0
          ],
          "hf_energy": -1691.1027304432264,
          "num_basis_fns": 1508,
          "num_iters": 17,
          "schema_version": "0.2.0"
        }
      ]
    ],
    "num_iters": 17,
    "ri_fock_time": 0.275662436,
    "ri_tflops": 2.0778059430919344,
    "scf_tflops": 35.95704880967832,
    "scf_time": 33.069793376,
    "schema_version": "0.2.0",
    "tflops": 33.536992890131316,
    "total_time": 33.261328,
    "transforms_time": 0.08975038999999999,
    "xc_tflops": 45.049391039742346,
    "xc_time": 24.388586566
  },
  "schema_version": "0.2.0"
}
