{
  "calculation_time": 31.186342119,
  "qmmbe": {
    "b_formation_time": 2.180203064,
    "b_tflops": 6.884418700286718,
    "diag_time": 4.246581076,
    "expanded_elec_energy": -5968.527804779831,
    "expanded_hf_energy": -1691.101314288619,
    "expanded_nuc_repulsion_energy": 4525.299235051052,
    "expanded_xc_energy": -247.87274455984027,
    "homo": -0.16777550628022006,
    "lumo": -0.10893502692874699,
    "method": "RestrictedKSDFT",
    "mp2_tflops": 0.0,
    "mp2_time": 6.953355805005e-310,
    "n_atoms": 68,
    "nmers": [
      [
        {
          "fragments": [
            0
          ],
          "hf_energy": -1691.101314288619,
          "num_basis_fns": 1508,
          "num_iters": 16,
          "schema_version": "0.2.0"
        }
      ]
    ],
    "num_iters": 16,
    "ri_fock_time": 0.25404897099999996,
    "ri_tflops": 2.121955123305735,
    "scf_tflops": 36.34695582393567,
    "scf_time": 30.991766988,
    "schema_version": "0.2.0",
    "tflops": 33.752278937694456,
    "total_time": 31.181665,
    "transforms_time": 0.08895795900000003,
    "xc_tflops": 45.525491656598085,
    "xc_time": 22.757761025999997
  },
  "schema_version": "0.2.0"
}
