{
  "calculation_time": 33.36384395,
  "qmmbe": {
    "b_formation_time": 2.312136923,
    "b_tflops": 7.284153324056406,
    "diag_time": 4.548344257999999,
    "expanded_elec_energy": -6233.408633067287,
    "expanded_hf_energy": -1691.1063782983786,
    "expanded_nuc_repulsion_energy": 4790.185848345989,
    "expanded_xc_energy": -247.8835935770806,
    "homo": -0.17064256470503544,
    "lumo": -0.10312507450963201,
    "method": "RestrictedKSDFT",
    "mp2_tflops": 0.0,
    "mp2_time": 6.95335580496547e-310,
    "n_atoms": 68,
    "nmers": [
      [
        {
          "fragments": [
            0
          ],
          "hf_energy": -1691.1063782983786,
          "num_basis_fns": 1508,
          "num_iters": 17,
          "schema_version": "0.2.0"
        }
      ]
    ],
    "num_iters": 17,
    "ri_fock_time": 0.27177753699999996,
    "ri_tflops": 2.107506948994096,
    "scf_tflops": 35.77770285265121,
    "scf_time": 33.151772869,
    "schema_version": "0.2.0",
    "tflops": 33.26837889676221,
    "total_time": 33.359295,
    "transforms_time": 0.09125467500000001,
    "xc_tflops": 44.781703182122456,
    "xc_time": 24.374198727
  },
  "schema_version": "0.2.0"
}
