{
  "calculation_time": 31.838083435,
  "qmmbe": {
    "b_formation_time": 2.162085473,
    "b_tflops": 6.845427185777128,
    "diag_time": 4.2690878109999995,
    "expanded_elec_energy": -5955.950887087796,
    "expanded_hf_energy": -1691.13094421383,
    "expanded_nuc_repulsion_energy": 4512.694203552787,
    "expanded_xc_energy": -247.87426067882097,
    "homo": -0.1752137719488619,
    "lumo": -0.1016837980627515,
    "method": "RestrictedKSDFT",
    "mp2_tflops": 0.0,
    "mp2_time": 6.95335580496547e-310,
    "n_atoms": 68,
    "nmers": [
      [
        {
          "fragments": [
            0
          ],
          "hf_energy": -1691.13094421383,
          "num_basis_fns": 1508,
          "num_iters": 16,
          "schema_version": "0.2.0"
        }
      ]
    ],
    "num_iters": 16,
    "ri_fock_time": 0.257939433,
    "ri_tflops": 2.089949990639857,
    "scf_tflops": 35.52331457882672,
    "scf_time": 31.646012262,
    "schema_version": "0.2.0",
    "tflops": 33.07563282264319,
    "total_time": 31.833525,
    "transforms_time": 0.085699302,
    "xc_tflops": 44.21782609906962,
    "xc_time": 23.446238654
  },
  "schema_version": "0.2.0"
}
