{
  "calculation_time": 13.394349017,
  "qmmbe": {
    "b_formation_time": 1.199028176,
    "b_tflops": 3.460989880678167,
    "diag_time": 1.8657222570000003,
    "expanded_elec_energy": -3506.4029355022585,
    "expanded_hf_energy": -1152.8349495698562,
    "expanded_nuc_repulsion_energy": 2522.4367113536023,
    "expanded_xc_energy": -168.86872542120005,
    "homo": -0.17706096771194746,
    "lumo": -0.10150800657751449,
    "method": "RestrictedKSDFT",
    "mp2_tflops": 0.0,
    "mp2_time": 6.953355804986e-310,
    "n_atoms": 46,
    "nmers": [
      [
        {
          "fragments": [
            0
          ],
          "hf_energy": -1152.8349495698562,
          "num_basis_fns": 1026,
          "num_iters": 17,
          "schema_version": "0.2.0"
        }
      ]
    ],
    "num_iters": 17,
    "ri_fock_time": 0.09000294099999998,
    "ri_tflops": 2.004229610230182,
    "scf_tflops": 29.019488658569312,
    "scf_time": 13.284426169,
    "schema_version": "0.2.0",
    "tflops": 26.15991377944924,
    "total_time": 13.391198,
    "transforms_time": 0.06515607499999998,
    "xc_tflops": 36.963322839039805,
    "xc_time": 9.353185732000004
  },
  "schema_version": "0.2.0"
}
