{
  "calculation_time": 26.08686549,
  "qmmbe": {
    "b_formation_time": 1.780846504,
    "b_tflops": 6.189951132787804,
    "diag_time": 3.635768586,
    "expanded_elec_energy": -5243.601162922206,
    "expanded_hf_energy": -1537.46539129037,
    "expanded_nuc_repulsion_energy": 3931.5344157890763,
    "expanded_xc_energy": -225.39864415724048,
    "homo": -0.16134730398888067,
    "lumo": -0.11604151182974948,
    "method": "RestrictedKSDFT",
    "mp2_tflops": 0.0,
    "mp2_time": 6.9533558049813e-310,
    "n_atoms": 62,
    "nmers": [
      [
        {
          "fragments": [
            0
          ],
          "hf_energy": -1537.46539129037,
          "num_basis_fns": 1372,
          "num_iters": 18,
          "schema_version": "0.2.0"
        }
      ]
    ],
    "num_iters": 18,
    "ri_fock_time": 0.22087331,
    "ri_tflops": 2.067889749829891,
    "scf_tflops": 36.66528224986494,
    "scf_time": 25.906654559,
    "schema_version": "0.2.0",
    "tflops": 34.02109746915886,
    "total_time": 26.082841,
    "transforms_time": 0.09198454000000002,
    "xc_tflops": 46.28493201827988,
    "xc_time": 18.908576196999995
  },
  "schema_version": "0.2.0"
}
