{
  "calculation_time": 31.299479816,
  "qmmbe": {
    "b_formation_time": 2.14954926,
    "b_tflops": 6.674100050389168,
    "diag_time": 4.245224061999999,
    "expanded_elec_energy": -5886.287360927028,
    "expanded_hf_energy": -1691.125104594291,
    "expanded_nuc_repulsion_energy": 4443.030431535072,
    "expanded_xc_energy": -247.86817520233504,
    "homo": -0.17481857700755646,
    "lumo": -0.10277661274580405,
    "method": "RestrictedKSDFT",
    "mp2_tflops": 0.0,
    "mp2_time": 6.95335580496547e-310,
    "n_atoms": 68,
    "nmers": [
      [
        {
          "fragments": [
            0
          ],
          "hf_energy": -1691.125104594291,
          "num_basis_fns": 1508,
          "num_iters": 16,
          "schema_version": "0.2.0"
        }
      ]
    ],
    "num_iters": 16,
    "ri_fock_time": 0.257303638,
    "ri_tflops": 2.09511423847027,
    "scf_tflops": 36.24035238987777,
    "scf_time": 31.113771057,
    "schema_version": "0.2.0",
    "tflops": 33.70548676940358,
    "total_time": 31.295062,
    "transforms_time": 0.08514910399999999,
    "xc_tflops": 45.24489682979597,
    "xc_time": 22.965964940999996
  },
  "schema_version": "0.2.0"
}
