{
  "calculation_time": 31.647163814,
  "qmmbe": {
    "b_formation_time": 2.09625122,
    "b_tflops": 6.639697659489495,
    "diag_time": 4.242101978,
    "expanded_elec_energy": -5790.081548164651,
    "expanded_hf_energy": -1691.1416066611662,
    "expanded_nuc_repulsion_energy": 4346.815938856081,
    "expanded_xc_energy": -247.87599735259553,
    "homo": -0.17749226091455278,
    "lumo": -0.10182076907242427,
    "method": "RestrictedKSDFT",
    "mp2_tflops": 0.0,
    "mp2_time": 6.95335580496547e-310,
    "n_atoms": 68,
    "nmers": [
      [
        {
          "fragments": [
            0
          ],
          "hf_energy": -1691.1416066611662,
          "num_basis_fns": 1508,
          "num_iters": 16,
          "schema_version": "0.2.0"
        }
      ]
    ],
    "num_iters": 16,
    "ri_fock_time": 0.25865196799999995,
    "ri_tflops": 2.084192591892439,
    "scf_tflops": 35.77855288279827,
    "scf_time": 31.464293527,
    "schema_version": "0.2.0",
    "tflops": 33.3664017424297,
    "total_time": 31.642508,
    "transforms_time": 0.08805937100000003,
    "xc_tflops": 44.58738318959831,
    "xc_time": 23.335952255000002
  },
  "schema_version": "0.2.0"
}
