{
  "calculation_time": 33.488635175,
  "qmmbe": {
    "b_formation_time": 2.143491418,
    "b_tflops": 6.73716459571848,
    "diag_time": 4.5216255709999995,
    "expanded_elec_energy": -5900.587577424988,
    "expanded_hf_energy": -1691.1103792962015,
    "expanded_nuc_repulsion_energy": 4457.34392008332,
    "expanded_xc_energy": -247.86672195453352,
    "homo": -0.16652987485482848,
    "lumo": -0.11474979989980108,
    "method": "RestrictedKSDFT",
    "mp2_tflops": 0.0,
    "mp2_time": 6.953355805005e-310,
    "n_atoms": 68,
    "nmers": [
      [
        {
          "fragments": [
            0
          ],
          "hf_energy": -1691.1103792962015,
          "num_basis_fns": 1508,
          "num_iters": 17,
          "schema_version": "0.2.0"
        }
      ]
    ],
    "num_iters": 17,
    "ri_fock_time": 0.274971307,
    "ri_tflops": 2.083028422336444,
    "scf_tflops": 35.62933605664112,
    "scf_time": 33.288518212,
    "schema_version": "0.2.0",
    "tflops": 33.3250792959836,
    "total_time": 33.48426,
    "transforms_time": 0.08931475399999998,
    "xc_tflops": 44.335302442412505,
    "xc_time": 24.809763008999997
  },
  "schema_version": "0.2.0"
}
