{
  "calculation_time": 18.609245251,
  "qmmbe": {
    "b_formation_time": 1.49193854,
    "b_tflops": 5.401595297884054,
    "diag_time": 2.4966763119999995,
    "expanded_elec_energy": -4612.000935333201,
    "expanded_hf_energy": -1382.7019291381623,
    "expanded_nuc_repulsion_energy": 3431.541004662327,
    "expanded_xc_energy": -202.24199846728857,
    "homo": -0.1819296482413516,
    "lumo": -0.09546970326021133,
    "method": "RestrictedKSDFT",
    "mp2_tflops": 0.0,
    "mp2_time": 6.953355804986e-310,
    "n_atoms": 54,
    "nmers": [
      [
        {
          "fragments": [
            0
          ],
          "hf_energy": -1382.7019291381623,
          "num_basis_fns": 1224,
          "num_iters": 16,
          "schema_version": "0.2.0"
        }
      ]
    ],
    "num_iters": 16,
    "ri_fock_time": 0.132860016,
    "ri_tflops": 2.1693892584206824,
    "scf_tflops": 32.52792622694386,
    "scf_time": 18.459648207,
    "schema_version": "0.2.0",
    "tflops": 29.72582539972181,
    "total_time": 18.605599,
    "transforms_time": 0.07333200100000001,
    "xc_tflops": 40.90375184316638,
    "xc_time": 13.306541728999997
  },
  "schema_version": "0.2.0"
}
