{
  "calculation_time": 24.931234448,
  "qmmbe": {
    "b_formation_time": 1.766559323,
    "b_tflops": 6.300868080248444,
    "diag_time": 3.4527017170000005,
    "expanded_elec_energy": -5261.992839732864,
    "expanded_hf_energy": -1537.4582224413982,
    "expanded_nuc_repulsion_energy": 3949.9310756583995,
    "expanded_xc_energy": -225.39645836693376,
    "homo": -0.1609801322550036,
    "lumo": -0.11562478001249434,
    "method": "RestrictedKSDFT",
    "mp2_tflops": 0.0,
    "mp2_time": 6.9533558049813e-310,
    "n_atoms": 62,
    "nmers": [
      [
        {
          "fragments": [
            0
          ],
          "hf_energy": -1537.4582224413982,
          "num_basis_fns": 1372,
          "num_iters": 17,
          "schema_version": "0.2.0"
        }
      ]
    ],
    "num_iters": 17,
    "ri_fock_time": 0.20874343399999998,
    "ri_tflops": 2.066494304390911,
    "scf_tflops": 36.46717001437023,
    "scf_time": 24.759454376,
    "schema_version": "0.2.0",
    "tflops": 33.72981763662337,
    "total_time": 24.927183,
    "transforms_time": 0.09053839200000002,
    "xc_tflops": 45.9817354138654,
    "xc_time": 18.019241491999995
  },
  "schema_version": "0.2.0"
}
