{
  "calculation_time": 31.773899625,
  "qmmbe": {
    "b_formation_time": 2.225334034,
    "b_tflops": 7.121332047091678,
    "diag_time": 4.245729816,
    "expanded_elec_energy": -6102.471518995143,
    "expanded_hf_energy": -1691.0975024779343,
    "expanded_nuc_repulsion_energy": 4659.254099606302,
    "expanded_xc_energy": -247.88008308909298,
    "homo": -0.17821647681955644,
    "lumo": -0.0982491949053902,
    "method": "RestrictedKSDFT",
    "mp2_tflops": 0.0,
    "mp2_time": 6.95335580496547e-310,
    "n_atoms": 68,
    "nmers": [
      [
        {
          "fragments": [
            0
          ],
          "hf_energy": -1691.0975024779343,
          "num_basis_fns": 1508,
          "num_iters": 16,
          "schema_version": "0.2.0"
        }
      ]
    ],
    "num_iters": 16,
    "ri_fock_time": 0.257464427,
    "ri_tflops": 2.0938058195666773,
    "scf_tflops": 35.651505791004666,
    "scf_time": 31.556327461,
    "schema_version": "0.2.0",
    "tflops": 33.137057772585706,
    "total_time": 31.769365,
    "transforms_time": 0.087545333,
    "xc_tflops": 44.387413331543016,
    "xc_time": 23.329081244000005
  },
  "schema_version": "0.2.0"
}
