{
  "calculation_time": 28.535281787,
  "qmmbe": {
    "b_formation_time": 1.986480183,
    "b_tflops": 6.322063225686858,
    "diag_time": 3.886311527,
    "expanded_elec_energy": -5549.55675067902,
    "expanded_hf_energy": -1613.7119136712706,
    "expanded_nuc_repulsion_energy": 4172.124840907478,
    "expanded_xc_energy": -236.28000389972811,
    "homo": -0.16691003543964406,
    "lumo": -0.11267004043343282,
    "method": "RestrictedKSDFT",
    "mp2_tflops": 0.0,
    "mp2_time": 6.95335580496863e-310,
    "n_atoms": 64,
    "nmers": [
      [
        {
          "fragments": [
            0
          ],
          "hf_energy": -1613.7119136712706,
          "num_basis_fns": 1434,
          "num_iters": 17,
          "schema_version": "0.2.0"
        }
      ]
    ],
    "num_iters": 17,
    "ri_fock_time": 0.237344761,
    "ri_tflops": 2.0749943436754434,
    "scf_tflops": 35.86795073959406,
    "scf_time": 28.342369192,
    "schema_version": "0.2.0",
    "tflops": 33.29968090360638,
    "total_time": 28.530997,
    "transforms_time": 0.084695192,
    "xc_tflops": 44.93400518511248,
    "xc_time": 20.836449238
  },
  "schema_version": "0.2.0"
}
