{
  "calculation_time": 31.403230873,
  "qmmbe": {
    "b_formation_time": 2.170026536,
    "b_tflops": 6.86463309997422,
    "diag_time": 4.263287183000001,
    "expanded_elec_energy": -5964.303495469179,
    "expanded_hf_energy": -1691.115373629437,
    "expanded_nuc_repulsion_energy": 4521.0633967274225,
    "expanded_xc_energy": -247.87527488768018,
    "homo": -0.1790055270831529,
    "lumo": -0.09886620424725105,
    "method": "RestrictedKSDFT",
    "mp2_tflops": 0.0,
    "mp2_time": 6.95335580496863e-310,
    "n_atoms": 68,
    "nmers": [
      [
        {
          "fragments": [
            0
          ],
          "hf_energy": -1691.115373629437,
          "num_basis_fns": 1508,
          "num_iters": 16,
          "schema_version": "0.2.0"
        }
      ]
    ],
    "num_iters": 16,
    "ri_fock_time": 0.25877587399999996,
    "ri_tflops": 2.0831946473650014,
    "scf_tflops": 36.0624440506043,
    "scf_time": 31.213970038,
    "schema_version": "0.2.0",
    "tflops": 33.552072344651926,
    "total_time": 31.3988,
    "transforms_time": 0.08525143900000003,
    "xc_tflops": 45.003979980228365,
    "xc_time": 23.047144818
  },
  "schema_version": "0.2.0"
}
