{
  "calculation_time": 27.450589307,
  "qmmbe": {
    "b_formation_time": 2.042921993,
    "b_tflops": 6.443428369531484,
    "diag_time": 3.676704746,
    "expanded_elec_energy": -5658.221965608674,
    "expanded_hf_energy": -1613.7224784817586,
    "expanded_nuc_repulsion_energy": 4280.789084943848,
    "expanded_xc_energy": -236.28959781693322,
    "homo": -0.1736226336689747,
    "lumo": -0.10504820176066705,
    "method": "RestrictedKSDFT",
    "mp2_tflops": 0.0,
    "mp2_time": 6.9533558049813e-310,
    "n_atoms": 64,
    "nmers": [
      [
        {
          "fragments": [
            0
          ],
          "hf_energy": -1613.7224784817586,
          "num_basis_fns": 1434,
          "num_iters": 16,
          "schema_version": "0.2.0"
        }
      ]
    ],
    "num_iters": 16,
    "ri_fock_time": 0.22897126599999998,
    "ri_tflops": 2.024354851791753,
    "scf_tflops": 35.40558856985045,
    "scf_time": 27.267904548,
    "schema_version": "0.2.0",
    "tflops": 32.690669765723115,
    "total_time": 27.446244,
    "transforms_time": 0.080206737,
    "xc_tflops": 44.229292369132885,
    "xc_time": 19.96190665
  },
  "schema_version": "0.2.0"
}
